,h3,icao_address_x,icao_address_y,percent,fill_color,line_fill_color
0,8400011ffffffff,135,0,0,"[0, 255, 0, 100]","[97, 255, 97]"
1,8400027ffffffff,6,0,0,"[0, 255, 0, 100]","[97, 255, 97]"
2,840011bffffffff,32,0,0,"[0, 255, 0, 100]","[97, 255, 97]"
3,8400159ffffffff,43,0,0,"[0, 255, 0, 100]","[97, 255, 97]"
4,84001cdffffffff,18,0,0,"[0, 255, 0, 100]","[97, 255, 97]"
5,84002a1ffffffff,44,0,0,"[0, 255, 0, 100]","[97, 255, 97]"
6,84002a5ffffffff,122,0,0,"[0, 255, 0, 100]","[97, 255, 97]"
7,84002abffffffff,1,0,0,"[0, 255, 0, 100]","[97, 255, 97]"
8,8400333ffffffff,4,0,0,"[0, 255, 0, 100]","[97, 255, 97]"
9,8400449ffffffff,5,0,0,"[0, 255, 0, 100]","[97, 255, 97]"
10,8400453ffffffff,9,0,0,"[0, 255, 0, 100]","[97, 255, 97]"
11,840049dffffffff,11,0,0,"[0, 255, 0, 100]","[97, 255, 97]"
12,84004d9ffffffff,80,0,0,"[0, 255, 0, 100]","[97, 255, 97]"
13,84004dbffffffff,11,0,0,"[0, 255, 0, 100]","[97, 255, 97]"
14,8400627ffffffff,1,0,0,"[0, 255, 0, 100]","[97, 255, 97]"
15,84006a5ffffffff,10,0,0,"[0, 255, 0, 100]","[97, 255, 97]"
16,8400751ffffffff,140,0,0,"[0, 255, 0, 100]","[97, 255, 97]"
17,8400845ffffffff,56,0,0,"[0, 255, 0, 100]","[97, 255, 97]"
18,8400869ffffffff,19,0,0,"[0, 255, 0, 100]","[97, 255, 97]"
19,8400b5bffffffff,10,0,0,"[0, 255, 0, 100]","[97, 255, 97]"
20,8400e2dffffffff,8,0,0,"[0, 255, 0, 100]","[97, 255, 97]"
21,8400f51ffffffff,1,0,0,"[0, 255, 0, 100]","[97, 255, 97]"
22,8400f53ffffffff,99,0,0,"[0, 255, 0, 100]","[97, 255, 97]"
23,8401059ffffffff,30,0,0,"[0, 255, 0, 100]","[97, 255, 97]"
24,8401093ffffffff,2,0,0,"[0, 255, 0, 100]","[97, 255, 97]"
25,8401201ffffffff,166,0,0,"[0, 255, 0, 100]","[97, 255, 97]"
26,8401205ffffffff,113,0,0,"[0, 255, 0, 100]","[97, 255, 97]"
27,8401209ffffffff,77,0,0,"[0, 255, 0, 100]","[97, 255, 97]"
28,840120bffffffff,46,0,0,"[0, 255, 0, 100]","[97, 255, 97]"
29,8401211ffffffff,3,0,0,"[0, 255, 0, 100]","[97, 255, 97]"
30,840122bffffffff,170,0,0,"[0, 255, 0, 100]","[97, 255, 97]"
31,8401243ffffffff,16,0,0,"[0, 255, 0, 100]","[97, 255, 97]"
32,8401255ffffffff,140,0,0,"[0, 255, 0, 100]","[97, 255, 97]"
33,8401259ffffffff,8,0,0,"[0, 255, 0, 100]","[97, 255, 97]"
34,8401261ffffffff,54,0,0,"[0, 255, 0, 100]","[97, 255, 97]"
35,8401267ffffffff,84,24,0.285714286,"[255, 0, 0, 100]","[255, 0, 0]"
36,840126bffffffff,31,0,0,"[0, 255, 0, 100]","[97, 255, 97]"
37,84012cbffffffff,2,0,0,"[0, 255, 0, 100]","[97, 255, 97]"
38,84012e5ffffffff,23,0,0,"[0, 255, 0, 100]","[97, 255, 97]"
39,84012e9ffffffff,2,0,0,"[0, 255, 0, 100]","[97, 255, 97]"
40,840130bffffffff,32,0,0,"[0, 255, 0, 100]","[97, 255, 97]"
41,8401319ffffffff,11,0,0,"[0, 255, 0, 100]","[97, 255, 97]"
42,8401351ffffffff,2,0,0,"[0, 255, 0, 100]","[97, 255, 97]"
43,8401353ffffffff,1,0,0,"[0, 255, 0, 100]","[97, 255, 97]"
44,840135bffffffff,1,0,0,"[0, 255, 0, 100]","[97, 255, 97]"
45,840135dffffffff,5,0,0,"[0, 255, 0, 100]","[97, 255, 97]"
46,8401469ffffffff,1,0,0,"[0, 255, 0, 100]","[97, 255, 97]"
47,840146bffffffff,42,0,0,"[0, 255, 0, 100]","[97, 255, 97]"
48,8401515ffffffff,419,0,0,"[0, 255, 0, 100]","[97, 255, 97]"
49,840151dffffffff,12,0,0,"[0, 255, 0, 100]","[97, 255, 97]"
50,8401539ffffffff,23,0,0,"[0, 255, 0, 100]","[97, 255, 97]"
51,840153bffffffff,169,0,0,"[0, 255, 0, 100]","[97, 255, 97]"
52,8401541ffffffff,5,0,0,"[0, 255, 0, 100]","[97, 255, 97]"
53,8401545ffffffff,51,0,0,"[0, 255, 0, 100]","[97, 255, 97]"
54,840155dffffffff,12,0,0,"[0, 255, 0, 100]","[97, 255, 97]"
55,8401581ffffffff,22,0,0,"[0, 255, 0, 100]","[97, 255, 97]"
56,8401583ffffffff,202,0,0,"[0, 255, 0, 100]","[97, 255, 97]"
57,8401587ffffffff,232,0,0,"[0, 255, 0, 100]","[97, 255, 97]"
58,84015a1ffffffff,12,0,0,"[0, 255, 0, 100]","[97, 255, 97]"
59,84015abffffffff,48,0,0,"[0, 255, 0, 100]","[97, 255, 97]"
60,84015edffffffff,15,0,0,"[0, 255, 0, 100]","[97, 255, 97]"
61,8401691ffffffff,22,0,0,"[0, 255, 0, 100]","[97, 255, 97]"
62,8401699ffffffff,34,0,0,"[0, 255, 0, 100]","[97, 255, 97]"
63,8401729ffffffff,260,0,0,"[0, 255, 0, 100]","[97, 255, 97]"
64,840172bffffffff,76,0,0,"[0, 255, 0, 100]","[97, 255, 97]"
65,8401735ffffffff,8,0,0,"[0, 255, 0, 100]","[97, 255, 97]"
66,8401737ffffffff,50,0,0,"[0, 255, 0, 100]","[97, 255, 97]"
67,8401751ffffffff,57,0,0,"[0, 255, 0, 100]","[97, 255, 97]"
68,8401753ffffffff,84,0,0,"[0, 255, 0, 100]","[97, 255, 97]"
69,8401ac5ffffffff,5,0,0,"[0, 255, 0, 100]","[97, 255, 97]"
70,8402025ffffffff,163,0,0,"[0, 255, 0, 100]","[97, 255, 97]"
71,840209bffffffff,5,0,0,"[0, 255, 0, 100]","[97, 255, 97]"
72,8402101ffffffff,23,0,0,"[0, 255, 0, 100]","[97, 255, 97]"
73,8402103ffffffff,5,0,0,"[0, 255, 0, 100]","[97, 255, 97]"
74,8402107ffffffff,40,0,0,"[0, 255, 0, 100]","[97, 255, 97]"
75,8402121ffffffff,44,0,0,"[0, 255, 0, 100]","[97, 255, 97]"
76,8402129ffffffff,4,0,0,"[0, 255, 0, 100]","[97, 255, 97]"
77,8402143ffffffff,10,0,0,"[0, 255, 0, 100]","[97, 255, 97]"
78,840215dffffffff,143,0,0,"[0, 255, 0, 100]","[97, 255, 97]"
79,8402201ffffffff,284,0,0,"[0, 255, 0, 100]","[97, 255, 97]"
80,8402205ffffffff,416,0,0,"[0, 255, 0, 100]","[97, 255, 97]"
81,840220bffffffff,103,0,0,"[0, 255, 0, 100]","[97, 255, 97]"
82,8402229ffffffff,2,0,0,"[0, 255, 0, 100]","[97, 255, 97]"
83,840222dffffffff,47,0,0,"[0, 255, 0, 100]","[97, 255, 97]"
84,8402253ffffffff,425,0,0,"[0, 255, 0, 100]","[97, 255, 97]"
85,8402257ffffffff,389,0,0,"[0, 255, 0, 100]","[97, 255, 97]"
86,8402289ffffffff,76,0,0,"[0, 255, 0, 100]","[97, 255, 97]"
87,840228dffffffff,2,0,0,"[0, 255, 0, 100]","[97, 255, 97]"
88,840229bffffffff,44,0,0,"[0, 255, 0, 100]","[97, 255, 97]"
89,84022a7ffffffff,2,0,0,"[0, 255, 0, 100]","[97, 255, 97]"
90,84022d1ffffffff,26,0,0,"[0, 255, 0, 100]","[97, 255, 97]"
91,84022d5ffffffff,248,0,0,"[0, 255, 0, 100]","[97, 255, 97]"
92,84022dbffffffff,32,0,0,"[0, 255, 0, 100]","[97, 255, 97]"
93,8402481ffffffff,78,0,0,"[0, 255, 0, 100]","[97, 255, 97]"
94,8402489ffffffff,305,0,0,"[0, 255, 0, 100]","[97, 255, 97]"
95,8402495ffffffff,9,0,0,"[0, 255, 0, 100]","[97, 255, 97]"
96,84024a5ffffffff,26,0,0,"[0, 255, 0, 100]","[97, 255, 97]"
97,84024adffffffff,18,0,0,"[0, 255, 0, 100]","[97, 255, 97]"
98,84024b1ffffffff,112,0,0,"[0, 255, 0, 100]","[97, 255, 97]"
99,84024b7ffffffff,14,0,0,"[0, 255, 0, 100]","[97, 255, 97]"
100,84024bbffffffff,130,0,0,"[0, 255, 0, 100]","[97, 255, 97]"
101,84024c3ffffffff,128,0,0,"[0, 255, 0, 100]","[97, 255, 97]"
102,84024ddffffffff,76,0,0,"[0, 255, 0, 100]","[97, 255, 97]"
103,8402525ffffffff,4,0,0,"[0, 255, 0, 100]","[97, 255, 97]"
104,8402529ffffffff,44,0,0,"[0, 255, 0, 100]","[97, 255, 97]"
105,8402563ffffffff,56,0,0,"[0, 255, 0, 100]","[97, 255, 97]"
106,840256bffffffff,98,0,0,"[0, 255, 0, 100]","[97, 255, 97]"
107,8402591ffffffff,6,0,0,"[0, 255, 0, 100]","[97, 255, 97]"
108,8402599ffffffff,94,0,0,"[0, 255, 0, 100]","[97, 255, 97]"
109,84025b9ffffffff,94,0,0,"[0, 255, 0, 100]","[97, 255, 97]"
110,84025c1ffffffff,6,0,0,"[0, 255, 0, 100]","[97, 255, 97]"
111,84025d3ffffffff,36,0,0,"[0, 255, 0, 100]","[97, 255, 97]"
112,8402629ffffffff,15,0,0,"[0, 255, 0, 100]","[97, 255, 97]"
113,840262dffffffff,105,0,0,"[0, 255, 0, 100]","[97, 255, 97]"
114,8402643ffffffff,179,0,0,"[0, 255, 0, 100]","[97, 255, 97]"
115,8402647ffffffff,19,0,0,"[0, 255, 0, 100]","[97, 255, 97]"
116,840264bffffffff,160,0,0,"[0, 255, 0, 100]","[97, 255, 97]"
117,8402655ffffffff,18,0,0,"[0, 255, 0, 100]","[97, 255, 97]"
118,8402667ffffffff,29,0,0,"[0, 255, 0, 100]","[97, 255, 97]"
119,84026b3ffffffff,19,0,0,"[0, 255, 0, 100]","[97, 255, 97]"
120,84026bbffffffff,8,0,0,"[0, 255, 0, 100]","[97, 255, 97]"
121,84026dbffffffff,3,0,0,"[0, 255, 0, 100]","[97, 255, 97]"
122,8402705ffffffff,23,0,0,"[0, 255, 0, 100]","[97, 255, 97]"
123,840270dffffffff,21,0,0,"[0, 255, 0, 100]","[97, 255, 97]"
124,8402745ffffffff,81,0,0,"[0, 255, 0, 100]","[97, 255, 97]"
125,840274dffffffff,33,0,0,"[0, 255, 0, 100]","[97, 255, 97]"
126,8402763ffffffff,29,0,0,"[0, 255, 0, 100]","[97, 255, 97]"
127,8402a43ffffffff,8,0,0,"[0, 255, 0, 100]","[97, 255, 97]"
128,8402b05ffffffff,121,0,0,"[0, 255, 0, 100]","[97, 255, 97]"
129,8402b07ffffffff,80,0,0,"[0, 255, 0, 100]","[97, 255, 97]"
130,8402b29ffffffff,1,0,0,"[0, 255, 0, 100]","[97, 255, 97]"
131,8402c17ffffffff,12,0,0,"[0, 255, 0, 100]","[97, 255, 97]"
132,8402c93ffffffff,47,0,0,"[0, 255, 0, 100]","[97, 255, 97]"
133,8402c9bffffffff,225,0,0,"[0, 255, 0, 100]","[97, 255, 97]"
134,8402cbbffffffff,1,0,0,"[0, 255, 0, 100]","[97, 255, 97]"
135,8402cc1ffffffff,1,0,0,"[0, 255, 0, 100]","[97, 255, 97]"
136,8402d97ffffffff,11,0,0,"[0, 255, 0, 100]","[97, 255, 97]"
137,8402e03ffffffff,105,0,0,"[0, 255, 0, 100]","[97, 255, 97]"
138,8402e0bffffffff,98,0,0,"[0, 255, 0, 100]","[97, 255, 97]"
139,8402e1bffffffff,22,0,0,"[0, 255, 0, 100]","[97, 255, 97]"
140,8402e39ffffffff,236,0,0,"[0, 255, 0, 100]","[97, 255, 97]"
141,8402e3dffffffff,14,0,0,"[0, 255, 0, 100]","[97, 255, 97]"
142,8402e95ffffffff,10,0,0,"[0, 255, 0, 100]","[97, 255, 97]"
143,8402eb9ffffffff,6,0,0,"[0, 255, 0, 100]","[97, 255, 97]"
144,8402ee9ffffffff,144,0,0,"[0, 255, 0, 100]","[97, 255, 97]"
145,84031c1ffffffff,362,0,0,"[0, 255, 0, 100]","[97, 255, 97]"
146,84031c3ffffffff,6,0,0,"[0, 255, 0, 100]","[97, 255, 97]"
147,84031c5ffffffff,353,0,0,"[0, 255, 0, 100]","[97, 255, 97]"
148,84031e9ffffffff,47,0,0,"[0, 255, 0, 100]","[97, 255, 97]"
149,8403405ffffffff,4,0,0,"[0, 255, 0, 100]","[97, 255, 97]"
150,8403415ffffffff,6,0,0,"[0, 255, 0, 100]","[97, 255, 97]"
151,8403423ffffffff,66,0,0,"[0, 255, 0, 100]","[97, 255, 97]"
152,840342bffffffff,31,0,0,"[0, 255, 0, 100]","[97, 255, 97]"
153,840342dffffffff,7,0,0,"[0, 255, 0, 100]","[97, 255, 97]"
154,8403431ffffffff,90,0,0,"[0, 255, 0, 100]","[97, 255, 97]"
155,840343bffffffff,101,0,0,"[0, 255, 0, 100]","[97, 255, 97]"
156,8403465ffffffff,46,0,0,"[0, 255, 0, 100]","[97, 255, 97]"
157,84034b7ffffffff,38,0,0,"[0, 255, 0, 100]","[97, 255, 97]"
158,8403529ffffffff,10,0,0,"[0, 255, 0, 100]","[97, 255, 97]"
159,840352dffffffff,238,0,0,"[0, 255, 0, 100]","[97, 255, 97]"
160,840353bffffffff,3,0,0,"[0, 255, 0, 100]","[97, 255, 97]"
161,8403541ffffffff,7,0,0,"[0, 255, 0, 100]","[97, 255, 97]"
162,8403545ffffffff,162,0,0,"[0, 255, 0, 100]","[97, 255, 97]"
163,8403549ffffffff,8,0,0,"[0, 255, 0, 100]","[97, 255, 97]"
164,840354dffffffff,90,0,0,"[0, 255, 0, 100]","[97, 255, 97]"
165,8403551ffffffff,79,0,0,"[0, 255, 0, 100]","[97, 255, 97]"
166,8403559ffffffff,150,0,0,"[0, 255, 0, 100]","[97, 255, 97]"
167,840355bffffffff,12,0,0,"[0, 255, 0, 100]","[97, 255, 97]"
168,84035a5ffffffff,2,0,0,"[0, 255, 0, 100]","[97, 255, 97]"
169,84035c9ffffffff,19,0,0,"[0, 255, 0, 100]","[97, 255, 97]"
170,84035e1ffffffff,38,0,0,"[0, 255, 0, 100]","[97, 255, 97]"
171,84035e5ffffffff,138,0,0,"[0, 255, 0, 100]","[97, 255, 97]"
172,84035e7ffffffff,18,0,0,"[0, 255, 0, 100]","[97, 255, 97]"
173,8403611ffffffff,4,0,0,"[0, 255, 0, 100]","[97, 255, 97]"
174,8403613ffffffff,28,0,0,"[0, 255, 0, 100]","[97, 255, 97]"
175,840361bffffffff,10,0,0,"[0, 255, 0, 100]","[97, 255, 97]"
176,8403625ffffffff,4,0,0,"[0, 255, 0, 100]","[97, 255, 97]"
177,840363bffffffff,74,0,0,"[0, 255, 0, 100]","[97, 255, 97]"
178,8403669ffffffff,3,0,0,"[0, 255, 0, 100]","[97, 255, 97]"
179,840368bffffffff,8,0,0,"[0, 255, 0, 100]","[97, 255, 97]"
180,84036a1ffffffff,71,0,0,"[0, 255, 0, 100]","[97, 255, 97]"
181,84036a5ffffffff,15,0,0,"[0, 255, 0, 100]","[97, 255, 97]"
182,84036a7ffffffff,51,0,0,"[0, 255, 0, 100]","[97, 255, 97]"
183,84036abffffffff,3,0,0,"[0, 255, 0, 100]","[97, 255, 97]"
184,84036d7ffffffff,20,0,0,"[0, 255, 0, 100]","[97, 255, 97]"
185,8403703ffffffff,144,0,0,"[0, 255, 0, 100]","[97, 255, 97]"
186,8403719ffffffff,66,0,0,"[0, 255, 0, 100]","[97, 255, 97]"
187,840371dffffffff,322,0,0,"[0, 255, 0, 100]","[97, 255, 97]"
188,8403823ffffffff,181,0,0,"[0, 255, 0, 100]","[97, 255, 97]"
189,8403827ffffffff,98,0,0,"[0, 255, 0, 100]","[97, 255, 97]"
190,840383dffffffff,5,0,0,"[0, 255, 0, 100]","[97, 255, 97]"
191,8403859ffffffff,208,0,0,"[0, 255, 0, 100]","[97, 255, 97]"
192,840385bffffffff,59,0,0,"[0, 255, 0, 100]","[97, 255, 97]"
193,840388bffffffff,42,0,0,"[0, 255, 0, 100]","[97, 255, 97]"
194,84038c9ffffffff,276,0,0,"[0, 255, 0, 100]","[97, 255, 97]"
195,84038cbffffffff,153,0,0,"[0, 255, 0, 100]","[97, 255, 97]"
196,84038d7ffffffff,102,0,0,"[0, 255, 0, 100]","[97, 255, 97]"
197,8403989ffffffff,9,0,0,"[0, 255, 0, 100]","[97, 255, 97]"
198,8403a37ffffffff,23,0,0,"[0, 255, 0, 100]","[97, 255, 97]"
199,8403aa3ffffffff,168,0,0,"[0, 255, 0, 100]","[97, 255, 97]"
200,8403aa5ffffffff,7,0,0,"[0, 255, 0, 100]","[97, 255, 97]"
201,8403aa7ffffffff,14,0,0,"[0, 255, 0, 100]","[97, 255, 97]"
202,8403aadffffffff,141,0,0,"[0, 255, 0, 100]","[97, 255, 97]"
203,8403ab5ffffffff,238,0,0,"[0, 255, 0, 100]","[97, 255, 97]"
204,8403ab7ffffffff,87,0,0,"[0, 255, 0, 100]","[97, 255, 97]"
205,8404141ffffffff,10,0,0,"[0, 255, 0, 100]","[97, 255, 97]"
206,8404143ffffffff,162,0,0,"[0, 255, 0, 100]","[97, 255, 97]"
207,8404147ffffffff,5,0,0,"[0, 255, 0, 100]","[97, 255, 97]"
208,840415dffffffff,120,0,0,"[0, 255, 0, 100]","[97, 255, 97]"
209,8404281ffffffff,150,0,0,"[0, 255, 0, 100]","[97, 255, 97]"
210,840428bffffffff,184,0,0,"[0, 255, 0, 100]","[97, 255, 97]"
211,84042d7ffffffff,3,0,0,"[0, 255, 0, 100]","[97, 255, 97]"
212,8404e23ffffffff,147,0,0,"[0, 255, 0, 100]","[97, 255, 97]"
213,8404e25ffffffff,25,0,0,"[0, 255, 0, 100]","[97, 255, 97]"
214,8404e31ffffffff,18,0,0,"[0, 255, 0, 100]","[97, 255, 97]"
215,8404e35ffffffff,221,0,0,"[0, 255, 0, 100]","[97, 255, 97]"
216,8404e37ffffffff,7,0,0,"[0, 255, 0, 100]","[97, 255, 97]"
217,8404e39ffffffff,51,0,0,"[0, 255, 0, 100]","[97, 255, 97]"
218,8405805ffffffff,51,0,0,"[0, 255, 0, 100]","[97, 255, 97]"
219,8405867ffffffff,2,0,0,"[0, 255, 0, 100]","[97, 255, 97]"
220,84058a3ffffffff,5,0,0,"[0, 255, 0, 100]","[97, 255, 97]"
221,84059e7ffffffff,10,0,0,"[0, 255, 0, 100]","[97, 255, 97]"
222,8406003ffffffff,128,0,0,"[0, 255, 0, 100]","[97, 255, 97]"
223,8406011ffffffff,48,0,0,"[0, 255, 0, 100]","[97, 255, 97]"
224,8406013ffffffff,257,0,0,"[0, 255, 0, 100]","[97, 255, 97]"
225,8406017ffffffff,40,0,0,"[0, 255, 0, 100]","[97, 255, 97]"
226,840601bffffffff,107,0,0,"[0, 255, 0, 100]","[97, 255, 97]"
227,8406039ffffffff,23,0,0,"[0, 255, 0, 100]","[97, 255, 97]"
228,8406041ffffffff,93,0,0,"[0, 255, 0, 100]","[97, 255, 97]"
229,8406043ffffffff,53,0,0,"[0, 255, 0, 100]","[97, 255, 97]"
230,840604dffffffff,2,0,0,"[0, 255, 0, 100]","[97, 255, 97]"
231,8406051ffffffff,125,0,0,"[0, 255, 0, 100]","[97, 255, 97]"
232,8406057ffffffff,15,0,0,"[0, 255, 0, 100]","[97, 255, 97]"
233,840605bffffffff,11,0,0,"[0, 255, 0, 100]","[97, 255, 97]"
234,8406091ffffffff,7,0,0,"[0, 255, 0, 100]","[97, 255, 97]"
235,8406093ffffffff,24,0,0,"[0, 255, 0, 100]","[97, 255, 97]"
236,8406097ffffffff,129,0,0,"[0, 255, 0, 100]","[97, 255, 97]"
237,840609bffffffff,89,0,0,"[0, 255, 0, 100]","[97, 255, 97]"
238,84060b1ffffffff,148,0,0,"[0, 255, 0, 100]","[97, 255, 97]"
239,84060b7ffffffff,7,0,0,"[0, 255, 0, 100]","[97, 255, 97]"
240,84060bbffffffff,49,0,0,"[0, 255, 0, 100]","[97, 255, 97]"
241,84060e1ffffffff,1,0,0,"[0, 255, 0, 100]","[97, 255, 97]"
242,84060e5ffffffff,58,0,0,"[0, 255, 0, 100]","[97, 255, 97]"
243,84060e7ffffffff,1,0,0,"[0, 255, 0, 100]","[97, 255, 97]"
244,84060e9ffffffff,30,0,0,"[0, 255, 0, 100]","[97, 255, 97]"
245,84060edffffffff,63,0,0,"[0, 255, 0, 100]","[97, 255, 97]"
246,840610dffffffff,48,0,0,"[0, 255, 0, 100]","[97, 255, 97]"
247,8406115ffffffff,44,0,0,"[0, 255, 0, 100]","[97, 255, 97]"
248,8406121ffffffff,45,0,0,"[0, 255, 0, 100]","[97, 255, 97]"
249,8406129ffffffff,58,0,0,"[0, 255, 0, 100]","[97, 255, 97]"
250,840612dffffffff,14,0,0,"[0, 255, 0, 100]","[97, 255, 97]"
251,8406139ffffffff,9,0,0,"[0, 255, 0, 100]","[97, 255, 97]"
252,840613bffffffff,7,0,0,"[0, 255, 0, 100]","[97, 255, 97]"
253,840614bffffffff,38,0,0,"[0, 255, 0, 100]","[97, 255, 97]"
254,8406163ffffffff,84,0,0,"[0, 255, 0, 100]","[97, 255, 97]"
255,8406181ffffffff,60,0,0,"[0, 255, 0, 100]","[97, 255, 97]"
256,8406183ffffffff,245,0,0,"[0, 255, 0, 100]","[97, 255, 97]"
257,8406187ffffffff,83,0,0,"[0, 255, 0, 100]","[97, 255, 97]"
258,840618bffffffff,126,0,0,"[0, 255, 0, 100]","[97, 255, 97]"
259,8406197ffffffff,24,0,0,"[0, 255, 0, 100]","[97, 255, 97]"
260,840619dffffffff,3,0,0,"[0, 255, 0, 100]","[97, 255, 97]"
261,84061a1ffffffff,13,0,0,"[0, 255, 0, 100]","[97, 255, 97]"
262,84061a5ffffffff,115,0,0,"[0, 255, 0, 100]","[97, 255, 97]"
263,84061a9ffffffff,169,0,0,"[0, 255, 0, 100]","[97, 255, 97]"
264,84061b1ffffffff,64,0,0,"[0, 255, 0, 100]","[97, 255, 97]"
265,84061b9ffffffff,165,0,0,"[0, 255, 0, 100]","[97, 255, 97]"
266,84061bdffffffff,6,0,0,"[0, 255, 0, 100]","[97, 255, 97]"
267,84061d1ffffffff,12,0,0,"[0, 255, 0, 100]","[97, 255, 97]"
268,84061d3ffffffff,114,0,0,"[0, 255, 0, 100]","[97, 255, 97]"
269,84061d7ffffffff,115,0,0,"[0, 255, 0, 100]","[97, 255, 97]"
270,84061e3ffffffff,10,0,0,"[0, 255, 0, 100]","[97, 255, 97]"
271,8406219ffffffff,67,0,0,"[0, 255, 0, 100]","[97, 255, 97]"
272,8406245ffffffff,119,0,0,"[0, 255, 0, 100]","[97, 255, 97]"
273,8406249ffffffff,83,0,0,"[0, 255, 0, 100]","[97, 255, 97]"
274,8406253ffffffff,165,0,0,"[0, 255, 0, 100]","[97, 255, 97]"
275,840626bffffffff,84,0,0,"[0, 255, 0, 100]","[97, 255, 97]"
276,8406295ffffffff,102,0,0,"[0, 255, 0, 100]","[97, 255, 97]"
277,8406299ffffffff,70,0,0,"[0, 255, 0, 100]","[97, 255, 97]"
278,840629dffffffff,38,0,0,"[0, 255, 0, 100]","[97, 255, 97]"
279,84062a1ffffffff,217,0,0,"[0, 255, 0, 100]","[97, 255, 97]"
280,84062a7ffffffff,70,0,0,"[0, 255, 0, 100]","[97, 255, 97]"
281,84062a9ffffffff,19,0,0,"[0, 255, 0, 100]","[97, 255, 97]"
282,84062b9ffffffff,101,0,0,"[0, 255, 0, 100]","[97, 255, 97]"
283,8406301ffffffff,18,0,0,"[0, 255, 0, 100]","[97, 255, 97]"
284,8406309ffffffff,25,0,0,"[0, 255, 0, 100]","[97, 255, 97]"
285,8406335ffffffff,19,0,0,"[0, 255, 0, 100]","[97, 255, 97]"
286,8406413ffffffff,22,0,0,"[0, 255, 0, 100]","[97, 255, 97]"
287,840641bffffffff,339,0,0,"[0, 255, 0, 100]","[97, 255, 97]"
288,8406451ffffffff,43,0,0,"[0, 255, 0, 100]","[97, 255, 97]"
289,8406457ffffffff,2,0,0,"[0, 255, 0, 100]","[97, 255, 97]"
290,840645bffffffff,191,0,0,"[0, 255, 0, 100]","[97, 255, 97]"
291,8406483ffffffff,18,0,0,"[0, 255, 0, 100]","[97, 255, 97]"
292,8406491ffffffff,1,0,0,"[0, 255, 0, 100]","[97, 255, 97]"
293,8406495ffffffff,103,0,0,"[0, 255, 0, 100]","[97, 255, 97]"
294,8406497ffffffff,6,0,0,"[0, 255, 0, 100]","[97, 255, 97]"
295,840649dffffffff,119,0,0,"[0, 255, 0, 100]","[97, 255, 97]"
296,84064a3ffffffff,28,0,0,"[0, 255, 0, 100]","[97, 255, 97]"
297,84064a9ffffffff,106,0,0,"[0, 255, 0, 100]","[97, 255, 97]"
298,84064abffffffff,10,0,0,"[0, 255, 0, 100]","[97, 255, 97]"
299,84064b1ffffffff,121,0,0,"[0, 255, 0, 100]","[97, 255, 97]"
300,84064b5ffffffff,41,0,0,"[0, 255, 0, 100]","[97, 255, 97]"
301,84064b9ffffffff,48,0,0,"[0, 255, 0, 100]","[97, 255, 97]"
302,84064bbffffffff,47,0,0,"[0, 255, 0, 100]","[97, 255, 97]"
303,84064c1ffffffff,24,0,0,"[0, 255, 0, 100]","[97, 255, 97]"
304,84064c9ffffffff,65,0,0,"[0, 255, 0, 100]","[97, 255, 97]"
305,84064cbffffffff,52,0,0,"[0, 255, 0, 100]","[97, 255, 97]"
306,84064d1ffffffff,18,0,0,"[0, 255, 0, 100]","[97, 255, 97]"
307,84064d7ffffffff,133,0,0,"[0, 255, 0, 100]","[97, 255, 97]"
308,84064e3ffffffff,68,0,0,"[0, 255, 0, 100]","[97, 255, 97]"
309,840650dffffffff,24,0,0,"[0, 255, 0, 100]","[97, 255, 97]"
310,8406513ffffffff,119,0,0,"[0, 255, 0, 100]","[97, 255, 97]"
311,840651bffffffff,87,0,0,"[0, 255, 0, 100]","[97, 255, 97]"
312,8406521ffffffff,82,0,0,"[0, 255, 0, 100]","[97, 255, 97]"
313,8406525ffffffff,83,0,0,"[0, 255, 0, 100]","[97, 255, 97]"
314,8406529ffffffff,46,0,0,"[0, 255, 0, 100]","[97, 255, 97]"
315,840652dffffffff,41,0,0,"[0, 255, 0, 100]","[97, 255, 97]"
316,8406535ffffffff,14,0,0,"[0, 255, 0, 100]","[97, 255, 97]"
317,8406543ffffffff,9,0,0,"[0, 255, 0, 100]","[97, 255, 97]"
318,8406545ffffffff,80,0,0,"[0, 255, 0, 100]","[97, 255, 97]"
319,8406547ffffffff,162,0,0,"[0, 255, 0, 100]","[97, 255, 97]"
320,8406549ffffffff,71,0,0,"[0, 255, 0, 100]","[97, 255, 97]"
321,840654bffffffff,10,0,0,"[0, 255, 0, 100]","[97, 255, 97]"
322,840654dffffffff,147,0,0,"[0, 255, 0, 100]","[97, 255, 97]"
323,8406551ffffffff,13,0,0,"[0, 255, 0, 100]","[97, 255, 97]"
324,8406559ffffffff,203,0,0,"[0, 255, 0, 100]","[97, 255, 97]"
325,840655dffffffff,5,0,0,"[0, 255, 0, 100]","[97, 255, 97]"
326,8406561ffffffff,16,0,0,"[0, 255, 0, 100]","[97, 255, 97]"
327,8406563ffffffff,162,0,0,"[0, 255, 0, 100]","[97, 255, 97]"
328,8406567ffffffff,5,0,0,"[0, 255, 0, 100]","[97, 255, 97]"
329,8406569ffffffff,154,0,0,"[0, 255, 0, 100]","[97, 255, 97]"
330,840656bffffffff,94,0,0,"[0, 255, 0, 100]","[97, 255, 97]"
331,8406583ffffffff,121,0,0,"[0, 255, 0, 100]","[97, 255, 97]"
332,8406591ffffffff,8,0,0,"[0, 255, 0, 100]","[97, 255, 97]"
333,8406599ffffffff,22,0,0,"[0, 255, 0, 100]","[97, 255, 97]"
334,84065b7ffffffff,93,0,0,"[0, 255, 0, 100]","[97, 255, 97]"
335,84065b9ffffffff,5,0,0,"[0, 255, 0, 100]","[97, 255, 97]"
336,84065c3ffffffff,83,0,0,"[0, 255, 0, 100]","[97, 255, 97]"
337,84065cbffffffff,44,0,0,"[0, 255, 0, 100]","[97, 255, 97]"
338,84065d1ffffffff,11,0,0,"[0, 255, 0, 100]","[97, 255, 97]"
339,84065d7ffffffff,123,0,0,"[0, 255, 0, 100]","[97, 255, 97]"
340,84065e5ffffffff,9,0,0,"[0, 255, 0, 100]","[97, 255, 97]"
341,84065edffffffff,112,0,0,"[0, 255, 0, 100]","[97, 255, 97]"
342,840660dffffffff,2,0,0,"[0, 255, 0, 100]","[97, 255, 97]"
343,8406625ffffffff,27,0,0,"[0, 255, 0, 100]","[97, 255, 97]"
344,8406629ffffffff,4,0,0,"[0, 255, 0, 100]","[97, 255, 97]"
345,8406641ffffffff,70,0,0,"[0, 255, 0, 100]","[97, 255, 97]"
346,8406643ffffffff,7,0,0,"[0, 255, 0, 100]","[97, 255, 97]"
347,8406645ffffffff,124,0,0,"[0, 255, 0, 100]","[97, 255, 97]"
348,840664bffffffff,14,0,0,"[0, 255, 0, 100]","[97, 255, 97]"
349,8406661ffffffff,59,0,0,"[0, 255, 0, 100]","[97, 255, 97]"
350,8406663ffffffff,2,0,0,"[0, 255, 0, 100]","[97, 255, 97]"
351,8406667ffffffff,23,0,0,"[0, 255, 0, 100]","[97, 255, 97]"
352,840666bffffffff,67,0,0,"[0, 255, 0, 100]","[97, 255, 97]"
353,840666dffffffff,82,0,0,"[0, 255, 0, 100]","[97, 255, 97]"
354,8406683ffffffff,2,0,0,"[0, 255, 0, 100]","[97, 255, 97]"
355,8406685ffffffff,41,0,0,"[0, 255, 0, 100]","[97, 255, 97]"
356,8406695ffffffff,78,0,0,"[0, 255, 0, 100]","[97, 255, 97]"
357,840669dffffffff,99,0,0,"[0, 255, 0, 100]","[97, 255, 97]"
358,84066a1ffffffff,116,0,0,"[0, 255, 0, 100]","[97, 255, 97]"
359,84066a5ffffffff,86,0,0,"[0, 255, 0, 100]","[97, 255, 97]"
360,84066a7ffffffff,45,0,0,"[0, 255, 0, 100]","[97, 255, 97]"
361,84066a9ffffffff,108,0,0,"[0, 255, 0, 100]","[97, 255, 97]"
362,84066adffffffff,109,0,0,"[0, 255, 0, 100]","[97, 255, 97]"
363,84066b1ffffffff,49,0,0,"[0, 255, 0, 100]","[97, 255, 97]"
364,84066b5ffffffff,45,0,0,"[0, 255, 0, 100]","[97, 255, 97]"
365,84066b9ffffffff,98,0,0,"[0, 255, 0, 100]","[97, 255, 97]"
366,84066bbffffffff,9,0,0,"[0, 255, 0, 100]","[97, 255, 97]"
367,84066bdffffffff,28,0,0,"[0, 255, 0, 100]","[97, 255, 97]"
368,84066d1ffffffff,103,0,0,"[0, 255, 0, 100]","[97, 255, 97]"
369,84066d7ffffffff,38,0,0,"[0, 255, 0, 100]","[97, 255, 97]"
370,84066d9ffffffff,9,0,0,"[0, 255, 0, 100]","[97, 255, 97]"
371,84066dbffffffff,68,0,0,"[0, 255, 0, 100]","[97, 255, 97]"
372,84066e5ffffffff,100,0,0,"[0, 255, 0, 100]","[97, 255, 97]"
373,84066e7ffffffff,15,0,0,"[0, 255, 0, 100]","[97, 255, 97]"
374,84066e9ffffffff,7,0,0,"[0, 255, 0, 100]","[97, 255, 97]"
375,84066edffffffff,69,0,0,"[0, 255, 0, 100]","[97, 255, 97]"
376,8406705ffffffff,51,0,0,"[0, 255, 0, 100]","[97, 255, 97]"
377,8406709ffffffff,92,0,0,"[0, 255, 0, 100]","[97, 255, 97]"
378,840670dffffffff,128,0,0,"[0, 255, 0, 100]","[97, 255, 97]"
379,840671dffffffff,78,0,0,"[0, 255, 0, 100]","[97, 255, 97]"
380,8406721ffffffff,7,0,0,"[0, 255, 0, 100]","[97, 255, 97]"
381,8406725ffffffff,5,0,0,"[0, 255, 0, 100]","[97, 255, 97]"
382,840672bffffffff,102,0,0,"[0, 255, 0, 100]","[97, 255, 97]"
383,8406731ffffffff,3,0,0,"[0, 255, 0, 100]","[97, 255, 97]"
384,8406739ffffffff,13,0,0,"[0, 255, 0, 100]","[97, 255, 97]"
385,840673bffffffff,2,0,0,"[0, 255, 0, 100]","[97, 255, 97]"
386,8406741ffffffff,117,0,0,"[0, 255, 0, 100]","[97, 255, 97]"
387,8406743ffffffff,94,0,0,"[0, 255, 0, 100]","[97, 255, 97]"
388,8406745ffffffff,8,0,0,"[0, 255, 0, 100]","[97, 255, 97]"
389,8406747ffffffff,44,0,0,"[0, 255, 0, 100]","[97, 255, 97]"
390,8406749ffffffff,37,0,0,"[0, 255, 0, 100]","[97, 255, 97]"
391,8406751ffffffff,228,0,0,"[0, 255, 0, 100]","[97, 255, 97]"
392,8406757ffffffff,159,0,0,"[0, 255, 0, 100]","[97, 255, 97]"
393,8406759ffffffff,307,0,0,"[0, 255, 0, 100]","[97, 255, 97]"
394,840675dffffffff,81,0,0,"[0, 255, 0, 100]","[97, 255, 97]"
395,8406761ffffffff,48,0,0,"[0, 255, 0, 100]","[97, 255, 97]"
396,840676bffffffff,153,0,0,"[0, 255, 0, 100]","[97, 255, 97]"
397,8406815ffffffff,166,0,0,"[0, 255, 0, 100]","[97, 255, 97]"
398,8406819ffffffff,1,0,0,"[0, 255, 0, 100]","[97, 255, 97]"
399,840681dffffffff,8,0,0,"[0, 255, 0, 100]","[97, 255, 97]"
400,8406839ffffffff,17,0,0,"[0, 255, 0, 100]","[97, 255, 97]"
401,8406853ffffffff,65,0,0,"[0, 255, 0, 100]","[97, 255, 97]"
402,8406883ffffffff,87,0,0,"[0, 255, 0, 100]","[97, 255, 97]"
403,840688bffffffff,82,0,0,"[0, 255, 0, 100]","[97, 255, 97]"
404,8406893ffffffff,2,0,0,"[0, 255, 0, 100]","[97, 255, 97]"
405,84068b3ffffffff,10,0,0,"[0, 255, 0, 100]","[97, 255, 97]"
406,84068b5ffffffff,65,0,0,"[0, 255, 0, 100]","[97, 255, 97]"
407,84068d1ffffffff,156,0,0,"[0, 255, 0, 100]","[97, 255, 97]"
408,84068d5ffffffff,58,0,0,"[0, 255, 0, 100]","[97, 255, 97]"
409,84069b7ffffffff,3,0,0,"[0, 255, 0, 100]","[97, 255, 97]"
410,84069e5ffffffff,34,0,0,"[0, 255, 0, 100]","[97, 255, 97]"
411,8406a21ffffffff,190,0,0,"[0, 255, 0, 100]","[97, 255, 97]"
412,8406a27ffffffff,8,0,0,"[0, 255, 0, 100]","[97, 255, 97]"
413,8406a29ffffffff,214,0,0,"[0, 255, 0, 100]","[97, 255, 97]"
414,8406a63ffffffff,109,0,0,"[0, 255, 0, 100]","[97, 255, 97]"
415,8406a81ffffffff,13,0,0,"[0, 255, 0, 100]","[97, 255, 97]"
416,8406a85ffffffff,263,0,0,"[0, 255, 0, 100]","[97, 255, 97]"
417,8406a89ffffffff,6,0,0,"[0, 255, 0, 100]","[97, 255, 97]"
418,8406a93ffffffff,148,0,0,"[0, 255, 0, 100]","[97, 255, 97]"
419,8406a9bffffffff,33,0,0,"[0, 255, 0, 100]","[97, 255, 97]"
420,8406aa1ffffffff,133,0,0,"[0, 255, 0, 100]","[97, 255, 97]"
421,8406aa7ffffffff,19,0,0,"[0, 255, 0, 100]","[97, 255, 97]"
422,8406aabffffffff,176,0,0,"[0, 255, 0, 100]","[97, 255, 97]"
423,8406aadffffffff,6,0,0,"[0, 255, 0, 100]","[97, 255, 97]"
424,8406ac1ffffffff,8,0,0,"[0, 255, 0, 100]","[97, 255, 97]"
425,8406ac5ffffffff,45,0,0,"[0, 255, 0, 100]","[97, 255, 97]"
426,8406ae7ffffffff,12,0,0,"[0, 255, 0, 100]","[97, 255, 97]"
427,8406aebffffffff,7,0,0,"[0, 255, 0, 100]","[97, 255, 97]"
428,8406c03ffffffff,75,0,0,"[0, 255, 0, 100]","[97, 255, 97]"
429,8406c0bffffffff,71,0,0,"[0, 255, 0, 100]","[97, 255, 97]"
430,8406c11ffffffff,8,0,0,"[0, 255, 0, 100]","[97, 255, 97]"
431,8406c17ffffffff,90,0,0,"[0, 255, 0, 100]","[97, 255, 97]"
432,8406c1dffffffff,130,0,0,"[0, 255, 0, 100]","[97, 255, 97]"
433,8406c23ffffffff,3,0,0,"[0, 255, 0, 100]","[97, 255, 97]"
434,8406c25ffffffff,341,0,0,"[0, 255, 0, 100]","[97, 255, 97]"
435,8406c27ffffffff,45,0,0,"[0, 255, 0, 100]","[97, 255, 97]"
436,8406c2bffffffff,19,0,0,"[0, 255, 0, 100]","[97, 255, 97]"
437,8406c35ffffffff,214,0,0,"[0, 255, 0, 100]","[97, 255, 97]"
438,8406c37ffffffff,272,0,0,"[0, 255, 0, 100]","[97, 255, 97]"
439,8406c43ffffffff,11,0,0,"[0, 255, 0, 100]","[97, 255, 97]"
440,8406c4bffffffff,20,0,0,"[0, 255, 0, 100]","[97, 255, 97]"
441,8406c55ffffffff,71,0,0,"[0, 255, 0, 100]","[97, 255, 97]"
442,8406c57ffffffff,9,0,0,"[0, 255, 0, 100]","[97, 255, 97]"
443,8406c5dffffffff,19,0,0,"[0, 255, 0, 100]","[97, 255, 97]"
444,8406c83ffffffff,127,0,0,"[0, 255, 0, 100]","[97, 255, 97]"
445,8406c8bffffffff,211,0,0,"[0, 255, 0, 100]","[97, 255, 97]"
446,8406c95ffffffff,209,0,0,"[0, 255, 0, 100]","[97, 255, 97]"
447,8406c99ffffffff,32,0,0,"[0, 255, 0, 100]","[97, 255, 97]"
448,8406c9bffffffff,142,0,0,"[0, 255, 0, 100]","[97, 255, 97]"
449,8406c9dffffffff,17,0,0,"[0, 255, 0, 100]","[97, 255, 97]"
450,8406cb1ffffffff,2,0,0,"[0, 255, 0, 100]","[97, 255, 97]"
451,8406cb3ffffffff,123,0,0,"[0, 255, 0, 100]","[97, 255, 97]"
452,8406cb9ffffffff,114,0,0,"[0, 255, 0, 100]","[97, 255, 97]"
453,8406cbbffffffff,197,0,0,"[0, 255, 0, 100]","[97, 255, 97]"
454,8406cc9ffffffff,150,0,0,"[0, 255, 0, 100]","[97, 255, 97]"
455,8406ccdffffffff,55,0,0,"[0, 255, 0, 100]","[97, 255, 97]"
456,8406cd3ffffffff,43,0,0,"[0, 255, 0, 100]","[97, 255, 97]"
457,8406cd5ffffffff,118,0,0,"[0, 255, 0, 100]","[97, 255, 97]"
458,8406cd7ffffffff,119,0,0,"[0, 255, 0, 100]","[97, 255, 97]"
459,8406cdbffffffff,121,0,0,"[0, 255, 0, 100]","[97, 255, 97]"
460,8406cddffffffff,298,0,0,"[0, 255, 0, 100]","[97, 255, 97]"
461,8406cedffffffff,11,0,0,"[0, 255, 0, 100]","[97, 255, 97]"
462,8406d03ffffffff,68,0,0,"[0, 255, 0, 100]","[97, 255, 97]"
463,8406d0bffffffff,39,0,0,"[0, 255, 0, 100]","[97, 255, 97]"
464,8406d0dffffffff,221,0,0,"[0, 255, 0, 100]","[97, 255, 97]"
465,8406d15ffffffff,58,0,0,"[0, 255, 0, 100]","[97, 255, 97]"
466,8406d17ffffffff,2,0,0,"[0, 255, 0, 100]","[97, 255, 97]"
467,8406d29ffffffff,25,0,0,"[0, 255, 0, 100]","[97, 255, 97]"
468,8406d35ffffffff,12,0,0,"[0, 255, 0, 100]","[97, 255, 97]"
469,8406d45ffffffff,55,0,0,"[0, 255, 0, 100]","[97, 255, 97]"
470,8406d47ffffffff,53,0,0,"[0, 255, 0, 100]","[97, 255, 97]"
471,8406d53ffffffff,73,0,0,"[0, 255, 0, 100]","[97, 255, 97]"
472,8406d5bffffffff,38,0,0,"[0, 255, 0, 100]","[97, 255, 97]"
473,8406d5dffffffff,123,0,0,"[0, 255, 0, 100]","[97, 255, 97]"
474,8406d61ffffffff,266,0,0,"[0, 255, 0, 100]","[97, 255, 97]"
475,8406d63ffffffff,154,0,0,"[0, 255, 0, 100]","[97, 255, 97]"
476,8406d65ffffffff,67,0,0,"[0, 255, 0, 100]","[97, 255, 97]"
477,8406d67ffffffff,114,0,0,"[0, 255, 0, 100]","[97, 255, 97]"
478,8406d69ffffffff,165,0,0,"[0, 255, 0, 100]","[97, 255, 97]"
479,8406d83ffffffff,70,0,0,"[0, 255, 0, 100]","[97, 255, 97]"
480,8406d87ffffffff,16,0,0,"[0, 255, 0, 100]","[97, 255, 97]"
481,8406d89ffffffff,78,0,0,"[0, 255, 0, 100]","[97, 255, 97]"
482,8406d8bffffffff,113,0,0,"[0, 255, 0, 100]","[97, 255, 97]"
483,8406d95ffffffff,80,0,0,"[0, 255, 0, 100]","[97, 255, 97]"
484,8406d99ffffffff,26,0,0,"[0, 255, 0, 100]","[97, 255, 97]"
485,8406d9dffffffff,74,0,0,"[0, 255, 0, 100]","[97, 255, 97]"
486,8406da3ffffffff,188,0,0,"[0, 255, 0, 100]","[97, 255, 97]"
487,8406da7ffffffff,11,0,0,"[0, 255, 0, 100]","[97, 255, 97]"
488,8406dabffffffff,203,0,0,"[0, 255, 0, 100]","[97, 255, 97]"
489,8406db7ffffffff,8,0,0,"[0, 255, 0, 100]","[97, 255, 97]"
490,8406dbbffffffff,45,0,0,"[0, 255, 0, 100]","[97, 255, 97]"
491,8406dc3ffffffff,1,0,0,"[0, 255, 0, 100]","[97, 255, 97]"
492,8406dc9ffffffff,7,0,0,"[0, 255, 0, 100]","[97, 255, 97]"
493,8406dcbffffffff,24,0,0,"[0, 255, 0, 100]","[97, 255, 97]"
494,8406dcdffffffff,17,0,0,"[0, 255, 0, 100]","[97, 255, 97]"
495,8406dd1ffffffff,49,0,0,"[0, 255, 0, 100]","[97, 255, 97]"
496,8406dd3ffffffff,132,0,0,"[0, 255, 0, 100]","[97, 255, 97]"
497,8406dd5ffffffff,15,0,0,"[0, 255, 0, 100]","[97, 255, 97]"
498,8406dd7ffffffff,239,0,0,"[0, 255, 0, 100]","[97, 255, 97]"
499,8406ddbffffffff,78,0,0,"[0, 255, 0, 100]","[97, 255, 97]"
500,8406dddffffffff,49,0,0,"[0, 255, 0, 100]","[97, 255, 97]"
501,8406dedffffffff,8,0,0,"[0, 255, 0, 100]","[97, 255, 97]"
502,8406e05ffffffff,81,0,0,"[0, 255, 0, 100]","[97, 255, 97]"
503,8406e0dffffffff,62,0,0,"[0, 255, 0, 100]","[97, 255, 97]"
504,8406e13ffffffff,85,0,0,"[0, 255, 0, 100]","[97, 255, 97]"
505,8406e1bffffffff,119,0,0,"[0, 255, 0, 100]","[97, 255, 97]"
506,8406e21ffffffff,127,0,0,"[0, 255, 0, 100]","[97, 255, 97]"
507,8406e23ffffffff,21,0,0,"[0, 255, 0, 100]","[97, 255, 97]"
508,8406e25ffffffff,2,0,0,"[0, 255, 0, 100]","[97, 255, 97]"
509,8406e27ffffffff,28,0,0,"[0, 255, 0, 100]","[97, 255, 97]"
510,8406e29ffffffff,200,0,0,"[0, 255, 0, 100]","[97, 255, 97]"
511,8406e41ffffffff,24,0,0,"[0, 255, 0, 100]","[97, 255, 97]"
512,8406e43ffffffff,17,0,0,"[0, 255, 0, 100]","[97, 255, 97]"
513,8406e47ffffffff,128,0,0,"[0, 255, 0, 100]","[97, 255, 97]"
514,8406e4bffffffff,142,0,0,"[0, 255, 0, 100]","[97, 255, 97]"
515,8406e63ffffffff,123,0,0,"[0, 255, 0, 100]","[97, 255, 97]"
516,8406e65ffffffff,44,0,0,"[0, 255, 0, 100]","[97, 255, 97]"
517,8406e6dffffffff,126,0,0,"[0, 255, 0, 100]","[97, 255, 97]"
518,8406e81ffffffff,66,0,0,"[0, 255, 0, 100]","[97, 255, 97]"
519,8406e83ffffffff,86,0,0,"[0, 255, 0, 100]","[97, 255, 97]"
520,8406e85ffffffff,6,0,0,"[0, 255, 0, 100]","[97, 255, 97]"
521,8406e87ffffffff,61,0,0,"[0, 255, 0, 100]","[97, 255, 97]"
522,8406e89ffffffff,378,0,0,"[0, 255, 0, 100]","[97, 255, 97]"
523,8406e8bffffffff,16,0,0,"[0, 255, 0, 100]","[97, 255, 97]"
524,8406e8dffffffff,110,0,0,"[0, 255, 0, 100]","[97, 255, 97]"
525,8406e9dffffffff,3,0,0,"[0, 255, 0, 100]","[97, 255, 97]"
526,8406ea1ffffffff,16,0,0,"[0, 255, 0, 100]","[97, 255, 97]"
527,8406ea3ffffffff,11,0,0,"[0, 255, 0, 100]","[97, 255, 97]"
528,8406ea7ffffffff,1,0,0,"[0, 255, 0, 100]","[97, 255, 97]"
529,8406eb1ffffffff,3,0,0,"[0, 255, 0, 100]","[97, 255, 97]"
530,8406eb5ffffffff,23,0,0,"[0, 255, 0, 100]","[97, 255, 97]"
531,8406eb7ffffffff,20,0,0,"[0, 255, 0, 100]","[97, 255, 97]"
532,8406eb9ffffffff,67,0,0,"[0, 255, 0, 100]","[97, 255, 97]"
533,8406ebdffffffff,1,0,0,"[0, 255, 0, 100]","[97, 255, 97]"
534,8406ec1ffffffff,3,0,0,"[0, 255, 0, 100]","[97, 255, 97]"
535,8406ec3ffffffff,36,0,0,"[0, 255, 0, 100]","[97, 255, 97]"
536,8406ec5ffffffff,133,0,0,"[0, 255, 0, 100]","[97, 255, 97]"
537,8406ec9ffffffff,3,0,0,"[0, 255, 0, 100]","[97, 255, 97]"
538,8406ecdffffffff,130,0,0,"[0, 255, 0, 100]","[97, 255, 97]"
539,8406ee3ffffffff,7,0,0,"[0, 255, 0, 100]","[97, 255, 97]"
540,8406eebffffffff,67,0,0,"[0, 255, 0, 100]","[97, 255, 97]"
541,8406f03ffffffff,55,0,0,"[0, 255, 0, 100]","[97, 255, 97]"
542,8406f0dffffffff,3,0,0,"[0, 255, 0, 100]","[97, 255, 97]"
543,8406f1bffffffff,1,0,0,"[0, 255, 0, 100]","[97, 255, 97]"
544,8406f1dffffffff,3,0,0,"[0, 255, 0, 100]","[97, 255, 97]"
545,8406f21ffffffff,120,0,0,"[0, 255, 0, 100]","[97, 255, 97]"
546,8406f27ffffffff,1,0,0,"[0, 255, 0, 100]","[97, 255, 97]"
547,8406f29ffffffff,105,0,0,"[0, 255, 0, 100]","[97, 255, 97]"
548,8406f31ffffffff,355,0,0,"[0, 255, 0, 100]","[97, 255, 97]"
549,8406f37ffffffff,99,0,0,"[0, 255, 0, 100]","[97, 255, 97]"
550,8406f39ffffffff,271,0,0,"[0, 255, 0, 100]","[97, 255, 97]"
551,8406f47ffffffff,76,0,0,"[0, 255, 0, 100]","[97, 255, 97]"
552,8406f59ffffffff,37,0,0,"[0, 255, 0, 100]","[97, 255, 97]"
553,8406f5bffffffff,67,0,0,"[0, 255, 0, 100]","[97, 255, 97]"
554,8406f61ffffffff,56,0,0,"[0, 255, 0, 100]","[97, 255, 97]"
555,8406f63ffffffff,148,0,0,"[0, 255, 0, 100]","[97, 255, 97]"
556,8406f65ffffffff,95,0,0,"[0, 255, 0, 100]","[97, 255, 97]"
557,8406f67ffffffff,78,0,0,"[0, 255, 0, 100]","[97, 255, 97]"
558,8406f69ffffffff,44,0,0,"[0, 255, 0, 100]","[97, 255, 97]"
559,8406f6dffffffff,64,0,0,"[0, 255, 0, 100]","[97, 255, 97]"
560,84070b5ffffffff,21,0,0,"[0, 255, 0, 100]","[97, 255, 97]"
561,84070c9ffffffff,79,0,0,"[0, 255, 0, 100]","[97, 255, 97]"
562,84070cdffffffff,2,0,0,"[0, 255, 0, 100]","[97, 255, 97]"
563,84071d9ffffffff,140,0,0,"[0, 255, 0, 100]","[97, 255, 97]"
564,8407249ffffffff,1,0,0,"[0, 255, 0, 100]","[97, 255, 97]"
565,8407295ffffffff,109,0,0,"[0, 255, 0, 100]","[97, 255, 97]"
566,8407297ffffffff,46,0,0,"[0, 255, 0, 100]","[97, 255, 97]"
567,840729dffffffff,6,0,0,"[0, 255, 0, 100]","[97, 255, 97]"
568,84072dbffffffff,1,0,0,"[0, 255, 0, 100]","[97, 255, 97]"
569,8407401ffffffff,57,0,0,"[0, 255, 0, 100]","[97, 255, 97]"
570,8407407ffffffff,78,0,0,"[0, 255, 0, 100]","[97, 255, 97]"
571,840740bffffffff,12,0,0,"[0, 255, 0, 100]","[97, 255, 97]"
572,840740dffffffff,45,0,0,"[0, 255, 0, 100]","[97, 255, 97]"
573,8407411ffffffff,17,0,0,"[0, 255, 0, 100]","[97, 255, 97]"
574,8407413ffffffff,1,0,0,"[0, 255, 0, 100]","[97, 255, 97]"
575,8407417ffffffff,70,0,0,"[0, 255, 0, 100]","[97, 255, 97]"
576,8407421ffffffff,282,0,0,"[0, 255, 0, 100]","[97, 255, 97]"
577,8407423ffffffff,25,0,0,"[0, 255, 0, 100]","[97, 255, 97]"
578,840742bffffffff,130,0,0,"[0, 255, 0, 100]","[97, 255, 97]"
579,840742dffffffff,104,0,0,"[0, 255, 0, 100]","[97, 255, 97]"
580,8407433ffffffff,114,0,0,"[0, 255, 0, 100]","[97, 255, 97]"
581,840743bffffffff,20,0,0,"[0, 255, 0, 100]","[97, 255, 97]"
582,8407447ffffffff,13,0,0,"[0, 255, 0, 100]","[97, 255, 97]"
583,840744dffffffff,12,0,0,"[0, 255, 0, 100]","[97, 255, 97]"
584,8407461ffffffff,112,0,0,"[0, 255, 0, 100]","[97, 255, 97]"
585,8407465ffffffff,21,0,0,"[0, 255, 0, 100]","[97, 255, 97]"
586,8407467ffffffff,54,0,0,"[0, 255, 0, 100]","[97, 255, 97]"
587,8407469ffffffff,109,0,0,"[0, 255, 0, 100]","[97, 255, 97]"
588,840746dffffffff,45,0,0,"[0, 255, 0, 100]","[97, 255, 97]"
589,8407489ffffffff,100,0,0,"[0, 255, 0, 100]","[97, 255, 97]"
590,840748dffffffff,37,0,0,"[0, 255, 0, 100]","[97, 255, 97]"
591,8407495ffffffff,44,0,0,"[0, 255, 0, 100]","[97, 255, 97]"
592,84074b1ffffffff,72,0,0,"[0, 255, 0, 100]","[97, 255, 97]"
593,84074b7ffffffff,70,0,0,"[0, 255, 0, 100]","[97, 255, 97]"
594,84074b9ffffffff,58,0,0,"[0, 255, 0, 100]","[97, 255, 97]"
595,84074c1ffffffff,82,0,0,"[0, 255, 0, 100]","[97, 255, 97]"
596,84074c3ffffffff,59,0,0,"[0, 255, 0, 100]","[97, 255, 97]"
597,84074c5ffffffff,75,0,0,"[0, 255, 0, 100]","[97, 255, 97]"
598,84074c7ffffffff,28,0,0,"[0, 255, 0, 100]","[97, 255, 97]"
599,84074c9ffffffff,55,0,0,"[0, 255, 0, 100]","[97, 255, 97]"
600,84074cdffffffff,7,0,0,"[0, 255, 0, 100]","[97, 255, 97]"
601,84074ddffffffff,68,0,0,"[0, 255, 0, 100]","[97, 255, 97]"
602,84074e1ffffffff,95,0,0,"[0, 255, 0, 100]","[97, 255, 97]"
603,84074e3ffffffff,24,0,0,"[0, 255, 0, 100]","[97, 255, 97]"
604,84074e9ffffffff,44,0,0,"[0, 255, 0, 100]","[97, 255, 97]"
605,84074ebffffffff,157,0,0,"[0, 255, 0, 100]","[97, 255, 97]"
606,84074edffffffff,59,0,0,"[0, 255, 0, 100]","[97, 255, 97]"
607,840752dffffffff,134,0,0,"[0, 255, 0, 100]","[97, 255, 97]"
608,8407541ffffffff,194,0,0,"[0, 255, 0, 100]","[97, 255, 97]"
609,8407545ffffffff,227,0,0,"[0, 255, 0, 100]","[97, 255, 97]"
610,8407549ffffffff,151,0,0,"[0, 255, 0, 100]","[97, 255, 97]"
611,840755bffffffff,25,0,0,"[0, 255, 0, 100]","[97, 255, 97]"
612,8407561ffffffff,69,0,0,"[0, 255, 0, 100]","[97, 255, 97]"
613,8407567ffffffff,159,0,0,"[0, 255, 0, 100]","[97, 255, 97]"
614,840756bffffffff,156,0,0,"[0, 255, 0, 100]","[97, 255, 97]"
615,840758bffffffff,174,0,0,"[0, 255, 0, 100]","[97, 255, 97]"
616,8407591ffffffff,64,0,0,"[0, 255, 0, 100]","[97, 255, 97]"
617,8407595ffffffff,387,0,0,"[0, 255, 0, 100]","[97, 255, 97]"
618,8407597ffffffff,164,0,0,"[0, 255, 0, 100]","[97, 255, 97]"
619,8407599ffffffff,14,0,0,"[0, 255, 0, 100]","[97, 255, 97]"
620,840759dffffffff,469,0,0,"[0, 255, 0, 100]","[97, 255, 97]"
621,84075b3ffffffff,286,0,0,"[0, 255, 0, 100]","[97, 255, 97]"
622,84075b5ffffffff,17,0,0,"[0, 255, 0, 100]","[97, 255, 97]"
623,84075b7ffffffff,70,0,0,"[0, 255, 0, 100]","[97, 255, 97]"
624,84075bbffffffff,140,0,0,"[0, 255, 0, 100]","[97, 255, 97]"
625,84075bdffffffff,4,0,0,"[0, 255, 0, 100]","[97, 255, 97]"
626,84075d1ffffffff,950,0,0,"[0, 255, 0, 100]","[97, 255, 97]"
627,84075d7ffffffff,639,0,0,"[0, 255, 0, 100]","[97, 255, 97]"
628,84075d9ffffffff,68,0,0,"[0, 255, 0, 100]","[97, 255, 97]"
629,84075dbffffffff,37,0,0,"[0, 255, 0, 100]","[97, 255, 97]"
630,84075ddffffffff,81,0,0,"[0, 255, 0, 100]","[97, 255, 97]"
631,84075e1ffffffff,23,0,0,"[0, 255, 0, 100]","[97, 255, 97]"
632,84075e9ffffffff,2,0,0,"[0, 255, 0, 100]","[97, 255, 97]"
633,8407649ffffffff,66,0,0,"[0, 255, 0, 100]","[97, 255, 97]"
634,840764dffffffff,105,0,0,"[0, 255, 0, 100]","[97, 255, 97]"
635,8407659ffffffff,2,0,0,"[0, 255, 0, 100]","[97, 255, 97]"
636,840765bffffffff,7,0,0,"[0, 255, 0, 100]","[97, 255, 97]"
637,8407661ffffffff,5,0,0,"[0, 255, 0, 100]","[97, 255, 97]"
638,8407667ffffffff,4,0,0,"[0, 255, 0, 100]","[97, 255, 97]"
639,8407687ffffffff,32,0,0,"[0, 255, 0, 100]","[97, 255, 97]"
640,840768bffffffff,10,0,0,"[0, 255, 0, 100]","[97, 255, 97]"
641,84076a3ffffffff,100,0,0,"[0, 255, 0, 100]","[97, 255, 97]"
642,84076a5ffffffff,22,0,0,"[0, 255, 0, 100]","[97, 255, 97]"
643,84076abffffffff,26,0,0,"[0, 255, 0, 100]","[97, 255, 97]"
644,84076adffffffff,43,0,0,"[0, 255, 0, 100]","[97, 255, 97]"
645,84076b7ffffffff,73,0,0,"[0, 255, 0, 100]","[97, 255, 97]"
646,84076bdffffffff,56,0,0,"[0, 255, 0, 100]","[97, 255, 97]"
647,84076c1ffffffff,44,0,0,"[0, 255, 0, 100]","[97, 255, 97]"
648,84076c5ffffffff,20,0,0,"[0, 255, 0, 100]","[97, 255, 97]"
649,84076c9ffffffff,75,0,0,"[0, 255, 0, 100]","[97, 255, 97]"
650,84076cbffffffff,55,0,0,"[0, 255, 0, 100]","[97, 255, 97]"
651,84076d7ffffffff,9,0,0,"[0, 255, 0, 100]","[97, 255, 97]"
652,84076ddffffffff,2,0,0,"[0, 255, 0, 100]","[97, 255, 97]"
653,84076ebffffffff,1,0,0,"[0, 255, 0, 100]","[97, 255, 97]"
654,8407711ffffffff,51,0,0,"[0, 255, 0, 100]","[97, 255, 97]"
655,8407713ffffffff,42,0,0,"[0, 255, 0, 100]","[97, 255, 97]"
656,8407717ffffffff,34,0,0,"[0, 255, 0, 100]","[97, 255, 97]"
657,8407733ffffffff,2,0,0,"[0, 255, 0, 100]","[97, 255, 97]"
658,840773bffffffff,65,0,0,"[0, 255, 0, 100]","[97, 255, 97]"
659,8407741ffffffff,7,0,0,"[0, 255, 0, 100]","[97, 255, 97]"
660,8407745ffffffff,45,0,0,"[0, 255, 0, 100]","[97, 255, 97]"
661,8407751ffffffff,3,0,0,"[0, 255, 0, 100]","[97, 255, 97]"
662,8407753ffffffff,2,0,0,"[0, 255, 0, 100]","[97, 255, 97]"
663,840775bffffffff,1,0,0,"[0, 255, 0, 100]","[97, 255, 97]"
664,8407761ffffffff,98,0,0,"[0, 255, 0, 100]","[97, 255, 97]"
665,8407767ffffffff,85,0,0,"[0, 255, 0, 100]","[97, 255, 97]"
666,840776bffffffff,58,0,0,"[0, 255, 0, 100]","[97, 255, 97]"
667,840776dffffffff,2,0,0,"[0, 255, 0, 100]","[97, 255, 97]"
668,8407821ffffffff,2,0,0,"[0, 255, 0, 100]","[97, 255, 97]"
669,8407825ffffffff,19,0,0,"[0, 255, 0, 100]","[97, 255, 97]"
670,8407835ffffffff,167,0,0,"[0, 255, 0, 100]","[97, 255, 97]"
671,840783dffffffff,13,0,0,"[0, 255, 0, 100]","[97, 255, 97]"
672,840785dffffffff,6,0,0,"[0, 255, 0, 100]","[97, 255, 97]"
673,84078edffffffff,1,0,0,"[0, 255, 0, 100]","[97, 255, 97]"
674,840791bffffffff,24,0,0,"[0, 255, 0, 100]","[97, 255, 97]"
675,8407927ffffffff,10,0,0,"[0, 255, 0, 100]","[97, 255, 97]"
676,840794dffffffff,4,0,0,"[0, 255, 0, 100]","[97, 255, 97]"
677,84079e7ffffffff,13,0,0,"[0, 255, 0, 100]","[97, 255, 97]"
678,8407a21ffffffff,43,0,0,"[0, 255, 0, 100]","[97, 255, 97]"
679,8407a25ffffffff,98,0,0,"[0, 255, 0, 100]","[97, 255, 97]"
680,8407a2dffffffff,20,0,0,"[0, 255, 0, 100]","[97, 255, 97]"
681,8407a37ffffffff,6,0,0,"[0, 255, 0, 100]","[97, 255, 97]"
682,8407a45ffffffff,68,0,0,"[0, 255, 0, 100]","[97, 255, 97]"
683,8407a6bffffffff,140,0,0,"[0, 255, 0, 100]","[97, 255, 97]"
684,8407b21ffffffff,2,0,0,"[0, 255, 0, 100]","[97, 255, 97]"
685,8407b23ffffffff,40,0,0,"[0, 255, 0, 100]","[97, 255, 97]"
686,8407b27ffffffff,76,0,0,"[0, 255, 0, 100]","[97, 255, 97]"
687,8408007ffffffff,104,0,0,"[0, 255, 0, 100]","[97, 255, 97]"
688,8408021ffffffff,7,0,0,"[0, 255, 0, 100]","[97, 255, 97]"
689,840802bffffffff,14,0,0,"[0, 255, 0, 100]","[97, 255, 97]"
690,8408039ffffffff,4,0,0,"[0, 255, 0, 100]","[97, 255, 97]"
691,840803dffffffff,1,0,0,"[0, 255, 0, 100]","[97, 255, 97]"
692,8408065ffffffff,3,0,0,"[0, 255, 0, 100]","[97, 255, 97]"
693,840810bffffffff,2,0,0,"[0, 255, 0, 100]","[97, 255, 97]"
694,8408157ffffffff,7,0,0,"[0, 255, 0, 100]","[97, 255, 97]"
695,8408159ffffffff,4,0,0,"[0, 255, 0, 100]","[97, 255, 97]"
696,8408163ffffffff,4,0,0,"[0, 255, 0, 100]","[97, 255, 97]"
697,8408169ffffffff,1,0,0,"[0, 255, 0, 100]","[97, 255, 97]"
698,840816bffffffff,23,0,0,"[0, 255, 0, 100]","[97, 255, 97]"
699,8408221ffffffff,10,0,0,"[0, 255, 0, 100]","[97, 255, 97]"
700,8408291ffffffff,34,0,0,"[0, 255, 0, 100]","[97, 255, 97]"
701,8408293ffffffff,240,0,0,"[0, 255, 0, 100]","[97, 255, 97]"
702,8408297ffffffff,119,0,0,"[0, 255, 0, 100]","[97, 255, 97]"
703,840829bffffffff,145,0,0,"[0, 255, 0, 100]","[97, 255, 97]"
704,840829dffffffff,10,0,0,"[0, 255, 0, 100]","[97, 255, 97]"
705,84082a3ffffffff,4,0,0,"[0, 255, 0, 100]","[97, 255, 97]"
706,84082a5ffffffff,13,0,0,"[0, 255, 0, 100]","[97, 255, 97]"
707,84082a7ffffffff,27,0,0,"[0, 255, 0, 100]","[97, 255, 97]"
708,84082abffffffff,4,0,0,"[0, 255, 0, 100]","[97, 255, 97]"
709,84082b1ffffffff,1,0,0,"[0, 255, 0, 100]","[97, 255, 97]"
710,84082b9ffffffff,6,0,0,"[0, 255, 0, 100]","[97, 255, 97]"
711,84082bbffffffff,14,0,0,"[0, 255, 0, 100]","[97, 255, 97]"
712,84082bdffffffff,3,0,0,"[0, 255, 0, 100]","[97, 255, 97]"
713,8408319ffffffff,58,0,0,"[0, 255, 0, 100]","[97, 255, 97]"
714,8408325ffffffff,20,0,0,"[0, 255, 0, 100]","[97, 255, 97]"
715,8408337ffffffff,2,0,0,"[0, 255, 0, 100]","[97, 255, 97]"
716,8408365ffffffff,18,0,0,"[0, 255, 0, 100]","[97, 255, 97]"
717,8408367ffffffff,1,0,0,"[0, 255, 0, 100]","[97, 255, 97]"
718,8408821ffffffff,4,0,0,"[0, 255, 0, 100]","[97, 255, 97]"
719,8408829ffffffff,17,0,0,"[0, 255, 0, 100]","[97, 255, 97]"
720,8408831ffffffff,14,0,0,"[0, 255, 0, 100]","[97, 255, 97]"
721,8408837ffffffff,18,0,0,"[0, 255, 0, 100]","[97, 255, 97]"
722,840883dffffffff,4,0,0,"[0, 255, 0, 100]","[97, 255, 97]"
723,8408863ffffffff,80,0,0,"[0, 255, 0, 100]","[97, 255, 97]"
724,8408867ffffffff,7,0,0,"[0, 255, 0, 100]","[97, 255, 97]"
725,8408899ffffffff,4,0,0,"[0, 255, 0, 100]","[97, 255, 97]"
726,84088a5ffffffff,2,0,0,"[0, 255, 0, 100]","[97, 255, 97]"
727,84088a7ffffffff,2,0,0,"[0, 255, 0, 100]","[97, 255, 97]"
728,84088bdffffffff,2,0,0,"[0, 255, 0, 100]","[97, 255, 97]"
729,84088d9ffffffff,84,0,0,"[0, 255, 0, 100]","[97, 255, 97]"
730,84088dbffffffff,97,0,0,"[0, 255, 0, 100]","[97, 255, 97]"
731,8408905ffffffff,21,0,0,"[0, 255, 0, 100]","[97, 255, 97]"
732,8408921ffffffff,5,0,0,"[0, 255, 0, 100]","[97, 255, 97]"
733,8408929ffffffff,15,0,0,"[0, 255, 0, 100]","[97, 255, 97]"
734,840892bffffffff,6,0,0,"[0, 255, 0, 100]","[97, 255, 97]"
735,8408933ffffffff,1,0,0,"[0, 255, 0, 100]","[97, 255, 97]"
736,840893dffffffff,119,0,0,"[0, 255, 0, 100]","[97, 255, 97]"
737,8408943ffffffff,1,0,0,"[0, 255, 0, 100]","[97, 255, 97]"
738,8408949ffffffff,7,0,0,"[0, 255, 0, 100]","[97, 255, 97]"
739,8408955ffffffff,3,0,0,"[0, 255, 0, 100]","[97, 255, 97]"
740,840895bffffffff,16,0,0,"[0, 255, 0, 100]","[97, 255, 97]"
741,8408981ffffffff,8,0,0,"[0, 255, 0, 100]","[97, 255, 97]"
742,8408989ffffffff,6,0,0,"[0, 255, 0, 100]","[97, 255, 97]"
743,840898bffffffff,19,0,0,"[0, 255, 0, 100]","[97, 255, 97]"
744,8408993ffffffff,19,7,0.368421053,"[0, 255, 0, 100]","[97, 255, 97]"
745,8408995ffffffff,42,13,0.30952381,"[0, 255, 0, 100]","[97, 255, 97]"
746,8408997ffffffff,61,14,0.229508197,"[255, 0, 0, 100]","[255, 0, 0]"
747,840899bffffffff,11,0,0,"[0, 255, 0, 100]","[97, 255, 97]"
748,840899dffffffff,3,0,0,"[0, 255, 0, 100]","[97, 255, 97]"
749,84089adffffffff,48,0,0,"[0, 255, 0, 100]","[97, 255, 97]"
750,84089b1ffffffff,50,0,0,"[0, 255, 0, 100]","[97, 255, 97]"
751,84089b5ffffffff,6,0,0,"[0, 255, 0, 100]","[97, 255, 97]"
752,84089bbffffffff,4,0,0,"[0, 255, 0, 100]","[97, 255, 97]"
753,84089c1ffffffff,7,0,0,"[0, 255, 0, 100]","[97, 255, 97]"
754,84089c5ffffffff,5,0,0,"[0, 255, 0, 100]","[97, 255, 97]"
755,84089c7ffffffff,28,0,0,"[0, 255, 0, 100]","[97, 255, 97]"
756,84089d1ffffffff,32,3,0.09375,"[255, 0, 0, 100]","[255, 0, 0]"
757,84089d3ffffffff,13,0,0,"[0, 255, 0, 100]","[97, 255, 97]"
758,84089d7ffffffff,21,1,0.047619048,"[255, 0, 0, 100]","[255, 0, 0]"
759,84089d9ffffffff,1,0,0,"[0, 255, 0, 100]","[97, 255, 97]"
760,84089dbffffffff,83,0,0,"[0, 255, 0, 100]","[97, 255, 97]"
761,84089ddffffffff,3,0,0,"[0, 255, 0, 100]","[97, 255, 97]"
762,84089e5ffffffff,10,0,0,"[0, 255, 0, 100]","[97, 255, 97]"
763,84089edffffffff,3,0,0,"[0, 255, 0, 100]","[97, 255, 97]"
764,8408a29ffffffff,26,0,0,"[0, 255, 0, 100]","[97, 255, 97]"
765,8408a41ffffffff,38,0,0,"[0, 255, 0, 100]","[97, 255, 97]"
766,8408a43ffffffff,8,0,0,"[0, 255, 0, 100]","[97, 255, 97]"
767,8408a45ffffffff,121,0,0,"[0, 255, 0, 100]","[97, 255, 97]"
768,8408a49ffffffff,3,0,0,"[0, 255, 0, 100]","[97, 255, 97]"
769,8408a4bffffffff,4,0,0,"[0, 255, 0, 100]","[97, 255, 97]"
770,8408a5dffffffff,38,0,0,"[0, 255, 0, 100]","[97, 255, 97]"
771,8408a63ffffffff,65,0,0,"[0, 255, 0, 100]","[97, 255, 97]"
772,8408a69ffffffff,18,0,0,"[0, 255, 0, 100]","[97, 255, 97]"
773,8408aa3ffffffff,18,0,0,"[0, 255, 0, 100]","[97, 255, 97]"
774,8408aa7ffffffff,22,0,0,"[0, 255, 0, 100]","[97, 255, 97]"
775,8408ab7ffffffff,30,0,0,"[0, 255, 0, 100]","[97, 255, 97]"
776,8408ad1ffffffff,7,0,0,"[0, 255, 0, 100]","[97, 255, 97]"
777,8408ad9ffffffff,6,0,0,"[0, 255, 0, 100]","[97, 255, 97]"
778,8408adbffffffff,8,0,0,"[0, 255, 0, 100]","[97, 255, 97]"
779,8408b01ffffffff,3,0,0,"[0, 255, 0, 100]","[97, 255, 97]"
780,8408b05ffffffff,3,0,0,"[0, 255, 0, 100]","[97, 255, 97]"
781,8408b09ffffffff,2,0,0,"[0, 255, 0, 100]","[97, 255, 97]"
782,8408b0bffffffff,21,0,0,"[0, 255, 0, 100]","[97, 255, 97]"
783,8408b0dffffffff,19,0,0,"[0, 255, 0, 100]","[97, 255, 97]"
784,8408b23ffffffff,11,0,0,"[0, 255, 0, 100]","[97, 255, 97]"
785,8408b27ffffffff,3,0,0,"[0, 255, 0, 100]","[97, 255, 97]"
786,8408b2dffffffff,3,0,0,"[0, 255, 0, 100]","[97, 255, 97]"
787,8408b35ffffffff,36,0,0,"[0, 255, 0, 100]","[97, 255, 97]"
788,8408b37ffffffff,6,0,0,"[0, 255, 0, 100]","[97, 255, 97]"
789,8408b51ffffffff,2,0,0,"[0, 255, 0, 100]","[97, 255, 97]"
790,8408c11ffffffff,4,0,0,"[0, 255, 0, 100]","[97, 255, 97]"
791,8408c13ffffffff,32,0,0,"[0, 255, 0, 100]","[97, 255, 97]"
792,8408c17ffffffff,222,0,0,"[0, 255, 0, 100]","[97, 255, 97]"
793,8408c1bffffffff,6,0,0,"[0, 255, 0, 100]","[97, 255, 97]"
794,8408c31ffffffff,4,0,0,"[0, 255, 0, 100]","[97, 255, 97]"
795,8408c33ffffffff,220,0,0,"[0, 255, 0, 100]","[97, 255, 97]"
796,8408c53ffffffff,16,0,0,"[0, 255, 0, 100]","[97, 255, 97]"
797,8408c69ffffffff,40,16,0.4,"[0, 255, 0, 100]","[97, 255, 97]"
798,8408c89ffffffff,15,0,0,"[0, 255, 0, 100]","[97, 255, 97]"
799,8408ccdffffffff,6,0,0,"[0, 255, 0, 100]","[97, 255, 97]"
800,8408ce5ffffffff,10,0,0,"[0, 255, 0, 100]","[97, 255, 97]"
801,8408d41ffffffff,2,0,0,"[0, 255, 0, 100]","[97, 255, 97]"
802,8408d4dffffffff,8,0,0,"[0, 255, 0, 100]","[97, 255, 97]"
803,8408d55ffffffff,21,0,0,"[0, 255, 0, 100]","[97, 255, 97]"
804,8408e41ffffffff,5,0,0,"[0, 255, 0, 100]","[97, 255, 97]"
805,8408e4bffffffff,39,0,0,"[0, 255, 0, 100]","[97, 255, 97]"
806,8408e59ffffffff,185,0,0,"[0, 255, 0, 100]","[97, 255, 97]"
807,8408e5bffffffff,1,0,0,"[0, 255, 0, 100]","[97, 255, 97]"
808,8408e5dffffffff,23,0,0,"[0, 255, 0, 100]","[97, 255, 97]"
809,8408e93ffffffff,94,0,0,"[0, 255, 0, 100]","[97, 255, 97]"
810,8408e9bffffffff,418,0,0,"[0, 255, 0, 100]","[97, 255, 97]"
811,8408ea5ffffffff,78,0,0,"[0, 255, 0, 100]","[97, 255, 97]"
812,8408ea7ffffffff,22,0,0,"[0, 255, 0, 100]","[97, 255, 97]"
813,8408ec1ffffffff,2,0,0,"[0, 255, 0, 100]","[97, 255, 97]"
814,8408ec3ffffffff,28,0,0,"[0, 255, 0, 100]","[97, 255, 97]"
815,8408ec9ffffffff,38,0,0,"[0, 255, 0, 100]","[97, 255, 97]"
816,8408ed1ffffffff,113,0,0,"[0, 255, 0, 100]","[97, 255, 97]"
817,8408ed3ffffffff,596,0,0,"[0, 255, 0, 100]","[97, 255, 97]"
818,8408edbffffffff,54,0,0,"[0, 255, 0, 100]","[97, 255, 97]"
819,8408eddffffffff,40,0,0,"[0, 255, 0, 100]","[97, 255, 97]"
820,8408eedffffffff,190,0,0,"[0, 255, 0, 100]","[97, 255, 97]"
821,8408f1bffffffff,2,0,0,"[0, 255, 0, 100]","[97, 255, 97]"
822,8408f43ffffffff,16,0,0,"[0, 255, 0, 100]","[97, 255, 97]"
823,8408f55ffffffff,4,0,0,"[0, 255, 0, 100]","[97, 255, 97]"
824,8408f63ffffffff,290,0,0,"[0, 255, 0, 100]","[97, 255, 97]"
825,8408f67ffffffff,5,0,0,"[0, 255, 0, 100]","[97, 255, 97]"
826,8409145ffffffff,1,0,0,"[0, 255, 0, 100]","[97, 255, 97]"
827,8409161ffffffff,1,0,0,"[0, 255, 0, 100]","[97, 255, 97]"
828,8409165ffffffff,2,0,0,"[0, 255, 0, 100]","[97, 255, 97]"
829,8409169ffffffff,81,0,0,"[0, 255, 0, 100]","[97, 255, 97]"
830,840916bffffffff,56,0,0,"[0, 255, 0, 100]","[97, 255, 97]"
831,840916dffffffff,55,0,0,"[0, 255, 0, 100]","[97, 255, 97]"
832,8409219ffffffff,3,0,0,"[0, 255, 0, 100]","[97, 255, 97]"
833,8409265ffffffff,141,0,0,"[0, 255, 0, 100]","[97, 255, 97]"
834,8409269ffffffff,3,0,0,"[0, 255, 0, 100]","[97, 255, 97]"
835,840926dffffffff,96,0,0,"[0, 255, 0, 100]","[97, 255, 97]"
836,8409305ffffffff,7,0,0,"[0, 255, 0, 100]","[97, 255, 97]"
837,8409321ffffffff,18,0,0,"[0, 255, 0, 100]","[97, 255, 97]"
838,8409325ffffffff,8,0,0,"[0, 255, 0, 100]","[97, 255, 97]"
839,8409327ffffffff,1,0,0,"[0, 255, 0, 100]","[97, 255, 97]"
840,840932bffffffff,37,0,0,"[0, 255, 0, 100]","[97, 255, 97]"
841,8409345ffffffff,121,0,0,"[0, 255, 0, 100]","[97, 255, 97]"
842,840934bffffffff,8,0,0,"[0, 255, 0, 100]","[97, 255, 97]"
843,840934dffffffff,65,0,0,"[0, 255, 0, 100]","[97, 255, 97]"
844,8409351ffffffff,8,0,0,"[0, 255, 0, 100]","[97, 255, 97]"
845,840935bffffffff,97,0,0,"[0, 255, 0, 100]","[97, 255, 97]"
846,8409363ffffffff,39,0,0,"[0, 255, 0, 100]","[97, 255, 97]"
847,8409369ffffffff,71,0,0,"[0, 255, 0, 100]","[97, 255, 97]"
848,840936bffffffff,27,0,0,"[0, 255, 0, 100]","[97, 255, 97]"
849,8409409ffffffff,120,0,0,"[0, 255, 0, 100]","[97, 255, 97]"
850,840940bffffffff,25,0,0,"[0, 255, 0, 100]","[97, 255, 97]"
851,8409437ffffffff,15,0,0,"[0, 255, 0, 100]","[97, 255, 97]"
852,8409441ffffffff,3,0,0,"[0, 255, 0, 100]","[97, 255, 97]"
853,8409443ffffffff,13,0,0,"[0, 255, 0, 100]","[97, 255, 97]"
854,8409447ffffffff,47,0,0,"[0, 255, 0, 100]","[97, 255, 97]"
855,840944bffffffff,7,0,0,"[0, 255, 0, 100]","[97, 255, 97]"
856,8409455ffffffff,49,0,0,"[0, 255, 0, 100]","[97, 255, 97]"
857,8409457ffffffff,27,0,0,"[0, 255, 0, 100]","[97, 255, 97]"
858,840945dffffffff,36,0,0,"[0, 255, 0, 100]","[97, 255, 97]"
859,840948bffffffff,60,0,0,"[0, 255, 0, 100]","[97, 255, 97]"
860,840949dffffffff,23,0,0,"[0, 255, 0, 100]","[97, 255, 97]"
861,84094a7ffffffff,65,0,0,"[0, 255, 0, 100]","[97, 255, 97]"
862,84094b1ffffffff,6,0,0,"[0, 255, 0, 100]","[97, 255, 97]"
863,84094b5ffffffff,78,0,0,"[0, 255, 0, 100]","[97, 255, 97]"
864,84094b7ffffffff,701,0,0,"[0, 255, 0, 100]","[97, 255, 97]"
865,84094b9ffffffff,48,0,0,"[0, 255, 0, 100]","[97, 255, 97]"
866,84094d9ffffffff,22,0,0,"[0, 255, 0, 100]","[97, 255, 97]"
867,84094dbffffffff,48,0,0,"[0, 255, 0, 100]","[97, 255, 97]"
868,8409583ffffffff,18,0,0,"[0, 255, 0, 100]","[97, 255, 97]"
869,8409587ffffffff,8,0,0,"[0, 255, 0, 100]","[97, 255, 97]"
870,8409595ffffffff,44,0,0,"[0, 255, 0, 100]","[97, 255, 97]"
871,8409597ffffffff,29,0,0,"[0, 255, 0, 100]","[97, 255, 97]"
872,84095a1ffffffff,76,0,0,"[0, 255, 0, 100]","[97, 255, 97]"
873,84095a3ffffffff,2,0,0,"[0, 255, 0, 100]","[97, 255, 97]"
874,84095a5ffffffff,2,0,0,"[0, 255, 0, 100]","[97, 255, 97]"
875,84095a7ffffffff,28,0,0,"[0, 255, 0, 100]","[97, 255, 97]"
876,84095a9ffffffff,70,0,0,"[0, 255, 0, 100]","[97, 255, 97]"
877,84095b1ffffffff,71,0,0,"[0, 255, 0, 100]","[97, 255, 97]"
878,84095b3ffffffff,25,0,0,"[0, 255, 0, 100]","[97, 255, 97]"
879,84095b5ffffffff,1,0,0,"[0, 255, 0, 100]","[97, 255, 97]"
880,84095b7ffffffff,15,0,0,"[0, 255, 0, 100]","[97, 255, 97]"
881,84095b9ffffffff,38,0,0,"[0, 255, 0, 100]","[97, 255, 97]"
882,84095bbffffffff,247,0,0,"[0, 255, 0, 100]","[97, 255, 97]"
883,84095bdffffffff,1,0,0,"[0, 255, 0, 100]","[97, 255, 97]"
884,84095ddffffffff,40,0,0,"[0, 255, 0, 100]","[97, 255, 97]"
885,8409691ffffffff,32,0,0,"[0, 255, 0, 100]","[97, 255, 97]"
886,8409693ffffffff,2,0,0,"[0, 255, 0, 100]","[97, 255, 97]"
887,8409697ffffffff,4,0,0,"[0, 255, 0, 100]","[97, 255, 97]"
888,840969bffffffff,24,0,0,"[0, 255, 0, 100]","[97, 255, 97]"
889,84096bdffffffff,37,0,0,"[0, 255, 0, 100]","[97, 255, 97]"
890,84096c5ffffffff,43,0,0,"[0, 255, 0, 100]","[97, 255, 97]"
891,84096c7ffffffff,4,0,0,"[0, 255, 0, 100]","[97, 255, 97]"
892,84096ebffffffff,28,0,0,"[0, 255, 0, 100]","[97, 255, 97]"
893,8409805ffffffff,4,0,0,"[0, 255, 0, 100]","[97, 255, 97]"
894,840980dffffffff,1,0,0,"[0, 255, 0, 100]","[97, 255, 97]"
895,8409811ffffffff,53,0,0,"[0, 255, 0, 100]","[97, 255, 97]"
896,8409815ffffffff,34,0,0,"[0, 255, 0, 100]","[97, 255, 97]"
897,8409817ffffffff,1,0,0,"[0, 255, 0, 100]","[97, 255, 97]"
898,8409819ffffffff,6,0,0,"[0, 255, 0, 100]","[97, 255, 97]"
899,840981dffffffff,60,0,0,"[0, 255, 0, 100]","[97, 255, 97]"
900,8409823ffffffff,3,0,0,"[0, 255, 0, 100]","[97, 255, 97]"
901,840982bffffffff,1,0,0,"[0, 255, 0, 100]","[97, 255, 97]"
902,8409835ffffffff,1,0,0,"[0, 255, 0, 100]","[97, 255, 97]"
903,8409859ffffffff,32,0,0,"[0, 255, 0, 100]","[97, 255, 97]"
904,840985bffffffff,9,0,0,"[0, 255, 0, 100]","[97, 255, 97]"
905,8409887ffffffff,27,0,0,"[0, 255, 0, 100]","[97, 255, 97]"
906,8409889ffffffff,2,0,0,"[0, 255, 0, 100]","[97, 255, 97]"
907,840988dffffffff,56,0,0,"[0, 255, 0, 100]","[97, 255, 97]"
908,84098a3ffffffff,7,0,0,"[0, 255, 0, 100]","[97, 255, 97]"
909,84098a7ffffffff,8,0,0,"[0, 255, 0, 100]","[97, 255, 97]"
910,84098abffffffff,10,0,0,"[0, 255, 0, 100]","[97, 255, 97]"
911,84098bdffffffff,1,0,0,"[0, 255, 0, 100]","[97, 255, 97]"
912,84098c7ffffffff,2,0,0,"[0, 255, 0, 100]","[97, 255, 97]"
913,84098d3ffffffff,9,0,0,"[0, 255, 0, 100]","[97, 255, 97]"
914,84098d7ffffffff,11,0,0,"[0, 255, 0, 100]","[97, 255, 97]"
915,84098dbffffffff,3,0,0,"[0, 255, 0, 100]","[97, 255, 97]"
916,84098e1ffffffff,2,0,0,"[0, 255, 0, 100]","[97, 255, 97]"
917,84098e3ffffffff,6,0,0,"[0, 255, 0, 100]","[97, 255, 97]"
918,84098edffffffff,9,0,0,"[0, 255, 0, 100]","[97, 255, 97]"
919,8409921ffffffff,1,0,0,"[0, 255, 0, 100]","[97, 255, 97]"
920,8409983ffffffff,5,0,0,"[0, 255, 0, 100]","[97, 255, 97]"
921,8409987ffffffff,14,0,0,"[0, 255, 0, 100]","[97, 255, 97]"
922,8409991ffffffff,6,0,0,"[0, 255, 0, 100]","[97, 255, 97]"
923,8409993ffffffff,58,0,0,"[0, 255, 0, 100]","[97, 255, 97]"
924,8409995ffffffff,1,0,0,"[0, 255, 0, 100]","[97, 255, 97]"
925,8409997ffffffff,8,0,0,"[0, 255, 0, 100]","[97, 255, 97]"
926,840999bffffffff,3,0,0,"[0, 255, 0, 100]","[97, 255, 97]"
927,840999dffffffff,62,0,0,"[0, 255, 0, 100]","[97, 255, 97]"
928,84099a1ffffffff,5,0,0,"[0, 255, 0, 100]","[97, 255, 97]"
929,84099abffffffff,39,0,0,"[0, 255, 0, 100]","[97, 255, 97]"
930,84099adffffffff,7,0,0,"[0, 255, 0, 100]","[97, 255, 97]"
931,84099c7ffffffff,17,0,0,"[0, 255, 0, 100]","[97, 255, 97]"
932,84099c9ffffffff,3,0,0,"[0, 255, 0, 100]","[97, 255, 97]"
933,84099dbffffffff,1,0,0,"[0, 255, 0, 100]","[97, 255, 97]"
934,8409a03ffffffff,22,0,0,"[0, 255, 0, 100]","[97, 255, 97]"
935,8409a19ffffffff,15,0,0,"[0, 255, 0, 100]","[97, 255, 97]"
936,8409a1dffffffff,7,0,0,"[0, 255, 0, 100]","[97, 255, 97]"
937,8409a25ffffffff,2,0,0,"[0, 255, 0, 100]","[97, 255, 97]"
938,8409a31ffffffff,6,0,0,"[0, 255, 0, 100]","[97, 255, 97]"
939,8409a39ffffffff,51,0,0,"[0, 255, 0, 100]","[97, 255, 97]"
940,8409a3dffffffff,6,0,0,"[0, 255, 0, 100]","[97, 255, 97]"
941,8409a45ffffffff,6,0,0,"[0, 255, 0, 100]","[97, 255, 97]"
942,8409a53ffffffff,101,0,0,"[0, 255, 0, 100]","[97, 255, 97]"
943,8409a57ffffffff,9,0,0,"[0, 255, 0, 100]","[97, 255, 97]"
944,8409a5bffffffff,91,0,0,"[0, 255, 0, 100]","[97, 255, 97]"
945,8409a69ffffffff,19,0,0,"[0, 255, 0, 100]","[97, 255, 97]"
946,8409aa3ffffffff,36,0,0,"[0, 255, 0, 100]","[97, 255, 97]"
947,8409ab7ffffffff,3,0,0,"[0, 255, 0, 100]","[97, 255, 97]"
948,8409ae5ffffffff,29,0,0,"[0, 255, 0, 100]","[97, 255, 97]"
949,8409ae9ffffffff,21,0,0,"[0, 255, 0, 100]","[97, 255, 97]"
950,8409aedffffffff,2,0,0,"[0, 255, 0, 100]","[97, 255, 97]"
951,8409b31ffffffff,1,0,0,"[0, 255, 0, 100]","[97, 255, 97]"
952,8409b39ffffffff,5,0,0,"[0, 255, 0, 100]","[97, 255, 97]"
953,840a031ffffffff,3,0,0,"[0, 255, 0, 100]","[97, 255, 97]"
954,840a037ffffffff,106,0,0,"[0, 255, 0, 100]","[97, 255, 97]"
955,840a085ffffffff,12,0,0,"[0, 255, 0, 100]","[97, 255, 97]"
956,840a08dffffffff,18,0,0,"[0, 255, 0, 100]","[97, 255, 97]"
957,840a0e3ffffffff,13,0,0,"[0, 255, 0, 100]","[97, 255, 97]"
958,840a1b9ffffffff,6,0,0,"[0, 255, 0, 100]","[97, 255, 97]"
959,840a1d5ffffffff,1,0,0,"[0, 255, 0, 100]","[97, 255, 97]"
960,840a1ddffffffff,72,0,0,"[0, 255, 0, 100]","[97, 255, 97]"
961,840a211ffffffff,9,0,0,"[0, 255, 0, 100]","[97, 255, 97]"
962,840a21bffffffff,24,0,0,"[0, 255, 0, 100]","[97, 255, 97]"
963,840a2abffffffff,9,0,0,"[0, 255, 0, 100]","[97, 255, 97]"
964,840a2d7ffffffff,13,0,0,"[0, 255, 0, 100]","[97, 255, 97]"
965,840a703ffffffff,15,0,0,"[0, 255, 0, 100]","[97, 255, 97]"
966,840a70bffffffff,48,0,0,"[0, 255, 0, 100]","[97, 255, 97]"
967,840a723ffffffff,99,0,0,"[0, 255, 0, 100]","[97, 255, 97]"
968,840a72bffffffff,1,0,0,"[0, 255, 0, 100]","[97, 255, 97]"
969,840a73dffffffff,35,0,0,"[0, 255, 0, 100]","[97, 255, 97]"
970,840a743ffffffff,24,0,0,"[0, 255, 0, 100]","[97, 255, 97]"
971,840a749ffffffff,70,0,0,"[0, 255, 0, 100]","[97, 255, 97]"
972,840a74bffffffff,16,0,0,"[0, 255, 0, 100]","[97, 255, 97]"
973,840a755ffffffff,58,0,0,"[0, 255, 0, 100]","[97, 255, 97]"
974,840a837ffffffff,1,0,0,"[0, 255, 0, 100]","[97, 255, 97]"
975,840a881ffffffff,35,0,0,"[0, 255, 0, 100]","[97, 255, 97]"
976,840a887ffffffff,108,0,0,"[0, 255, 0, 100]","[97, 255, 97]"
977,840a889ffffffff,73,0,0,"[0, 255, 0, 100]","[97, 255, 97]"
978,840a8bdffffffff,3,0,0,"[0, 255, 0, 100]","[97, 255, 97]"
979,840a8c1ffffffff,30,0,0,"[0, 255, 0, 100]","[97, 255, 97]"
980,840a903ffffffff,182,0,0,"[0, 255, 0, 100]","[97, 255, 97]"
981,840a90bffffffff,63,0,0,"[0, 255, 0, 100]","[97, 255, 97]"
982,840a913ffffffff,36,0,0,"[0, 255, 0, 100]","[97, 255, 97]"
983,840a945ffffffff,12,0,0,"[0, 255, 0, 100]","[97, 255, 97]"
984,840a969ffffffff,24,0,0,"[0, 255, 0, 100]","[97, 255, 97]"
985,840a9c5ffffffff,4,0,0,"[0, 255, 0, 100]","[97, 255, 97]"
986,840a9ddffffffff,12,0,0,"[0, 255, 0, 100]","[97, 255, 97]"
987,840aa4bffffffff,20,0,0,"[0, 255, 0, 100]","[97, 255, 97]"
988,840aa5dffffffff,10,0,0,"[0, 255, 0, 100]","[97, 255, 97]"
989,840aac7ffffffff,13,0,0,"[0, 255, 0, 100]","[97, 255, 97]"
990,840ab05ffffffff,318,0,0,"[0, 255, 0, 100]","[97, 255, 97]"
991,840ab0dffffffff,108,0,0,"[0, 255, 0, 100]","[97, 255, 97]"
992,840ab23ffffffff,35,0,0,"[0, 255, 0, 100]","[97, 255, 97]"
993,840ab25ffffffff,128,0,0,"[0, 255, 0, 100]","[97, 255, 97]"
994,840ab29ffffffff,5,0,0,"[0, 255, 0, 100]","[97, 255, 97]"
995,840ab2bffffffff,357,0,0,"[0, 255, 0, 100]","[97, 255, 97]"
996,840ab2dffffffff,92,0,0,"[0, 255, 0, 100]","[97, 255, 97]"
997,840ab35ffffffff,5,0,0,"[0, 255, 0, 100]","[97, 255, 97]"
998,840ab3dffffffff,33,0,0,"[0, 255, 0, 100]","[97, 255, 97]"
999,840ab45ffffffff,127,0,0,"[0, 255, 0, 100]","[97, 255, 97]"
1000,840ab4dffffffff,35,0,0,"[0, 255, 0, 100]","[97, 255, 97]"
1001,840ab61ffffffff,38,0,0,"[0, 255, 0, 100]","[97, 255, 97]"
1002,840ab63ffffffff,146,0,0,"[0, 255, 0, 100]","[97, 255, 97]"
1003,840ab67ffffffff,18,0,0,"[0, 255, 0, 100]","[97, 255, 97]"
1004,840ab69ffffffff,6,0,0,"[0, 255, 0, 100]","[97, 255, 97]"
1005,840ab6bffffffff,226,0,0,"[0, 255, 0, 100]","[97, 255, 97]"
1006,840ac11ffffffff,10,0,0,"[0, 255, 0, 100]","[97, 255, 97]"
1007,840ac13ffffffff,81,0,0,"[0, 255, 0, 100]","[97, 255, 97]"
1008,840ac81ffffffff,1,0,0,"[0, 255, 0, 100]","[97, 255, 97]"
1009,840ac89ffffffff,61,0,0,"[0, 255, 0, 100]","[97, 255, 97]"
1010,840acbbffffffff,4,0,0,"[0, 255, 0, 100]","[97, 255, 97]"
1011,840ad05ffffffff,231,0,0,"[0, 255, 0, 100]","[97, 255, 97]"
1012,840ad11ffffffff,1,0,0,"[0, 255, 0, 100]","[97, 255, 97]"
1013,840ad17ffffffff,13,0,0,"[0, 255, 0, 100]","[97, 255, 97]"
1014,840ad2bffffffff,186,0,0,"[0, 255, 0, 100]","[97, 255, 97]"
1015,840ad3dffffffff,65,0,0,"[0, 255, 0, 100]","[97, 255, 97]"
1016,840ad51ffffffff,92,0,0,"[0, 255, 0, 100]","[97, 255, 97]"
1017,840ad59ffffffff,17,0,0,"[0, 255, 0, 100]","[97, 255, 97]"
1018,840ad63ffffffff,14,0,0,"[0, 255, 0, 100]","[97, 255, 97]"
1019,840adc9ffffffff,10,0,0,"[0, 255, 0, 100]","[97, 255, 97]"
1020,840ae85ffffffff,1,0,0,"[0, 255, 0, 100]","[97, 255, 97]"
1021,840aec5ffffffff,18,0,0,"[0, 255, 0, 100]","[97, 255, 97]"
1022,840aed7ffffffff,5,0,0,"[0, 255, 0, 100]","[97, 255, 97]"
1023,840aeebffffffff,55,0,0,"[0, 255, 0, 100]","[97, 255, 97]"
1024,840b005ffffffff,96,0,0,"[0, 255, 0, 100]","[97, 255, 97]"
1025,840b00dffffffff,7,0,0,"[0, 255, 0, 100]","[97, 255, 97]"
1026,840b021ffffffff,35,0,0,"[0, 255, 0, 100]","[97, 255, 97]"
1027,840b027ffffffff,190,0,0,"[0, 255, 0, 100]","[97, 255, 97]"
1028,840b029ffffffff,40,0,0,"[0, 255, 0, 100]","[97, 255, 97]"
1029,840b037ffffffff,14,0,0,"[0, 255, 0, 100]","[97, 255, 97]"
1030,840b043ffffffff,67,0,0,"[0, 255, 0, 100]","[97, 255, 97]"
1031,840b045ffffffff,4,0,0,"[0, 255, 0, 100]","[97, 255, 97]"
1032,840b047ffffffff,4,0,0,"[0, 255, 0, 100]","[97, 255, 97]"
1033,840b04bffffffff,19,0,0,"[0, 255, 0, 100]","[97, 255, 97]"
1034,840b055ffffffff,5,0,0,"[0, 255, 0, 100]","[97, 255, 97]"
1035,840b083ffffffff,179,0,0,"[0, 255, 0, 100]","[97, 255, 97]"
1036,840b08bffffffff,5,0,0,"[0, 255, 0, 100]","[97, 255, 97]"
1037,840b091ffffffff,94,0,0,"[0, 255, 0, 100]","[97, 255, 97]"
1038,840b093ffffffff,308,0,0,"[0, 255, 0, 100]","[97, 255, 97]"
1039,840b099ffffffff,26,0,0,"[0, 255, 0, 100]","[97, 255, 97]"
1040,840b0a9ffffffff,78,0,0,"[0, 255, 0, 100]","[97, 255, 97]"
1041,840b0abffffffff,26,0,0,"[0, 255, 0, 100]","[97, 255, 97]"
1042,840b0adffffffff,18,0,0,"[0, 255, 0, 100]","[97, 255, 97]"
1043,840b0b5ffffffff,5,0,0,"[0, 255, 0, 100]","[97, 255, 97]"
1044,840b0b9ffffffff,6,0,0,"[0, 255, 0, 100]","[97, 255, 97]"
1045,840b0bdffffffff,143,0,0,"[0, 255, 0, 100]","[97, 255, 97]"
1046,840b0d3ffffffff,3,0,0,"[0, 255, 0, 100]","[97, 255, 97]"
1047,840b10dffffffff,48,0,0,"[0, 255, 0, 100]","[97, 255, 97]"
1048,840b111ffffffff,72,0,0,"[0, 255, 0, 100]","[97, 255, 97]"
1049,840b113ffffffff,81,0,0,"[0, 255, 0, 100]","[97, 255, 97]"
1050,840b117ffffffff,44,0,0,"[0, 255, 0, 100]","[97, 255, 97]"
1051,840b119ffffffff,46,0,0,"[0, 255, 0, 100]","[97, 255, 97]"
1052,840b121ffffffff,190,0,0,"[0, 255, 0, 100]","[97, 255, 97]"
1053,840b125ffffffff,407,0,0,"[0, 255, 0, 100]","[97, 255, 97]"
1054,840b129ffffffff,401,0,0,"[0, 255, 0, 100]","[97, 255, 97]"
1055,840b12dffffffff,221,0,0,"[0, 255, 0, 100]","[97, 255, 97]"
1056,840b131ffffffff,39,0,0,"[0, 255, 0, 100]","[97, 255, 97]"
1057,840b133ffffffff,51,0,0,"[0, 255, 0, 100]","[97, 255, 97]"
1058,840b135ffffffff,113,0,0,"[0, 255, 0, 100]","[97, 255, 97]"
1059,840b137ffffffff,2,0,0,"[0, 255, 0, 100]","[97, 255, 97]"
1060,840b13bffffffff,244,0,0,"[0, 255, 0, 100]","[97, 255, 97]"
1061,840b141ffffffff,31,0,0,"[0, 255, 0, 100]","[97, 255, 97]"
1062,840b147ffffffff,186,0,0,"[0, 255, 0, 100]","[97, 255, 97]"
1063,840b149ffffffff,60,0,0,"[0, 255, 0, 100]","[97, 255, 97]"
1064,840b161ffffffff,223,0,0,"[0, 255, 0, 100]","[97, 255, 97]"
1065,840b163ffffffff,473,0,0,"[0, 255, 0, 100]","[97, 255, 97]"
1066,840b165ffffffff,161,0,0,"[0, 255, 0, 100]","[97, 255, 97]"
1067,840b167ffffffff,304,0,0,"[0, 255, 0, 100]","[97, 255, 97]"
1068,840b169ffffffff,38,0,0,"[0, 255, 0, 100]","[97, 255, 97]"
1069,840b16bffffffff,182,0,0,"[0, 255, 0, 100]","[97, 255, 97]"
1070,840b181ffffffff,39,0,0,"[0, 255, 0, 100]","[97, 255, 97]"
1071,840b189ffffffff,184,0,0,"[0, 255, 0, 100]","[97, 255, 97]"
1072,840b1c3ffffffff,191,0,0,"[0, 255, 0, 100]","[97, 255, 97]"
1073,840b1cbffffffff,29,0,0,"[0, 255, 0, 100]","[97, 255, 97]"
1074,840b1cdffffffff,30,0,0,"[0, 255, 0, 100]","[97, 255, 97]"
1075,840b1d1ffffffff,116,0,0,"[0, 255, 0, 100]","[97, 255, 97]"
1076,840b1d7ffffffff,1,0,0,"[0, 255, 0, 100]","[97, 255, 97]"
1077,840b1d9ffffffff,129,0,0,"[0, 255, 0, 100]","[97, 255, 97]"
1078,840b1e9ffffffff,35,0,0,"[0, 255, 0, 100]","[97, 255, 97]"
1079,840b203ffffffff,1,0,0,"[0, 255, 0, 100]","[97, 255, 97]"
1080,840b209ffffffff,52,0,0,"[0, 255, 0, 100]","[97, 255, 97]"
1081,840b213ffffffff,151,0,0,"[0, 255, 0, 100]","[97, 255, 97]"
1082,840b219ffffffff,3,0,0,"[0, 255, 0, 100]","[97, 255, 97]"
1083,840b21bffffffff,11,0,0,"[0, 255, 0, 100]","[97, 255, 97]"
1084,840b221ffffffff,35,0,0,"[0, 255, 0, 100]","[97, 255, 97]"
1085,840b225ffffffff,22,0,0,"[0, 255, 0, 100]","[97, 255, 97]"
1086,840b227ffffffff,9,0,0,"[0, 255, 0, 100]","[97, 255, 97]"
1087,840b22dffffffff,164,0,0,"[0, 255, 0, 100]","[97, 255, 97]"
1088,840b231ffffffff,9,0,0,"[0, 255, 0, 100]","[97, 255, 97]"
1089,840b237ffffffff,4,0,0,"[0, 255, 0, 100]","[97, 255, 97]"
1090,840b245ffffffff,4,0,0,"[0, 255, 0, 100]","[97, 255, 97]"
1091,840b247ffffffff,6,0,0,"[0, 255, 0, 100]","[97, 255, 97]"
1092,840b251ffffffff,32,0,0,"[0, 255, 0, 100]","[97, 255, 97]"
1093,840b253ffffffff,429,0,0,"[0, 255, 0, 100]","[97, 255, 97]"
1094,840b263ffffffff,114,0,0,"[0, 255, 0, 100]","[97, 255, 97]"
1095,840b265ffffffff,33,0,0,"[0, 255, 0, 100]","[97, 255, 97]"
1096,840b267ffffffff,243,0,0,"[0, 255, 0, 100]","[97, 255, 97]"
1097,840b269ffffffff,6,0,0,"[0, 255, 0, 100]","[97, 255, 97]"
1098,840b26bffffffff,56,0,0,"[0, 255, 0, 100]","[97, 255, 97]"
1099,840b26dffffffff,326,0,0,"[0, 255, 0, 100]","[97, 255, 97]"
1100,840b291ffffffff,12,0,0,"[0, 255, 0, 100]","[97, 255, 97]"
1101,840b293ffffffff,9,0,0,"[0, 255, 0, 100]","[97, 255, 97]"
1102,840b299ffffffff,4,0,0,"[0, 255, 0, 100]","[97, 255, 97]"
1103,840b2b1ffffffff,68,0,0,"[0, 255, 0, 100]","[97, 255, 97]"
1104,840b2bdffffffff,88,0,0,"[0, 255, 0, 100]","[97, 255, 97]"
1105,840b2c1ffffffff,67,0,0,"[0, 255, 0, 100]","[97, 255, 97]"
1106,840b2c5ffffffff,34,0,0,"[0, 255, 0, 100]","[97, 255, 97]"
1107,840b2c7ffffffff,181,0,0,"[0, 255, 0, 100]","[97, 255, 97]"
1108,840b2cbffffffff,2,0,0,"[0, 255, 0, 100]","[97, 255, 97]"
1109,840b2d3ffffffff,144,0,0,"[0, 255, 0, 100]","[97, 255, 97]"
1110,840b2d9ffffffff,12,0,0,"[0, 255, 0, 100]","[97, 255, 97]"
1111,840b2dbffffffff,125,0,0,"[0, 255, 0, 100]","[97, 255, 97]"
1112,840b2ebffffffff,129,0,0,"[0, 255, 0, 100]","[97, 255, 97]"
1113,840b315ffffffff,48,0,0,"[0, 255, 0, 100]","[97, 255, 97]"
1114,840b319ffffffff,56,0,0,"[0, 255, 0, 100]","[97, 255, 97]"
1115,840b31bffffffff,5,0,0,"[0, 255, 0, 100]","[97, 255, 97]"
1116,840b31dffffffff,226,0,0,"[0, 255, 0, 100]","[97, 255, 97]"
1117,840b32dffffffff,19,0,0,"[0, 255, 0, 100]","[97, 255, 97]"
1118,840b331ffffffff,10,0,0,"[0, 255, 0, 100]","[97, 255, 97]"
1119,840b335ffffffff,98,0,0,"[0, 255, 0, 100]","[97, 255, 97]"
1120,840b339ffffffff,18,0,0,"[0, 255, 0, 100]","[97, 255, 97]"
1121,840b351ffffffff,6,0,0,"[0, 255, 0, 100]","[97, 255, 97]"
1122,840b353ffffffff,148,0,0,"[0, 255, 0, 100]","[97, 255, 97]"
1123,840b359ffffffff,40,0,0,"[0, 255, 0, 100]","[97, 255, 97]"
1124,840b361ffffffff,10,0,0,"[0, 255, 0, 100]","[97, 255, 97]"
1125,840b367ffffffff,203,0,0,"[0, 255, 0, 100]","[97, 255, 97]"
1126,840b369ffffffff,94,0,0,"[0, 255, 0, 100]","[97, 255, 97]"
1127,840b461ffffffff,3,0,0,"[0, 255, 0, 100]","[97, 255, 97]"
1128,840b469ffffffff,119,0,0,"[0, 255, 0, 100]","[97, 255, 97]"
1129,840b52dffffffff,44,0,0,"[0, 255, 0, 100]","[97, 255, 97]"
1130,840b585ffffffff,13,0,0,"[0, 255, 0, 100]","[97, 255, 97]"
1131,840b587ffffffff,290,0,0,"[0, 255, 0, 100]","[97, 255, 97]"
1132,840b58dffffffff,14,0,0,"[0, 255, 0, 100]","[97, 255, 97]"
1133,840b5abffffffff,51,0,0,"[0, 255, 0, 100]","[97, 255, 97]"
1134,840b5bdffffffff,126,0,0,"[0, 255, 0, 100]","[97, 255, 97]"
1135,840b5c5ffffffff,11,0,0,"[0, 255, 0, 100]","[97, 255, 97]"
1136,840b5c7ffffffff,19,0,0,"[0, 255, 0, 100]","[97, 255, 97]"
1137,840b617ffffffff,5,0,0,"[0, 255, 0, 100]","[97, 255, 97]"
1138,840b633ffffffff,116,0,0,"[0, 255, 0, 100]","[97, 255, 97]"
1139,840b637ffffffff,98,0,0,"[0, 255, 0, 100]","[97, 255, 97]"
1140,840b661ffffffff,112,0,0,"[0, 255, 0, 100]","[97, 255, 97]"
1141,840b663ffffffff,210,0,0,"[0, 255, 0, 100]","[97, 255, 97]"
1142,840b66dffffffff,144,0,0,"[0, 255, 0, 100]","[97, 255, 97]"
1143,840b689ffffffff,10,0,0,"[0, 255, 0, 100]","[97, 255, 97]"
1144,840b699ffffffff,7,0,0,"[0, 255, 0, 100]","[97, 255, 97]"
1145,840b6a1ffffffff,499,0,0,"[0, 255, 0, 100]","[97, 255, 97]"
1146,840b6c3ffffffff,32,0,0,"[0, 255, 0, 100]","[97, 255, 97]"
1147,840b6c5ffffffff,2,0,0,"[0, 255, 0, 100]","[97, 255, 97]"
1148,840b6c7ffffffff,302,0,0,"[0, 255, 0, 100]","[97, 255, 97]"
1149,840b6edffffffff,147,0,0,"[0, 255, 0, 100]","[97, 255, 97]"
1150,840b711ffffffff,133,0,0,"[0, 255, 0, 100]","[97, 255, 97]"
1151,840b713ffffffff,16,0,0,"[0, 255, 0, 100]","[97, 255, 97]"
1152,840b719ffffffff,6,0,0,"[0, 255, 0, 100]","[97, 255, 97]"
1153,840b725ffffffff,85,0,0,"[0, 255, 0, 100]","[97, 255, 97]"
1154,840b731ffffffff,62,0,0,"[0, 255, 0, 100]","[97, 255, 97]"
1155,840b733ffffffff,70,0,0,"[0, 255, 0, 100]","[97, 255, 97]"
1156,840b761ffffffff,3,0,0,"[0, 255, 0, 100]","[97, 255, 97]"
1157,840b769ffffffff,36,0,0,"[0, 255, 0, 100]","[97, 255, 97]"
1158,840b76dffffffff,86,0,0,"[0, 255, 0, 100]","[97, 255, 97]"
1159,840b801ffffffff,6,0,0,"[0, 255, 0, 100]","[97, 255, 97]"
1160,840b803ffffffff,43,0,0,"[0, 255, 0, 100]","[97, 255, 97]"
1161,840b805ffffffff,113,0,0,"[0, 255, 0, 100]","[97, 255, 97]"
1162,840b807ffffffff,118,0,0,"[0, 255, 0, 100]","[97, 255, 97]"
1163,840b809ffffffff,33,0,0,"[0, 255, 0, 100]","[97, 255, 97]"
1164,840b80dffffffff,3,0,0,"[0, 255, 0, 100]","[97, 255, 97]"
1165,840b813ffffffff,54,0,0,"[0, 255, 0, 100]","[97, 255, 97]"
1166,840b815ffffffff,35,0,0,"[0, 255, 0, 100]","[97, 255, 97]"
1167,840b81bffffffff,270,0,0,"[0, 255, 0, 100]","[97, 255, 97]"
1168,840b81dffffffff,414,0,0,"[0, 255, 0, 100]","[97, 255, 97]"
1169,840b823ffffffff,307,0,0,"[0, 255, 0, 100]","[97, 255, 97]"
1170,840b825ffffffff,78,0,0,"[0, 255, 0, 100]","[97, 255, 97]"
1171,840b82bffffffff,268,0,0,"[0, 255, 0, 100]","[97, 255, 97]"
1172,840b82dffffffff,1,0,0,"[0, 255, 0, 100]","[97, 255, 97]"
1173,840b831ffffffff,84,0,0,"[0, 255, 0, 100]","[97, 255, 97]"
1174,840b837ffffffff,12,0,0,"[0, 255, 0, 100]","[97, 255, 97]"
1175,840b83dffffffff,433,0,0,"[0, 255, 0, 100]","[97, 255, 97]"
1176,840b841ffffffff,2,0,0,"[0, 255, 0, 100]","[97, 255, 97]"
1177,840b843ffffffff,25,0,0,"[0, 255, 0, 100]","[97, 255, 97]"
1178,840b845ffffffff,46,0,0,"[0, 255, 0, 100]","[97, 255, 97]"
1179,840b849ffffffff,6,0,0,"[0, 255, 0, 100]","[97, 255, 97]"
1180,840b851ffffffff,68,0,0,"[0, 255, 0, 100]","[97, 255, 97]"
1181,840b853ffffffff,40,0,0,"[0, 255, 0, 100]","[97, 255, 97]"
1182,840b857ffffffff,279,0,0,"[0, 255, 0, 100]","[97, 255, 97]"
1183,840b85bffffffff,94,0,0,"[0, 255, 0, 100]","[97, 255, 97]"
1184,840b861ffffffff,435,0,0,"[0, 255, 0, 100]","[97, 255, 97]"
1185,840b867ffffffff,262,0,0,"[0, 255, 0, 100]","[97, 255, 97]"
1186,840b869ffffffff,54,0,0,"[0, 255, 0, 100]","[97, 255, 97]"
1187,840b86bffffffff,28,0,0,"[0, 255, 0, 100]","[97, 255, 97]"
1188,840b8b5ffffffff,12,0,0,"[0, 255, 0, 100]","[97, 255, 97]"
1189,840b8b7ffffffff,17,0,0,"[0, 255, 0, 100]","[97, 255, 97]"
1190,840b8d1ffffffff,65,0,0,"[0, 255, 0, 100]","[97, 255, 97]"
1191,840b8d3ffffffff,9,0,0,"[0, 255, 0, 100]","[97, 255, 97]"
1192,840b901ffffffff,222,0,0,"[0, 255, 0, 100]","[97, 255, 97]"
1193,840b903ffffffff,8,0,0,"[0, 255, 0, 100]","[97, 255, 97]"
1194,840b905ffffffff,2,0,0,"[0, 255, 0, 100]","[97, 255, 97]"
1195,840b907ffffffff,163,0,0,"[0, 255, 0, 100]","[97, 255, 97]"
1196,840b90dffffffff,271,0,0,"[0, 255, 0, 100]","[97, 255, 97]"
1197,840b919ffffffff,65,0,0,"[0, 255, 0, 100]","[97, 255, 97]"
1198,840b925ffffffff,10,0,0,"[0, 255, 0, 100]","[97, 255, 97]"
1199,840b935ffffffff,258,0,0,"[0, 255, 0, 100]","[97, 255, 97]"
1200,840b939ffffffff,143,0,0,"[0, 255, 0, 100]","[97, 255, 97]"
1201,840b93dffffffff,119,0,0,"[0, 255, 0, 100]","[97, 255, 97]"
1202,840b943ffffffff,1,0,0,"[0, 255, 0, 100]","[97, 255, 97]"
1203,840b945ffffffff,66,0,0,"[0, 255, 0, 100]","[97, 255, 97]"
1204,840b94bffffffff,75,0,0,"[0, 255, 0, 100]","[97, 255, 97]"
1205,840b953ffffffff,186,0,0,"[0, 255, 0, 100]","[97, 255, 97]"
1206,840b957ffffffff,58,0,0,"[0, 255, 0, 100]","[97, 255, 97]"
1207,840b95bffffffff,185,0,0,"[0, 255, 0, 100]","[97, 255, 97]"
1208,840b95dffffffff,24,0,0,"[0, 255, 0, 100]","[97, 255, 97]"
1209,840b963ffffffff,24,0,0,"[0, 255, 0, 100]","[97, 255, 97]"
1210,840b969ffffffff,25,0,0,"[0, 255, 0, 100]","[97, 255, 97]"
1211,840b96bffffffff,454,0,0,"[0, 255, 0, 100]","[97, 255, 97]"
1212,840b985ffffffff,156,0,0,"[0, 255, 0, 100]","[97, 255, 97]"
1213,840b987ffffffff,84,0,0,"[0, 255, 0, 100]","[97, 255, 97]"
1214,840b989ffffffff,144,0,0,"[0, 255, 0, 100]","[97, 255, 97]"
1215,840b98dffffffff,70,0,0,"[0, 255, 0, 100]","[97, 255, 97]"
1216,840b9a1ffffffff,59,0,0,"[0, 255, 0, 100]","[97, 255, 97]"
1217,840b9a3ffffffff,333,0,0,"[0, 255, 0, 100]","[97, 255, 97]"
1218,840b9a5ffffffff,29,0,0,"[0, 255, 0, 100]","[97, 255, 97]"
1219,840b9a7ffffffff,9,0,0,"[0, 255, 0, 100]","[97, 255, 97]"
1220,840b9a9ffffffff,25,0,0,"[0, 255, 0, 100]","[97, 255, 97]"
1221,840b9abffffffff,88,0,0,"[0, 255, 0, 100]","[97, 255, 97]"
1222,840b9adffffffff,188,0,0,"[0, 255, 0, 100]","[97, 255, 97]"
1223,840b9c1ffffffff,129,0,0,"[0, 255, 0, 100]","[97, 255, 97]"
1224,840b9c3ffffffff,12,0,0,"[0, 255, 0, 100]","[97, 255, 97]"
1225,840b9c5ffffffff,207,0,0,"[0, 255, 0, 100]","[97, 255, 97]"
1226,840b9c7ffffffff,82,0,0,"[0, 255, 0, 100]","[97, 255, 97]"
1227,840b9c9ffffffff,114,0,0,"[0, 255, 0, 100]","[97, 255, 97]"
1228,840b9cbffffffff,19,0,0,"[0, 255, 0, 100]","[97, 255, 97]"
1229,840b9cdffffffff,90,0,0,"[0, 255, 0, 100]","[97, 255, 97]"
1230,840b9e1ffffffff,11,0,0,"[0, 255, 0, 100]","[97, 255, 97]"
1231,840b9e5ffffffff,194,0,0,"[0, 255, 0, 100]","[97, 255, 97]"
1232,840b9e7ffffffff,79,0,0,"[0, 255, 0, 100]","[97, 255, 97]"
1233,840b9ebffffffff,188,0,0,"[0, 255, 0, 100]","[97, 255, 97]"
1234,840b9edffffffff,98,0,0,"[0, 255, 0, 100]","[97, 255, 97]"
1235,840ba03ffffffff,44,0,0,"[0, 255, 0, 100]","[97, 255, 97]"
1236,840ba07ffffffff,182,0,0,"[0, 255, 0, 100]","[97, 255, 97]"
1237,840ba0dffffffff,42,0,0,"[0, 255, 0, 100]","[97, 255, 97]"
1238,840ba1bffffffff,69,0,0,"[0, 255, 0, 100]","[97, 255, 97]"
1239,840ba23ffffffff,18,0,0,"[0, 255, 0, 100]","[97, 255, 97]"
1240,840ba3dffffffff,253,0,0,"[0, 255, 0, 100]","[97, 255, 97]"
1241,840ba45ffffffff,2,0,0,"[0, 255, 0, 100]","[97, 255, 97]"
1242,840ba51ffffffff,320,0,0,"[0, 255, 0, 100]","[97, 255, 97]"
1243,840ba57ffffffff,126,0,0,"[0, 255, 0, 100]","[97, 255, 97]"
1244,840ba59ffffffff,330,0,0,"[0, 255, 0, 100]","[97, 255, 97]"
1245,840ba5bffffffff,173,0,0,"[0, 255, 0, 100]","[97, 255, 97]"
1246,840ba63ffffffff,9,0,0,"[0, 255, 0, 100]","[97, 255, 97]"
1247,840baa5ffffffff,131,0,0,"[0, 255, 0, 100]","[97, 255, 97]"
1248,840baadffffffff,27,0,0,"[0, 255, 0, 100]","[97, 255, 97]"
1249,840bac1ffffffff,234,0,0,"[0, 255, 0, 100]","[97, 255, 97]"
1250,840bac5ffffffff,130,0,0,"[0, 255, 0, 100]","[97, 255, 97]"
1251,840bacbffffffff,108,0,0,"[0, 255, 0, 100]","[97, 255, 97]"
1252,840bae1ffffffff,192,0,0,"[0, 255, 0, 100]","[97, 255, 97]"
1253,840bae5ffffffff,312,0,0,"[0, 255, 0, 100]","[97, 255, 97]"
1254,840bae9ffffffff,16,0,0,"[0, 255, 0, 100]","[97, 255, 97]"
1255,840baebffffffff,3,0,0,"[0, 255, 0, 100]","[97, 255, 97]"
1256,840baedffffffff,116,0,0,"[0, 255, 0, 100]","[97, 255, 97]"
1257,840bb01ffffffff,49,0,0,"[0, 255, 0, 100]","[97, 255, 97]"
1258,840bb03ffffffff,285,0,0,"[0, 255, 0, 100]","[97, 255, 97]"
1259,840bb05ffffffff,96,0,0,"[0, 255, 0, 100]","[97, 255, 97]"
1260,840bb07ffffffff,67,0,0,"[0, 255, 0, 100]","[97, 255, 97]"
1261,840bb09ffffffff,70,0,0,"[0, 255, 0, 100]","[97, 255, 97]"
1262,840bb0bffffffff,907,1,0.001102536,"[255, 0, 0, 100]","[255, 0, 0]"
1263,840bb0dffffffff,1,0,0,"[0, 255, 0, 100]","[97, 255, 97]"
1264,840bb15ffffffff,26,0,0,"[0, 255, 0, 100]","[97, 255, 97]"
1265,840bb1dffffffff,202,6,0.02970297,"[255, 0, 0, 100]","[255, 0, 0]"
1266,840bb31ffffffff,148,0,0,"[0, 255, 0, 100]","[97, 255, 97]"
1267,840bb35ffffffff,41,0,0,"[0, 255, 0, 100]","[97, 255, 97]"
1268,840bb37ffffffff,190,0,0,"[0, 255, 0, 100]","[97, 255, 97]"
1269,840bb39ffffffff,33,0,0,"[0, 255, 0, 100]","[97, 255, 97]"
1270,840bb3bffffffff,44,0,0,"[0, 255, 0, 100]","[97, 255, 97]"
1271,840bb3dffffffff,34,0,0,"[0, 255, 0, 100]","[97, 255, 97]"
1272,840bb43ffffffff,86,0,0,"[0, 255, 0, 100]","[97, 255, 97]"
1273,840bb4bffffffff,2,0,0,"[0, 255, 0, 100]","[97, 255, 97]"
1274,840bb61ffffffff,47,0,0,"[0, 255, 0, 100]","[97, 255, 97]"
1275,840bb69ffffffff,81,0,0,"[0, 255, 0, 100]","[97, 255, 97]"
1276,840bb6bffffffff,101,0,0,"[0, 255, 0, 100]","[97, 255, 97]"
1277,840bb6dffffffff,102,0,0,"[0, 255, 0, 100]","[97, 255, 97]"
1278,840c025ffffffff,171,0,0,"[0, 255, 0, 100]","[97, 255, 97]"
1279,840c027ffffffff,37,0,0,"[0, 255, 0, 100]","[97, 255, 97]"
1280,840c041ffffffff,91,0,0,"[0, 255, 0, 100]","[97, 255, 97]"
1281,840c043ffffffff,13,0,0,"[0, 255, 0, 100]","[97, 255, 97]"
1282,840c049ffffffff,248,0,0,"[0, 255, 0, 100]","[97, 255, 97]"
1283,840c04bffffffff,132,0,0,"[0, 255, 0, 100]","[97, 255, 97]"
1284,840c04dffffffff,7,0,0,"[0, 255, 0, 100]","[97, 255, 97]"
1285,840c051ffffffff,3,0,0,"[0, 255, 0, 100]","[97, 255, 97]"
1286,840c05bffffffff,27,0,0,"[0, 255, 0, 100]","[97, 255, 97]"
1287,840c083ffffffff,27,0,0,"[0, 255, 0, 100]","[97, 255, 97]"
1288,840c087ffffffff,144,0,0,"[0, 255, 0, 100]","[97, 255, 97]"
1289,840c089ffffffff,126,0,0,"[0, 255, 0, 100]","[97, 255, 97]"
1290,840c091ffffffff,196,0,0,"[0, 255, 0, 100]","[97, 255, 97]"
1291,840c093ffffffff,402,0,0,"[0, 255, 0, 100]","[97, 255, 97]"
1292,840c095ffffffff,176,0,0,"[0, 255, 0, 100]","[97, 255, 97]"
1293,840c097ffffffff,136,0,0,"[0, 255, 0, 100]","[97, 255, 97]"
1294,840c09bffffffff,194,0,0,"[0, 255, 0, 100]","[97, 255, 97]"
1295,840c0a1ffffffff,8,0,0,"[0, 255, 0, 100]","[97, 255, 97]"
1296,840c0abffffffff,213,0,0,"[0, 255, 0, 100]","[97, 255, 97]"
1297,840c0b1ffffffff,122,0,0,"[0, 255, 0, 100]","[97, 255, 97]"
1298,840c0b5ffffffff,274,0,0,"[0, 255, 0, 100]","[97, 255, 97]"
1299,840c0b9ffffffff,4,0,0,"[0, 255, 0, 100]","[97, 255, 97]"
1300,840c0bbffffffff,1,0,0,"[0, 255, 0, 100]","[97, 255, 97]"
1301,840c0c5ffffffff,125,0,0,"[0, 255, 0, 100]","[97, 255, 97]"
1302,840c0c7ffffffff,156,0,0,"[0, 255, 0, 100]","[97, 255, 97]"
1303,840c0cbffffffff,43,0,0,"[0, 255, 0, 100]","[97, 255, 97]"
1304,840c0d1ffffffff,49,0,0,"[0, 255, 0, 100]","[97, 255, 97]"
1305,840c0d3ffffffff,342,0,0,"[0, 255, 0, 100]","[97, 255, 97]"
1306,840c0d5ffffffff,191,0,0,"[0, 255, 0, 100]","[97, 255, 97]"
1307,840c0d7ffffffff,189,0,0,"[0, 255, 0, 100]","[97, 255, 97]"
1308,840c0d9ffffffff,268,0,0,"[0, 255, 0, 100]","[97, 255, 97]"
1309,840c0dbffffffff,81,0,0,"[0, 255, 0, 100]","[97, 255, 97]"
1310,840c0e9ffffffff,387,0,0,"[0, 255, 0, 100]","[97, 255, 97]"
1311,840c0ebffffffff,103,0,0,"[0, 255, 0, 100]","[97, 255, 97]"
1312,840c0edffffffff,97,0,0,"[0, 255, 0, 100]","[97, 255, 97]"
1313,840c10dffffffff,17,0,0,"[0, 255, 0, 100]","[97, 255, 97]"
1314,840c119ffffffff,72,0,0,"[0, 255, 0, 100]","[97, 255, 97]"
1315,840c129ffffffff,4,0,0,"[0, 255, 0, 100]","[97, 255, 97]"
1316,840c12dffffffff,126,0,0,"[0, 255, 0, 100]","[97, 255, 97]"
1317,840c147ffffffff,12,0,0,"[0, 255, 0, 100]","[97, 255, 97]"
1318,840c159ffffffff,32,0,0,"[0, 255, 0, 100]","[97, 255, 97]"
1319,840c163ffffffff,241,0,0,"[0, 255, 0, 100]","[97, 255, 97]"
1320,840c167ffffffff,158,0,0,"[0, 255, 0, 100]","[97, 255, 97]"
1321,840c183ffffffff,270,0,0,"[0, 255, 0, 100]","[97, 255, 97]"
1322,840c187ffffffff,71,0,0,"[0, 255, 0, 100]","[97, 255, 97]"
1323,840c191ffffffff,50,0,0,"[0, 255, 0, 100]","[97, 255, 97]"
1324,840c193ffffffff,16,0,0,"[0, 255, 0, 100]","[97, 255, 97]"
1325,840c195ffffffff,6,0,0,"[0, 255, 0, 100]","[97, 255, 97]"
1326,840c199ffffffff,74,0,0,"[0, 255, 0, 100]","[97, 255, 97]"
1327,840c19dffffffff,265,0,0,"[0, 255, 0, 100]","[97, 255, 97]"
1328,840c1a1ffffffff,13,0,0,"[0, 255, 0, 100]","[97, 255, 97]"
1329,840c1a3ffffffff,121,0,0,"[0, 255, 0, 100]","[97, 255, 97]"
1330,840c1a5ffffffff,20,0,0,"[0, 255, 0, 100]","[97, 255, 97]"
1331,840c1a7ffffffff,218,0,0,"[0, 255, 0, 100]","[97, 255, 97]"
1332,840c1abffffffff,24,0,0,"[0, 255, 0, 100]","[97, 255, 97]"
1333,840c1b1ffffffff,60,0,0,"[0, 255, 0, 100]","[97, 255, 97]"
1334,840c1b3ffffffff,49,0,0,"[0, 255, 0, 100]","[97, 255, 97]"
1335,840c1b5ffffffff,1,0,0,"[0, 255, 0, 100]","[97, 255, 97]"
1336,840c1b7ffffffff,18,0,0,"[0, 255, 0, 100]","[97, 255, 97]"
1337,840c1b9ffffffff,234,0,0,"[0, 255, 0, 100]","[97, 255, 97]"
1338,840c1bdffffffff,283,0,0,"[0, 255, 0, 100]","[97, 255, 97]"
1339,840c1e3ffffffff,13,0,0,"[0, 255, 0, 100]","[97, 255, 97]"
1340,840c1e9ffffffff,56,0,0,"[0, 255, 0, 100]","[97, 255, 97]"
1341,840c201ffffffff,4,0,0,"[0, 255, 0, 100]","[97, 255, 97]"
1342,840c205ffffffff,105,0,0,"[0, 255, 0, 100]","[97, 255, 97]"
1343,840c20dffffffff,84,0,0,"[0, 255, 0, 100]","[97, 255, 97]"
1344,840c219ffffffff,300,0,0,"[0, 255, 0, 100]","[97, 255, 97]"
1345,840c21dffffffff,13,0,0,"[0, 255, 0, 100]","[97, 255, 97]"
1346,840c223ffffffff,59,0,0,"[0, 255, 0, 100]","[97, 255, 97]"
1347,840c229ffffffff,88,0,0,"[0, 255, 0, 100]","[97, 255, 97]"
1348,840c231ffffffff,107,0,0,"[0, 255, 0, 100]","[97, 255, 97]"
1349,840c233ffffffff,6,0,0,"[0, 255, 0, 100]","[97, 255, 97]"
1350,840c235ffffffff,235,0,0,"[0, 255, 0, 100]","[97, 255, 97]"
1351,840c239ffffffff,8,0,0,"[0, 255, 0, 100]","[97, 255, 97]"
1352,840c23dffffffff,131,0,0,"[0, 255, 0, 100]","[97, 255, 97]"
1353,840c243ffffffff,44,0,0,"[0, 255, 0, 100]","[97, 255, 97]"
1354,840c247ffffffff,55,0,0,"[0, 255, 0, 100]","[97, 255, 97]"
1355,840c255ffffffff,25,0,0,"[0, 255, 0, 100]","[97, 255, 97]"
1356,840c25dffffffff,43,0,0,"[0, 255, 0, 100]","[97, 255, 97]"
1357,840c263ffffffff,11,0,0,"[0, 255, 0, 100]","[97, 255, 97]"
1358,840c267ffffffff,10,0,0,"[0, 255, 0, 100]","[97, 255, 97]"
1359,840c281ffffffff,154,0,0,"[0, 255, 0, 100]","[97, 255, 97]"
1360,840c283ffffffff,4,0,0,"[0, 255, 0, 100]","[97, 255, 97]"
1361,840c289ffffffff,413,0,0,"[0, 255, 0, 100]","[97, 255, 97]"
1362,840c28bffffffff,43,0,0,"[0, 255, 0, 100]","[97, 255, 97]"
1363,840c299ffffffff,141,0,0,"[0, 255, 0, 100]","[97, 255, 97]"
1364,840c29bffffffff,28,0,0,"[0, 255, 0, 100]","[97, 255, 97]"
1365,840c2b7ffffffff,257,0,0,"[0, 255, 0, 100]","[97, 255, 97]"
1366,840c2c1ffffffff,14,0,0,"[0, 255, 0, 100]","[97, 255, 97]"
1367,840c2c7ffffffff,109,0,0,"[0, 255, 0, 100]","[97, 255, 97]"
1368,840c2d1ffffffff,40,0,0,"[0, 255, 0, 100]","[97, 255, 97]"
1369,840c2d3ffffffff,107,0,0,"[0, 255, 0, 100]","[97, 255, 97]"
1370,840c2d9ffffffff,50,0,0,"[0, 255, 0, 100]","[97, 255, 97]"
1371,840c2ddffffffff,125,0,0,"[0, 255, 0, 100]","[97, 255, 97]"
1372,840c307ffffffff,7,0,0,"[0, 255, 0, 100]","[97, 255, 97]"
1373,840c315ffffffff,199,0,0,"[0, 255, 0, 100]","[97, 255, 97]"
1374,840c333ffffffff,57,0,0,"[0, 255, 0, 100]","[97, 255, 97]"
1375,840c403ffffffff,155,0,0,"[0, 255, 0, 100]","[97, 255, 97]"
1376,840c405ffffffff,223,0,0,"[0, 255, 0, 100]","[97, 255, 97]"
1377,840c407ffffffff,199,0,0,"[0, 255, 0, 100]","[97, 255, 97]"
1378,840c409ffffffff,253,0,0,"[0, 255, 0, 100]","[97, 255, 97]"
1379,840c40dffffffff,51,0,0,"[0, 255, 0, 100]","[97, 255, 97]"
1380,840c411ffffffff,11,0,0,"[0, 255, 0, 100]","[97, 255, 97]"
1381,840c413ffffffff,42,0,0,"[0, 255, 0, 100]","[97, 255, 97]"
1382,840c415ffffffff,63,0,0,"[0, 255, 0, 100]","[97, 255, 97]"
1383,840c419ffffffff,109,0,0,"[0, 255, 0, 100]","[97, 255, 97]"
1384,840c429ffffffff,50,0,0,"[0, 255, 0, 100]","[97, 255, 97]"
1385,840c43dffffffff,6,0,0,"[0, 255, 0, 100]","[97, 255, 97]"
1386,840c441ffffffff,46,0,0,"[0, 255, 0, 100]","[97, 255, 97]"
1387,840c443ffffffff,58,0,0,"[0, 255, 0, 100]","[97, 255, 97]"
1388,840c445ffffffff,102,0,0,"[0, 255, 0, 100]","[97, 255, 97]"
1389,840c447ffffffff,436,0,0,"[0, 255, 0, 100]","[97, 255, 97]"
1390,840c44dffffffff,131,0,0,"[0, 255, 0, 100]","[97, 255, 97]"
1391,840c451ffffffff,213,0,0,"[0, 255, 0, 100]","[97, 255, 97]"
1392,840c453ffffffff,138,0,0,"[0, 255, 0, 100]","[97, 255, 97]"
1393,840c455ffffffff,514,0,0,"[0, 255, 0, 100]","[97, 255, 97]"
1394,840c457ffffffff,84,0,0,"[0, 255, 0, 100]","[97, 255, 97]"
1395,840c45bffffffff,55,0,0,"[0, 255, 0, 100]","[97, 255, 97]"
1396,840c461ffffffff,133,0,0,"[0, 255, 0, 100]","[97, 255, 97]"
1397,840c463ffffffff,112,0,0,"[0, 255, 0, 100]","[97, 255, 97]"
1398,840c465ffffffff,346,0,0,"[0, 255, 0, 100]","[97, 255, 97]"
1399,840c467ffffffff,287,0,0,"[0, 255, 0, 100]","[97, 255, 97]"
1400,840c469ffffffff,172,0,0,"[0, 255, 0, 100]","[97, 255, 97]"
1401,840c46bffffffff,251,0,0,"[0, 255, 0, 100]","[97, 255, 97]"
1402,840c46dffffffff,377,0,0,"[0, 255, 0, 100]","[97, 255, 97]"
1403,840c4c5ffffffff,147,0,0,"[0, 255, 0, 100]","[97, 255, 97]"
1404,840c4d9ffffffff,1,0,0,"[0, 255, 0, 100]","[97, 255, 97]"
1405,840c505ffffffff,165,0,0,"[0, 255, 0, 100]","[97, 255, 97]"
1406,840c509ffffffff,18,0,0,"[0, 255, 0, 100]","[97, 255, 97]"
1407,840c515ffffffff,103,0,0,"[0, 255, 0, 100]","[97, 255, 97]"
1408,840c517ffffffff,73,0,0,"[0, 255, 0, 100]","[97, 255, 97]"
1409,840c519ffffffff,46,0,0,"[0, 255, 0, 100]","[97, 255, 97]"
1410,840c51dffffffff,89,0,0,"[0, 255, 0, 100]","[97, 255, 97]"
1411,840c521ffffffff,145,0,0,"[0, 255, 0, 100]","[97, 255, 97]"
1412,840c523ffffffff,188,0,0,"[0, 255, 0, 100]","[97, 255, 97]"
1413,840c527ffffffff,5,0,0,"[0, 255, 0, 100]","[97, 255, 97]"
1414,840c529ffffffff,162,0,0,"[0, 255, 0, 100]","[97, 255, 97]"
1415,840c541ffffffff,51,0,0,"[0, 255, 0, 100]","[97, 255, 97]"
1416,840c543ffffffff,296,0,0,"[0, 255, 0, 100]","[97, 255, 97]"
1417,840c545ffffffff,115,0,0,"[0, 255, 0, 100]","[97, 255, 97]"
1418,840c547ffffffff,120,0,0,"[0, 255, 0, 100]","[97, 255, 97]"
1419,840c549ffffffff,200,0,0,"[0, 255, 0, 100]","[97, 255, 97]"
1420,840c54bffffffff,188,0,0,"[0, 255, 0, 100]","[97, 255, 97]"
1421,840c54dffffffff,290,0,0,"[0, 255, 0, 100]","[97, 255, 97]"
1422,840c551ffffffff,80,0,0,"[0, 255, 0, 100]","[97, 255, 97]"
1423,840c555ffffffff,502,0,0,"[0, 255, 0, 100]","[97, 255, 97]"
1424,840c559ffffffff,548,0,0,"[0, 255, 0, 100]","[97, 255, 97]"
1425,840c55dffffffff,58,0,0,"[0, 255, 0, 100]","[97, 255, 97]"
1426,840c561ffffffff,290,0,0,"[0, 255, 0, 100]","[97, 255, 97]"
1427,840c563ffffffff,402,0,0,"[0, 255, 0, 100]","[97, 255, 97]"
1428,840c565ffffffff,315,0,0,"[0, 255, 0, 100]","[97, 255, 97]"
1429,840c567ffffffff,143,0,0,"[0, 255, 0, 100]","[97, 255, 97]"
1430,840c569ffffffff,18,0,0,"[0, 255, 0, 100]","[97, 255, 97]"
1431,840c56bffffffff,4,0,0,"[0, 255, 0, 100]","[97, 255, 97]"
1432,840c587ffffffff,107,0,0,"[0, 255, 0, 100]","[97, 255, 97]"
1433,840c5a1ffffffff,186,0,0,"[0, 255, 0, 100]","[97, 255, 97]"
1434,840c5a5ffffffff,74,0,0,"[0, 255, 0, 100]","[97, 255, 97]"
1435,840c5abffffffff,31,0,0,"[0, 255, 0, 100]","[97, 255, 97]"
1436,840c5adffffffff,340,0,0,"[0, 255, 0, 100]","[97, 255, 97]"
1437,840c5b9ffffffff,127,0,0,"[0, 255, 0, 100]","[97, 255, 97]"
1438,840c5c7ffffffff,97,0,0,"[0, 255, 0, 100]","[97, 255, 97]"
1439,840c5d1ffffffff,15,0,0,"[0, 255, 0, 100]","[97, 255, 97]"
1440,840c5d5ffffffff,87,0,0,"[0, 255, 0, 100]","[97, 255, 97]"
1441,840c5e1ffffffff,131,0,0,"[0, 255, 0, 100]","[97, 255, 97]"
1442,840c5e5ffffffff,124,0,0,"[0, 255, 0, 100]","[97, 255, 97]"
1443,840c5ebffffffff,25,0,0,"[0, 255, 0, 100]","[97, 255, 97]"
1444,840c5edffffffff,20,0,0,"[0, 255, 0, 100]","[97, 255, 97]"
1445,840c61bffffffff,5,0,0,"[0, 255, 0, 100]","[97, 255, 97]"
1446,840c641ffffffff,213,0,0,"[0, 255, 0, 100]","[97, 255, 97]"
1447,840c643ffffffff,6,0,0,"[0, 255, 0, 100]","[97, 255, 97]"
1448,840c645ffffffff,228,0,0,"[0, 255, 0, 100]","[97, 255, 97]"
1449,840c651ffffffff,204,0,0,"[0, 255, 0, 100]","[97, 255, 97]"
1450,840c653ffffffff,59,0,0,"[0, 255, 0, 100]","[97, 255, 97]"
1451,840c659ffffffff,48,0,0,"[0, 255, 0, 100]","[97, 255, 97]"
1452,840c65bffffffff,111,0,0,"[0, 255, 0, 100]","[97, 255, 97]"
1453,840c65dffffffff,193,0,0,"[0, 255, 0, 100]","[97, 255, 97]"
1454,840c661ffffffff,12,0,0,"[0, 255, 0, 100]","[97, 255, 97]"
1455,840c665ffffffff,27,0,0,"[0, 255, 0, 100]","[97, 255, 97]"
1456,840c667ffffffff,7,0,0,"[0, 255, 0, 100]","[97, 255, 97]"
1457,840c669ffffffff,167,0,0,"[0, 255, 0, 100]","[97, 255, 97]"
1458,840c66dffffffff,20,0,0,"[0, 255, 0, 100]","[97, 255, 97]"
1459,840c681ffffffff,114,0,0,"[0, 255, 0, 100]","[97, 255, 97]"
1460,840c685ffffffff,114,0,0,"[0, 255, 0, 100]","[97, 255, 97]"
1461,840c687ffffffff,39,0,0,"[0, 255, 0, 100]","[97, 255, 97]"
1462,840c68bffffffff,135,0,0,"[0, 255, 0, 100]","[97, 255, 97]"
1463,840c691ffffffff,30,0,0,"[0, 255, 0, 100]","[97, 255, 97]"
1464,840c693ffffffff,22,0,0,"[0, 255, 0, 100]","[97, 255, 97]"
1465,840c697ffffffff,14,0,0,"[0, 255, 0, 100]","[97, 255, 97]"
1466,840c699ffffffff,436,0,0,"[0, 255, 0, 100]","[97, 255, 97]"
1467,840c69bffffffff,77,0,0,"[0, 255, 0, 100]","[97, 255, 97]"
1468,840c69dffffffff,370,0,0,"[0, 255, 0, 100]","[97, 255, 97]"
1469,840c6a1ffffffff,249,0,0,"[0, 255, 0, 100]","[97, 255, 97]"
1470,840c6a3ffffffff,88,0,0,"[0, 255, 0, 100]","[97, 255, 97]"
1471,840c6a5ffffffff,210,0,0,"[0, 255, 0, 100]","[97, 255, 97]"
1472,840c6a7ffffffff,92,0,0,"[0, 255, 0, 100]","[97, 255, 97]"
1473,840c6a9ffffffff,8,0,0,"[0, 255, 0, 100]","[97, 255, 97]"
1474,840c6abffffffff,249,0,0,"[0, 255, 0, 100]","[97, 255, 97]"
1475,840c6adffffffff,230,3,0.013043478,"[255, 0, 0, 100]","[255, 0, 0]"
1476,840c6b1ffffffff,40,0,0,"[0, 255, 0, 100]","[97, 255, 97]"
1477,840c6b3ffffffff,7,0,0,"[0, 255, 0, 100]","[97, 255, 97]"
1478,840c6b9ffffffff,133,0,0,"[0, 255, 0, 100]","[97, 255, 97]"
1479,840c6bbffffffff,6,0,0,"[0, 255, 0, 100]","[97, 255, 97]"
1480,840c6bdffffffff,217,0,0,"[0, 255, 0, 100]","[97, 255, 97]"
1481,840c6c1ffffffff,243,0,0,"[0, 255, 0, 100]","[97, 255, 97]"
1482,840c6c5ffffffff,179,0,0,"[0, 255, 0, 100]","[97, 255, 97]"
1483,840c6cbffffffff,444,0,0,"[0, 255, 0, 100]","[97, 255, 97]"
1484,840c6e3ffffffff,11,0,0,"[0, 255, 0, 100]","[97, 255, 97]"
1485,840c6e7ffffffff,21,0,0,"[0, 255, 0, 100]","[97, 255, 97]"
1486,840c701ffffffff,7,0,0,"[0, 255, 0, 100]","[97, 255, 97]"
1487,840c703ffffffff,33,0,0,"[0, 255, 0, 100]","[97, 255, 97]"
1488,840c705ffffffff,400,0,0,"[0, 255, 0, 100]","[97, 255, 97]"
1489,840c707ffffffff,160,0,0,"[0, 255, 0, 100]","[97, 255, 97]"
1490,840c709ffffffff,12,0,0,"[0, 255, 0, 100]","[97, 255, 97]"
1491,840c70bffffffff,73,0,0,"[0, 255, 0, 100]","[97, 255, 97]"
1492,840c70dffffffff,9,0,0,"[0, 255, 0, 100]","[97, 255, 97]"
1493,840c713ffffffff,99,0,0,"[0, 255, 0, 100]","[97, 255, 97]"
1494,840c715ffffffff,177,0,0,"[0, 255, 0, 100]","[97, 255, 97]"
1495,840c717ffffffff,188,0,0,"[0, 255, 0, 100]","[97, 255, 97]"
1496,840c71dffffffff,10,0,0,"[0, 255, 0, 100]","[97, 255, 97]"
1497,840c723ffffffff,6,0,0,"[0, 255, 0, 100]","[97, 255, 97]"
1498,840c725ffffffff,92,0,0,"[0, 255, 0, 100]","[97, 255, 97]"
1499,840c727ffffffff,2,0,0,"[0, 255, 0, 100]","[97, 255, 97]"
1500,840c729ffffffff,126,0,0,"[0, 255, 0, 100]","[97, 255, 97]"
1501,840c731ffffffff,1101,0,0,"[0, 255, 0, 100]","[97, 255, 97]"
1502,840c733ffffffff,6573,69,0.01049749,"[255, 0, 0, 100]","[255, 0, 0]"
1503,840c735ffffffff,272,0,0,"[0, 255, 0, 100]","[97, 255, 97]"
1504,840c737ffffffff,1024,0,0,"[0, 255, 0, 100]","[97, 255, 97]"
1505,840c739ffffffff,353,0,0,"[0, 255, 0, 100]","[97, 255, 97]"
1506,840c73bffffffff,235,0,0,"[0, 255, 0, 100]","[97, 255, 97]"
1507,840c751ffffffff,53,0,0,"[0, 255, 0, 100]","[97, 255, 97]"
1508,840c755ffffffff,7,0,0,"[0, 255, 0, 100]","[97, 255, 97]"
1509,840c763ffffffff,2,0,0,"[0, 255, 0, 100]","[97, 255, 97]"
1510,840c767ffffffff,221,0,0,"[0, 255, 0, 100]","[97, 255, 97]"
1511,840c76bffffffff,282,0,0,"[0, 255, 0, 100]","[97, 255, 97]"
1512,840c811ffffffff,35,0,0,"[0, 255, 0, 100]","[97, 255, 97]"
1513,840c815ffffffff,259,0,0,"[0, 255, 0, 100]","[97, 255, 97]"
1514,840c817ffffffff,43,0,0,"[0, 255, 0, 100]","[97, 255, 97]"
1515,840c81bffffffff,4,0,0,"[0, 255, 0, 100]","[97, 255, 97]"
1516,840c833ffffffff,44,0,0,"[0, 255, 0, 100]","[97, 255, 97]"
1517,840c837ffffffff,53,0,0,"[0, 255, 0, 100]","[97, 255, 97]"
1518,840c839ffffffff,269,0,0,"[0, 255, 0, 100]","[97, 255, 97]"
1519,840c83dffffffff,89,0,0,"[0, 255, 0, 100]","[97, 255, 97]"
1520,840c841ffffffff,14,0,0,"[0, 255, 0, 100]","[97, 255, 97]"
1521,840c881ffffffff,139,0,0,"[0, 255, 0, 100]","[97, 255, 97]"
1522,840c883ffffffff,7,0,0,"[0, 255, 0, 100]","[97, 255, 97]"
1523,840c885ffffffff,2,0,0,"[0, 255, 0, 100]","[97, 255, 97]"
1524,840c887ffffffff,135,0,0,"[0, 255, 0, 100]","[97, 255, 97]"
1525,840c88bffffffff,226,0,0,"[0, 255, 0, 100]","[97, 255, 97]"
1526,840c893ffffffff,52,0,0,"[0, 255, 0, 100]","[97, 255, 97]"
1527,840c897ffffffff,269,0,0,"[0, 255, 0, 100]","[97, 255, 97]"
1528,840c8a1ffffffff,110,0,0,"[0, 255, 0, 100]","[97, 255, 97]"
1529,840c8a5ffffffff,138,0,0,"[0, 255, 0, 100]","[97, 255, 97]"
1530,840c8abffffffff,73,0,0,"[0, 255, 0, 100]","[97, 255, 97]"
1531,840c8b1ffffffff,62,0,0,"[0, 255, 0, 100]","[97, 255, 97]"
1532,840c8bbffffffff,148,0,0,"[0, 255, 0, 100]","[97, 255, 97]"
1533,840c8c1ffffffff,144,0,0,"[0, 255, 0, 100]","[97, 255, 97]"
1534,840c8c5ffffffff,146,0,0,"[0, 255, 0, 100]","[97, 255, 97]"
1535,840c8c9ffffffff,1,0,0,"[0, 255, 0, 100]","[97, 255, 97]"
1536,840c8cbffffffff,21,0,0,"[0, 255, 0, 100]","[97, 255, 97]"
1537,840c8d3ffffffff,262,0,0,"[0, 255, 0, 100]","[97, 255, 97]"
1538,840c8d7ffffffff,308,0,0,"[0, 255, 0, 100]","[97, 255, 97]"
1539,840c8e5ffffffff,23,0,0,"[0, 255, 0, 100]","[97, 255, 97]"
1540,840c913ffffffff,132,0,0,"[0, 255, 0, 100]","[97, 255, 97]"
1541,840c915ffffffff,5,0,0,"[0, 255, 0, 100]","[97, 255, 97]"
1542,840c923ffffffff,8,0,0,"[0, 255, 0, 100]","[97, 255, 97]"
1543,840c925ffffffff,4,0,0,"[0, 255, 0, 100]","[97, 255, 97]"
1544,840c927ffffffff,70,0,0,"[0, 255, 0, 100]","[97, 255, 97]"
1545,840c939ffffffff,14,0,0,"[0, 255, 0, 100]","[97, 255, 97]"
1546,840c93bffffffff,5,0,0,"[0, 255, 0, 100]","[97, 255, 97]"
1547,840c93dffffffff,3,0,0,"[0, 255, 0, 100]","[97, 255, 97]"
1548,840c94bffffffff,49,0,0,"[0, 255, 0, 100]","[97, 255, 97]"
1549,840c981ffffffff,89,0,0,"[0, 255, 0, 100]","[97, 255, 97]"
1550,840c983ffffffff,13,0,0,"[0, 255, 0, 100]","[97, 255, 97]"
1551,840c985ffffffff,89,0,0,"[0, 255, 0, 100]","[97, 255, 97]"
1552,840c987ffffffff,83,0,0,"[0, 255, 0, 100]","[97, 255, 97]"
1553,840c98bffffffff,9,0,0,"[0, 255, 0, 100]","[97, 255, 97]"
1554,840c997ffffffff,74,0,0,"[0, 255, 0, 100]","[97, 255, 97]"
1555,840c999ffffffff,28,0,0,"[0, 255, 0, 100]","[97, 255, 97]"
1556,840c99dffffffff,44,0,0,"[0, 255, 0, 100]","[97, 255, 97]"
1557,840c9a1ffffffff,132,0,0,"[0, 255, 0, 100]","[97, 255, 97]"
1558,840c9a5ffffffff,78,0,0,"[0, 255, 0, 100]","[97, 255, 97]"
1559,840c9a9ffffffff,107,0,0,"[0, 255, 0, 100]","[97, 255, 97]"
1560,840c9abffffffff,49,0,0,"[0, 255, 0, 100]","[97, 255, 97]"
1561,840c9adffffffff,141,0,0,"[0, 255, 0, 100]","[97, 255, 97]"
1562,840c9b1ffffffff,67,0,0,"[0, 255, 0, 100]","[97, 255, 97]"
1563,840c9b5ffffffff,259,0,0,"[0, 255, 0, 100]","[97, 255, 97]"
1564,840c9b7ffffffff,92,0,0,"[0, 255, 0, 100]","[97, 255, 97]"
1565,840c9bbffffffff,157,0,0,"[0, 255, 0, 100]","[97, 255, 97]"
1566,840c9c1ffffffff,65,0,0,"[0, 255, 0, 100]","[97, 255, 97]"
1567,840c9c9ffffffff,47,0,0,"[0, 255, 0, 100]","[97, 255, 97]"
1568,840c9cbffffffff,203,0,0,"[0, 255, 0, 100]","[97, 255, 97]"
1569,840c9cdffffffff,50,0,0,"[0, 255, 0, 100]","[97, 255, 97]"
1570,840c9d3ffffffff,18,0,0,"[0, 255, 0, 100]","[97, 255, 97]"
1571,840c9d7ffffffff,107,0,0,"[0, 255, 0, 100]","[97, 255, 97]"
1572,840c9d9ffffffff,44,0,0,"[0, 255, 0, 100]","[97, 255, 97]"
1573,840ca03ffffffff,98,0,0,"[0, 255, 0, 100]","[97, 255, 97]"
1574,840ca07ffffffff,21,0,0,"[0, 255, 0, 100]","[97, 255, 97]"
1575,840ca1dffffffff,12,0,0,"[0, 255, 0, 100]","[97, 255, 97]"
1576,840ca23ffffffff,6,0,0,"[0, 255, 0, 100]","[97, 255, 97]"
1577,840ca53ffffffff,139,0,0,"[0, 255, 0, 100]","[97, 255, 97]"
1578,840ca57ffffffff,10,0,0,"[0, 255, 0, 100]","[97, 255, 97]"
1579,840ca5bffffffff,2,0,0,"[0, 255, 0, 100]","[97, 255, 97]"
1580,840ca8bffffffff,33,0,0,"[0, 255, 0, 100]","[97, 255, 97]"
1581,840ca91ffffffff,334,0,0,"[0, 255, 0, 100]","[97, 255, 97]"
1582,840ca93ffffffff,88,0,0,"[0, 255, 0, 100]","[97, 255, 97]"
1583,840ca95ffffffff,439,0,0,"[0, 255, 0, 100]","[97, 255, 97]"
1584,840ca9bffffffff,60,0,0,"[0, 255, 0, 100]","[97, 255, 97]"
1585,840caa7ffffffff,14,0,0,"[0, 255, 0, 100]","[97, 255, 97]"
1586,840cab9ffffffff,236,0,0,"[0, 255, 0, 100]","[97, 255, 97]"
1587,840cabdffffffff,12,0,0,"[0, 255, 0, 100]","[97, 255, 97]"
1588,840cad3ffffffff,55,0,0,"[0, 255, 0, 100]","[97, 255, 97]"
1589,840cad7ffffffff,100,0,0,"[0, 255, 0, 100]","[97, 255, 97]"
1590,840cb31ffffffff,93,0,0,"[0, 255, 0, 100]","[97, 255, 97]"
1591,840cb33ffffffff,6,0,0,"[0, 255, 0, 100]","[97, 255, 97]"
1592,840cb37ffffffff,270,0,0,"[0, 255, 0, 100]","[97, 255, 97]"
1593,840cb3bffffffff,125,0,0,"[0, 255, 0, 100]","[97, 255, 97]"
1594,840cc03ffffffff,11,0,0,"[0, 255, 0, 100]","[97, 255, 97]"
1595,840cc11ffffffff,139,0,0,"[0, 255, 0, 100]","[97, 255, 97]"
1596,840cc1bffffffff,111,0,0,"[0, 255, 0, 100]","[97, 255, 97]"
1597,840cc1dffffffff,147,0,0,"[0, 255, 0, 100]","[97, 255, 97]"
1598,840cc27ffffffff,59,0,0,"[0, 255, 0, 100]","[97, 255, 97]"
1599,840cc43ffffffff,123,0,0,"[0, 255, 0, 100]","[97, 255, 97]"
1600,840cc47ffffffff,192,0,0,"[0, 255, 0, 100]","[97, 255, 97]"
1601,840cc49ffffffff,230,0,0,"[0, 255, 0, 100]","[97, 255, 97]"
1602,840cc4bffffffff,189,0,0,"[0, 255, 0, 100]","[97, 255, 97]"
1603,840cc4dffffffff,241,0,0,"[0, 255, 0, 100]","[97, 255, 97]"
1604,840cc59ffffffff,225,0,0,"[0, 255, 0, 100]","[97, 255, 97]"
1605,840cc5dffffffff,112,0,0,"[0, 255, 0, 100]","[97, 255, 97]"
1606,840cca1ffffffff,48,0,0,"[0, 255, 0, 100]","[97, 255, 97]"
1607,840cca5ffffffff,191,0,0,"[0, 255, 0, 100]","[97, 255, 97]"
1608,840ccb3ffffffff,1,0,0,"[0, 255, 0, 100]","[97, 255, 97]"
1609,840ccb7ffffffff,107,0,0,"[0, 255, 0, 100]","[97, 255, 97]"
1610,840ccd3ffffffff,35,0,0,"[0, 255, 0, 100]","[97, 255, 97]"
1611,840cd13ffffffff,123,0,0,"[0, 255, 0, 100]","[97, 255, 97]"
1612,840cd49ffffffff,29,0,0,"[0, 255, 0, 100]","[97, 255, 97]"
1613,840cd4dffffffff,151,0,0,"[0, 255, 0, 100]","[97, 255, 97]"
1614,840cd81ffffffff,46,0,0,"[0, 255, 0, 100]","[97, 255, 97]"
1615,840cd83ffffffff,73,0,0,"[0, 255, 0, 100]","[97, 255, 97]"
1616,840cd85ffffffff,95,0,0,"[0, 255, 0, 100]","[97, 255, 97]"
1617,840cd87ffffffff,148,0,0,"[0, 255, 0, 100]","[97, 255, 97]"
1618,840cd89ffffffff,1,0,0,"[0, 255, 0, 100]","[97, 255, 97]"
1619,840cd8bffffffff,35,0,0,"[0, 255, 0, 100]","[97, 255, 97]"
1620,840cda1ffffffff,155,0,0,"[0, 255, 0, 100]","[97, 255, 97]"
1621,840cda5ffffffff,36,0,0,"[0, 255, 0, 100]","[97, 255, 97]"
1622,840cda9ffffffff,137,0,0,"[0, 255, 0, 100]","[97, 255, 97]"
1623,840cdabffffffff,77,0,0,"[0, 255, 0, 100]","[97, 255, 97]"
1624,840cdadffffffff,119,0,0,"[0, 255, 0, 100]","[97, 255, 97]"
1625,840cdcdffffffff,215,0,0,"[0, 255, 0, 100]","[97, 255, 97]"
1626,840cdd3ffffffff,145,0,0,"[0, 255, 0, 100]","[97, 255, 97]"
1627,840cdd5ffffffff,24,0,0,"[0, 255, 0, 100]","[97, 255, 97]"
1628,840cdd7ffffffff,251,0,0,"[0, 255, 0, 100]","[97, 255, 97]"
1629,840ce03ffffffff,322,0,0,"[0, 255, 0, 100]","[97, 255, 97]"
1630,840ce07ffffffff,263,0,0,"[0, 255, 0, 100]","[97, 255, 97]"
1631,840ce09ffffffff,26,0,0,"[0, 255, 0, 100]","[97, 255, 97]"
1632,840ce0bffffffff,13,2,0.153846154,"[255, 0, 0, 100]","[255, 0, 0]"
1633,840ce0dffffffff,115,0,0,"[0, 255, 0, 100]","[97, 255, 97]"
1634,840ce11ffffffff,4,0,0,"[0, 255, 0, 100]","[97, 255, 97]"
1635,840ce13ffffffff,218,0,0,"[0, 255, 0, 100]","[97, 255, 97]"
1636,840ce15ffffffff,48,0,0,"[0, 255, 0, 100]","[97, 255, 97]"
1637,840ce17ffffffff,11,0,0,"[0, 255, 0, 100]","[97, 255, 97]"
1638,840ce1bffffffff,175,0,0,"[0, 255, 0, 100]","[97, 255, 97]"
1639,840ce1dffffffff,30,0,0,"[0, 255, 0, 100]","[97, 255, 97]"
1640,840ce27ffffffff,16,0,0,"[0, 255, 0, 100]","[97, 255, 97]"
1641,840ce29ffffffff,5,0,0,"[0, 255, 0, 100]","[97, 255, 97]"
1642,840ce2bffffffff,134,0,0,"[0, 255, 0, 100]","[97, 255, 97]"
1643,840ce2dffffffff,23,0,0,"[0, 255, 0, 100]","[97, 255, 97]"
1644,840ce37ffffffff,89,0,0,"[0, 255, 0, 100]","[97, 255, 97]"
1645,840ce39ffffffff,4,0,0,"[0, 255, 0, 100]","[97, 255, 97]"
1646,840ce3dffffffff,24,0,0,"[0, 255, 0, 100]","[97, 255, 97]"
1647,840ce45ffffffff,60,0,0,"[0, 255, 0, 100]","[97, 255, 97]"
1648,840ce47ffffffff,5,0,0,"[0, 255, 0, 100]","[97, 255, 97]"
1649,840ce49ffffffff,67,0,0,"[0, 255, 0, 100]","[97, 255, 97]"
1650,840ce51ffffffff,370,0,0,"[0, 255, 0, 100]","[97, 255, 97]"
1651,840ce55ffffffff,185,0,0,"[0, 255, 0, 100]","[97, 255, 97]"
1652,840ce59ffffffff,70,0,0,"[0, 255, 0, 100]","[97, 255, 97]"
1653,840ce5bffffffff,144,0,0,"[0, 255, 0, 100]","[97, 255, 97]"
1654,840ce63ffffffff,280,0,0,"[0, 255, 0, 100]","[97, 255, 97]"
1655,840ce65ffffffff,8,0,0,"[0, 255, 0, 100]","[97, 255, 97]"
1656,840ce67ffffffff,474,0,0,"[0, 255, 0, 100]","[97, 255, 97]"
1657,840ce69ffffffff,2,0,0,"[0, 255, 0, 100]","[97, 255, 97]"
1658,840ce83ffffffff,164,0,0,"[0, 255, 0, 100]","[97, 255, 97]"
1659,840ce87ffffffff,184,0,0,"[0, 255, 0, 100]","[97, 255, 97]"
1660,840ce89ffffffff,61,0,0,"[0, 255, 0, 100]","[97, 255, 97]"
1661,840ce97ffffffff,41,0,0,"[0, 255, 0, 100]","[97, 255, 97]"
1662,840ce9dffffffff,11,0,0,"[0, 255, 0, 100]","[97, 255, 97]"
1663,840cea9ffffffff,47,0,0,"[0, 255, 0, 100]","[97, 255, 97]"
1664,840ceabffffffff,108,0,0,"[0, 255, 0, 100]","[97, 255, 97]"
1665,840cec3ffffffff,10,0,0,"[0, 255, 0, 100]","[97, 255, 97]"
1666,840cec7ffffffff,121,0,0,"[0, 255, 0, 100]","[97, 255, 97]"
1667,840cec9ffffffff,221,0,0,"[0, 255, 0, 100]","[97, 255, 97]"
1668,840cecdffffffff,18,0,0,"[0, 255, 0, 100]","[97, 255, 97]"
1669,840ced5ffffffff,109,0,0,"[0, 255, 0, 100]","[97, 255, 97]"
1670,840ced7ffffffff,49,0,0,"[0, 255, 0, 100]","[97, 255, 97]"
1671,840cedbffffffff,78,0,0,"[0, 255, 0, 100]","[97, 255, 97]"
1672,840cee1ffffffff,87,0,0,"[0, 255, 0, 100]","[97, 255, 97]"
1673,840cee3ffffffff,18,0,0,"[0, 255, 0, 100]","[97, 255, 97]"
1674,840cee7ffffffff,17,0,0,"[0, 255, 0, 100]","[97, 255, 97]"
1675,840cee9ffffffff,33,0,0,"[0, 255, 0, 100]","[97, 255, 97]"
1676,840ceebffffffff,233,0,0,"[0, 255, 0, 100]","[97, 255, 97]"
1677,840ceedffffffff,8,0,0,"[0, 255, 0, 100]","[97, 255, 97]"
1678,840cf01ffffffff,56,0,0,"[0, 255, 0, 100]","[97, 255, 97]"
1679,840cf05ffffffff,294,0,0,"[0, 255, 0, 100]","[97, 255, 97]"
1680,840cf09ffffffff,210,0,0,"[0, 255, 0, 100]","[97, 255, 97]"
1681,840cf0dffffffff,20,0,0,"[0, 255, 0, 100]","[97, 255, 97]"
1682,840cf11ffffffff,19,0,0,"[0, 255, 0, 100]","[97, 255, 97]"
1683,840cf13ffffffff,129,0,0,"[0, 255, 0, 100]","[97, 255, 97]"
1684,840cf29ffffffff,235,0,0,"[0, 255, 0, 100]","[97, 255, 97]"
1685,840cf2dffffffff,330,0,0,"[0, 255, 0, 100]","[97, 255, 97]"
1686,840cf41ffffffff,63,0,0,"[0, 255, 0, 100]","[97, 255, 97]"
1687,840cf49ffffffff,75,0,0,"[0, 255, 0, 100]","[97, 255, 97]"
1688,840cf4bffffffff,20,0,0,"[0, 255, 0, 100]","[97, 255, 97]"
1689,840cf4dffffffff,122,0,0,"[0, 255, 0, 100]","[97, 255, 97]"
1690,840cf51ffffffff,35,0,0,"[0, 255, 0, 100]","[97, 255, 97]"
1691,840cf53ffffffff,3,0,0,"[0, 255, 0, 100]","[97, 255, 97]"
1692,840cf55ffffffff,202,0,0,"[0, 255, 0, 100]","[97, 255, 97]"
1693,840cf57ffffffff,135,0,0,"[0, 255, 0, 100]","[97, 255, 97]"
1694,840cf59ffffffff,120,0,0,"[0, 255, 0, 100]","[97, 255, 97]"
1695,840cf5bffffffff,283,0,0,"[0, 255, 0, 100]","[97, 255, 97]"
1696,840cf5dffffffff,14,0,0,"[0, 255, 0, 100]","[97, 255, 97]"
1697,840d013ffffffff,1,0,0,"[0, 255, 0, 100]","[97, 255, 97]"
1698,840d017ffffffff,2,0,0,"[0, 255, 0, 100]","[97, 255, 97]"
1699,840d033ffffffff,89,0,0,"[0, 255, 0, 100]","[97, 255, 97]"
1700,840d039ffffffff,299,0,0,"[0, 255, 0, 100]","[97, 255, 97]"
1701,840d089ffffffff,20,0,0,"[0, 255, 0, 100]","[97, 255, 97]"
1702,840d093ffffffff,92,0,0,"[0, 255, 0, 100]","[97, 255, 97]"
1703,840d0b3ffffffff,420,0,0,"[0, 255, 0, 100]","[97, 255, 97]"
1704,840d0c3ffffffff,605,0,0,"[0, 255, 0, 100]","[97, 255, 97]"
1705,840d0d3ffffffff,316,0,0,"[0, 255, 0, 100]","[97, 255, 97]"
1706,840d0d9ffffffff,333,0,0,"[0, 255, 0, 100]","[97, 255, 97]"
1707,840d0e5ffffffff,57,0,0,"[0, 255, 0, 100]","[97, 255, 97]"
1708,840d15dffffffff,5,0,0,"[0, 255, 0, 100]","[97, 255, 97]"
1709,840d1d9ffffffff,84,0,0,"[0, 255, 0, 100]","[97, 255, 97]"
1710,840d1dbffffffff,100,0,0,"[0, 255, 0, 100]","[97, 255, 97]"
1711,840d205ffffffff,104,0,0,"[0, 255, 0, 100]","[97, 255, 97]"
1712,840d20dffffffff,2,0,0,"[0, 255, 0, 100]","[97, 255, 97]"
1713,840d245ffffffff,113,0,0,"[0, 255, 0, 100]","[97, 255, 97]"
1714,840d263ffffffff,116,0,0,"[0, 255, 0, 100]","[97, 255, 97]"
1715,840d26bffffffff,113,0,0,"[0, 255, 0, 100]","[97, 255, 97]"
1716,840d331ffffffff,46,0,0,"[0, 255, 0, 100]","[97, 255, 97]"
1717,840d337ffffffff,220,0,0,"[0, 255, 0, 100]","[97, 255, 97]"
1718,840d441ffffffff,69,0,0,"[0, 255, 0, 100]","[97, 255, 97]"
1719,840d445ffffffff,250,0,0,"[0, 255, 0, 100]","[97, 255, 97]"
1720,840d449ffffffff,216,0,0,"[0, 255, 0, 100]","[97, 255, 97]"
1721,840d44bffffffff,96,0,0,"[0, 255, 0, 100]","[97, 255, 97]"
1722,840d44dffffffff,378,0,0,"[0, 255, 0, 100]","[97, 255, 97]"
1723,840d461ffffffff,8,0,0,"[0, 255, 0, 100]","[97, 255, 97]"
1724,840d465ffffffff,17,0,0,"[0, 255, 0, 100]","[97, 255, 97]"
1725,840d469ffffffff,2,0,0,"[0, 255, 0, 100]","[97, 255, 97]"
1726,840d46bffffffff,142,0,0,"[0, 255, 0, 100]","[97, 255, 97]"
1727,840d483ffffffff,8,0,0,"[0, 255, 0, 100]","[97, 255, 97]"
1728,840d4b3ffffffff,203,0,0,"[0, 255, 0, 100]","[97, 255, 97]"
1729,840d4b7ffffffff,87,0,0,"[0, 255, 0, 100]","[97, 255, 97]"
1730,840d501ffffffff,130,0,0,"[0, 255, 0, 100]","[97, 255, 97]"
1731,840d505ffffffff,206,0,0,"[0, 255, 0, 100]","[97, 255, 97]"
1732,840d509ffffffff,193,0,0,"[0, 255, 0, 100]","[97, 255, 97]"
1733,840d50dffffffff,1,0,0,"[0, 255, 0, 100]","[97, 255, 97]"
1734,840d51bffffffff,5,0,0,"[0, 255, 0, 100]","[97, 255, 97]"
1735,840d521ffffffff,104,0,0,"[0, 255, 0, 100]","[97, 255, 97]"
1736,840d525ffffffff,221,0,0,"[0, 255, 0, 100]","[97, 255, 97]"
1737,840d529ffffffff,5,0,0,"[0, 255, 0, 100]","[97, 255, 97]"
1738,840d531ffffffff,5,0,0,"[0, 255, 0, 100]","[97, 255, 97]"
1739,840d533ffffffff,1,0,0,"[0, 255, 0, 100]","[97, 255, 97]"
1740,840d535ffffffff,118,0,0,"[0, 255, 0, 100]","[97, 255, 97]"
1741,840d551ffffffff,150,0,0,"[0, 255, 0, 100]","[97, 255, 97]"
1742,840d555ffffffff,11,0,0,"[0, 255, 0, 100]","[97, 255, 97]"
1743,840d559ffffffff,127,0,0,"[0, 255, 0, 100]","[97, 255, 97]"
1744,840d565ffffffff,6,0,0,"[0, 255, 0, 100]","[97, 255, 97]"
1745,840d587ffffffff,207,0,0,"[0, 255, 0, 100]","[97, 255, 97]"
1746,840d593ffffffff,120,0,0,"[0, 255, 0, 100]","[97, 255, 97]"
1747,840d595ffffffff,134,0,0,"[0, 255, 0, 100]","[97, 255, 97]"
1748,840d597ffffffff,248,0,0,"[0, 255, 0, 100]","[97, 255, 97]"
1749,840d5a1ffffffff,130,0,0,"[0, 255, 0, 100]","[97, 255, 97]"
1750,840d5a9ffffffff,1732,4,0.002309469,"[255, 0, 0, 100]","[255, 0, 0]"
1751,840d5abffffffff,560,0,0,"[0, 255, 0, 100]","[97, 255, 97]"
1752,840d5adffffffff,187,0,0,"[0, 255, 0, 100]","[97, 255, 97]"
1753,840d5b9ffffffff,171,0,0,"[0, 255, 0, 100]","[97, 255, 97]"
1754,840d5bbffffffff,94,0,0,"[0, 255, 0, 100]","[97, 255, 97]"
1755,840d5e3ffffffff,17,0,0,"[0, 255, 0, 100]","[97, 255, 97]"
1756,840d5e5ffffffff,37,0,0,"[0, 255, 0, 100]","[97, 255, 97]"
1757,840d5e7ffffffff,11,0,0,"[0, 255, 0, 100]","[97, 255, 97]"
1758,840d5e9ffffffff,15,0,0,"[0, 255, 0, 100]","[97, 255, 97]"
1759,840d619ffffffff,60,0,0,"[0, 255, 0, 100]","[97, 255, 97]"
1760,840d627ffffffff,314,0,0,"[0, 255, 0, 100]","[97, 255, 97]"
1761,840d631ffffffff,138,0,0,"[0, 255, 0, 100]","[97, 255, 97]"
1762,840d635ffffffff,294,0,0,"[0, 255, 0, 100]","[97, 255, 97]"
1763,840d6e1ffffffff,18,0,0,"[0, 255, 0, 100]","[97, 255, 97]"
1764,840d6e5ffffffff,10,0,0,"[0, 255, 0, 100]","[97, 255, 97]"
1765,840d6e7ffffffff,83,0,0,"[0, 255, 0, 100]","[97, 255, 97]"
1766,840d725ffffffff,134,0,0,"[0, 255, 0, 100]","[97, 255, 97]"
1767,840d729ffffffff,25,0,0,"[0, 255, 0, 100]","[97, 255, 97]"
1768,840d72dffffffff,12,0,0,"[0, 255, 0, 100]","[97, 255, 97]"
1769,840d763ffffffff,16,0,0,"[0, 255, 0, 100]","[97, 255, 97]"
1770,840d767ffffffff,15,0,0,"[0, 255, 0, 100]","[97, 255, 97]"
1771,840d801ffffffff,71,0,0,"[0, 255, 0, 100]","[97, 255, 97]"
1772,840d809ffffffff,154,0,0,"[0, 255, 0, 100]","[97, 255, 97]"
1773,840d80bffffffff,5,0,0,"[0, 255, 0, 100]","[97, 255, 97]"
1774,840d80dffffffff,188,0,0,"[0, 255, 0, 100]","[97, 255, 97]"
1775,840d84dffffffff,5,0,0,"[0, 255, 0, 100]","[97, 255, 97]"
1776,840d883ffffffff,228,0,0,"[0, 255, 0, 100]","[97, 255, 97]"
1777,840d885ffffffff,194,0,0,"[0, 255, 0, 100]","[97, 255, 97]"
1778,840d887ffffffff,339,0,0,"[0, 255, 0, 100]","[97, 255, 97]"
1779,840d895ffffffff,16,0,0,"[0, 255, 0, 100]","[97, 255, 97]"
1780,840d8b9ffffffff,72,0,0,"[0, 255, 0, 100]","[97, 255, 97]"
1781,840d8e3ffffffff,63,0,0,"[0, 255, 0, 100]","[97, 255, 97]"
1782,840d92dffffffff,76,0,0,"[0, 255, 0, 100]","[97, 255, 97]"
1783,840d937ffffffff,105,0,0,"[0, 255, 0, 100]","[97, 255, 97]"
1784,840da27ffffffff,2,0,0,"[0, 255, 0, 100]","[97, 255, 97]"
1785,840db01ffffffff,72,0,0,"[0, 255, 0, 100]","[97, 255, 97]"
1786,840db11ffffffff,42,0,0,"[0, 255, 0, 100]","[97, 255, 97]"
1787,840db13ffffffff,11,0,0,"[0, 255, 0, 100]","[97, 255, 97]"
1788,840db15ffffffff,12,0,0,"[0, 255, 0, 100]","[97, 255, 97]"
1789,840db17ffffffff,10,0,0,"[0, 255, 0, 100]","[97, 255, 97]"
1790,840db1bffffffff,20,0,0,"[0, 255, 0, 100]","[97, 255, 97]"
1791,840e003ffffffff,93,0,0,"[0, 255, 0, 100]","[97, 255, 97]"
1792,840e01dffffffff,39,0,0,"[0, 255, 0, 100]","[97, 255, 97]"
1793,840e03bffffffff,50,0,0,"[0, 255, 0, 100]","[97, 255, 97]"
1794,840e051ffffffff,8,0,0,"[0, 255, 0, 100]","[97, 255, 97]"
1795,840e057ffffffff,4,0,0,"[0, 255, 0, 100]","[97, 255, 97]"
1796,840e083ffffffff,5,0,0,"[0, 255, 0, 100]","[97, 255, 97]"
1797,840e091ffffffff,4,0,0,"[0, 255, 0, 100]","[97, 255, 97]"
1798,840e097ffffffff,4,0,0,"[0, 255, 0, 100]","[97, 255, 97]"
1799,840e09bffffffff,1,0,0,"[0, 255, 0, 100]","[97, 255, 97]"
1800,840e0b7ffffffff,5,0,0,"[0, 255, 0, 100]","[97, 255, 97]"
1801,840e0c5ffffffff,5,0,0,"[0, 255, 0, 100]","[97, 255, 97]"
1802,840e0cdffffffff,10,0,0,"[0, 255, 0, 100]","[97, 255, 97]"
1803,840e0e1ffffffff,32,0,0,"[0, 255, 0, 100]","[97, 255, 97]"
1804,840e0e5ffffffff,149,0,0,"[0, 255, 0, 100]","[97, 255, 97]"
1805,840e0e7ffffffff,83,0,0,"[0, 255, 0, 100]","[97, 255, 97]"
1806,840e1adffffffff,2,0,0,"[0, 255, 0, 100]","[97, 255, 97]"
1807,840e1c1ffffffff,2,0,0,"[0, 255, 0, 100]","[97, 255, 97]"
1808,840e1c7ffffffff,20,0,0,"[0, 255, 0, 100]","[97, 255, 97]"
1809,840e1dbffffffff,22,0,0,"[0, 255, 0, 100]","[97, 255, 97]"
1810,840e203ffffffff,21,0,0,"[0, 255, 0, 100]","[97, 255, 97]"
1811,840e211ffffffff,138,0,0,"[0, 255, 0, 100]","[97, 255, 97]"
1812,840e217ffffffff,72,0,0,"[0, 255, 0, 100]","[97, 255, 97]"
1813,840e219ffffffff,27,0,0,"[0, 255, 0, 100]","[97, 255, 97]"
1814,840e229ffffffff,8,0,0,"[0, 255, 0, 100]","[97, 255, 97]"
1815,840e231ffffffff,107,0,0,"[0, 255, 0, 100]","[97, 255, 97]"
1816,840e239ffffffff,16,0,0,"[0, 255, 0, 100]","[97, 255, 97]"
1817,840e23bffffffff,3,0,0,"[0, 255, 0, 100]","[97, 255, 97]"
1818,840e23dffffffff,4,0,0,"[0, 255, 0, 100]","[97, 255, 97]"
1819,840e251ffffffff,124,0,0,"[0, 255, 0, 100]","[97, 255, 97]"
1820,840e257ffffffff,3,0,0,"[0, 255, 0, 100]","[97, 255, 97]"
1821,840e259ffffffff,94,0,0,"[0, 255, 0, 100]","[97, 255, 97]"
1822,840e289ffffffff,67,0,0,"[0, 255, 0, 100]","[97, 255, 97]"
1823,840e28bffffffff,160,0,0,"[0, 255, 0, 100]","[97, 255, 97]"
1824,840e295ffffffff,24,0,0,"[0, 255, 0, 100]","[97, 255, 97]"
1825,840e29dffffffff,22,0,0,"[0, 255, 0, 100]","[97, 255, 97]"
1826,840e2a3ffffffff,84,0,0,"[0, 255, 0, 100]","[97, 255, 97]"
1827,840e2abffffffff,21,0,0,"[0, 255, 0, 100]","[97, 255, 97]"
1828,840e2b1ffffffff,2,0,0,"[0, 255, 0, 100]","[97, 255, 97]"
1829,840e2b9ffffffff,2,0,0,"[0, 255, 0, 100]","[97, 255, 97]"
1830,840e2bbffffffff,38,0,0,"[0, 255, 0, 100]","[97, 255, 97]"
1831,840e2c1ffffffff,60,0,0,"[0, 255, 0, 100]","[97, 255, 97]"
1832,840e2c7ffffffff,44,0,0,"[0, 255, 0, 100]","[97, 255, 97]"
1833,840e2d7ffffffff,4,0,0,"[0, 255, 0, 100]","[97, 255, 97]"
1834,840e303ffffffff,27,0,0,"[0, 255, 0, 100]","[97, 255, 97]"
1835,840e329ffffffff,17,0,0,"[0, 255, 0, 100]","[97, 255, 97]"
1836,840e32dffffffff,46,0,0,"[0, 255, 0, 100]","[97, 255, 97]"
1837,840e339ffffffff,41,0,0,"[0, 255, 0, 100]","[97, 255, 97]"
1838,840e345ffffffff,7,0,0,"[0, 255, 0, 100]","[97, 255, 97]"
1839,840e349ffffffff,9,0,0,"[0, 255, 0, 100]","[97, 255, 97]"
1840,840e34bffffffff,26,0,0,"[0, 255, 0, 100]","[97, 255, 97]"
1841,840e34dffffffff,31,0,0,"[0, 255, 0, 100]","[97, 255, 97]"
1842,840e351ffffffff,1,0,0,"[0, 255, 0, 100]","[97, 255, 97]"
1843,840e363ffffffff,12,0,0,"[0, 255, 0, 100]","[97, 255, 97]"
1844,840e367ffffffff,9,0,0,"[0, 255, 0, 100]","[97, 255, 97]"
1845,840e401ffffffff,90,0,0,"[0, 255, 0, 100]","[97, 255, 97]"
1846,840e405ffffffff,27,0,0,"[0, 255, 0, 100]","[97, 255, 97]"
1847,840e407ffffffff,19,0,0,"[0, 255, 0, 100]","[97, 255, 97]"
1848,840e40dffffffff,33,0,0,"[0, 255, 0, 100]","[97, 255, 97]"
1849,840e415ffffffff,73,0,0,"[0, 255, 0, 100]","[97, 255, 97]"
1850,840e417ffffffff,29,0,0,"[0, 255, 0, 100]","[97, 255, 97]"
1851,840e41dffffffff,59,0,0,"[0, 255, 0, 100]","[97, 255, 97]"
1852,840e425ffffffff,33,0,0,"[0, 255, 0, 100]","[97, 255, 97]"
1853,840e429ffffffff,3,0,0,"[0, 255, 0, 100]","[97, 255, 97]"
1854,840e435ffffffff,22,0,0,"[0, 255, 0, 100]","[97, 255, 97]"
1855,840e43bffffffff,39,0,0,"[0, 255, 0, 100]","[97, 255, 97]"
1856,840e43dffffffff,58,0,0,"[0, 255, 0, 100]","[97, 255, 97]"
1857,840e441ffffffff,94,0,0,"[0, 255, 0, 100]","[97, 255, 97]"
1858,840e443ffffffff,8,0,0,"[0, 255, 0, 100]","[97, 255, 97]"
1859,840e447ffffffff,17,0,0,"[0, 255, 0, 100]","[97, 255, 97]"
1860,840e455ffffffff,21,0,0,"[0, 255, 0, 100]","[97, 255, 97]"
1861,840e45dffffffff,118,0,0,"[0, 255, 0, 100]","[97, 255, 97]"
1862,840e463ffffffff,12,0,0,"[0, 255, 0, 100]","[97, 255, 97]"
1863,840e465ffffffff,27,0,0,"[0, 255, 0, 100]","[97, 255, 97]"
1864,840e467ffffffff,116,0,0,"[0, 255, 0, 100]","[97, 255, 97]"
1865,840e46dffffffff,13,0,0,"[0, 255, 0, 100]","[97, 255, 97]"
1866,840e48bffffffff,14,0,0,"[0, 255, 0, 100]","[97, 255, 97]"
1867,840e491ffffffff,28,0,0,"[0, 255, 0, 100]","[97, 255, 97]"
1868,840e497ffffffff,108,0,0,"[0, 255, 0, 100]","[97, 255, 97]"
1869,840e49bffffffff,14,0,0,"[0, 255, 0, 100]","[97, 255, 97]"
1870,840e4a3ffffffff,18,0,0,"[0, 255, 0, 100]","[97, 255, 97]"
1871,840e4d5ffffffff,14,0,0,"[0, 255, 0, 100]","[97, 255, 97]"
1872,840e4e5ffffffff,21,0,0,"[0, 255, 0, 100]","[97, 255, 97]"
1873,840e4e9ffffffff,1,0,0,"[0, 255, 0, 100]","[97, 255, 97]"
1874,840e4edffffffff,11,0,0,"[0, 255, 0, 100]","[97, 255, 97]"
1875,840e511ffffffff,1,0,0,"[0, 255, 0, 100]","[97, 255, 97]"
1876,840e517ffffffff,34,0,0,"[0, 255, 0, 100]","[97, 255, 97]"
1877,840e51bffffffff,95,0,0,"[0, 255, 0, 100]","[97, 255, 97]"
1878,840e525ffffffff,35,0,0,"[0, 255, 0, 100]","[97, 255, 97]"
1879,840e529ffffffff,3,0,0,"[0, 255, 0, 100]","[97, 255, 97]"
1880,840e535ffffffff,44,0,0,"[0, 255, 0, 100]","[97, 255, 97]"
1881,840e55bffffffff,16,0,0,"[0, 255, 0, 100]","[97, 255, 97]"
1882,840e589ffffffff,1,0,0,"[0, 255, 0, 100]","[97, 255, 97]"
1883,840e58bffffffff,1,0,0,"[0, 255, 0, 100]","[97, 255, 97]"
1884,840e591ffffffff,53,0,0,"[0, 255, 0, 100]","[97, 255, 97]"
1885,840e597ffffffff,1,0,0,"[0, 255, 0, 100]","[97, 255, 97]"
1886,840e59dffffffff,47,0,0,"[0, 255, 0, 100]","[97, 255, 97]"
1887,840e5b1ffffffff,6,0,0,"[0, 255, 0, 100]","[97, 255, 97]"
1888,840e5cdffffffff,3,0,0,"[0, 255, 0, 100]","[97, 255, 97]"
1889,840e5d1ffffffff,30,0,0,"[0, 255, 0, 100]","[97, 255, 97]"
1890,840e5d9ffffffff,22,0,0,"[0, 255, 0, 100]","[97, 255, 97]"
1891,840e5e5ffffffff,1,0,0,"[0, 255, 0, 100]","[97, 255, 97]"
1892,840e5e9ffffffff,13,0,0,"[0, 255, 0, 100]","[97, 255, 97]"
1893,840e609ffffffff,55,0,0,"[0, 255, 0, 100]","[97, 255, 97]"
1894,840e615ffffffff,9,0,0,"[0, 255, 0, 100]","[97, 255, 97]"
1895,840e631ffffffff,2,0,0,"[0, 255, 0, 100]","[97, 255, 97]"
1896,840e633ffffffff,1,0,0,"[0, 255, 0, 100]","[97, 255, 97]"
1897,840e635ffffffff,162,0,0,"[0, 255, 0, 100]","[97, 255, 97]"
1898,840e637ffffffff,33,0,0,"[0, 255, 0, 100]","[97, 255, 97]"
1899,840e639ffffffff,181,0,0,"[0, 255, 0, 100]","[97, 255, 97]"
1900,840e63dffffffff,81,0,0,"[0, 255, 0, 100]","[97, 255, 97]"
1901,840e643ffffffff,146,0,0,"[0, 255, 0, 100]","[97, 255, 97]"
1902,840e647ffffffff,4,0,0,"[0, 255, 0, 100]","[97, 255, 97]"
1903,840e64bffffffff,49,0,0,"[0, 255, 0, 100]","[97, 255, 97]"
1904,840e66bffffffff,14,0,0,"[0, 255, 0, 100]","[97, 255, 97]"
1905,840e699ffffffff,60,0,0,"[0, 255, 0, 100]","[97, 255, 97]"
1906,840e6c9ffffffff,103,0,0,"[0, 255, 0, 100]","[97, 255, 97]"
1907,840e6d3ffffffff,55,0,0,"[0, 255, 0, 100]","[97, 255, 97]"
1908,840e703ffffffff,1,0,0,"[0, 255, 0, 100]","[97, 255, 97]"
1909,840e707ffffffff,1,0,0,"[0, 255, 0, 100]","[97, 255, 97]"
1910,840e711ffffffff,19,0,0,"[0, 255, 0, 100]","[97, 255, 97]"
1911,840e713ffffffff,1,0,0,"[0, 255, 0, 100]","[97, 255, 97]"
1912,840e715ffffffff,1,0,0,"[0, 255, 0, 100]","[97, 255, 97]"
1913,840e731ffffffff,6,0,0,"[0, 255, 0, 100]","[97, 255, 97]"
1914,840e735ffffffff,1,0,0,"[0, 255, 0, 100]","[97, 255, 97]"
1915,840e739ffffffff,66,0,0,"[0, 255, 0, 100]","[97, 255, 97]"
1916,840e73dffffffff,61,0,0,"[0, 255, 0, 100]","[97, 255, 97]"
1917,840e751ffffffff,66,0,0,"[0, 255, 0, 100]","[97, 255, 97]"
1918,840e75dffffffff,24,0,0,"[0, 255, 0, 100]","[97, 255, 97]"
1919,840e809ffffffff,14,0,0,"[0, 255, 0, 100]","[97, 255, 97]"
1920,840e80bffffffff,3,0,0,"[0, 255, 0, 100]","[97, 255, 97]"
1921,840e80dffffffff,7,0,0,"[0, 255, 0, 100]","[97, 255, 97]"
1922,840e843ffffffff,6,0,0,"[0, 255, 0, 100]","[97, 255, 97]"
1923,840e863ffffffff,6,0,0,"[0, 255, 0, 100]","[97, 255, 97]"
1924,840e893ffffffff,16,0,0,"[0, 255, 0, 100]","[97, 255, 97]"
1925,840e8a5ffffffff,1,0,0,"[0, 255, 0, 100]","[97, 255, 97]"
1926,840e8b5ffffffff,5,0,0,"[0, 255, 0, 100]","[97, 255, 97]"
1927,840e8d9ffffffff,1,0,0,"[0, 255, 0, 100]","[97, 255, 97]"
1928,840e917ffffffff,1,0,0,"[0, 255, 0, 100]","[97, 255, 97]"
1929,840e923ffffffff,66,0,0,"[0, 255, 0, 100]","[97, 255, 97]"
1930,840e927ffffffff,88,0,0,"[0, 255, 0, 100]","[97, 255, 97]"
1931,840e935ffffffff,9,0,0,"[0, 255, 0, 100]","[97, 255, 97]"
1932,840e959ffffffff,2,0,0,"[0, 255, 0, 100]","[97, 255, 97]"
1933,840e95dffffffff,11,0,0,"[0, 255, 0, 100]","[97, 255, 97]"
1934,840e995ffffffff,11,0,0,"[0, 255, 0, 100]","[97, 255, 97]"
1935,840e9a1ffffffff,47,0,0,"[0, 255, 0, 100]","[97, 255, 97]"
1936,840e9a7ffffffff,60,0,0,"[0, 255, 0, 100]","[97, 255, 97]"
1937,840ea11ffffffff,107,0,0,"[0, 255, 0, 100]","[97, 255, 97]"
1938,840ea15ffffffff,13,0,0,"[0, 255, 0, 100]","[97, 255, 97]"
1939,840ea1dffffffff,8,0,0,"[0, 255, 0, 100]","[97, 255, 97]"
1940,840ea31ffffffff,4,0,0,"[0, 255, 0, 100]","[97, 255, 97]"
1941,840ea35ffffffff,9,0,0,"[0, 255, 0, 100]","[97, 255, 97]"
1942,840ea47ffffffff,3,0,0,"[0, 255, 0, 100]","[97, 255, 97]"
1943,840ea6dffffffff,5,0,0,"[0, 255, 0, 100]","[97, 255, 97]"
1944,840ea81ffffffff,3,0,0,"[0, 255, 0, 100]","[97, 255, 97]"
1945,840ea8bffffffff,68,0,0,"[0, 255, 0, 100]","[97, 255, 97]"
1946,840ead1ffffffff,14,0,0,"[0, 255, 0, 100]","[97, 255, 97]"
1947,840eb03ffffffff,2,0,0,"[0, 255, 0, 100]","[97, 255, 97]"
1948,840eb19ffffffff,58,0,0,"[0, 255, 0, 100]","[97, 255, 97]"
1949,840eb1dffffffff,48,0,0,"[0, 255, 0, 100]","[97, 255, 97]"
1950,840eb49ffffffff,3,0,0,"[0, 255, 0, 100]","[97, 255, 97]"
1951,840eb4dffffffff,1,0,0,"[0, 255, 0, 100]","[97, 255, 97]"
1952,840eb53ffffffff,6,0,0,"[0, 255, 0, 100]","[97, 255, 97]"
1953,840ec19ffffffff,1,0,0,"[0, 255, 0, 100]","[97, 255, 97]"
1954,840ec41ffffffff,2,0,0,"[0, 255, 0, 100]","[97, 255, 97]"
1955,840ec8dffffffff,30,0,0,"[0, 255, 0, 100]","[97, 255, 97]"
1956,840ec91ffffffff,1,0,0,"[0, 255, 0, 100]","[97, 255, 97]"
1957,840ec99ffffffff,1,0,0,"[0, 255, 0, 100]","[97, 255, 97]"
1958,840ecc7ffffffff,7,0,0,"[0, 255, 0, 100]","[97, 255, 97]"
1959,840ece1ffffffff,1,0,0,"[0, 255, 0, 100]","[97, 255, 97]"
1960,840ed15ffffffff,1,0,0,"[0, 255, 0, 100]","[97, 255, 97]"
1961,840ed1dffffffff,13,0,0,"[0, 255, 0, 100]","[97, 255, 97]"
1962,840ee19ffffffff,3,0,0,"[0, 255, 0, 100]","[97, 255, 97]"
1963,840ee1bffffffff,35,0,0,"[0, 255, 0, 100]","[97, 255, 97]"
1964,840ee4dffffffff,3,3,1,"[0, 255, 0, 100]","[97, 255, 97]"
1965,840ee81ffffffff,6,0,0,"[0, 255, 0, 100]","[97, 255, 97]"
1966,840ee95ffffffff,6,0,0,"[0, 255, 0, 100]","[97, 255, 97]"
1967,840ee97ffffffff,1,0,0,"[0, 255, 0, 100]","[97, 255, 97]"
1968,840eec7ffffffff,72,0,0,"[0, 255, 0, 100]","[97, 255, 97]"
1969,840eec9ffffffff,5,0,0,"[0, 255, 0, 100]","[97, 255, 97]"
1970,840eecdffffffff,2,0,0,"[0, 255, 0, 100]","[97, 255, 97]"
1971,840eee9ffffffff,9,0,0,"[0, 255, 0, 100]","[97, 255, 97]"
1972,840eeebffffffff,47,0,0,"[0, 255, 0, 100]","[97, 255, 97]"
1973,840ef65ffffffff,14,0,0,"[0, 255, 0, 100]","[97, 255, 97]"
1974,840f009ffffffff,126,0,0,"[0, 255, 0, 100]","[97, 255, 97]"
1975,840f00bffffffff,62,0,0,"[0, 255, 0, 100]","[97, 255, 97]"
1976,840f00dffffffff,23,0,0,"[0, 255, 0, 100]","[97, 255, 97]"
1977,840f013ffffffff,107,0,0,"[0, 255, 0, 100]","[97, 255, 97]"
1978,840f017ffffffff,12,0,0,"[0, 255, 0, 100]","[97, 255, 97]"
1979,840f01dffffffff,4,0,0,"[0, 255, 0, 100]","[97, 255, 97]"
1980,840f033ffffffff,95,0,0,"[0, 255, 0, 100]","[97, 255, 97]"
1981,840f03bffffffff,117,0,0,"[0, 255, 0, 100]","[97, 255, 97]"
1982,840f043ffffffff,240,0,0,"[0, 255, 0, 100]","[97, 255, 97]"
1983,840f045ffffffff,6,0,0,"[0, 255, 0, 100]","[97, 255, 97]"
1984,840f047ffffffff,2,0,0,"[0, 255, 0, 100]","[97, 255, 97]"
1985,840f051ffffffff,139,0,0,"[0, 255, 0, 100]","[97, 255, 97]"
1986,840f055ffffffff,148,0,0,"[0, 255, 0, 100]","[97, 255, 97]"
1987,840f057ffffffff,53,0,0,"[0, 255, 0, 100]","[97, 255, 97]"
1988,840f059ffffffff,32,0,0,"[0, 255, 0, 100]","[97, 255, 97]"
1989,840f05dffffffff,170,0,0,"[0, 255, 0, 100]","[97, 255, 97]"
1990,840f061ffffffff,25,0,0,"[0, 255, 0, 100]","[97, 255, 97]"
1991,840f069ffffffff,108,0,0,"[0, 255, 0, 100]","[97, 255, 97]"
1992,840f06bffffffff,86,0,0,"[0, 255, 0, 100]","[97, 255, 97]"
1993,840f06dffffffff,62,0,0,"[0, 255, 0, 100]","[97, 255, 97]"
1994,840f081ffffffff,38,0,0,"[0, 255, 0, 100]","[97, 255, 97]"
1995,840f093ffffffff,17,0,0,"[0, 255, 0, 100]","[97, 255, 97]"
1996,840f0a1ffffffff,5,0,0,"[0, 255, 0, 100]","[97, 255, 97]"
1997,840f0a5ffffffff,28,0,0,"[0, 255, 0, 100]","[97, 255, 97]"
1998,840f0a9ffffffff,55,0,0,"[0, 255, 0, 100]","[97, 255, 97]"
1999,840f0adffffffff,152,0,0,"[0, 255, 0, 100]","[97, 255, 97]"
2000,840f0b1ffffffff,11,0,0,"[0, 255, 0, 100]","[97, 255, 97]"
2001,840f0b5ffffffff,181,0,0,"[0, 255, 0, 100]","[97, 255, 97]"
2002,840f0b7ffffffff,48,0,0,"[0, 255, 0, 100]","[97, 255, 97]"
2003,840f0bdffffffff,71,0,0,"[0, 255, 0, 100]","[97, 255, 97]"
2004,840f0e3ffffffff,8,0,0,"[0, 255, 0, 100]","[97, 255, 97]"
2005,840f0e7ffffffff,109,0,0,"[0, 255, 0, 100]","[97, 255, 97]"
2006,840f0e9ffffffff,139,0,0,"[0, 255, 0, 100]","[97, 255, 97]"
2007,840f0ebffffffff,55,0,0,"[0, 255, 0, 100]","[97, 255, 97]"
2008,840f0edffffffff,13,0,0,"[0, 255, 0, 100]","[97, 255, 97]"
2009,840f101ffffffff,16,0,0,"[0, 255, 0, 100]","[97, 255, 97]"
2010,840f105ffffffff,148,0,0,"[0, 255, 0, 100]","[97, 255, 97]"
2011,840f109ffffffff,7,0,0,"[0, 255, 0, 100]","[97, 255, 97]"
2012,840f10dffffffff,153,0,0,"[0, 255, 0, 100]","[97, 255, 97]"
2013,840f113ffffffff,9,0,0,"[0, 255, 0, 100]","[97, 255, 97]"
2014,840f129ffffffff,114,0,0,"[0, 255, 0, 100]","[97, 255, 97]"
2015,840f13bffffffff,47,0,0,"[0, 255, 0, 100]","[97, 255, 97]"
2016,840f141ffffffff,34,0,0,"[0, 255, 0, 100]","[97, 255, 97]"
2017,840f143ffffffff,17,0,0,"[0, 255, 0, 100]","[97, 255, 97]"
2018,840f147ffffffff,15,0,0,"[0, 255, 0, 100]","[97, 255, 97]"
2019,840f15dffffffff,138,0,0,"[0, 255, 0, 100]","[97, 255, 97]"
2020,840f16bffffffff,57,0,0,"[0, 255, 0, 100]","[97, 255, 97]"
2021,840f187ffffffff,8,0,0,"[0, 255, 0, 100]","[97, 255, 97]"
2022,840f195ffffffff,2,0,0,"[0, 255, 0, 100]","[97, 255, 97]"
2023,840f1a1ffffffff,3,0,0,"[0, 255, 0, 100]","[97, 255, 97]"
2024,840f1a5ffffffff,4,0,0,"[0, 255, 0, 100]","[97, 255, 97]"
2025,840f1abffffffff,15,0,0,"[0, 255, 0, 100]","[97, 255, 97]"
2026,840f1b5ffffffff,2,0,0,"[0, 255, 0, 100]","[97, 255, 97]"
2027,840f1bdffffffff,10,0,0,"[0, 255, 0, 100]","[97, 255, 97]"
2028,840f1c3ffffffff,57,0,0,"[0, 255, 0, 100]","[97, 255, 97]"
2029,840f1c5ffffffff,1,0,0,"[0, 255, 0, 100]","[97, 255, 97]"
2030,840f1cdffffffff,22,0,0,"[0, 255, 0, 100]","[97, 255, 97]"
2031,840f1d1ffffffff,1,0,0,"[0, 255, 0, 100]","[97, 255, 97]"
2032,840f1d3ffffffff,1,0,0,"[0, 255, 0, 100]","[97, 255, 97]"
2033,840f1d5ffffffff,87,0,0,"[0, 255, 0, 100]","[97, 255, 97]"
2034,840f1d9ffffffff,112,0,0,"[0, 255, 0, 100]","[97, 255, 97]"
2035,840f1dbffffffff,2,0,0,"[0, 255, 0, 100]","[97, 255, 97]"
2036,840f1ddffffffff,110,0,0,"[0, 255, 0, 100]","[97, 255, 97]"
2037,840f1e1ffffffff,35,0,0,"[0, 255, 0, 100]","[97, 255, 97]"
2038,840f1ebffffffff,223,0,0,"[0, 255, 0, 100]","[97, 255, 97]"
2039,840f1edffffffff,2,0,0,"[0, 255, 0, 100]","[97, 255, 97]"
2040,840f207ffffffff,146,0,0,"[0, 255, 0, 100]","[97, 255, 97]"
2041,840f217ffffffff,2,0,0,"[0, 255, 0, 100]","[97, 255, 97]"
2042,840f235ffffffff,10,0,0,"[0, 255, 0, 100]","[97, 255, 97]"
2043,840f23bffffffff,2,0,0,"[0, 255, 0, 100]","[97, 255, 97]"
2044,840f23dffffffff,271,0,0,"[0, 255, 0, 100]","[97, 255, 97]"
2045,840f241ffffffff,563,0,0,"[0, 255, 0, 100]","[97, 255, 97]"
2046,840f247ffffffff,81,0,0,"[0, 255, 0, 100]","[97, 255, 97]"
2047,840f24bffffffff,151,0,0,"[0, 255, 0, 100]","[97, 255, 97]"
2048,840f259ffffffff,25,0,0,"[0, 255, 0, 100]","[97, 255, 97]"
2049,840f25bffffffff,6,0,0,"[0, 255, 0, 100]","[97, 255, 97]"
2050,840f269ffffffff,3,0,0,"[0, 255, 0, 100]","[97, 255, 97]"
2051,840f26bffffffff,490,0,0,"[0, 255, 0, 100]","[97, 255, 97]"
2052,840f28bffffffff,3,0,0,"[0, 255, 0, 100]","[97, 255, 97]"
2053,840f2a5ffffffff,15,0,0,"[0, 255, 0, 100]","[97, 255, 97]"
2054,840f2a9ffffffff,128,0,0,"[0, 255, 0, 100]","[97, 255, 97]"
2055,840f2adffffffff,208,0,0,"[0, 255, 0, 100]","[97, 255, 97]"
2056,840f2c1ffffffff,465,0,0,"[0, 255, 0, 100]","[97, 255, 97]"
2057,840f2c7ffffffff,478,0,0,"[0, 255, 0, 100]","[97, 255, 97]"
2058,840f2c9ffffffff,39,0,0,"[0, 255, 0, 100]","[97, 255, 97]"
2059,840f2cbffffffff,152,0,0,"[0, 255, 0, 100]","[97, 255, 97]"
2060,840f2d5ffffffff,75,0,0,"[0, 255, 0, 100]","[97, 255, 97]"
2061,840f2d9ffffffff,29,0,0,"[0, 255, 0, 100]","[97, 255, 97]"
2062,840f2e3ffffffff,148,0,0,"[0, 255, 0, 100]","[97, 255, 97]"
2063,840f2ebffffffff,192,0,0,"[0, 255, 0, 100]","[97, 255, 97]"
2064,840f2edffffffff,45,0,0,"[0, 255, 0, 100]","[97, 255, 97]"
2065,840f317ffffffff,234,0,0,"[0, 255, 0, 100]","[97, 255, 97]"
2066,840f331ffffffff,7,0,0,"[0, 255, 0, 100]","[97, 255, 97]"
2067,840f337ffffffff,140,0,0,"[0, 255, 0, 100]","[97, 255, 97]"
2068,840f339ffffffff,106,0,0,"[0, 255, 0, 100]","[97, 255, 97]"
2069,840f343ffffffff,69,0,0,"[0, 255, 0, 100]","[97, 255, 97]"
2070,840f35dffffffff,84,0,0,"[0, 255, 0, 100]","[97, 255, 97]"
2071,840f405ffffffff,53,0,0,"[0, 255, 0, 100]","[97, 255, 97]"
2072,840f40dffffffff,7,0,0,"[0, 255, 0, 100]","[97, 255, 97]"
2073,840f413ffffffff,58,0,0,"[0, 255, 0, 100]","[97, 255, 97]"
2074,840f419ffffffff,37,0,0,"[0, 255, 0, 100]","[97, 255, 97]"
2075,840f41bffffffff,190,0,0,"[0, 255, 0, 100]","[97, 255, 97]"
2076,840f42bffffffff,88,0,0,"[0, 255, 0, 100]","[97, 255, 97]"
2077,840f433ffffffff,138,0,0,"[0, 255, 0, 100]","[97, 255, 97]"
2078,840f43bffffffff,1,0,0,"[0, 255, 0, 100]","[97, 255, 97]"
2079,840f445ffffffff,242,0,0,"[0, 255, 0, 100]","[97, 255, 97]"
2080,840f447ffffffff,4,0,0,"[0, 255, 0, 100]","[97, 255, 97]"
2081,840f44dffffffff,61,0,0,"[0, 255, 0, 100]","[97, 255, 97]"
2082,840f453ffffffff,33,0,0,"[0, 255, 0, 100]","[97, 255, 97]"
2083,840f45bffffffff,144,0,0,"[0, 255, 0, 100]","[97, 255, 97]"
2084,840f493ffffffff,14,0,0,"[0, 255, 0, 100]","[97, 255, 97]"
2085,840f4a5ffffffff,116,0,0,"[0, 255, 0, 100]","[97, 255, 97]"
2086,840f4adffffffff,8,0,0,"[0, 255, 0, 100]","[97, 255, 97]"
2087,840f4b1ffffffff,232,0,0,"[0, 255, 0, 100]","[97, 255, 97]"
2088,840f4b3ffffffff,179,0,0,"[0, 255, 0, 100]","[97, 255, 97]"
2089,840f4bbffffffff,327,0,0,"[0, 255, 0, 100]","[97, 255, 97]"
2090,840f4bdffffffff,16,0,0,"[0, 255, 0, 100]","[97, 255, 97]"
2091,840f4c3ffffffff,153,0,0,"[0, 255, 0, 100]","[97, 255, 97]"
2092,840f4cbffffffff,17,0,0,"[0, 255, 0, 100]","[97, 255, 97]"
2093,840f4cdffffffff,14,0,0,"[0, 255, 0, 100]","[97, 255, 97]"
2094,840f4d1ffffffff,44,0,0,"[0, 255, 0, 100]","[97, 255, 97]"
2095,840f4d5ffffffff,3,0,0,"[0, 255, 0, 100]","[97, 255, 97]"
2096,840f4dbffffffff,128,0,0,"[0, 255, 0, 100]","[97, 255, 97]"
2097,840f4ddffffffff,187,0,0,"[0, 255, 0, 100]","[97, 255, 97]"
2098,840f4e3ffffffff,2,0,0,"[0, 255, 0, 100]","[97, 255, 97]"
2099,840f503ffffffff,1,0,0,"[0, 255, 0, 100]","[97, 255, 97]"
2100,840f50bffffffff,12,0,0,"[0, 255, 0, 100]","[97, 255, 97]"
2101,840f513ffffffff,9,0,0,"[0, 255, 0, 100]","[97, 255, 97]"
2102,840f523ffffffff,31,0,0,"[0, 255, 0, 100]","[97, 255, 97]"
2103,840f527ffffffff,1,0,0,"[0, 255, 0, 100]","[97, 255, 97]"
2104,840f529ffffffff,12,0,0,"[0, 255, 0, 100]","[97, 255, 97]"
2105,840f52bffffffff,76,0,0,"[0, 255, 0, 100]","[97, 255, 97]"
2106,840f569ffffffff,5,0,0,"[0, 255, 0, 100]","[97, 255, 97]"
2107,840f585ffffffff,308,0,0,"[0, 255, 0, 100]","[97, 255, 97]"
2108,840f58dffffffff,20,0,0,"[0, 255, 0, 100]","[97, 255, 97]"
2109,840f591ffffffff,13,0,0,"[0, 255, 0, 100]","[97, 255, 97]"
2110,840f593ffffffff,68,0,0,"[0, 255, 0, 100]","[97, 255, 97]"
2111,840f597ffffffff,34,0,0,"[0, 255, 0, 100]","[97, 255, 97]"
2112,840f599ffffffff,54,0,0,"[0, 255, 0, 100]","[97, 255, 97]"
2113,840f59bffffffff,16,0,0,"[0, 255, 0, 100]","[97, 255, 97]"
2114,840f5a5ffffffff,8,0,0,"[0, 255, 0, 100]","[97, 255, 97]"
2115,840f5a7ffffffff,71,0,0,"[0, 255, 0, 100]","[97, 255, 97]"
2116,840f5a9ffffffff,6,0,0,"[0, 255, 0, 100]","[97, 255, 97]"
2117,840f5adffffffff,84,0,0,"[0, 255, 0, 100]","[97, 255, 97]"
2118,840f5c1ffffffff,92,0,0,"[0, 255, 0, 100]","[97, 255, 97]"
2119,840f5c5ffffffff,90,0,0,"[0, 255, 0, 100]","[97, 255, 97]"
2120,840f5c9ffffffff,2,0,0,"[0, 255, 0, 100]","[97, 255, 97]"
2121,840f601ffffffff,71,0,0,"[0, 255, 0, 100]","[97, 255, 97]"
2122,840f605ffffffff,109,0,0,"[0, 255, 0, 100]","[97, 255, 97]"
2123,840f609ffffffff,127,0,0,"[0, 255, 0, 100]","[97, 255, 97]"
2124,840f60dffffffff,40,0,0,"[0, 255, 0, 100]","[97, 255, 97]"
2125,840f621ffffffff,112,0,0,"[0, 255, 0, 100]","[97, 255, 97]"
2126,840f623ffffffff,50,0,0,"[0, 255, 0, 100]","[97, 255, 97]"
2127,840f627ffffffff,30,0,0,"[0, 255, 0, 100]","[97, 255, 97]"
2128,840f629ffffffff,73,0,0,"[0, 255, 0, 100]","[97, 255, 97]"
2129,840f62bffffffff,95,0,0,"[0, 255, 0, 100]","[97, 255, 97]"
2130,840f631ffffffff,55,0,0,"[0, 255, 0, 100]","[97, 255, 97]"
2131,840f635ffffffff,166,0,0,"[0, 255, 0, 100]","[97, 255, 97]"
2132,840f637ffffffff,141,0,0,"[0, 255, 0, 100]","[97, 255, 97]"
2133,840f643ffffffff,59,0,0,"[0, 255, 0, 100]","[97, 255, 97]"
2134,840f653ffffffff,3,0,0,"[0, 255, 0, 100]","[97, 255, 97]"
2135,840f65bffffffff,1,0,0,"[0, 255, 0, 100]","[97, 255, 97]"
2136,840f661ffffffff,50,0,0,"[0, 255, 0, 100]","[97, 255, 97]"
2137,840f667ffffffff,108,0,0,"[0, 255, 0, 100]","[97, 255, 97]"
2138,840f681ffffffff,36,0,0,"[0, 255, 0, 100]","[97, 255, 97]"
2139,840f68dffffffff,15,0,0,"[0, 255, 0, 100]","[97, 255, 97]"
2140,840f6a1ffffffff,189,0,0,"[0, 255, 0, 100]","[97, 255, 97]"
2141,840f6a5ffffffff,160,0,0,"[0, 255, 0, 100]","[97, 255, 97]"
2142,840f6a7ffffffff,197,0,0,"[0, 255, 0, 100]","[97, 255, 97]"
2143,840f6a9ffffffff,7,0,0,"[0, 255, 0, 100]","[97, 255, 97]"
2144,840f6b7ffffffff,173,0,0,"[0, 255, 0, 100]","[97, 255, 97]"
2145,840f6d3ffffffff,10,0,0,"[0, 255, 0, 100]","[97, 255, 97]"
2146,840f6d7ffffffff,44,0,0,"[0, 255, 0, 100]","[97, 255, 97]"
2147,840f6e5ffffffff,44,0,0,"[0, 255, 0, 100]","[97, 255, 97]"
2148,840f705ffffffff,33,0,0,"[0, 255, 0, 100]","[97, 255, 97]"
2149,840f715ffffffff,81,0,0,"[0, 255, 0, 100]","[97, 255, 97]"
2150,840f719ffffffff,92,0,0,"[0, 255, 0, 100]","[97, 255, 97]"
2151,840f71dffffffff,186,0,0,"[0, 255, 0, 100]","[97, 255, 97]"
2152,840f72bffffffff,8,0,0,"[0, 255, 0, 100]","[97, 255, 97]"
2153,840f749ffffffff,2,0,0,"[0, 255, 0, 100]","[97, 255, 97]"
2154,840f753ffffffff,16,0,0,"[0, 255, 0, 100]","[97, 255, 97]"
2155,840f757ffffffff,58,0,0,"[0, 255, 0, 100]","[97, 255, 97]"
2156,840f759ffffffff,5,0,0,"[0, 255, 0, 100]","[97, 255, 97]"
2157,840f75bffffffff,54,0,0,"[0, 255, 0, 100]","[97, 255, 97]"
2158,840f819ffffffff,18,0,0,"[0, 255, 0, 100]","[97, 255, 97]"
2159,840f82bffffffff,6,0,0,"[0, 255, 0, 100]","[97, 255, 97]"
2160,840f835ffffffff,125,0,0,"[0, 255, 0, 100]","[97, 255, 97]"
2161,840f837ffffffff,45,0,0,"[0, 255, 0, 100]","[97, 255, 97]"
2162,840f88dffffffff,3,0,0,"[0, 255, 0, 100]","[97, 255, 97]"
2163,840f8d3ffffffff,157,0,0,"[0, 255, 0, 100]","[97, 255, 97]"
2164,840f8d7ffffffff,3,0,0,"[0, 255, 0, 100]","[97, 255, 97]"
2165,840f963ffffffff,20,0,0,"[0, 255, 0, 100]","[97, 255, 97]"
2166,840f967ffffffff,8,0,0,"[0, 255, 0, 100]","[97, 255, 97]"
2167,840f991ffffffff,49,0,0,"[0, 255, 0, 100]","[97, 255, 97]"
2168,840f995ffffffff,88,0,0,"[0, 255, 0, 100]","[97, 255, 97]"
2169,840f997ffffffff,7,0,0,"[0, 255, 0, 100]","[97, 255, 97]"
2170,840f999ffffffff,19,0,0,"[0, 255, 0, 100]","[97, 255, 97]"
2171,840f99dffffffff,4,0,0,"[0, 255, 0, 100]","[97, 255, 97]"
2172,840f9a7ffffffff,3,0,0,"[0, 255, 0, 100]","[97, 255, 97]"
2173,840f9b1ffffffff,22,0,0,"[0, 255, 0, 100]","[97, 255, 97]"
2174,840f9b5ffffffff,54,0,0,"[0, 255, 0, 100]","[97, 255, 97]"
2175,840f9b9ffffffff,12,0,0,"[0, 255, 0, 100]","[97, 255, 97]"
2176,840f9bbffffffff,39,0,0,"[0, 255, 0, 100]","[97, 255, 97]"
2177,840f9bdffffffff,2,0,0,"[0, 255, 0, 100]","[97, 255, 97]"
2178,840f9c9ffffffff,54,0,0,"[0, 255, 0, 100]","[97, 255, 97]"
2179,840f9d5ffffffff,15,0,0,"[0, 255, 0, 100]","[97, 255, 97]"
2180,840f9ddffffffff,21,0,0,"[0, 255, 0, 100]","[97, 255, 97]"
2181,840f9e7ffffffff,18,0,0,"[0, 255, 0, 100]","[97, 255, 97]"
2182,840fa05ffffffff,15,0,0,"[0, 255, 0, 100]","[97, 255, 97]"
2183,840fa17ffffffff,43,0,0,"[0, 255, 0, 100]","[97, 255, 97]"
2184,840fa21ffffffff,206,0,0,"[0, 255, 0, 100]","[97, 255, 97]"
2185,840fa25ffffffff,36,0,0,"[0, 255, 0, 100]","[97, 255, 97]"
2186,840fa29ffffffff,215,0,0,"[0, 255, 0, 100]","[97, 255, 97]"
2187,840fa81ffffffff,94,0,0,"[0, 255, 0, 100]","[97, 255, 97]"
2188,840fa89ffffffff,206,0,0,"[0, 255, 0, 100]","[97, 255, 97]"
2189,840fa95ffffffff,99,0,0,"[0, 255, 0, 100]","[97, 255, 97]"
2190,840fa9bffffffff,7,0,0,"[0, 255, 0, 100]","[97, 255, 97]"
2191,840fa9dffffffff,6,0,0,"[0, 255, 0, 100]","[97, 255, 97]"
2192,840fabbffffffff,20,0,0,"[0, 255, 0, 100]","[97, 255, 97]"
2193,840fac5ffffffff,32,0,0,"[0, 255, 0, 100]","[97, 255, 97]"
2194,840fad1ffffffff,31,0,0,"[0, 255, 0, 100]","[97, 255, 97]"
2195,840fad5ffffffff,61,0,0,"[0, 255, 0, 100]","[97, 255, 97]"
2196,840faebffffffff,138,0,0,"[0, 255, 0, 100]","[97, 255, 97]"
2197,840fb07ffffffff,15,0,0,"[0, 255, 0, 100]","[97, 255, 97]"
2198,840fb0bffffffff,6,0,0,"[0, 255, 0, 100]","[97, 255, 97]"
2199,840fb11ffffffff,92,0,0,"[0, 255, 0, 100]","[97, 255, 97]"
2200,840fb15ffffffff,36,0,0,"[0, 255, 0, 100]","[97, 255, 97]"
2201,840fb17ffffffff,1,0,0,"[0, 255, 0, 100]","[97, 255, 97]"
2202,840fb1bffffffff,93,0,0,"[0, 255, 0, 100]","[97, 255, 97]"
2203,840fb21ffffffff,26,0,0,"[0, 255, 0, 100]","[97, 255, 97]"
2204,840fb27ffffffff,42,0,0,"[0, 255, 0, 100]","[97, 255, 97]"
2205,840fb2bffffffff,23,0,0,"[0, 255, 0, 100]","[97, 255, 97]"
2206,840fb55ffffffff,47,0,0,"[0, 255, 0, 100]","[97, 255, 97]"
2207,8410009ffffffff,5,0,0,"[0, 255, 0, 100]","[97, 255, 97]"
2208,841000bffffffff,9,0,0,"[0, 255, 0, 100]","[97, 255, 97]"
2209,8410011ffffffff,1,0,0,"[0, 255, 0, 100]","[97, 255, 97]"
2210,841001bffffffff,32,0,0,"[0, 255, 0, 100]","[97, 255, 97]"
2211,8410023ffffffff,32,0,0,"[0, 255, 0, 100]","[97, 255, 97]"
2212,841002bffffffff,30,0,0,"[0, 255, 0, 100]","[97, 255, 97]"
2213,8410033ffffffff,4,0,0,"[0, 255, 0, 100]","[97, 255, 97]"
2214,8410035ffffffff,110,0,0,"[0, 255, 0, 100]","[97, 255, 97]"
2215,841003dffffffff,20,0,0,"[0, 255, 0, 100]","[97, 255, 97]"
2216,8410059ffffffff,27,0,0,"[0, 255, 0, 100]","[97, 255, 97]"
2217,841005bffffffff,45,0,0,"[0, 255, 0, 100]","[97, 255, 97]"
2218,8410095ffffffff,11,0,0,"[0, 255, 0, 100]","[97, 255, 97]"
2219,84100a9ffffffff,40,0,0,"[0, 255, 0, 100]","[97, 255, 97]"
2220,84100c1ffffffff,36,0,0,"[0, 255, 0, 100]","[97, 255, 97]"
2221,84100c3ffffffff,111,0,0,"[0, 255, 0, 100]","[97, 255, 97]"
2222,84100cdffffffff,122,0,0,"[0, 255, 0, 100]","[97, 255, 97]"
2223,84100dbffffffff,66,0,0,"[0, 255, 0, 100]","[97, 255, 97]"
2224,84100e3ffffffff,23,0,0,"[0, 255, 0, 100]","[97, 255, 97]"
2225,8410121ffffffff,9,0,0,"[0, 255, 0, 100]","[97, 255, 97]"
2226,8410123ffffffff,6,0,0,"[0, 255, 0, 100]","[97, 255, 97]"
2227,8410125ffffffff,11,0,0,"[0, 255, 0, 100]","[97, 255, 97]"
2228,841012dffffffff,20,0,0,"[0, 255, 0, 100]","[97, 255, 97]"
2229,8410135ffffffff,17,0,0,"[0, 255, 0, 100]","[97, 255, 97]"
2230,8410161ffffffff,8,8,1,"[0, 255, 0, 100]","[97, 255, 97]"
2231,8410165ffffffff,4,4,1,"[0, 255, 0, 100]","[97, 255, 97]"
2232,8410167ffffffff,72,33,0.458333333,"[0, 255, 0, 100]","[97, 255, 97]"
2233,8410187ffffffff,6,0,0,"[0, 255, 0, 100]","[97, 255, 97]"
2234,8410191ffffffff,24,0,0,"[0, 255, 0, 100]","[97, 255, 97]"
2235,8410193ffffffff,5,0,0,"[0, 255, 0, 100]","[97, 255, 97]"
2236,8410199ffffffff,4,0,0,"[0, 255, 0, 100]","[97, 255, 97]"
2237,841019bffffffff,22,0,0,"[0, 255, 0, 100]","[97, 255, 97]"
2238,84101a1ffffffff,7,0,0,"[0, 255, 0, 100]","[97, 255, 97]"
2239,84101abffffffff,23,0,0,"[0, 255, 0, 100]","[97, 255, 97]"
2240,84101b7ffffffff,21,0,0,"[0, 255, 0, 100]","[97, 255, 97]"
2241,84101d9ffffffff,82,0,0,"[0, 255, 0, 100]","[97, 255, 97]"
2242,84101dbffffffff,4,0,0,"[0, 255, 0, 100]","[97, 255, 97]"
2243,84101e3ffffffff,6,0,0,"[0, 255, 0, 100]","[97, 255, 97]"
2244,8410201ffffffff,26,0,0,"[0, 255, 0, 100]","[97, 255, 97]"
2245,8410207ffffffff,18,0,0,"[0, 255, 0, 100]","[97, 255, 97]"
2246,8410225ffffffff,108,0,0,"[0, 255, 0, 100]","[97, 255, 97]"
2247,8410233ffffffff,126,0,0,"[0, 255, 0, 100]","[97, 255, 97]"
2248,841023bffffffff,11,0,0,"[0, 255, 0, 100]","[97, 255, 97]"
2249,84102a5ffffffff,119,0,0,"[0, 255, 0, 100]","[97, 255, 97]"
2250,84102adffffffff,32,0,0,"[0, 255, 0, 100]","[97, 255, 97]"
2251,84102c9ffffffff,66,0,0,"[0, 255, 0, 100]","[97, 255, 97]"
2252,84102e5ffffffff,35,0,0,"[0, 255, 0, 100]","[97, 255, 97]"
2253,8410315ffffffff,10,0,0,"[0, 255, 0, 100]","[97, 255, 97]"
2254,8410319ffffffff,14,1,0.071428571,"[255, 0, 0, 100]","[255, 0, 0]"
2255,841031bffffffff,7,0,0,"[0, 255, 0, 100]","[97, 255, 97]"
2256,8410331ffffffff,1,0,0,"[0, 255, 0, 100]","[97, 255, 97]"
2257,8410337ffffffff,22,0,0,"[0, 255, 0, 100]","[97, 255, 97]"
2258,8410353ffffffff,28,0,0,"[0, 255, 0, 100]","[97, 255, 97]"
2259,8410365ffffffff,4,0,0,"[0, 255, 0, 100]","[97, 255, 97]"
2260,8410367ffffffff,52,16,0.307692308,"[0, 255, 0, 100]","[97, 255, 97]"
2261,8410421ffffffff,8,0,0,"[0, 255, 0, 100]","[97, 255, 97]"
2262,8410423ffffffff,2,0,0,"[0, 255, 0, 100]","[97, 255, 97]"
2263,8410427ffffffff,5,0,0,"[0, 255, 0, 100]","[97, 255, 97]"
2264,8410429ffffffff,12,0,0,"[0, 255, 0, 100]","[97, 255, 97]"
2265,841042bffffffff,86,0,0,"[0, 255, 0, 100]","[97, 255, 97]"
2266,841042dffffffff,15,0,0,"[0, 255, 0, 100]","[97, 255, 97]"
2267,8410431ffffffff,247,0,0,"[0, 255, 0, 100]","[97, 255, 97]"
2268,8410433ffffffff,11,0,0,"[0, 255, 0, 100]","[97, 255, 97]"
2269,8410435ffffffff,50,0,0,"[0, 255, 0, 100]","[97, 255, 97]"
2270,8410437ffffffff,4,0,0,"[0, 255, 0, 100]","[97, 255, 97]"
2271,841043dffffffff,24,0,0,"[0, 255, 0, 100]","[97, 255, 97]"
2272,8410495ffffffff,62,0,0,"[0, 255, 0, 100]","[97, 255, 97]"
2273,8410497ffffffff,52,0,0,"[0, 255, 0, 100]","[97, 255, 97]"
2274,8410499ffffffff,10,0,0,"[0, 255, 0, 100]","[97, 255, 97]"
2275,841049bffffffff,44,0,0,"[0, 255, 0, 100]","[97, 255, 97]"
2276,84104a3ffffffff,298,0,0,"[0, 255, 0, 100]","[97, 255, 97]"
2277,84104a7ffffffff,152,0,0,"[0, 255, 0, 100]","[97, 255, 97]"
2278,84104b5ffffffff,59,0,0,"[0, 255, 0, 100]","[97, 255, 97]"
2279,84104b7ffffffff,27,0,0,"[0, 255, 0, 100]","[97, 255, 97]"
2280,84104bdffffffff,30,0,0,"[0, 255, 0, 100]","[97, 255, 97]"
2281,84104edffffffff,19,0,0,"[0, 255, 0, 100]","[97, 255, 97]"
2282,8410507ffffffff,2,0,0,"[0, 255, 0, 100]","[97, 255, 97]"
2283,841050dffffffff,62,0,0,"[0, 255, 0, 100]","[97, 255, 97]"
2284,8410521ffffffff,18,0,0,"[0, 255, 0, 100]","[97, 255, 97]"
2285,8410529ffffffff,50,0,0,"[0, 255, 0, 100]","[97, 255, 97]"
2286,841052dffffffff,26,0,0,"[0, 255, 0, 100]","[97, 255, 97]"
2287,8410531ffffffff,10,0,0,"[0, 255, 0, 100]","[97, 255, 97]"
2288,8410539ffffffff,6,0,0,"[0, 255, 0, 100]","[97, 255, 97]"
2289,841053dffffffff,3,0,0,"[0, 255, 0, 100]","[97, 255, 97]"
2290,841054bffffffff,185,0,0,"[0, 255, 0, 100]","[97, 255, 97]"
2291,841055dffffffff,47,0,0,"[0, 255, 0, 100]","[97, 255, 97]"
2292,8410561ffffffff,3,0,0,"[0, 255, 0, 100]","[97, 255, 97]"
2293,8410563ffffffff,34,0,0,"[0, 255, 0, 100]","[97, 255, 97]"
2294,8410565ffffffff,2,0,0,"[0, 255, 0, 100]","[97, 255, 97]"
2295,8410567ffffffff,129,0,0,"[0, 255, 0, 100]","[97, 255, 97]"
2296,841056bffffffff,160,0,0,"[0, 255, 0, 100]","[97, 255, 97]"
2297,841056dffffffff,6,0,0,"[0, 255, 0, 100]","[97, 255, 97]"
2298,8410593ffffffff,18,0,0,"[0, 255, 0, 100]","[97, 255, 97]"
2299,84105a3ffffffff,6,0,0,"[0, 255, 0, 100]","[97, 255, 97]"
2300,84105a9ffffffff,6,0,0,"[0, 255, 0, 100]","[97, 255, 97]"
2301,84105abffffffff,8,0,0,"[0, 255, 0, 100]","[97, 255, 97]"
2302,84105b5ffffffff,41,0,0,"[0, 255, 0, 100]","[97, 255, 97]"
2303,84105c9ffffffff,427,0,0,"[0, 255, 0, 100]","[97, 255, 97]"
2304,84105cbffffffff,259,0,0,"[0, 255, 0, 100]","[97, 255, 97]"
2305,84105ddffffffff,38,0,0,"[0, 255, 0, 100]","[97, 255, 97]"
2306,8410729ffffffff,12,0,0,"[0, 255, 0, 100]","[97, 255, 97]"
2307,841072dffffffff,63,0,0,"[0, 255, 0, 100]","[97, 255, 97]"
2308,8410735ffffffff,1,0,0,"[0, 255, 0, 100]","[97, 255, 97]"
2309,8410737ffffffff,42,0,0,"[0, 255, 0, 100]","[97, 255, 97]"
2310,8410807ffffffff,1,0,0,"[0, 255, 0, 100]","[97, 255, 97]"
2311,8410811ffffffff,114,0,0,"[0, 255, 0, 100]","[97, 255, 97]"
2312,841081dffffffff,22,0,0,"[0, 255, 0, 100]","[97, 255, 97]"
2313,8410821ffffffff,1,0,0,"[0, 255, 0, 100]","[97, 255, 97]"
2314,8410839ffffffff,7,0,0,"[0, 255, 0, 100]","[97, 255, 97]"
2315,8410897ffffffff,238,0,0,"[0, 255, 0, 100]","[97, 255, 97]"
2316,841089bffffffff,11,0,0,"[0, 255, 0, 100]","[97, 255, 97]"
2317,84108a5ffffffff,21,0,0,"[0, 255, 0, 100]","[97, 255, 97]"
2318,84108adffffffff,125,0,0,"[0, 255, 0, 100]","[97, 255, 97]"
2319,84108bbffffffff,52,0,0,"[0, 255, 0, 100]","[97, 255, 97]"
2320,84108ddffffffff,1,0,0,"[0, 255, 0, 100]","[97, 255, 97]"
2321,84108e5ffffffff,8,0,0,"[0, 255, 0, 100]","[97, 255, 97]"
2322,84108e7ffffffff,90,0,0,"[0, 255, 0, 100]","[97, 255, 97]"
2323,8410981ffffffff,109,0,0,"[0, 255, 0, 100]","[97, 255, 97]"
2324,8410985ffffffff,27,0,0,"[0, 255, 0, 100]","[97, 255, 97]"
2325,8410987ffffffff,3,0,0,"[0, 255, 0, 100]","[97, 255, 97]"
2326,841098dffffffff,49,0,0,"[0, 255, 0, 100]","[97, 255, 97]"
2327,84109a9ffffffff,42,0,0,"[0, 255, 0, 100]","[97, 255, 97]"
2328,84109abffffffff,16,0,0,"[0, 255, 0, 100]","[97, 255, 97]"
2329,84109adffffffff,11,0,0,"[0, 255, 0, 100]","[97, 255, 97]"
2330,84109b7ffffffff,38,0,0,"[0, 255, 0, 100]","[97, 255, 97]"
2331,84109c1ffffffff,60,0,0,"[0, 255, 0, 100]","[97, 255, 97]"
2332,84109c5ffffffff,6,0,0,"[0, 255, 0, 100]","[97, 255, 97]"
2333,84109c7ffffffff,23,0,0,"[0, 255, 0, 100]","[97, 255, 97]"
2334,84109d5ffffffff,8,0,0,"[0, 255, 0, 100]","[97, 255, 97]"
2335,84109e3ffffffff,14,0,0,"[0, 255, 0, 100]","[97, 255, 97]"
2336,8410a81ffffffff,262,0,0,"[0, 255, 0, 100]","[97, 255, 97]"
2337,8410a85ffffffff,3,0,0,"[0, 255, 0, 100]","[97, 255, 97]"
2338,8410a87ffffffff,58,9,0.155172414,"[255, 0, 0, 100]","[255, 0, 0]"
2339,8410a89ffffffff,14,5,0.357142857,"[0, 255, 0, 100]","[97, 255, 97]"
2340,8410a93ffffffff,83,0,0,"[0, 255, 0, 100]","[97, 255, 97]"
2341,8410a99ffffffff,6,0,0,"[0, 255, 0, 100]","[97, 255, 97]"
2342,8410a9bffffffff,80,0,0,"[0, 255, 0, 100]","[97, 255, 97]"
2343,8410aa9ffffffff,4,2,0.5,"[0, 255, 0, 100]","[97, 255, 97]"
2344,8410aabffffffff,10,1,0.1,"[255, 0, 0, 100]","[255, 0, 0]"
2345,8410ab1ffffffff,2,0,0,"[0, 255, 0, 100]","[97, 255, 97]"
2346,8410abdffffffff,1,0,0,"[0, 255, 0, 100]","[97, 255, 97]"
2347,8410ac1ffffffff,26,1,0.038461538,"[255, 0, 0, 100]","[255, 0, 0]"
2348,8410ac3ffffffff,14,1,0.071428571,"[255, 0, 0, 100]","[255, 0, 0]"
2349,8410ac9ffffffff,8,0,0,"[0, 255, 0, 100]","[97, 255, 97]"
2350,8410acbffffffff,26,0,0,"[0, 255, 0, 100]","[97, 255, 97]"
2351,8410ad1ffffffff,26,0,0,"[0, 255, 0, 100]","[97, 255, 97]"
2352,8410ad5ffffffff,1,0,0,"[0, 255, 0, 100]","[97, 255, 97]"
2353,8410ad7ffffffff,36,0,0,"[0, 255, 0, 100]","[97, 255, 97]"
2354,8410addffffffff,13,0,0,"[0, 255, 0, 100]","[97, 255, 97]"
2355,8410c01ffffffff,75,0,0,"[0, 255, 0, 100]","[97, 255, 97]"
2356,8410c03ffffffff,1,0,0,"[0, 255, 0, 100]","[97, 255, 97]"
2357,8410c05ffffffff,49,0,0,"[0, 255, 0, 100]","[97, 255, 97]"
2358,8410c0dffffffff,21,0,0,"[0, 255, 0, 100]","[97, 255, 97]"
2359,8410c19ffffffff,76,0,0,"[0, 255, 0, 100]","[97, 255, 97]"
2360,8410c1bffffffff,1,0,0,"[0, 255, 0, 100]","[97, 255, 97]"
2361,8410c21ffffffff,279,0,0,"[0, 255, 0, 100]","[97, 255, 97]"
2362,8410c23ffffffff,156,0,0,"[0, 255, 0, 100]","[97, 255, 97]"
2363,8410c25ffffffff,1,0,0,"[0, 255, 0, 100]","[97, 255, 97]"
2364,8410c27ffffffff,110,0,0,"[0, 255, 0, 100]","[97, 255, 97]"
2365,8410c29ffffffff,109,0,0,"[0, 255, 0, 100]","[97, 255, 97]"
2366,8410c2dffffffff,123,0,0,"[0, 255, 0, 100]","[97, 255, 97]"
2367,8410c31ffffffff,14,0,0,"[0, 255, 0, 100]","[97, 255, 97]"
2368,8410c35ffffffff,13,0,0,"[0, 255, 0, 100]","[97, 255, 97]"
2369,8410c37ffffffff,43,0,0,"[0, 255, 0, 100]","[97, 255, 97]"
2370,8410c39ffffffff,197,0,0,"[0, 255, 0, 100]","[97, 255, 97]"
2371,8410c3bffffffff,3,0,0,"[0, 255, 0, 100]","[97, 255, 97]"
2372,8410c51ffffffff,228,0,0,"[0, 255, 0, 100]","[97, 255, 97]"
2373,8410c53ffffffff,129,0,0,"[0, 255, 0, 100]","[97, 255, 97]"
2374,8410c59ffffffff,32,0,0,"[0, 255, 0, 100]","[97, 255, 97]"
2375,8410c61ffffffff,254,0,0,"[0, 255, 0, 100]","[97, 255, 97]"
2376,8410c63ffffffff,221,0,0,"[0, 255, 0, 100]","[97, 255, 97]"
2377,8410c67ffffffff,29,0,0,"[0, 255, 0, 100]","[97, 255, 97]"
2378,8410c69ffffffff,136,0,0,"[0, 255, 0, 100]","[97, 255, 97]"
2379,8410c6bffffffff,64,0,0,"[0, 255, 0, 100]","[97, 255, 97]"
2380,8410c81ffffffff,18,0,0,"[0, 255, 0, 100]","[97, 255, 97]"
2381,8410c83ffffffff,14,0,0,"[0, 255, 0, 100]","[97, 255, 97]"
2382,8410c87ffffffff,108,0,0,"[0, 255, 0, 100]","[97, 255, 97]"
2383,8410c99ffffffff,10,0,0,"[0, 255, 0, 100]","[97, 255, 97]"
2384,8410c9bffffffff,35,0,0,"[0, 255, 0, 100]","[97, 255, 97]"
2385,8410c9dffffffff,76,0,0,"[0, 255, 0, 100]","[97, 255, 97]"
2386,8410ca3ffffffff,15,0,0,"[0, 255, 0, 100]","[97, 255, 97]"
2387,8410ca7ffffffff,2,0,0,"[0, 255, 0, 100]","[97, 255, 97]"
2388,8410cabffffffff,58,0,0,"[0, 255, 0, 100]","[97, 255, 97]"
2389,8410cadffffffff,2,0,0,"[0, 255, 0, 100]","[97, 255, 97]"
2390,8410cb1ffffffff,56,0,0,"[0, 255, 0, 100]","[97, 255, 97]"
2391,8410cb3ffffffff,35,0,0,"[0, 255, 0, 100]","[97, 255, 97]"
2392,8410cbdffffffff,83,0,0,"[0, 255, 0, 100]","[97, 255, 97]"
2393,8410cd1ffffffff,30,0,0,"[0, 255, 0, 100]","[97, 255, 97]"
2394,8410cd3ffffffff,228,0,0,"[0, 255, 0, 100]","[97, 255, 97]"
2395,8410cd7ffffffff,60,0,0,"[0, 255, 0, 100]","[97, 255, 97]"
2396,8410cd9ffffffff,138,0,0,"[0, 255, 0, 100]","[97, 255, 97]"
2397,8410ce7ffffffff,77,0,0,"[0, 255, 0, 100]","[97, 255, 97]"
2398,8410ce9ffffffff,110,0,0,"[0, 255, 0, 100]","[97, 255, 97]"
2399,8410cedffffffff,24,0,0,"[0, 255, 0, 100]","[97, 255, 97]"
2400,8410d01ffffffff,9,0,0,"[0, 255, 0, 100]","[97, 255, 97]"
2401,8410d03ffffffff,19,0,0,"[0, 255, 0, 100]","[97, 255, 97]"
2402,8410d0bffffffff,11,0,0,"[0, 255, 0, 100]","[97, 255, 97]"
2403,8410d0dffffffff,21,0,0,"[0, 255, 0, 100]","[97, 255, 97]"
2404,8410d11ffffffff,62,0,0,"[0, 255, 0, 100]","[97, 255, 97]"
2405,8410d15ffffffff,414,0,0,"[0, 255, 0, 100]","[97, 255, 97]"
2406,8410d17ffffffff,63,0,0,"[0, 255, 0, 100]","[97, 255, 97]"
2407,8410d1bffffffff,38,0,0,"[0, 255, 0, 100]","[97, 255, 97]"
2408,8410d1dffffffff,189,0,0,"[0, 255, 0, 100]","[97, 255, 97]"
2409,8410d39ffffffff,154,0,0,"[0, 255, 0, 100]","[97, 255, 97]"
2410,8410d3bffffffff,18,0,0,"[0, 255, 0, 100]","[97, 255, 97]"
2411,8410d3dffffffff,16,0,0,"[0, 255, 0, 100]","[97, 255, 97]"
2412,8410d43ffffffff,12,0,0,"[0, 255, 0, 100]","[97, 255, 97]"
2413,8410d47ffffffff,25,0,0,"[0, 255, 0, 100]","[97, 255, 97]"
2414,8410d49ffffffff,35,0,0,"[0, 255, 0, 100]","[97, 255, 97]"
2415,8410d4bffffffff,62,0,0,"[0, 255, 0, 100]","[97, 255, 97]"
2416,8410d51ffffffff,85,0,0,"[0, 255, 0, 100]","[97, 255, 97]"
2417,8410d53ffffffff,107,0,0,"[0, 255, 0, 100]","[97, 255, 97]"
2418,8410d57ffffffff,17,0,0,"[0, 255, 0, 100]","[97, 255, 97]"
2419,8410d59ffffffff,68,0,0,"[0, 255, 0, 100]","[97, 255, 97]"
2420,8410d5dffffffff,56,0,0,"[0, 255, 0, 100]","[97, 255, 97]"
2421,8410d69ffffffff,147,8,0.054421769,"[255, 0, 0, 100]","[255, 0, 0]"
2422,8410d83ffffffff,40,0,0,"[0, 255, 0, 100]","[97, 255, 97]"
2423,8410d89ffffffff,21,0,0,"[0, 255, 0, 100]","[97, 255, 97]"
2424,8410d8bffffffff,18,0,0,"[0, 255, 0, 100]","[97, 255, 97]"
2425,8410d95ffffffff,36,0,0,"[0, 255, 0, 100]","[97, 255, 97]"
2426,8410d9bffffffff,177,0,0,"[0, 255, 0, 100]","[97, 255, 97]"
2427,8410db1ffffffff,54,0,0,"[0, 255, 0, 100]","[97, 255, 97]"
2428,8410db7ffffffff,50,0,0,"[0, 255, 0, 100]","[97, 255, 97]"
2429,8410dc1ffffffff,28,0,0,"[0, 255, 0, 100]","[97, 255, 97]"
2430,8410dc3ffffffff,1,0,0,"[0, 255, 0, 100]","[97, 255, 97]"
2431,8410dc7ffffffff,150,0,0,"[0, 255, 0, 100]","[97, 255, 97]"
2432,8410dc9ffffffff,858,0,0,"[0, 255, 0, 100]","[97, 255, 97]"
2433,8410dcdffffffff,149,0,0,"[0, 255, 0, 100]","[97, 255, 97]"
2434,8410dd9ffffffff,104,0,0,"[0, 255, 0, 100]","[97, 255, 97]"
2435,8410ddbffffffff,57,0,0,"[0, 255, 0, 100]","[97, 255, 97]"
2436,8410de1ffffffff,244,0,0,"[0, 255, 0, 100]","[97, 255, 97]"
2437,8410de3ffffffff,1,0,0,"[0, 255, 0, 100]","[97, 255, 97]"
2438,8410de5ffffffff,30,0,0,"[0, 255, 0, 100]","[97, 255, 97]"
2439,8410de7ffffffff,131,0,0,"[0, 255, 0, 100]","[97, 255, 97]"
2440,8410de9ffffffff,6,0,0,"[0, 255, 0, 100]","[97, 255, 97]"
2441,8410e09ffffffff,60,0,0,"[0, 255, 0, 100]","[97, 255, 97]"
2442,8410e13ffffffff,29,0,0,"[0, 255, 0, 100]","[97, 255, 97]"
2443,8410e19ffffffff,5,0,0,"[0, 255, 0, 100]","[97, 255, 97]"
2444,8410e31ffffffff,5,0,0,"[0, 255, 0, 100]","[97, 255, 97]"
2445,8410e33ffffffff,1,0,0,"[0, 255, 0, 100]","[97, 255, 97]"
2446,8410e37ffffffff,78,0,0,"[0, 255, 0, 100]","[97, 255, 97]"
2447,8410e3dffffffff,26,0,0,"[0, 255, 0, 100]","[97, 255, 97]"
2448,8410e43ffffffff,18,0,0,"[0, 255, 0, 100]","[97, 255, 97]"
2449,8410e51ffffffff,28,0,0,"[0, 255, 0, 100]","[97, 255, 97]"
2450,8410e53ffffffff,122,0,0,"[0, 255, 0, 100]","[97, 255, 97]"
2451,8410e55ffffffff,242,0,0,"[0, 255, 0, 100]","[97, 255, 97]"
2452,8410e5dffffffff,85,0,0,"[0, 255, 0, 100]","[97, 255, 97]"
2453,8410e65ffffffff,1,0,0,"[0, 255, 0, 100]","[97, 255, 97]"
2454,8410e85ffffffff,2,0,0,"[0, 255, 0, 100]","[97, 255, 97]"
2455,8410e89ffffffff,239,0,0,"[0, 255, 0, 100]","[97, 255, 97]"
2456,8410e8bffffffff,9,0,0,"[0, 255, 0, 100]","[97, 255, 97]"
2457,8410e93ffffffff,204,0,0,"[0, 255, 0, 100]","[97, 255, 97]"
2458,8410e97ffffffff,32,0,0,"[0, 255, 0, 100]","[97, 255, 97]"
2459,8410ea3ffffffff,4,0,0,"[0, 255, 0, 100]","[97, 255, 97]"
2460,8410eabffffffff,1,0,0,"[0, 255, 0, 100]","[97, 255, 97]"
2461,8410eb5ffffffff,58,0,0,"[0, 255, 0, 100]","[97, 255, 97]"
2462,8410eb7ffffffff,45,0,0,"[0, 255, 0, 100]","[97, 255, 97]"
2463,8410ebdffffffff,24,0,0,"[0, 255, 0, 100]","[97, 255, 97]"
2464,8410ec1ffffffff,1,0,0,"[0, 255, 0, 100]","[97, 255, 97]"
2465,8410ec5ffffffff,128,0,0,"[0, 255, 0, 100]","[97, 255, 97]"
2466,8410ec7ffffffff,92,0,0,"[0, 255, 0, 100]","[97, 255, 97]"
2467,8410ee3ffffffff,219,0,0,"[0, 255, 0, 100]","[97, 255, 97]"
2468,8410ee9ffffffff,62,0,0,"[0, 255, 0, 100]","[97, 255, 97]"
2469,8410eebffffffff,80,0,0,"[0, 255, 0, 100]","[97, 255, 97]"
2470,8410f01ffffffff,9,0,0,"[0, 255, 0, 100]","[97, 255, 97]"
2471,8410f05ffffffff,10,0,0,"[0, 255, 0, 100]","[97, 255, 97]"
2472,8410f07ffffffff,45,0,0,"[0, 255, 0, 100]","[97, 255, 97]"
2473,8410f11ffffffff,32,0,0,"[0, 255, 0, 100]","[97, 255, 97]"
2474,8410f13ffffffff,40,0,0,"[0, 255, 0, 100]","[97, 255, 97]"
2475,8410f19ffffffff,10,0,0,"[0, 255, 0, 100]","[97, 255, 97]"
2476,8410f1bffffffff,201,0,0,"[0, 255, 0, 100]","[97, 255, 97]"
2477,8410f23ffffffff,3,0,0,"[0, 255, 0, 100]","[97, 255, 97]"
2478,8410f29ffffffff,9,0,0,"[0, 255, 0, 100]","[97, 255, 97]"
2479,8410f33ffffffff,94,0,0,"[0, 255, 0, 100]","[97, 255, 97]"
2480,8410f37ffffffff,9,0,0,"[0, 255, 0, 100]","[97, 255, 97]"
2481,8410f3dffffffff,3,0,0,"[0, 255, 0, 100]","[97, 255, 97]"
2482,8410f45ffffffff,27,0,0,"[0, 255, 0, 100]","[97, 255, 97]"
2483,8410f49ffffffff,62,0,0,"[0, 255, 0, 100]","[97, 255, 97]"
2484,8410f4bffffffff,42,0,0,"[0, 255, 0, 100]","[97, 255, 97]"
2485,8410f51ffffffff,43,0,0,"[0, 255, 0, 100]","[97, 255, 97]"
2486,8410f53ffffffff,12,0,0,"[0, 255, 0, 100]","[97, 255, 97]"
2487,8410f5dffffffff,98,0,0,"[0, 255, 0, 100]","[97, 255, 97]"
2488,8410f67ffffffff,11,0,0,"[0, 255, 0, 100]","[97, 255, 97]"
2489,8411061ffffffff,137,0,0,"[0, 255, 0, 100]","[97, 255, 97]"
2490,84110c9ffffffff,5,0,0,"[0, 255, 0, 100]","[97, 255, 97]"
2491,84110cbffffffff,1,0,0,"[0, 255, 0, 100]","[97, 255, 97]"
2492,8411195ffffffff,2,2,1,"[0, 255, 0, 100]","[97, 255, 97]"
2493,8411211ffffffff,18,0,0,"[0, 255, 0, 100]","[97, 255, 97]"
2494,8411219ffffffff,3,0,0,"[0, 255, 0, 100]","[97, 255, 97]"
2495,8411229ffffffff,46,0,0,"[0, 255, 0, 100]","[97, 255, 97]"
2496,8411243ffffffff,8,0,0,"[0, 255, 0, 100]","[97, 255, 97]"
2497,8411251ffffffff,54,0,0,"[0, 255, 0, 100]","[97, 255, 97]"
2498,8411253ffffffff,2,2,1,"[0, 255, 0, 100]","[97, 255, 97]"
2499,8411255ffffffff,8,0,0,"[0, 255, 0, 100]","[97, 255, 97]"
2500,8411269ffffffff,28,0,0,"[0, 255, 0, 100]","[97, 255, 97]"
2501,841126dffffffff,115,0,0,"[0, 255, 0, 100]","[97, 255, 97]"
2502,84114a1ffffffff,122,0,0,"[0, 255, 0, 100]","[97, 255, 97]"
2503,84114a3ffffffff,6,0,0,"[0, 255, 0, 100]","[97, 255, 97]"
2504,84114a7ffffffff,38,0,0,"[0, 255, 0, 100]","[97, 255, 97]"
2505,84114adffffffff,76,0,0,"[0, 255, 0, 100]","[97, 255, 97]"
2506,84114b9ffffffff,2,0,0,"[0, 255, 0, 100]","[97, 255, 97]"
2507,84114bdffffffff,110,0,0,"[0, 255, 0, 100]","[97, 255, 97]"
2508,8411501ffffffff,19,19,1,"[0, 255, 0, 100]","[97, 255, 97]"
2509,8411503ffffffff,29,0,0,"[0, 255, 0, 100]","[97, 255, 97]"
2510,841150bffffffff,74,0,0,"[0, 255, 0, 100]","[97, 255, 97]"
2511,8411523ffffffff,16,0,0,"[0, 255, 0, 100]","[97, 255, 97]"
2512,8411535ffffffff,50,0,0,"[0, 255, 0, 100]","[97, 255, 97]"
2513,841154bffffffff,14,0,0,"[0, 255, 0, 100]","[97, 255, 97]"
2514,8411551ffffffff,115,0,0,"[0, 255, 0, 100]","[97, 255, 97]"
2515,8411557ffffffff,11,0,0,"[0, 255, 0, 100]","[97, 255, 97]"
2516,8411651ffffffff,555,0,0,"[0, 255, 0, 100]","[97, 255, 97]"
2517,8411707ffffffff,14,0,0,"[0, 255, 0, 100]","[97, 255, 97]"
2518,8411735ffffffff,19,0,0,"[0, 255, 0, 100]","[97, 255, 97]"
2519,841181bffffffff,158,0,0,"[0, 255, 0, 100]","[97, 255, 97]"
2520,8411aa1ffffffff,129,0,0,"[0, 255, 0, 100]","[97, 255, 97]"
2521,8411aa5ffffffff,154,0,0,"[0, 255, 0, 100]","[97, 255, 97]"
2522,8412011ffffffff,53,0,0,"[0, 255, 0, 100]","[97, 255, 97]"
2523,841201dffffffff,8,0,0,"[0, 255, 0, 100]","[97, 255, 97]"
2524,8412043ffffffff,6,0,0,"[0, 255, 0, 100]","[97, 255, 97]"
2525,841205bffffffff,4,0,0,"[0, 255, 0, 100]","[97, 255, 97]"
2526,8412061ffffffff,52,0,0,"[0, 255, 0, 100]","[97, 255, 97]"
2527,8412063ffffffff,157,0,0,"[0, 255, 0, 100]","[97, 255, 97]"
2528,8412065ffffffff,21,0,0,"[0, 255, 0, 100]","[97, 255, 97]"
2529,8412083ffffffff,16,0,0,"[0, 255, 0, 100]","[97, 255, 97]"
2530,8412085ffffffff,128,0,0,"[0, 255, 0, 100]","[97, 255, 97]"
2531,84120a5ffffffff,22,0,0,"[0, 255, 0, 100]","[97, 255, 97]"
2532,84120b5ffffffff,7,0,0,"[0, 255, 0, 100]","[97, 255, 97]"
2533,84120b9ffffffff,192,0,0,"[0, 255, 0, 100]","[97, 255, 97]"
2534,84120bdffffffff,62,0,0,"[0, 255, 0, 100]","[97, 255, 97]"
2535,84120d1ffffffff,203,0,0,"[0, 255, 0, 100]","[97, 255, 97]"
2536,84120d7ffffffff,3,0,0,"[0, 255, 0, 100]","[97, 255, 97]"
2537,84120d9ffffffff,64,0,0,"[0, 255, 0, 100]","[97, 255, 97]"
2538,84120e3ffffffff,81,0,0,"[0, 255, 0, 100]","[97, 255, 97]"
2539,8412105ffffffff,132,0,0,"[0, 255, 0, 100]","[97, 255, 97]"
2540,8412129ffffffff,24,0,0,"[0, 255, 0, 100]","[97, 255, 97]"
2541,841213bffffffff,53,0,0,"[0, 255, 0, 100]","[97, 255, 97]"
2542,8412149ffffffff,109,0,0,"[0, 255, 0, 100]","[97, 255, 97]"
2543,841214bffffffff,114,0,0,"[0, 255, 0, 100]","[97, 255, 97]"
2544,841214dffffffff,66,0,0,"[0, 255, 0, 100]","[97, 255, 97]"
2545,8412165ffffffff,26,0,0,"[0, 255, 0, 100]","[97, 255, 97]"
2546,841216bffffffff,8,0,0,"[0, 255, 0, 100]","[97, 255, 97]"
2547,8412181ffffffff,20,0,0,"[0, 255, 0, 100]","[97, 255, 97]"
2548,8412187ffffffff,78,0,0,"[0, 255, 0, 100]","[97, 255, 97]"
2549,8412189ffffffff,39,0,0,"[0, 255, 0, 100]","[97, 255, 97]"
2550,841218bffffffff,13,0,0,"[0, 255, 0, 100]","[97, 255, 97]"
2551,841218dffffffff,8,0,0,"[0, 255, 0, 100]","[97, 255, 97]"
2552,84121a3ffffffff,8,0,0,"[0, 255, 0, 100]","[97, 255, 97]"
2553,84121a9ffffffff,55,0,0,"[0, 255, 0, 100]","[97, 255, 97]"
2554,84121adffffffff,8,0,0,"[0, 255, 0, 100]","[97, 255, 97]"
2555,84121b3ffffffff,144,0,0,"[0, 255, 0, 100]","[97, 255, 97]"
2556,84121bbffffffff,52,0,0,"[0, 255, 0, 100]","[97, 255, 97]"
2557,84121d3ffffffff,2,0,0,"[0, 255, 0, 100]","[97, 255, 97]"
2558,84121d5ffffffff,4,0,0,"[0, 255, 0, 100]","[97, 255, 97]"
2559,84121e1ffffffff,93,0,0,"[0, 255, 0, 100]","[97, 255, 97]"
2560,84121e3ffffffff,30,0,0,"[0, 255, 0, 100]","[97, 255, 97]"
2561,84121e7ffffffff,123,0,0,"[0, 255, 0, 100]","[97, 255, 97]"
2562,8412213ffffffff,29,0,0,"[0, 255, 0, 100]","[97, 255, 97]"
2563,8412215ffffffff,43,0,0,"[0, 255, 0, 100]","[97, 255, 97]"
2564,8412267ffffffff,62,0,0,"[0, 255, 0, 100]","[97, 255, 97]"
2565,8412297ffffffff,16,0,0,"[0, 255, 0, 100]","[97, 255, 97]"
2566,84122a1ffffffff,1,0,0,"[0, 255, 0, 100]","[97, 255, 97]"
2567,84122b1ffffffff,7,0,0,"[0, 255, 0, 100]","[97, 255, 97]"
2568,84122b3ffffffff,147,0,0,"[0, 255, 0, 100]","[97, 255, 97]"
2569,84122b5ffffffff,30,0,0,"[0, 255, 0, 100]","[97, 255, 97]"
2570,84122b7ffffffff,203,0,0,"[0, 255, 0, 100]","[97, 255, 97]"
2571,84122bbffffffff,5,0,0,"[0, 255, 0, 100]","[97, 255, 97]"
2572,84122cdffffffff,99,0,0,"[0, 255, 0, 100]","[97, 255, 97]"
2573,84122d1ffffffff,33,0,0,"[0, 255, 0, 100]","[97, 255, 97]"
2574,84122d7ffffffff,11,0,0,"[0, 255, 0, 100]","[97, 255, 97]"
2575,84122dbffffffff,4,0,0,"[0, 255, 0, 100]","[97, 255, 97]"
2576,8412311ffffffff,29,0,0,"[0, 255, 0, 100]","[97, 255, 97]"
2577,8412315ffffffff,28,0,0,"[0, 255, 0, 100]","[97, 255, 97]"
2578,8412327ffffffff,29,0,0,"[0, 255, 0, 100]","[97, 255, 97]"
2579,8412351ffffffff,1,0,0,"[0, 255, 0, 100]","[97, 255, 97]"
2580,8412359ffffffff,37,0,0,"[0, 255, 0, 100]","[97, 255, 97]"
2581,841235bffffffff,17,0,0,"[0, 255, 0, 100]","[97, 255, 97]"
2582,8412415ffffffff,11,0,0,"[0, 255, 0, 100]","[97, 255, 97]"
2583,8412419ffffffff,27,0,0,"[0, 255, 0, 100]","[97, 255, 97]"
2584,841241bffffffff,135,0,0,"[0, 255, 0, 100]","[97, 255, 97]"
2585,841241dffffffff,28,0,0,"[0, 255, 0, 100]","[97, 255, 97]"
2586,8412439ffffffff,10,0,0,"[0, 255, 0, 100]","[97, 255, 97]"
2587,841243bffffffff,2,0,0,"[0, 255, 0, 100]","[97, 255, 97]"
2588,8412455ffffffff,15,0,0,"[0, 255, 0, 100]","[97, 255, 97]"
2589,8412457ffffffff,53,0,0,"[0, 255, 0, 100]","[97, 255, 97]"
2590,8412469ffffffff,15,0,0,"[0, 255, 0, 100]","[97, 255, 97]"
2591,8412495ffffffff,29,0,0,"[0, 255, 0, 100]","[97, 255, 97]"
2592,8412497ffffffff,1,0,0,"[0, 255, 0, 100]","[97, 255, 97]"
2593,841249bffffffff,5,0,0,"[0, 255, 0, 100]","[97, 255, 97]"
2594,84124a7ffffffff,6,0,0,"[0, 255, 0, 100]","[97, 255, 97]"
2595,84124bbffffffff,44,0,0,"[0, 255, 0, 100]","[97, 255, 97]"
2596,84124c1ffffffff,5,0,0,"[0, 255, 0, 100]","[97, 255, 97]"
2597,8412505ffffffff,2,0,0,"[0, 255, 0, 100]","[97, 255, 97]"
2598,841250bffffffff,1,0,0,"[0, 255, 0, 100]","[97, 255, 97]"
2599,841250dffffffff,108,0,0,"[0, 255, 0, 100]","[97, 255, 97]"
2600,8412511ffffffff,8,0,0,"[0, 255, 0, 100]","[97, 255, 97]"
2601,8412515ffffffff,113,0,0,"[0, 255, 0, 100]","[97, 255, 97]"
2602,8412521ffffffff,8,0,0,"[0, 255, 0, 100]","[97, 255, 97]"
2603,8412523ffffffff,102,0,0,"[0, 255, 0, 100]","[97, 255, 97]"
2604,8412525ffffffff,9,0,0,"[0, 255, 0, 100]","[97, 255, 97]"
2605,8412527ffffffff,84,0,0,"[0, 255, 0, 100]","[97, 255, 97]"
2606,8412535ffffffff,2,0,0,"[0, 255, 0, 100]","[97, 255, 97]"
2607,8412537ffffffff,9,0,0,"[0, 255, 0, 100]","[97, 255, 97]"
2608,8412545ffffffff,5,0,0,"[0, 255, 0, 100]","[97, 255, 97]"
2609,8412549ffffffff,181,6,0.033149171,"[255, 0, 0, 100]","[255, 0, 0]"
2610,8412551ffffffff,12,0,0,"[0, 255, 0, 100]","[97, 255, 97]"
2611,8412557ffffffff,62,0,0,"[0, 255, 0, 100]","[97, 255, 97]"
2612,8412563ffffffff,119,0,0,"[0, 255, 0, 100]","[97, 255, 97]"
2613,841256bffffffff,86,0,0,"[0, 255, 0, 100]","[97, 255, 97]"
2614,8412589ffffffff,1,0,0,"[0, 255, 0, 100]","[97, 255, 97]"
2615,8412591ffffffff,24,0,0,"[0, 255, 0, 100]","[97, 255, 97]"
2616,8412599ffffffff,5,0,0,"[0, 255, 0, 100]","[97, 255, 97]"
2617,84125cdffffffff,26,0,0,"[0, 255, 0, 100]","[97, 255, 97]"
2618,84125d1ffffffff,2,0,0,"[0, 255, 0, 100]","[97, 255, 97]"
2619,8412633ffffffff,2,0,0,"[0, 255, 0, 100]","[97, 255, 97]"
2620,8412641ffffffff,183,0,0,"[0, 255, 0, 100]","[97, 255, 97]"
2621,8412645ffffffff,43,0,0,"[0, 255, 0, 100]","[97, 255, 97]"
2622,8412649ffffffff,33,0,0,"[0, 255, 0, 100]","[97, 255, 97]"
2623,841264dffffffff,57,0,0,"[0, 255, 0, 100]","[97, 255, 97]"
2624,8412653ffffffff,8,0,0,"[0, 255, 0, 100]","[97, 255, 97]"
2625,841266dffffffff,15,0,0,"[0, 255, 0, 100]","[97, 255, 97]"
2626,8412691ffffffff,46,0,0,"[0, 255, 0, 100]","[97, 255, 97]"
2627,8412699ffffffff,28,0,0,"[0, 255, 0, 100]","[97, 255, 97]"
2628,84126a1ffffffff,4,0,0,"[0, 255, 0, 100]","[97, 255, 97]"
2629,84126a3ffffffff,5,0,0,"[0, 255, 0, 100]","[97, 255, 97]"
2630,84126a9ffffffff,7,0,0,"[0, 255, 0, 100]","[97, 255, 97]"
2631,84126adffffffff,47,0,0,"[0, 255, 0, 100]","[97, 255, 97]"
2632,84126b1ffffffff,19,0,0,"[0, 255, 0, 100]","[97, 255, 97]"
2633,84126bdffffffff,3,0,0,"[0, 255, 0, 100]","[97, 255, 97]"
2634,841270dffffffff,35,0,0,"[0, 255, 0, 100]","[97, 255, 97]"
2635,8412713ffffffff,3,0,0,"[0, 255, 0, 100]","[97, 255, 97]"
2636,841272bffffffff,14,0,0,"[0, 255, 0, 100]","[97, 255, 97]"
2637,8412747ffffffff,31,0,0,"[0, 255, 0, 100]","[97, 255, 97]"
2638,8412763ffffffff,12,0,0,"[0, 255, 0, 100]","[97, 255, 97]"
2639,8412765ffffffff,31,0,0,"[0, 255, 0, 100]","[97, 255, 97]"
2640,841276bffffffff,126,0,0,"[0, 255, 0, 100]","[97, 255, 97]"
2641,841276dffffffff,1,0,0,"[0, 255, 0, 100]","[97, 255, 97]"
2642,8412821ffffffff,108,0,0,"[0, 255, 0, 100]","[97, 255, 97]"
2643,8412823ffffffff,12,0,0,"[0, 255, 0, 100]","[97, 255, 97]"
2644,8412827ffffffff,41,0,0,"[0, 255, 0, 100]","[97, 255, 97]"
2645,8412829ffffffff,6,0,0,"[0, 255, 0, 100]","[97, 255, 97]"
2646,841282bffffffff,2,0,0,"[0, 255, 0, 100]","[97, 255, 97]"
2647,841282dffffffff,3,0,0,"[0, 255, 0, 100]","[97, 255, 97]"
2648,8412831ffffffff,141,0,0,"[0, 255, 0, 100]","[97, 255, 97]"
2649,8412833ffffffff,229,0,0,"[0, 255, 0, 100]","[97, 255, 97]"
2650,8412835ffffffff,7,0,0,"[0, 255, 0, 100]","[97, 255, 97]"
2651,8412837ffffffff,173,0,0,"[0, 255, 0, 100]","[97, 255, 97]"
2652,841283dffffffff,69,0,0,"[0, 255, 0, 100]","[97, 255, 97]"
2653,8412847ffffffff,229,0,0,"[0, 255, 0, 100]","[97, 255, 97]"
2654,8412849ffffffff,17,0,0,"[0, 255, 0, 100]","[97, 255, 97]"
2655,841284bffffffff,3,0,0,"[0, 255, 0, 100]","[97, 255, 97]"
2656,8412851ffffffff,1,0,0,"[0, 255, 0, 100]","[97, 255, 97]"
2657,8412865ffffffff,8,0,0,"[0, 255, 0, 100]","[97, 255, 97]"
2658,8412869ffffffff,51,0,0,"[0, 255, 0, 100]","[97, 255, 97]"
2659,841286bffffffff,23,0,0,"[0, 255, 0, 100]","[97, 255, 97]"
2660,8412881ffffffff,17,0,0,"[0, 255, 0, 100]","[97, 255, 97]"
2661,8412883ffffffff,137,0,0,"[0, 255, 0, 100]","[97, 255, 97]"
2662,841288bffffffff,46,0,0,"[0, 255, 0, 100]","[97, 255, 97]"
2663,8412891ffffffff,4,0,0,"[0, 255, 0, 100]","[97, 255, 97]"
2664,8412895ffffffff,120,0,0,"[0, 255, 0, 100]","[97, 255, 97]"
2665,8412897ffffffff,72,0,0,"[0, 255, 0, 100]","[97, 255, 97]"
2666,8412899ffffffff,30,0,0,"[0, 255, 0, 100]","[97, 255, 97]"
2667,841289dffffffff,29,0,0,"[0, 255, 0, 100]","[97, 255, 97]"
2668,84128a3ffffffff,129,0,0,"[0, 255, 0, 100]","[97, 255, 97]"
2669,84128abffffffff,13,0,0,"[0, 255, 0, 100]","[97, 255, 97]"
2670,84128b3ffffffff,66,0,0,"[0, 255, 0, 100]","[97, 255, 97]"
2671,84128b5ffffffff,9,0,0,"[0, 255, 0, 100]","[97, 255, 97]"
2672,84128bbffffffff,31,0,0,"[0, 255, 0, 100]","[97, 255, 97]"
2673,84128c9ffffffff,45,0,0,"[0, 255, 0, 100]","[97, 255, 97]"
2674,84128d3ffffffff,52,0,0,"[0, 255, 0, 100]","[97, 255, 97]"
2675,84128d7ffffffff,21,0,0,"[0, 255, 0, 100]","[97, 255, 97]"
2676,84128e5ffffffff,121,0,0,"[0, 255, 0, 100]","[97, 255, 97]"
2677,8412909ffffffff,2,0,0,"[0, 255, 0, 100]","[97, 255, 97]"
2678,841290bffffffff,9,0,0,"[0, 255, 0, 100]","[97, 255, 97]"
2679,8412981ffffffff,297,0,0,"[0, 255, 0, 100]","[97, 255, 97]"
2680,8412983ffffffff,172,0,0,"[0, 255, 0, 100]","[97, 255, 97]"
2681,8412989ffffffff,340,0,0,"[0, 255, 0, 100]","[97, 255, 97]"
2682,841298bffffffff,1,0,0,"[0, 255, 0, 100]","[97, 255, 97]"
2683,8412993ffffffff,4,0,0,"[0, 255, 0, 100]","[97, 255, 97]"
2684,841299dffffffff,35,0,0,"[0, 255, 0, 100]","[97, 255, 97]"
2685,84129b9ffffffff,11,0,0,"[0, 255, 0, 100]","[97, 255, 97]"
2686,84129c1ffffffff,3,0,0,"[0, 255, 0, 100]","[97, 255, 97]"
2687,84129c3ffffffff,16,0,0,"[0, 255, 0, 100]","[97, 255, 97]"
2688,84129c7ffffffff,61,0,0,"[0, 255, 0, 100]","[97, 255, 97]"
2689,84129c9ffffffff,160,0,0,"[0, 255, 0, 100]","[97, 255, 97]"
2690,84129cbffffffff,122,0,0,"[0, 255, 0, 100]","[97, 255, 97]"
2691,84129cdffffffff,3,0,0,"[0, 255, 0, 100]","[97, 255, 97]"
2692,84129d1ffffffff,21,0,0,"[0, 255, 0, 100]","[97, 255, 97]"
2693,84129d5ffffffff,28,0,0,"[0, 255, 0, 100]","[97, 255, 97]"
2694,84129d7ffffffff,11,0,0,"[0, 255, 0, 100]","[97, 255, 97]"
2695,84129d9ffffffff,31,0,0,"[0, 255, 0, 100]","[97, 255, 97]"
2696,84129edffffffff,30,0,0,"[0, 255, 0, 100]","[97, 255, 97]"
2697,8412a03ffffffff,45,0,0,"[0, 255, 0, 100]","[97, 255, 97]"
2698,8412a0bffffffff,30,0,0,"[0, 255, 0, 100]","[97, 255, 97]"
2699,8412a11ffffffff,38,0,0,"[0, 255, 0, 100]","[97, 255, 97]"
2700,8412a15ffffffff,118,0,0,"[0, 255, 0, 100]","[97, 255, 97]"
2701,8412a17ffffffff,229,0,0,"[0, 255, 0, 100]","[97, 255, 97]"
2702,8412a1dffffffff,136,0,0,"[0, 255, 0, 100]","[97, 255, 97]"
2703,8412a41ffffffff,126,0,0,"[0, 255, 0, 100]","[97, 255, 97]"
2704,8412a4bffffffff,1,0,0,"[0, 255, 0, 100]","[97, 255, 97]"
2705,8412a4dffffffff,6,0,0,"[0, 255, 0, 100]","[97, 255, 97]"
2706,8412a6dffffffff,44,0,0,"[0, 255, 0, 100]","[97, 255, 97]"
2707,8412a97ffffffff,144,0,0,"[0, 255, 0, 100]","[97, 255, 97]"
2708,8412a9dffffffff,1,0,0,"[0, 255, 0, 100]","[97, 255, 97]"
2709,8412aa1ffffffff,23,0,0,"[0, 255, 0, 100]","[97, 255, 97]"
2710,8412aa3ffffffff,142,0,0,"[0, 255, 0, 100]","[97, 255, 97]"
2711,8412aa7ffffffff,1,0,0,"[0, 255, 0, 100]","[97, 255, 97]"
2712,8412aa9ffffffff,2,0,0,"[0, 255, 0, 100]","[97, 255, 97]"
2713,8412aabffffffff,8,0,0,"[0, 255, 0, 100]","[97, 255, 97]"
2714,8412aadffffffff,5,0,0,"[0, 255, 0, 100]","[97, 255, 97]"
2715,8412ab1ffffffff,197,0,0,"[0, 255, 0, 100]","[97, 255, 97]"
2716,8412ab3ffffffff,129,0,0,"[0, 255, 0, 100]","[97, 255, 97]"
2717,8412ab5ffffffff,100,0,0,"[0, 255, 0, 100]","[97, 255, 97]"
2718,8412ab9ffffffff,19,0,0,"[0, 255, 0, 100]","[97, 255, 97]"
2719,8412abbffffffff,104,0,0,"[0, 255, 0, 100]","[97, 255, 97]"
2720,8412abdffffffff,5,0,0,"[0, 255, 0, 100]","[97, 255, 97]"
2721,8412adbffffffff,2,0,0,"[0, 255, 0, 100]","[97, 255, 97]"
2722,8412ae9ffffffff,170,0,0,"[0, 255, 0, 100]","[97, 255, 97]"
2723,8412aebffffffff,10,0,0,"[0, 255, 0, 100]","[97, 255, 97]"
2724,8412b01ffffffff,84,0,0,"[0, 255, 0, 100]","[97, 255, 97]"
2725,8412b03ffffffff,123,0,0,"[0, 255, 0, 100]","[97, 255, 97]"
2726,8412b05ffffffff,63,0,0,"[0, 255, 0, 100]","[97, 255, 97]"
2727,8412b07ffffffff,185,0,0,"[0, 255, 0, 100]","[97, 255, 97]"
2728,8412b09ffffffff,1,0,0,"[0, 255, 0, 100]","[97, 255, 97]"
2729,8412b0bffffffff,7,0,0,"[0, 255, 0, 100]","[97, 255, 97]"
2730,8412b15ffffffff,42,0,0,"[0, 255, 0, 100]","[97, 255, 97]"
2731,8412b17ffffffff,30,0,0,"[0, 255, 0, 100]","[97, 255, 97]"
2732,8412b21ffffffff,21,0,0,"[0, 255, 0, 100]","[97, 255, 97]"
2733,8412b2bffffffff,18,0,0,"[0, 255, 0, 100]","[97, 255, 97]"
2734,8412b2dffffffff,5,0,0,"[0, 255, 0, 100]","[97, 255, 97]"
2735,8412b31ffffffff,123,0,0,"[0, 255, 0, 100]","[97, 255, 97]"
2736,8412b33ffffffff,185,0,0,"[0, 255, 0, 100]","[97, 255, 97]"
2737,8412b39ffffffff,333,0,0,"[0, 255, 0, 100]","[97, 255, 97]"
2738,8412b3bffffffff,29,0,0,"[0, 255, 0, 100]","[97, 255, 97]"
2739,8412b47ffffffff,14,0,0,"[0, 255, 0, 100]","[97, 255, 97]"
2740,8412b4bffffffff,81,0,0,"[0, 255, 0, 100]","[97, 255, 97]"
2741,8412b5dffffffff,12,0,0,"[0, 255, 0, 100]","[97, 255, 97]"
2742,8412b61ffffffff,228,0,0,"[0, 255, 0, 100]","[97, 255, 97]"
2743,8412b63ffffffff,140,0,0,"[0, 255, 0, 100]","[97, 255, 97]"
2744,8412b69ffffffff,90,0,0,"[0, 255, 0, 100]","[97, 255, 97]"
2745,8412c03ffffffff,10,0,0,"[0, 255, 0, 100]","[97, 255, 97]"
2746,8412c09ffffffff,12,0,0,"[0, 255, 0, 100]","[97, 255, 97]"
2747,8412c13ffffffff,7,0,0,"[0, 255, 0, 100]","[97, 255, 97]"
2748,8412c1bffffffff,70,0,0,"[0, 255, 0, 100]","[97, 255, 97]"
2749,8412c39ffffffff,39,0,0,"[0, 255, 0, 100]","[97, 255, 97]"
2750,8412c3bffffffff,8,0,0,"[0, 255, 0, 100]","[97, 255, 97]"
2751,8412c3dffffffff,1,0,0,"[0, 255, 0, 100]","[97, 255, 97]"
2752,8412c41ffffffff,3,0,0,"[0, 255, 0, 100]","[97, 255, 97]"
2753,8412c47ffffffff,30,0,0,"[0, 255, 0, 100]","[97, 255, 97]"
2754,8412c49ffffffff,23,0,0,"[0, 255, 0, 100]","[97, 255, 97]"
2755,8412c4bffffffff,42,0,0,"[0, 255, 0, 100]","[97, 255, 97]"
2756,8412c51ffffffff,48,0,0,"[0, 255, 0, 100]","[97, 255, 97]"
2757,8412c53ffffffff,59,0,0,"[0, 255, 0, 100]","[97, 255, 97]"
2758,8412c55ffffffff,5,0,0,"[0, 255, 0, 100]","[97, 255, 97]"
2759,8412c59ffffffff,130,0,0,"[0, 255, 0, 100]","[97, 255, 97]"
2760,8412c5dffffffff,9,0,0,"[0, 255, 0, 100]","[97, 255, 97]"
2761,8412c69ffffffff,53,0,0,"[0, 255, 0, 100]","[97, 255, 97]"
2762,8412c6bffffffff,38,0,0,"[0, 255, 0, 100]","[97, 255, 97]"
2763,8412c8bffffffff,2,0,0,"[0, 255, 0, 100]","[97, 255, 97]"
2764,8412c9dffffffff,2,0,0,"[0, 255, 0, 100]","[97, 255, 97]"
2765,8412cb3ffffffff,10,0,0,"[0, 255, 0, 100]","[97, 255, 97]"
2766,8412cb7ffffffff,3,0,0,"[0, 255, 0, 100]","[97, 255, 97]"
2767,8412cc9ffffffff,6,0,0,"[0, 255, 0, 100]","[97, 255, 97]"
2768,8412ccbffffffff,2,0,0,"[0, 255, 0, 100]","[97, 255, 97]"
2769,8412ccdffffffff,34,0,0,"[0, 255, 0, 100]","[97, 255, 97]"
2770,8412ce5ffffffff,75,0,0,"[0, 255, 0, 100]","[97, 255, 97]"
2771,8412d01ffffffff,1,0,0,"[0, 255, 0, 100]","[97, 255, 97]"
2772,8412d11ffffffff,149,0,0,"[0, 255, 0, 100]","[97, 255, 97]"
2773,8412d13ffffffff,2,0,0,"[0, 255, 0, 100]","[97, 255, 97]"
2774,8412d15ffffffff,106,0,0,"[0, 255, 0, 100]","[97, 255, 97]"
2775,8412d17ffffffff,76,0,0,"[0, 255, 0, 100]","[97, 255, 97]"
2776,8412d1bffffffff,12,0,0,"[0, 255, 0, 100]","[97, 255, 97]"
2777,8412d21ffffffff,27,0,0,"[0, 255, 0, 100]","[97, 255, 97]"
2778,8412d23ffffffff,38,0,0,"[0, 255, 0, 100]","[97, 255, 97]"
2779,8412d27ffffffff,53,0,0,"[0, 255, 0, 100]","[97, 255, 97]"
2780,8412d2bffffffff,77,0,0,"[0, 255, 0, 100]","[97, 255, 97]"
2781,8412d33ffffffff,10,0,0,"[0, 255, 0, 100]","[97, 255, 97]"
2782,8412d35ffffffff,45,0,0,"[0, 255, 0, 100]","[97, 255, 97]"
2783,8412d39ffffffff,51,0,0,"[0, 255, 0, 100]","[97, 255, 97]"
2784,8412d3bffffffff,15,0,0,"[0, 255, 0, 100]","[97, 255, 97]"
2785,8412d3dffffffff,65,0,0,"[0, 255, 0, 100]","[97, 255, 97]"
2786,8412d65ffffffff,73,0,0,"[0, 255, 0, 100]","[97, 255, 97]"
2787,8412d6dffffffff,65,0,0,"[0, 255, 0, 100]","[97, 255, 97]"
2788,8412d9dffffffff,6,0,0,"[0, 255, 0, 100]","[97, 255, 97]"
2789,8412da5ffffffff,18,0,0,"[0, 255, 0, 100]","[97, 255, 97]"
2790,8412da7ffffffff,19,0,0,"[0, 255, 0, 100]","[97, 255, 97]"
2791,8412db1ffffffff,22,0,0,"[0, 255, 0, 100]","[97, 255, 97]"
2792,8412db3ffffffff,109,0,0,"[0, 255, 0, 100]","[97, 255, 97]"
2793,8412db5ffffffff,85,0,0,"[0, 255, 0, 100]","[97, 255, 97]"
2794,8412db7ffffffff,272,0,0,"[0, 255, 0, 100]","[97, 255, 97]"
2795,8412dbbffffffff,3,0,0,"[0, 255, 0, 100]","[97, 255, 97]"
2796,8412dc7ffffffff,2,0,0,"[0, 255, 0, 100]","[97, 255, 97]"
2797,8412dcbffffffff,1,0,0,"[0, 255, 0, 100]","[97, 255, 97]"
2798,8412dd9ffffffff,46,0,0,"[0, 255, 0, 100]","[97, 255, 97]"
2799,8412ddbffffffff,45,0,0,"[0, 255, 0, 100]","[97, 255, 97]"
2800,8412dddffffffff,2,0,0,"[0, 255, 0, 100]","[97, 255, 97]"
2801,8412de5ffffffff,23,0,0,"[0, 255, 0, 100]","[97, 255, 97]"
2802,8412de9ffffffff,1,0,0,"[0, 255, 0, 100]","[97, 255, 97]"
2803,8412dedffffffff,59,0,0,"[0, 255, 0, 100]","[97, 255, 97]"
2804,8412e01ffffffff,34,0,0,"[0, 255, 0, 100]","[97, 255, 97]"
2805,8412e07ffffffff,4,0,0,"[0, 255, 0, 100]","[97, 255, 97]"
2806,8412e09ffffffff,54,0,0,"[0, 255, 0, 100]","[97, 255, 97]"
2807,8412e0dffffffff,49,0,0,"[0, 255, 0, 100]","[97, 255, 97]"
2808,8412e13ffffffff,6,0,0,"[0, 255, 0, 100]","[97, 255, 97]"
2809,8412e1bffffffff,27,0,0,"[0, 255, 0, 100]","[97, 255, 97]"
2810,8412e23ffffffff,43,0,0,"[0, 255, 0, 100]","[97, 255, 97]"
2811,8412e27ffffffff,2,0,0,"[0, 255, 0, 100]","[97, 255, 97]"
2812,8412e35ffffffff,9,0,0,"[0, 255, 0, 100]","[97, 255, 97]"
2813,8412e37ffffffff,1,0,0,"[0, 255, 0, 100]","[97, 255, 97]"
2814,8412e3dffffffff,1,0,0,"[0, 255, 0, 100]","[97, 255, 97]"
2815,8412e41ffffffff,46,0,0,"[0, 255, 0, 100]","[97, 255, 97]"
2816,8412e43ffffffff,138,0,0,"[0, 255, 0, 100]","[97, 255, 97]"
2817,8412e45ffffffff,9,0,0,"[0, 255, 0, 100]","[97, 255, 97]"
2818,8412e47ffffffff,171,0,0,"[0, 255, 0, 100]","[97, 255, 97]"
2819,8412e57ffffffff,26,0,0,"[0, 255, 0, 100]","[97, 255, 97]"
2820,8412e65ffffffff,24,0,0,"[0, 255, 0, 100]","[97, 255, 97]"
2821,8412e8dffffffff,35,0,0,"[0, 255, 0, 100]","[97, 255, 97]"
2822,8412e93ffffffff,5,0,0,"[0, 255, 0, 100]","[97, 255, 97]"
2823,8412ea3ffffffff,10,0,0,"[0, 255, 0, 100]","[97, 255, 97]"
2824,8412ea5ffffffff,7,0,0,"[0, 255, 0, 100]","[97, 255, 97]"
2825,8412ea7ffffffff,997,4,0.004012036,"[255, 0, 0, 100]","[255, 0, 0]"
2826,8412ea9ffffffff,89,0,0,"[0, 255, 0, 100]","[97, 255, 97]"
2827,8412eb1ffffffff,3,0,0,"[0, 255, 0, 100]","[97, 255, 97]"
2828,8412eb3ffffffff,20,0,0,"[0, 255, 0, 100]","[97, 255, 97]"
2829,8412eb9ffffffff,40,0,0,"[0, 255, 0, 100]","[97, 255, 97]"
2830,8412ebdffffffff,5,0,0,"[0, 255, 0, 100]","[97, 255, 97]"
2831,8412ec1ffffffff,76,0,0,"[0, 255, 0, 100]","[97, 255, 97]"
2832,8412ec5ffffffff,552,0,0,"[0, 255, 0, 100]","[97, 255, 97]"
2833,8412ec7ffffffff,40,0,0,"[0, 255, 0, 100]","[97, 255, 97]"
2834,8412ec9ffffffff,17,0,0,"[0, 255, 0, 100]","[97, 255, 97]"
2835,8412ecbffffffff,21,0,0,"[0, 255, 0, 100]","[97, 255, 97]"
2836,8412ecdffffffff,12,0,0,"[0, 255, 0, 100]","[97, 255, 97]"
2837,8412ed9ffffffff,1,0,0,"[0, 255, 0, 100]","[97, 255, 97]"
2838,8412ee3ffffffff,45,0,0,"[0, 255, 0, 100]","[97, 255, 97]"
2839,8412ee9ffffffff,3,0,0,"[0, 255, 0, 100]","[97, 255, 97]"
2840,8412eebffffffff,4,0,0,"[0, 255, 0, 100]","[97, 255, 97]"
2841,8412f03ffffffff,125,0,0,"[0, 255, 0, 100]","[97, 255, 97]"
2842,8412f09ffffffff,8,0,0,"[0, 255, 0, 100]","[97, 255, 97]"
2843,8412f0dffffffff,4,0,0,"[0, 255, 0, 100]","[97, 255, 97]"
2844,8412f13ffffffff,62,0,0,"[0, 255, 0, 100]","[97, 255, 97]"
2845,8412f15ffffffff,47,0,0,"[0, 255, 0, 100]","[97, 255, 97]"
2846,8412f17ffffffff,76,0,0,"[0, 255, 0, 100]","[97, 255, 97]"
2847,8412f19ffffffff,72,0,0,"[0, 255, 0, 100]","[97, 255, 97]"
2848,8412f1bffffffff,23,0,0,"[0, 255, 0, 100]","[97, 255, 97]"
2849,8412f1dffffffff,26,0,0,"[0, 255, 0, 100]","[97, 255, 97]"
2850,8412f37ffffffff,2,0,0,"[0, 255, 0, 100]","[97, 255, 97]"
2851,8412f39ffffffff,6,0,0,"[0, 255, 0, 100]","[97, 255, 97]"
2852,8412f3bffffffff,3,0,0,"[0, 255, 0, 100]","[97, 255, 97]"
2853,8412f45ffffffff,2,0,0,"[0, 255, 0, 100]","[97, 255, 97]"
2854,8412f53ffffffff,10,0,0,"[0, 255, 0, 100]","[97, 255, 97]"
2855,8412f65ffffffff,172,0,0,"[0, 255, 0, 100]","[97, 255, 97]"
2856,8412f69ffffffff,43,0,0,"[0, 255, 0, 100]","[97, 255, 97]"
2857,8412f6dffffffff,140,0,0,"[0, 255, 0, 100]","[97, 255, 97]"
2858,8413005ffffffff,28,0,0,"[0, 255, 0, 100]","[97, 255, 97]"
2859,8413027ffffffff,10,0,0,"[0, 255, 0, 100]","[97, 255, 97]"
2860,8413029ffffffff,1,0,0,"[0, 255, 0, 100]","[97, 255, 97]"
2861,8413041ffffffff,11,0,0,"[0, 255, 0, 100]","[97, 255, 97]"
2862,841304dffffffff,182,0,0,"[0, 255, 0, 100]","[97, 255, 97]"
2863,8413063ffffffff,5,0,0,"[0, 255, 0, 100]","[97, 255, 97]"
2864,8413085ffffffff,18,0,0,"[0, 255, 0, 100]","[97, 255, 97]"
2865,84130e7ffffffff,2,0,0,"[0, 255, 0, 100]","[97, 255, 97]"
2866,8413187ffffffff,1,0,0,"[0, 255, 0, 100]","[97, 255, 97]"
2867,84131a5ffffffff,78,0,0,"[0, 255, 0, 100]","[97, 255, 97]"
2868,84131b1ffffffff,174,0,0,"[0, 255, 0, 100]","[97, 255, 97]"
2869,84131b3ffffffff,135,0,0,"[0, 255, 0, 100]","[97, 255, 97]"
2870,84131b9ffffffff,106,0,0,"[0, 255, 0, 100]","[97, 255, 97]"
2871,84131c9ffffffff,121,0,0,"[0, 255, 0, 100]","[97, 255, 97]"
2872,84131cdffffffff,39,0,0,"[0, 255, 0, 100]","[97, 255, 97]"
2873,8413263ffffffff,80,0,0,"[0, 255, 0, 100]","[97, 255, 97]"
2874,8413267ffffffff,138,0,0,"[0, 255, 0, 100]","[97, 255, 97]"
2875,841328bffffffff,4,0,0,"[0, 255, 0, 100]","[97, 255, 97]"
2876,841329dffffffff,10,0,0,"[0, 255, 0, 100]","[97, 255, 97]"
2877,84132a9ffffffff,42,0,0,"[0, 255, 0, 100]","[97, 255, 97]"
2878,84132adffffffff,1,0,0,"[0, 255, 0, 100]","[97, 255, 97]"
2879,8413301ffffffff,143,0,0,"[0, 255, 0, 100]","[97, 255, 97]"
2880,841330dffffffff,60,0,0,"[0, 255, 0, 100]","[97, 255, 97]"
2881,8413311ffffffff,258,0,0,"[0, 255, 0, 100]","[97, 255, 97]"
2882,8413313ffffffff,31,0,0,"[0, 255, 0, 100]","[97, 255, 97]"
2883,841331bffffffff,142,0,0,"[0, 255, 0, 100]","[97, 255, 97]"
2884,8413361ffffffff,152,0,0,"[0, 255, 0, 100]","[97, 255, 97]"
2885,8413363ffffffff,166,0,0,"[0, 255, 0, 100]","[97, 255, 97]"
2886,841336dffffffff,162,0,0,"[0, 255, 0, 100]","[97, 255, 97]"
2887,8413407ffffffff,1,0,0,"[0, 255, 0, 100]","[97, 255, 97]"
2888,8413427ffffffff,51,0,0,"[0, 255, 0, 100]","[97, 255, 97]"
2889,8413429ffffffff,139,0,0,"[0, 255, 0, 100]","[97, 255, 97]"
2890,841342bffffffff,194,0,0,"[0, 255, 0, 100]","[97, 255, 97]"
2891,841343dffffffff,20,0,0,"[0, 255, 0, 100]","[97, 255, 97]"
2892,8413461ffffffff,87,0,0,"[0, 255, 0, 100]","[97, 255, 97]"
2893,8413467ffffffff,58,0,0,"[0, 255, 0, 100]","[97, 255, 97]"
2894,8413469ffffffff,24,0,0,"[0, 255, 0, 100]","[97, 255, 97]"
2895,841346dffffffff,38,0,0,"[0, 255, 0, 100]","[97, 255, 97]"
2896,841348dffffffff,20,0,0,"[0, 255, 0, 100]","[97, 255, 97]"
2897,84134a7ffffffff,22,0,0,"[0, 255, 0, 100]","[97, 255, 97]"
2898,84134d1ffffffff,87,0,0,"[0, 255, 0, 100]","[97, 255, 97]"
2899,84134d9ffffffff,39,0,0,"[0, 255, 0, 100]","[97, 255, 97]"
2900,84134dbffffffff,3,0,0,"[0, 255, 0, 100]","[97, 255, 97]"
2901,84134e1ffffffff,82,0,0,"[0, 255, 0, 100]","[97, 255, 97]"
2902,84134e3ffffffff,6,0,0,"[0, 255, 0, 100]","[97, 255, 97]"
2903,84134ebffffffff,108,0,0,"[0, 255, 0, 100]","[97, 255, 97]"
2904,84134edffffffff,6,0,0,"[0, 255, 0, 100]","[97, 255, 97]"
2905,8413501ffffffff,120,0,0,"[0, 255, 0, 100]","[97, 255, 97]"
2906,8413509ffffffff,79,0,0,"[0, 255, 0, 100]","[97, 255, 97]"
2907,841350bffffffff,143,0,0,"[0, 255, 0, 100]","[97, 255, 97]"
2908,8413511ffffffff,14,0,0,"[0, 255, 0, 100]","[97, 255, 97]"
2909,8413515ffffffff,58,0,0,"[0, 255, 0, 100]","[97, 255, 97]"
2910,841351dffffffff,17,0,0,"[0, 255, 0, 100]","[97, 255, 97]"
2911,8413529ffffffff,124,0,0,"[0, 255, 0, 100]","[97, 255, 97]"
2912,8413559ffffffff,1,0,0,"[0, 255, 0, 100]","[97, 255, 97]"
2913,8413567ffffffff,16,0,0,"[0, 255, 0, 100]","[97, 255, 97]"
2914,8413581ffffffff,118,0,0,"[0, 255, 0, 100]","[97, 255, 97]"
2915,8413587ffffffff,86,0,0,"[0, 255, 0, 100]","[97, 255, 97]"
2916,8413593ffffffff,7,0,0,"[0, 255, 0, 100]","[97, 255, 97]"
2917,84135abffffffff,45,0,0,"[0, 255, 0, 100]","[97, 255, 97]"
2918,84135b9ffffffff,24,0,0,"[0, 255, 0, 100]","[97, 255, 97]"
2919,84135bbffffffff,12,0,0,"[0, 255, 0, 100]","[97, 255, 97]"
2920,84135c5ffffffff,60,0,0,"[0, 255, 0, 100]","[97, 255, 97]"
2921,84135cdffffffff,34,0,0,"[0, 255, 0, 100]","[97, 255, 97]"
2922,8413603ffffffff,33,0,0,"[0, 255, 0, 100]","[97, 255, 97]"
2923,841360bffffffff,13,0,0,"[0, 255, 0, 100]","[97, 255, 97]"
2924,8413625ffffffff,13,0,0,"[0, 255, 0, 100]","[97, 255, 97]"
2925,8413651ffffffff,182,0,0,"[0, 255, 0, 100]","[97, 255, 97]"
2926,8413655ffffffff,51,0,0,"[0, 255, 0, 100]","[97, 255, 97]"
2927,8413657ffffffff,168,0,0,"[0, 255, 0, 100]","[97, 255, 97]"
2928,8413659ffffffff,50,0,0,"[0, 255, 0, 100]","[97, 255, 97]"
2929,841365dffffffff,75,0,0,"[0, 255, 0, 100]","[97, 255, 97]"
2930,8413695ffffffff,2,0,0,"[0, 255, 0, 100]","[97, 255, 97]"
2931,84136a1ffffffff,15,0,0,"[0, 255, 0, 100]","[97, 255, 97]"
2932,84136a3ffffffff,9,0,0,"[0, 255, 0, 100]","[97, 255, 97]"
2933,84136bbffffffff,8,0,0,"[0, 255, 0, 100]","[97, 255, 97]"
2934,84136dbffffffff,33,0,0,"[0, 255, 0, 100]","[97, 255, 97]"
2935,8413717ffffffff,90,0,0,"[0, 255, 0, 100]","[97, 255, 97]"
2936,8413733ffffffff,131,0,0,"[0, 255, 0, 100]","[97, 255, 97]"
2937,841373bffffffff,47,0,0,"[0, 255, 0, 100]","[97, 255, 97]"
2938,841373dffffffff,1,0,0,"[0, 255, 0, 100]","[97, 255, 97]"
2939,8413743ffffffff,32,0,0,"[0, 255, 0, 100]","[97, 255, 97]"
2940,8413805ffffffff,11,0,0,"[0, 255, 0, 100]","[97, 255, 97]"
2941,8413807ffffffff,75,0,0,"[0, 255, 0, 100]","[97, 255, 97]"
2942,8413809ffffffff,40,0,0,"[0, 255, 0, 100]","[97, 255, 97]"
2943,841380bffffffff,27,0,0,"[0, 255, 0, 100]","[97, 255, 97]"
2944,8413819ffffffff,6,0,0,"[0, 255, 0, 100]","[97, 255, 97]"
2945,8413821ffffffff,19,0,0,"[0, 255, 0, 100]","[97, 255, 97]"
2946,8413823ffffffff,131,0,0,"[0, 255, 0, 100]","[97, 255, 97]"
2947,8413825ffffffff,69,0,0,"[0, 255, 0, 100]","[97, 255, 97]"
2948,8413827ffffffff,80,0,0,"[0, 255, 0, 100]","[97, 255, 97]"
2949,8413829ffffffff,92,0,0,"[0, 255, 0, 100]","[97, 255, 97]"
2950,841382dffffffff,15,0,0,"[0, 255, 0, 100]","[97, 255, 97]"
2951,8413835ffffffff,40,0,0,"[0, 255, 0, 100]","[97, 255, 97]"
2952,8413839ffffffff,2,0,0,"[0, 255, 0, 100]","[97, 255, 97]"
2953,841383dffffffff,4,0,0,"[0, 255, 0, 100]","[97, 255, 97]"
2954,8413841ffffffff,20,0,0,"[0, 255, 0, 100]","[97, 255, 97]"
2955,8413849ffffffff,11,0,0,"[0, 255, 0, 100]","[97, 255, 97]"
2956,841384dffffffff,22,0,0,"[0, 255, 0, 100]","[97, 255, 97]"
2957,8413861ffffffff,83,0,0,"[0, 255, 0, 100]","[97, 255, 97]"
2958,8413863ffffffff,46,0,0,"[0, 255, 0, 100]","[97, 255, 97]"
2959,8413865ffffffff,203,0,0,"[0, 255, 0, 100]","[97, 255, 97]"
2960,8413867ffffffff,119,0,0,"[0, 255, 0, 100]","[97, 255, 97]"
2961,841386dffffffff,34,0,0,"[0, 255, 0, 100]","[97, 255, 97]"
2962,8413889ffffffff,115,0,0,"[0, 255, 0, 100]","[97, 255, 97]"
2963,841389bffffffff,4,0,0,"[0, 255, 0, 100]","[97, 255, 97]"
2964,84138adffffffff,4,0,0,"[0, 255, 0, 100]","[97, 255, 97]"
2965,84138c3ffffffff,52,0,0,"[0, 255, 0, 100]","[97, 255, 97]"
2966,84138c7ffffffff,249,0,0,"[0, 255, 0, 100]","[97, 255, 97]"
2967,84138c9ffffffff,8,0,0,"[0, 255, 0, 100]","[97, 255, 97]"
2968,8413901ffffffff,76,0,0,"[0, 255, 0, 100]","[97, 255, 97]"
2969,8413903ffffffff,125,0,0,"[0, 255, 0, 100]","[97, 255, 97]"
2970,8413905ffffffff,64,0,0,"[0, 255, 0, 100]","[97, 255, 97]"
2971,8413907ffffffff,17,0,0,"[0, 255, 0, 100]","[97, 255, 97]"
2972,8413911ffffffff,55,0,0,"[0, 255, 0, 100]","[97, 255, 97]"
2973,8413915ffffffff,124,0,0,"[0, 255, 0, 100]","[97, 255, 97]"
2974,8413917ffffffff,9,0,0,"[0, 255, 0, 100]","[97, 255, 97]"
2975,8413919ffffffff,9,0,0,"[0, 255, 0, 100]","[97, 255, 97]"
2976,841391bffffffff,89,0,0,"[0, 255, 0, 100]","[97, 255, 97]"
2977,8413923ffffffff,15,0,0,"[0, 255, 0, 100]","[97, 255, 97]"
2978,8413925ffffffff,21,0,0,"[0, 255, 0, 100]","[97, 255, 97]"
2979,8413927ffffffff,83,0,0,"[0, 255, 0, 100]","[97, 255, 97]"
2980,8413929ffffffff,72,0,0,"[0, 255, 0, 100]","[97, 255, 97]"
2981,841392bffffffff,14,0,0,"[0, 255, 0, 100]","[97, 255, 97]"
2982,841392dffffffff,72,0,0,"[0, 255, 0, 100]","[97, 255, 97]"
2983,841393dffffffff,31,0,0,"[0, 255, 0, 100]","[97, 255, 97]"
2984,8413949ffffffff,2,0,0,"[0, 255, 0, 100]","[97, 255, 97]"
2985,841394bffffffff,123,0,0,"[0, 255, 0, 100]","[97, 255, 97]"
2986,8413953ffffffff,38,0,0,"[0, 255, 0, 100]","[97, 255, 97]"
2987,8413959ffffffff,108,0,0,"[0, 255, 0, 100]","[97, 255, 97]"
2988,841395dffffffff,38,0,0,"[0, 255, 0, 100]","[97, 255, 97]"
2989,8413961ffffffff,106,0,0,"[0, 255, 0, 100]","[97, 255, 97]"
2990,8413963ffffffff,100,0,0,"[0, 255, 0, 100]","[97, 255, 97]"
2991,8413965ffffffff,168,0,0,"[0, 255, 0, 100]","[97, 255, 97]"
2992,8413967ffffffff,39,0,0,"[0, 255, 0, 100]","[97, 255, 97]"
2993,841396dffffffff,564,0,0,"[0, 255, 0, 100]","[97, 255, 97]"
2994,8413989ffffffff,42,0,0,"[0, 255, 0, 100]","[97, 255, 97]"
2995,8413995ffffffff,177,0,0,"[0, 255, 0, 100]","[97, 255, 97]"
2996,8413997ffffffff,47,0,0,"[0, 255, 0, 100]","[97, 255, 97]"
2997,841399dffffffff,39,0,0,"[0, 255, 0, 100]","[97, 255, 97]"
2998,84139a5ffffffff,1,0,0,"[0, 255, 0, 100]","[97, 255, 97]"
2999,84139a7ffffffff,23,0,0,"[0, 255, 0, 100]","[97, 255, 97]"
3000,84139c5ffffffff,4,0,0,"[0, 255, 0, 100]","[97, 255, 97]"
3001,84139c7ffffffff,1,0,0,"[0, 255, 0, 100]","[97, 255, 97]"
3002,84139c9ffffffff,198,0,0,"[0, 255, 0, 100]","[97, 255, 97]"
3003,84139cbffffffff,148,0,0,"[0, 255, 0, 100]","[97, 255, 97]"
3004,84139cdffffffff,31,0,0,"[0, 255, 0, 100]","[97, 255, 97]"
3005,84139d1ffffffff,7,0,0,"[0, 255, 0, 100]","[97, 255, 97]"
3006,84139dbffffffff,8,0,0,"[0, 255, 0, 100]","[97, 255, 97]"
3007,84139ddffffffff,21,0,0,"[0, 255, 0, 100]","[97, 255, 97]"
3008,84139e1ffffffff,21,0,0,"[0, 255, 0, 100]","[97, 255, 97]"
3009,84139e9ffffffff,32,0,0,"[0, 255, 0, 100]","[97, 255, 97]"
3010,84139edffffffff,286,0,0,"[0, 255, 0, 100]","[97, 255, 97]"
3011,8413a05ffffffff,122,0,0,"[0, 255, 0, 100]","[97, 255, 97]"
3012,8413a0dffffffff,167,0,0,"[0, 255, 0, 100]","[97, 255, 97]"
3013,8413a27ffffffff,70,0,0,"[0, 255, 0, 100]","[97, 255, 97]"
3014,8413a61ffffffff,111,0,0,"[0, 255, 0, 100]","[97, 255, 97]"
3015,8413ab5ffffffff,6,0,0,"[0, 255, 0, 100]","[97, 255, 97]"
3016,8413ac5ffffffff,93,0,0,"[0, 255, 0, 100]","[97, 255, 97]"
3017,8413ad3ffffffff,89,0,0,"[0, 255, 0, 100]","[97, 255, 97]"
3018,8413ad7ffffffff,12,0,0,"[0, 255, 0, 100]","[97, 255, 97]"
3019,8413ae9ffffffff,14,0,0,"[0, 255, 0, 100]","[97, 255, 97]"
3020,8413b09ffffffff,2,0,0,"[0, 255, 0, 100]","[97, 255, 97]"
3021,8413b0bffffffff,17,0,0,"[0, 255, 0, 100]","[97, 255, 97]"
3022,8413b23ffffffff,33,0,0,"[0, 255, 0, 100]","[97, 255, 97]"
3023,8413b25ffffffff,428,0,0,"[0, 255, 0, 100]","[97, 255, 97]"
3024,8413b27ffffffff,303,0,0,"[0, 255, 0, 100]","[97, 255, 97]"
3025,8413b29ffffffff,6,0,0,"[0, 255, 0, 100]","[97, 255, 97]"
3026,8413b33ffffffff,182,0,0,"[0, 255, 0, 100]","[97, 255, 97]"
3027,8413b37ffffffff,133,0,0,"[0, 255, 0, 100]","[97, 255, 97]"
3028,8413b49ffffffff,228,0,0,"[0, 255, 0, 100]","[97, 255, 97]"
3029,8413b4bffffffff,47,0,0,"[0, 255, 0, 100]","[97, 255, 97]"
3030,8413b55ffffffff,6,0,0,"[0, 255, 0, 100]","[97, 255, 97]"
3031,8413b61ffffffff,26,0,0,"[0, 255, 0, 100]","[97, 255, 97]"
3032,8413b65ffffffff,61,0,0,"[0, 255, 0, 100]","[97, 255, 97]"
3033,8413b69ffffffff,164,0,0,"[0, 255, 0, 100]","[97, 255, 97]"
3034,841400dffffffff,7,0,0,"[0, 255, 0, 100]","[97, 255, 97]"
3035,8414181ffffffff,25,0,0,"[0, 255, 0, 100]","[97, 255, 97]"
3036,8414185ffffffff,66,0,0,"[0, 255, 0, 100]","[97, 255, 97]"
3037,8414241ffffffff,113,0,0,"[0, 255, 0, 100]","[97, 255, 97]"
3038,8414247ffffffff,158,0,0,"[0, 255, 0, 100]","[97, 255, 97]"
3039,841431dffffffff,10,0,0,"[0, 255, 0, 100]","[97, 255, 97]"
3040,8414493ffffffff,40,0,0,"[0, 255, 0, 100]","[97, 255, 97]"
3041,84148d3ffffffff,3,0,0,"[0, 255, 0, 100]","[97, 255, 97]"
3042,84148d7ffffffff,98,0,0,"[0, 255, 0, 100]","[97, 255, 97]"
3043,84148dbffffffff,55,0,0,"[0, 255, 0, 100]","[97, 255, 97]"
3044,8414901ffffffff,140,0,0,"[0, 255, 0, 100]","[97, 255, 97]"
3045,8414903ffffffff,3,0,0,"[0, 255, 0, 100]","[97, 255, 97]"
3046,8414905ffffffff,1,0,0,"[0, 255, 0, 100]","[97, 255, 97]"
3047,841490dffffffff,40,0,0,"[0, 255, 0, 100]","[97, 255, 97]"
3048,8414961ffffffff,120,0,0,"[0, 255, 0, 100]","[97, 255, 97]"
3049,8414963ffffffff,5,0,0,"[0, 255, 0, 100]","[97, 255, 97]"
3050,8414969ffffffff,55,0,0,"[0, 255, 0, 100]","[97, 255, 97]"
3051,841496dffffffff,122,0,0,"[0, 255, 0, 100]","[97, 255, 97]"
3052,8414a95ffffffff,9,0,0,"[0, 255, 0, 100]","[97, 255, 97]"
3053,8414ab3ffffffff,42,0,0,"[0, 255, 0, 100]","[97, 255, 97]"
3054,8414abbffffffff,13,0,0,"[0, 255, 0, 100]","[97, 255, 97]"
3055,8414c19ffffffff,1,0,0,"[0, 255, 0, 100]","[97, 255, 97]"
3056,8414d0bffffffff,10,0,0,"[0, 255, 0, 100]","[97, 255, 97]"
3057,8414d65ffffffff,107,0,0,"[0, 255, 0, 100]","[97, 255, 97]"
3058,8414f65ffffffff,277,0,0,"[0, 255, 0, 100]","[97, 255, 97]"
3059,8414f6dffffffff,86,0,0,"[0, 255, 0, 100]","[97, 255, 97]"
3060,841505dffffffff,1,0,0,"[0, 255, 0, 100]","[97, 255, 97]"
3061,8415237ffffffff,110,0,0,"[0, 255, 0, 100]","[97, 255, 97]"
3062,8415255ffffffff,9,0,0,"[0, 255, 0, 100]","[97, 255, 97]"
3063,8415265ffffffff,10,0,0,"[0, 255, 0, 100]","[97, 255, 97]"
3064,84152b9ffffffff,8,0,0,"[0, 255, 0, 100]","[97, 255, 97]"
3065,8415335ffffffff,15,0,0,"[0, 255, 0, 100]","[97, 255, 97]"
3066,841533dffffffff,73,0,0,"[0, 255, 0, 100]","[97, 255, 97]"
3067,841534dffffffff,6,0,0,"[0, 255, 0, 100]","[97, 255, 97]"
3068,84154ddffffffff,75,0,0,"[0, 255, 0, 100]","[97, 255, 97]"
3069,8415559ffffffff,17,0,0,"[0, 255, 0, 100]","[97, 255, 97]"
3070,841555bffffffff,7,0,0,"[0, 255, 0, 100]","[97, 255, 97]"
3071,8415601ffffffff,116,0,0,"[0, 255, 0, 100]","[97, 255, 97]"
3072,8415605ffffffff,8,0,0,"[0, 255, 0, 100]","[97, 255, 97]"
3073,841560dffffffff,1,0,0,"[0, 255, 0, 100]","[97, 255, 97]"
3074,84156a9ffffffff,26,0,0,"[0, 255, 0, 100]","[97, 255, 97]"
3075,84156dbffffffff,40,0,0,"[0, 255, 0, 100]","[97, 255, 97]"
3076,8415711ffffffff,27,0,0,"[0, 255, 0, 100]","[97, 255, 97]"
3077,8415717ffffffff,81,0,0,"[0, 255, 0, 100]","[97, 255, 97]"
3078,8416091ffffffff,25,0,0,"[0, 255, 0, 100]","[97, 255, 97]"
3079,8416093ffffffff,84,0,0,"[0, 255, 0, 100]","[97, 255, 97]"
3080,8416095ffffffff,32,0,0,"[0, 255, 0, 100]","[97, 255, 97]"
3081,8416097ffffffff,26,0,0,"[0, 255, 0, 100]","[97, 255, 97]"
3082,841609bffffffff,273,0,0,"[0, 255, 0, 100]","[97, 255, 97]"
3083,84160a3ffffffff,57,0,0,"[0, 255, 0, 100]","[97, 255, 97]"
3084,84160b1ffffffff,143,0,0,"[0, 255, 0, 100]","[97, 255, 97]"
3085,84160b5ffffffff,134,0,0,"[0, 255, 0, 100]","[97, 255, 97]"
3086,84160bbffffffff,403,0,0,"[0, 255, 0, 100]","[97, 255, 97]"
3087,84160bdffffffff,94,0,0,"[0, 255, 0, 100]","[97, 255, 97]"
3088,8416161ffffffff,153,0,0,"[0, 255, 0, 100]","[97, 255, 97]"
3089,8416165ffffffff,9,0,0,"[0, 255, 0, 100]","[97, 255, 97]"
3090,8416183ffffffff,101,0,0,"[0, 255, 0, 100]","[97, 255, 97]"
3091,8416187ffffffff,165,0,0,"[0, 255, 0, 100]","[97, 255, 97]"
3092,8416191ffffffff,317,0,0,"[0, 255, 0, 100]","[97, 255, 97]"
3093,8416195ffffffff,139,0,0,"[0, 255, 0, 100]","[97, 255, 97]"
3094,841619bffffffff,30,0,0,"[0, 255, 0, 100]","[97, 255, 97]"
3095,84161a1ffffffff,191,0,0,"[0, 255, 0, 100]","[97, 255, 97]"
3096,84161a5ffffffff,464,0,0,"[0, 255, 0, 100]","[97, 255, 97]"
3097,84161a7ffffffff,161,0,0,"[0, 255, 0, 100]","[97, 255, 97]"
3098,84161abffffffff,168,0,0,"[0, 255, 0, 100]","[97, 255, 97]"
3099,84161b3ffffffff,31,0,0,"[0, 255, 0, 100]","[97, 255, 97]"
3100,84161b7ffffffff,6,0,0,"[0, 255, 0, 100]","[97, 255, 97]"
3101,84161b9ffffffff,67,0,0,"[0, 255, 0, 100]","[97, 255, 97]"
3102,8416401ffffffff,56,0,0,"[0, 255, 0, 100]","[97, 255, 97]"
3103,8416405ffffffff,83,0,0,"[0, 255, 0, 100]","[97, 255, 97]"
3104,841640bffffffff,282,0,0,"[0, 255, 0, 100]","[97, 255, 97]"
3105,8416411ffffffff,134,0,0,"[0, 255, 0, 100]","[97, 255, 97]"
3106,8416415ffffffff,57,0,0,"[0, 255, 0, 100]","[97, 255, 97]"
3107,8416419ffffffff,4,0,0,"[0, 255, 0, 100]","[97, 255, 97]"
3108,841641bffffffff,172,0,0,"[0, 255, 0, 100]","[97, 255, 97]"
3109,8416423ffffffff,195,0,0,"[0, 255, 0, 100]","[97, 255, 97]"
3110,8416427ffffffff,162,0,0,"[0, 255, 0, 100]","[97, 255, 97]"
3111,8416429ffffffff,80,0,0,"[0, 255, 0, 100]","[97, 255, 97]"
3112,841642dffffffff,85,0,0,"[0, 255, 0, 100]","[97, 255, 97]"
3113,8416439ffffffff,28,0,0,"[0, 255, 0, 100]","[97, 255, 97]"
3114,841643dffffffff,8,0,0,"[0, 255, 0, 100]","[97, 255, 97]"
3115,8416449ffffffff,53,0,0,"[0, 255, 0, 100]","[97, 255, 97]"
3116,841644dffffffff,55,0,0,"[0, 255, 0, 100]","[97, 255, 97]"
3117,8416453ffffffff,256,0,0,"[0, 255, 0, 100]","[97, 255, 97]"
3118,8416457ffffffff,309,0,0,"[0, 255, 0, 100]","[97, 255, 97]"
3119,8416481ffffffff,27,0,0,"[0, 255, 0, 100]","[97, 255, 97]"
3120,8416485ffffffff,132,0,0,"[0, 255, 0, 100]","[97, 255, 97]"
3121,841649bffffffff,91,0,0,"[0, 255, 0, 100]","[97, 255, 97]"
3122,84164b1ffffffff,50,0,0,"[0, 255, 0, 100]","[97, 255, 97]"
3123,84164b3ffffffff,36,0,0,"[0, 255, 0, 100]","[97, 255, 97]"
3124,84164bbffffffff,100,0,0,"[0, 255, 0, 100]","[97, 255, 97]"
3125,84164c5ffffffff,16,0,0,"[0, 255, 0, 100]","[97, 255, 97]"
3126,84164c7ffffffff,6,0,0,"[0, 255, 0, 100]","[97, 255, 97]"
3127,84164cbffffffff,96,0,0,"[0, 255, 0, 100]","[97, 255, 97]"
3128,84164d9ffffffff,109,0,0,"[0, 255, 0, 100]","[97, 255, 97]"
3129,84164dbffffffff,136,0,0,"[0, 255, 0, 100]","[97, 255, 97]"
3130,84164ddffffffff,120,0,0,"[0, 255, 0, 100]","[97, 255, 97]"
3131,84164e3ffffffff,146,0,0,"[0, 255, 0, 100]","[97, 255, 97]"
3132,84164e5ffffffff,8,0,0,"[0, 255, 0, 100]","[97, 255, 97]"
3133,84164e7ffffffff,120,0,0,"[0, 255, 0, 100]","[97, 255, 97]"
3134,84164ebffffffff,4,0,0,"[0, 255, 0, 100]","[97, 255, 97]"
3135,8416501ffffffff,66,0,0,"[0, 255, 0, 100]","[97, 255, 97]"
3136,8416505ffffffff,7,0,0,"[0, 255, 0, 100]","[97, 255, 97]"
3137,841650bffffffff,148,0,0,"[0, 255, 0, 100]","[97, 255, 97]"
3138,8416517ffffffff,1,0,0,"[0, 255, 0, 100]","[97, 255, 97]"
3139,841651bffffffff,105,0,0,"[0, 255, 0, 100]","[97, 255, 97]"
3140,8416521ffffffff,6,0,0,"[0, 255, 0, 100]","[97, 255, 97]"
3141,8416525ffffffff,38,0,0,"[0, 255, 0, 100]","[97, 255, 97]"
3142,8416529ffffffff,190,0,0,"[0, 255, 0, 100]","[97, 255, 97]"
3143,841652dffffffff,17,0,0,"[0, 255, 0, 100]","[97, 255, 97]"
3144,8416533ffffffff,3,0,0,"[0, 255, 0, 100]","[97, 255, 97]"
3145,8416537ffffffff,20,0,0,"[0, 255, 0, 100]","[97, 255, 97]"
3146,8416541ffffffff,6,0,0,"[0, 255, 0, 100]","[97, 255, 97]"
3147,8416545ffffffff,6,0,0,"[0, 255, 0, 100]","[97, 255, 97]"
3148,841654dffffffff,160,0,0,"[0, 255, 0, 100]","[97, 255, 97]"
3149,8416553ffffffff,22,0,0,"[0, 255, 0, 100]","[97, 255, 97]"
3150,8416557ffffffff,131,0,0,"[0, 255, 0, 100]","[97, 255, 97]"
3151,8416561ffffffff,36,0,0,"[0, 255, 0, 100]","[97, 255, 97]"
3152,8416563ffffffff,2,0,0,"[0, 255, 0, 100]","[97, 255, 97]"
3153,8416565ffffffff,1,0,0,"[0, 255, 0, 100]","[97, 255, 97]"
3154,841656bffffffff,2,0,0,"[0, 255, 0, 100]","[97, 255, 97]"
3155,8416597ffffffff,76,0,0,"[0, 255, 0, 100]","[97, 255, 97]"
3156,8416599ffffffff,15,0,0,"[0, 255, 0, 100]","[97, 255, 97]"
3157,841659dffffffff,36,0,0,"[0, 255, 0, 100]","[97, 255, 97]"
3158,84165a1ffffffff,27,0,0,"[0, 255, 0, 100]","[97, 255, 97]"
3159,84165a3ffffffff,1,0,0,"[0, 255, 0, 100]","[97, 255, 97]"
3160,84165a5ffffffff,211,0,0,"[0, 255, 0, 100]","[97, 255, 97]"
3161,84165a9ffffffff,4,0,0,"[0, 255, 0, 100]","[97, 255, 97]"
3162,84165bbffffffff,90,0,0,"[0, 255, 0, 100]","[97, 255, 97]"
3163,84165dbffffffff,3,0,0,"[0, 255, 0, 100]","[97, 255, 97]"
3164,84165e7ffffffff,148,0,0,"[0, 255, 0, 100]","[97, 255, 97]"
3165,8416609ffffffff,32,0,0,"[0, 255, 0, 100]","[97, 255, 97]"
3166,841660bffffffff,59,0,0,"[0, 255, 0, 100]","[97, 255, 97]"
3167,8416611ffffffff,2,0,0,"[0, 255, 0, 100]","[97, 255, 97]"
3168,8416615ffffffff,60,0,0,"[0, 255, 0, 100]","[97, 255, 97]"
3169,8416617ffffffff,2,0,0,"[0, 255, 0, 100]","[97, 255, 97]"
3170,841661bffffffff,15,0,0,"[0, 255, 0, 100]","[97, 255, 97]"
3171,8416623ffffffff,189,0,0,"[0, 255, 0, 100]","[97, 255, 97]"
3172,8416625ffffffff,13,0,0,"[0, 255, 0, 100]","[97, 255, 97]"
3173,8416627ffffffff,180,0,0,"[0, 255, 0, 100]","[97, 255, 97]"
3174,8416635ffffffff,49,0,0,"[0, 255, 0, 100]","[97, 255, 97]"
3175,8416639ffffffff,131,0,0,"[0, 255, 0, 100]","[97, 255, 97]"
3176,841663bffffffff,7,0,0,"[0, 255, 0, 100]","[97, 255, 97]"
3177,841663dffffffff,276,0,0,"[0, 255, 0, 100]","[97, 255, 97]"
3178,8416655ffffffff,38,0,0,"[0, 255, 0, 100]","[97, 255, 97]"
3179,8416681ffffffff,114,0,0,"[0, 255, 0, 100]","[97, 255, 97]"
3180,8416683ffffffff,45,0,0,"[0, 255, 0, 100]","[97, 255, 97]"
3181,8416685ffffffff,103,0,0,"[0, 255, 0, 100]","[97, 255, 97]"
3182,8416687ffffffff,68,0,0,"[0, 255, 0, 100]","[97, 255, 97]"
3183,841668bffffffff,67,0,0,"[0, 255, 0, 100]","[97, 255, 97]"
3184,8416699ffffffff,72,0,0,"[0, 255, 0, 100]","[97, 255, 97]"
3185,841669dffffffff,29,0,0,"[0, 255, 0, 100]","[97, 255, 97]"
3186,84166a1ffffffff,37,0,0,"[0, 255, 0, 100]","[97, 255, 97]"
3187,84166a3ffffffff,21,0,0,"[0, 255, 0, 100]","[97, 255, 97]"
3188,84166a5ffffffff,31,0,0,"[0, 255, 0, 100]","[97, 255, 97]"
3189,84166a7ffffffff,216,0,0,"[0, 255, 0, 100]","[97, 255, 97]"
3190,84166a9ffffffff,110,0,0,"[0, 255, 0, 100]","[97, 255, 97]"
3191,84166abffffffff,35,0,0,"[0, 255, 0, 100]","[97, 255, 97]"
3192,84166adffffffff,283,0,0,"[0, 255, 0, 100]","[97, 255, 97]"
3193,84166cbffffffff,69,0,0,"[0, 255, 0, 100]","[97, 255, 97]"
3194,84166cdffffffff,27,0,0,"[0, 255, 0, 100]","[97, 255, 97]"
3195,84166d3ffffffff,79,0,0,"[0, 255, 0, 100]","[97, 255, 97]"
3196,84166d7ffffffff,80,0,0,"[0, 255, 0, 100]","[97, 255, 97]"
3197,84166ddffffffff,11,0,0,"[0, 255, 0, 100]","[97, 255, 97]"
3198,8416711ffffffff,27,0,0,"[0, 255, 0, 100]","[97, 255, 97]"
3199,8416713ffffffff,14,0,0,"[0, 255, 0, 100]","[97, 255, 97]"
3200,8416715ffffffff,1,0,0,"[0, 255, 0, 100]","[97, 255, 97]"
3201,8416719ffffffff,24,0,0,"[0, 255, 0, 100]","[97, 255, 97]"
3202,841671bffffffff,207,0,0,"[0, 255, 0, 100]","[97, 255, 97]"
3203,841671dffffffff,20,0,0,"[0, 255, 0, 100]","[97, 255, 97]"
3204,8416723ffffffff,295,0,0,"[0, 255, 0, 100]","[97, 255, 97]"
3205,8416727ffffffff,83,0,0,"[0, 255, 0, 100]","[97, 255, 97]"
3206,8416731ffffffff,4,0,0,"[0, 255, 0, 100]","[97, 255, 97]"
3207,8416735ffffffff,7,0,0,"[0, 255, 0, 100]","[97, 255, 97]"
3208,8416739ffffffff,232,0,0,"[0, 255, 0, 100]","[97, 255, 97]"
3209,841673bffffffff,3,0,0,"[0, 255, 0, 100]","[97, 255, 97]"
3210,841673dffffffff,82,0,0,"[0, 255, 0, 100]","[97, 255, 97]"
3211,8416801ffffffff,98,0,0,"[0, 255, 0, 100]","[97, 255, 97]"
3212,8416803ffffffff,106,0,0,"[0, 255, 0, 100]","[97, 255, 97]"
3213,8416805ffffffff,1,0,0,"[0, 255, 0, 100]","[97, 255, 97]"
3214,8416807ffffffff,108,0,0,"[0, 255, 0, 100]","[97, 255, 97]"
3215,8416809ffffffff,276,0,0,"[0, 255, 0, 100]","[97, 255, 97]"
3216,841680dffffffff,320,0,0,"[0, 255, 0, 100]","[97, 255, 97]"
3217,8416815ffffffff,27,0,0,"[0, 255, 0, 100]","[97, 255, 97]"
3218,841681bffffffff,2,0,0,"[0, 255, 0, 100]","[97, 255, 97]"
3219,841681dffffffff,34,0,0,"[0, 255, 0, 100]","[97, 255, 97]"
3220,8416821ffffffff,118,0,0,"[0, 255, 0, 100]","[97, 255, 97]"
3221,8416825ffffffff,13,0,0,"[0, 255, 0, 100]","[97, 255, 97]"
3222,8416829ffffffff,230,0,0,"[0, 255, 0, 100]","[97, 255, 97]"
3223,841682bffffffff,121,0,0,"[0, 255, 0, 100]","[97, 255, 97]"
3224,841682dffffffff,89,0,0,"[0, 255, 0, 100]","[97, 255, 97]"
3225,8416831ffffffff,20,0,0,"[0, 255, 0, 100]","[97, 255, 97]"
3226,8416833ffffffff,66,0,0,"[0, 255, 0, 100]","[97, 255, 97]"
3227,8416835ffffffff,108,0,0,"[0, 255, 0, 100]","[97, 255, 97]"
3228,8416837ffffffff,3,0,0,"[0, 255, 0, 100]","[97, 255, 97]"
3229,841683bffffffff,16,0,0,"[0, 255, 0, 100]","[97, 255, 97]"
3230,8416851ffffffff,122,0,0,"[0, 255, 0, 100]","[97, 255, 97]"
3231,8416855ffffffff,422,0,0,"[0, 255, 0, 100]","[97, 255, 97]"
3232,841685bffffffff,193,0,0,"[0, 255, 0, 100]","[97, 255, 97]"
3233,8416861ffffffff,88,0,0,"[0, 255, 0, 100]","[97, 255, 97]"
3234,8416863ffffffff,179,0,0,"[0, 255, 0, 100]","[97, 255, 97]"
3235,8416865ffffffff,116,0,0,"[0, 255, 0, 100]","[97, 255, 97]"
3236,8416867ffffffff,106,0,0,"[0, 255, 0, 100]","[97, 255, 97]"
3237,841686bffffffff,6,0,0,"[0, 255, 0, 100]","[97, 255, 97]"
3238,84168c1ffffffff,140,0,0,"[0, 255, 0, 100]","[97, 255, 97]"
3239,84168c3ffffffff,6,0,0,"[0, 255, 0, 100]","[97, 255, 97]"
3240,84168c5ffffffff,106,0,0,"[0, 255, 0, 100]","[97, 255, 97]"
3241,84168cbffffffff,123,0,0,"[0, 255, 0, 100]","[97, 255, 97]"
3242,84168d9ffffffff,332,0,0,"[0, 255, 0, 100]","[97, 255, 97]"
3243,84168ddffffffff,104,0,0,"[0, 255, 0, 100]","[97, 255, 97]"
3244,84168e3ffffffff,23,0,0,"[0, 255, 0, 100]","[97, 255, 97]"
3245,84168e7ffffffff,7,0,0,"[0, 255, 0, 100]","[97, 255, 97]"
3246,84168e9ffffffff,83,0,0,"[0, 255, 0, 100]","[97, 255, 97]"
3247,84168edffffffff,34,0,0,"[0, 255, 0, 100]","[97, 255, 97]"
3248,841690bffffffff,9,0,0,"[0, 255, 0, 100]","[97, 255, 97]"
3249,8416913ffffffff,233,0,0,"[0, 255, 0, 100]","[97, 255, 97]"
3250,8416915ffffffff,75,30,0.4,"[0, 255, 0, 100]","[97, 255, 97]"
3251,8416917ffffffff,52,0,0,"[0, 255, 0, 100]","[97, 255, 97]"
3252,8416927ffffffff,14,0,0,"[0, 255, 0, 100]","[97, 255, 97]"
3253,841692dffffffff,1,0,0,"[0, 255, 0, 100]","[97, 255, 97]"
3254,8416939ffffffff,41,30,0.731707317,"[0, 255, 0, 100]","[97, 255, 97]"
3255,841693bffffffff,47,42,0.893617021,"[0, 255, 0, 100]","[97, 255, 97]"
3256,841693dffffffff,1,0,0,"[0, 255, 0, 100]","[97, 255, 97]"
3257,8416943ffffffff,1,0,0,"[0, 255, 0, 100]","[97, 255, 97]"
3258,8416945ffffffff,10,0,0,"[0, 255, 0, 100]","[97, 255, 97]"
3259,841695bffffffff,147,0,0,"[0, 255, 0, 100]","[97, 255, 97]"
3260,841695dffffffff,13,0,0,"[0, 255, 0, 100]","[97, 255, 97]"
3261,8416969ffffffff,9,0,0,"[0, 255, 0, 100]","[97, 255, 97]"
3262,841696dffffffff,213,0,0,"[0, 255, 0, 100]","[97, 255, 97]"
3263,84169b9ffffffff,24,0,0,"[0, 255, 0, 100]","[97, 255, 97]"
3264,84169bbffffffff,90,1,0.011111111,"[255, 0, 0, 100]","[255, 0, 0]"
3265,84169c1ffffffff,39,0,0,"[0, 255, 0, 100]","[97, 255, 97]"
3266,84169c5ffffffff,2,0,0,"[0, 255, 0, 100]","[97, 255, 97]"
3267,84169c7ffffffff,2,0,0,"[0, 255, 0, 100]","[97, 255, 97]"
3268,84169c9ffffffff,161,0,0,"[0, 255, 0, 100]","[97, 255, 97]"
3269,84169cbffffffff,54,0,0,"[0, 255, 0, 100]","[97, 255, 97]"
3270,84169cdffffffff,265,0,0,"[0, 255, 0, 100]","[97, 255, 97]"
3271,84169d1ffffffff,39,0,0,"[0, 255, 0, 100]","[97, 255, 97]"
3272,84169dbffffffff,50,0,0,"[0, 255, 0, 100]","[97, 255, 97]"
3273,8416a81ffffffff,91,0,0,"[0, 255, 0, 100]","[97, 255, 97]"
3274,8416a85ffffffff,205,0,0,"[0, 255, 0, 100]","[97, 255, 97]"
3275,8416a8bffffffff,288,0,0,"[0, 255, 0, 100]","[97, 255, 97]"
3276,8416a91ffffffff,157,0,0,"[0, 255, 0, 100]","[97, 255, 97]"
3277,8416a93ffffffff,24,0,0,"[0, 255, 0, 100]","[97, 255, 97]"
3278,8416a95ffffffff,8,0,0,"[0, 255, 0, 100]","[97, 255, 97]"
3279,8416a97ffffffff,84,0,0,"[0, 255, 0, 100]","[97, 255, 97]"
3280,8416a99ffffffff,288,0,0,"[0, 255, 0, 100]","[97, 255, 97]"
3281,8416a9bffffffff,89,0,0,"[0, 255, 0, 100]","[97, 255, 97]"
3282,8416a9dffffffff,89,0,0,"[0, 255, 0, 100]","[97, 255, 97]"
3283,8416aa3ffffffff,39,0,0,"[0, 255, 0, 100]","[97, 255, 97]"
3284,8416aa7ffffffff,84,0,0,"[0, 255, 0, 100]","[97, 255, 97]"
3285,8416aa9ffffffff,6,0,0,"[0, 255, 0, 100]","[97, 255, 97]"
3286,8416aadffffffff,11,0,0,"[0, 255, 0, 100]","[97, 255, 97]"
3287,8416ab1ffffffff,1,0,0,"[0, 255, 0, 100]","[97, 255, 97]"
3288,8416ab7ffffffff,4,0,0,"[0, 255, 0, 100]","[97, 255, 97]"
3289,8416ab9ffffffff,1,0,0,"[0, 255, 0, 100]","[97, 255, 97]"
3290,8416abbffffffff,64,0,0,"[0, 255, 0, 100]","[97, 255, 97]"
3291,8416abdffffffff,37,0,0,"[0, 255, 0, 100]","[97, 255, 97]"
3292,8416ad3ffffffff,34,0,0,"[0, 255, 0, 100]","[97, 255, 97]"
3293,8416ad7ffffffff,333,0,0,"[0, 255, 0, 100]","[97, 255, 97]"
3294,8416c81ffffffff,14,0,0,"[0, 255, 0, 100]","[97, 255, 97]"
3295,8416c83ffffffff,1,0,0,"[0, 255, 0, 100]","[97, 255, 97]"
3296,8416c85ffffffff,132,0,0,"[0, 255, 0, 100]","[97, 255, 97]"
3297,8416c87ffffffff,72,0,0,"[0, 255, 0, 100]","[97, 255, 97]"
3298,8416c95ffffffff,67,0,0,"[0, 255, 0, 100]","[97, 255, 97]"
3299,8416ca1ffffffff,3,0,0,"[0, 255, 0, 100]","[97, 255, 97]"
3300,8416ca9ffffffff,163,0,0,"[0, 255, 0, 100]","[97, 255, 97]"
3301,8416cabffffffff,4,0,0,"[0, 255, 0, 100]","[97, 255, 97]"
3302,8416cadffffffff,234,0,0,"[0, 255, 0, 100]","[97, 255, 97]"
3303,8416cb7ffffffff,60,0,0,"[0, 255, 0, 100]","[97, 255, 97]"
3304,8416cb9ffffffff,91,0,0,"[0, 255, 0, 100]","[97, 255, 97]"
3305,8416cbdffffffff,12,0,0,"[0, 255, 0, 100]","[97, 255, 97]"
3306,8416d37ffffffff,80,0,0,"[0, 255, 0, 100]","[97, 255, 97]"
3307,8416d91ffffffff,111,0,0,"[0, 255, 0, 100]","[97, 255, 97]"
3308,8416d93ffffffff,184,0,0,"[0, 255, 0, 100]","[97, 255, 97]"
3309,8416d95ffffffff,147,0,0,"[0, 255, 0, 100]","[97, 255, 97]"
3310,8416d97ffffffff,2,0,0,"[0, 255, 0, 100]","[97, 255, 97]"
3311,8416db9ffffffff,39,0,0,"[0, 255, 0, 100]","[97, 255, 97]"
3312,8416dd3ffffffff,31,0,0,"[0, 255, 0, 100]","[97, 255, 97]"
3313,8416de1ffffffff,2,0,0,"[0, 255, 0, 100]","[97, 255, 97]"
3314,8416de5ffffffff,87,0,0,"[0, 255, 0, 100]","[97, 255, 97]"
3315,8416e01ffffffff,65,0,0,"[0, 255, 0, 100]","[97, 255, 97]"
3316,8416e05ffffffff,127,0,0,"[0, 255, 0, 100]","[97, 255, 97]"
3317,8416e0bffffffff,27,0,0,"[0, 255, 0, 100]","[97, 255, 97]"
3318,8416e13ffffffff,179,0,0,"[0, 255, 0, 100]","[97, 255, 97]"
3319,8416e15ffffffff,33,0,0,"[0, 255, 0, 100]","[97, 255, 97]"
3320,8416e17ffffffff,140,0,0,"[0, 255, 0, 100]","[97, 255, 97]"
3321,8416e19ffffffff,101,6,0.059405941,"[255, 0, 0, 100]","[255, 0, 0]"
3322,8416e21ffffffff,230,0,0,"[0, 255, 0, 100]","[97, 255, 97]"
3323,8416e23ffffffff,45,0,0,"[0, 255, 0, 100]","[97, 255, 97]"
3324,8416e25ffffffff,147,0,0,"[0, 255, 0, 100]","[97, 255, 97]"
3325,8416e29ffffffff,103,0,0,"[0, 255, 0, 100]","[97, 255, 97]"
3326,8416e2bffffffff,136,0,0,"[0, 255, 0, 100]","[97, 255, 97]"
3327,8416e39ffffffff,246,0,0,"[0, 255, 0, 100]","[97, 255, 97]"
3328,8416e3bffffffff,53,0,0,"[0, 255, 0, 100]","[97, 255, 97]"
3329,8416e3dffffffff,247,0,0,"[0, 255, 0, 100]","[97, 255, 97]"
3330,8416e41ffffffff,109,0,0,"[0, 255, 0, 100]","[97, 255, 97]"
3331,8416e4bffffffff,192,0,0,"[0, 255, 0, 100]","[97, 255, 97]"
3332,8416e53ffffffff,104,10,0.096153846,"[255, 0, 0, 100]","[255, 0, 0]"
3333,8416e57ffffffff,93,8,0.086021505,"[255, 0, 0, 100]","[255, 0, 0]"
3334,8416e59ffffffff,6,0,0,"[0, 255, 0, 100]","[97, 255, 97]"
3335,8416e5dffffffff,189,0,0,"[0, 255, 0, 100]","[97, 255, 97]"
3336,8416e67ffffffff,4,0,0,"[0, 255, 0, 100]","[97, 255, 97]"
3337,8416e99ffffffff,185,0,0,"[0, 255, 0, 100]","[97, 255, 97]"
3338,8416e9dffffffff,148,0,0,"[0, 255, 0, 100]","[97, 255, 97]"
3339,8416ec1ffffffff,85,0,0,"[0, 255, 0, 100]","[97, 255, 97]"
3340,8416ec3ffffffff,95,0,0,"[0, 255, 0, 100]","[97, 255, 97]"
3341,8416ec5ffffffff,146,0,0,"[0, 255, 0, 100]","[97, 255, 97]"
3342,8416ed9ffffffff,159,0,0,"[0, 255, 0, 100]","[97, 255, 97]"
3343,8416edbffffffff,131,0,0,"[0, 255, 0, 100]","[97, 255, 97]"
3344,8416eddffffffff,211,0,0,"[0, 255, 0, 100]","[97, 255, 97]"
3345,8416f09ffffffff,411,0,0,"[0, 255, 0, 100]","[97, 255, 97]"
3346,8416f0dffffffff,70,0,0,"[0, 255, 0, 100]","[97, 255, 97]"
3347,8416f11ffffffff,7,7,1,"[0, 255, 0, 100]","[97, 255, 97]"
3348,8416f19ffffffff,6,6,1,"[0, 255, 0, 100]","[97, 255, 97]"
3349,8416f1dffffffff,1,1,1,"[0, 255, 0, 100]","[97, 255, 97]"
3350,8416f43ffffffff,44,0,0,"[0, 255, 0, 100]","[97, 255, 97]"
3351,8416f47ffffffff,112,17,0.151785714,"[255, 0, 0, 100]","[255, 0, 0]"
3352,8416f49ffffffff,108,0,0,"[0, 255, 0, 100]","[97, 255, 97]"
3353,8416f4bffffffff,39,0,0,"[0, 255, 0, 100]","[97, 255, 97]"
3354,8416f4dffffffff,18,0,0,"[0, 255, 0, 100]","[97, 255, 97]"
3355,8416f51ffffffff,197,0,0,"[0, 255, 0, 100]","[97, 255, 97]"
3356,8416f53ffffffff,159,0,0,"[0, 255, 0, 100]","[97, 255, 97]"
3357,8416f55ffffffff,231,0,0,"[0, 255, 0, 100]","[97, 255, 97]"
3358,8416f57ffffffff,15,0,0,"[0, 255, 0, 100]","[97, 255, 97]"
3359,8416f59ffffffff,103,0,0,"[0, 255, 0, 100]","[97, 255, 97]"
3360,8416f5bffffffff,127,0,0,"[0, 255, 0, 100]","[97, 255, 97]"
3361,8416f5dffffffff,4,0,0,"[0, 255, 0, 100]","[97, 255, 97]"
3362,8416f61ffffffff,303,0,0,"[0, 255, 0, 100]","[97, 255, 97]"
3363,8416f65ffffffff,582,0,0,"[0, 255, 0, 100]","[97, 255, 97]"
3364,8416f6bffffffff,290,0,0,"[0, 255, 0, 100]","[97, 255, 97]"
3365,841704bffffffff,17,0,0,"[0, 255, 0, 100]","[97, 255, 97]"
3366,8417061ffffffff,45,0,0,"[0, 255, 0, 100]","[97, 255, 97]"
3367,8417063ffffffff,129,0,0,"[0, 255, 0, 100]","[97, 255, 97]"
3368,8417065ffffffff,8,0,0,"[0, 255, 0, 100]","[97, 255, 97]"
3369,8417141ffffffff,14,0,0,"[0, 255, 0, 100]","[97, 255, 97]"
3370,8417145ffffffff,98,0,0,"[0, 255, 0, 100]","[97, 255, 97]"
3371,841714dffffffff,18,0,0,"[0, 255, 0, 100]","[97, 255, 97]"
3372,8417651ffffffff,14,0,0,"[0, 255, 0, 100]","[97, 255, 97]"
3373,841765bffffffff,5,0,0,"[0, 255, 0, 100]","[97, 255, 97]"
3374,84176c9ffffffff,98,0,0,"[0, 255, 0, 100]","[97, 255, 97]"
3375,84176cbffffffff,18,0,0,"[0, 255, 0, 100]","[97, 255, 97]"
3376,84176cdffffffff,2,0,0,"[0, 255, 0, 100]","[97, 255, 97]"
3377,8417701ffffffff,84,0,0,"[0, 255, 0, 100]","[97, 255, 97]"
3378,841770bffffffff,32,0,0,"[0, 255, 0, 100]","[97, 255, 97]"
3379,8417719ffffffff,16,0,0,"[0, 255, 0, 100]","[97, 255, 97]"
3380,841771dffffffff,40,0,0,"[0, 255, 0, 100]","[97, 255, 97]"
3381,8417989ffffffff,30,0,0,"[0, 255, 0, 100]","[97, 255, 97]"
3382,841798dffffffff,245,0,0,"[0, 255, 0, 100]","[97, 255, 97]"
3383,84179e3ffffffff,115,0,0,"[0, 255, 0, 100]","[97, 255, 97]"
3384,8418001ffffffff,17,0,0,"[0, 255, 0, 100]","[97, 255, 97]"
3385,8418007ffffffff,114,0,0,"[0, 255, 0, 100]","[97, 255, 97]"
3386,8418015ffffffff,5,0,0,"[0, 255, 0, 100]","[97, 255, 97]"
3387,8418019ffffffff,4,0,0,"[0, 255, 0, 100]","[97, 255, 97]"
3388,841801bffffffff,4,0,0,"[0, 255, 0, 100]","[97, 255, 97]"
3389,8418021ffffffff,6,0,0,"[0, 255, 0, 100]","[97, 255, 97]"
3390,8418023ffffffff,252,0,0,"[0, 255, 0, 100]","[97, 255, 97]"
3391,8418027ffffffff,55,0,0,"[0, 255, 0, 100]","[97, 255, 97]"
3392,841802bffffffff,102,0,0,"[0, 255, 0, 100]","[97, 255, 97]"
3393,841802dffffffff,44,0,0,"[0, 255, 0, 100]","[97, 255, 97]"
3394,8418031ffffffff,140,0,0,"[0, 255, 0, 100]","[97, 255, 97]"
3395,8418033ffffffff,80,0,0,"[0, 255, 0, 100]","[97, 255, 97]"
3396,8418035ffffffff,147,0,0,"[0, 255, 0, 100]","[97, 255, 97]"
3397,8418037ffffffff,27,0,0,"[0, 255, 0, 100]","[97, 255, 97]"
3398,8418039ffffffff,28,0,0,"[0, 255, 0, 100]","[97, 255, 97]"
3399,841803dffffffff,187,0,0,"[0, 255, 0, 100]","[97, 255, 97]"
3400,8418041ffffffff,27,0,0,"[0, 255, 0, 100]","[97, 255, 97]"
3401,8418043ffffffff,142,0,0,"[0, 255, 0, 100]","[97, 255, 97]"
3402,8418047ffffffff,90,0,0,"[0, 255, 0, 100]","[97, 255, 97]"
3403,8418049ffffffff,29,0,0,"[0, 255, 0, 100]","[97, 255, 97]"
3404,841804bffffffff,53,0,0,"[0, 255, 0, 100]","[97, 255, 97]"
3405,8418051ffffffff,148,0,0,"[0, 255, 0, 100]","[97, 255, 97]"
3406,8418053ffffffff,35,0,0,"[0, 255, 0, 100]","[97, 255, 97]"
3407,8418055ffffffff,63,0,0,"[0, 255, 0, 100]","[97, 255, 97]"
3408,8418057ffffffff,69,0,0,"[0, 255, 0, 100]","[97, 255, 97]"
3409,8418059ffffffff,7,0,0,"[0, 255, 0, 100]","[97, 255, 97]"
3410,841805bffffffff,281,0,0,"[0, 255, 0, 100]","[97, 255, 97]"
3411,841805dffffffff,31,0,0,"[0, 255, 0, 100]","[97, 255, 97]"
3412,8418061ffffffff,8,0,0,"[0, 255, 0, 100]","[97, 255, 97]"
3413,8418065ffffffff,23,0,0,"[0, 255, 0, 100]","[97, 255, 97]"
3414,8418083ffffffff,2,0,0,"[0, 255, 0, 100]","[97, 255, 97]"
3415,841808bffffffff,59,0,0,"[0, 255, 0, 100]","[97, 255, 97]"
3416,8418091ffffffff,64,0,0,"[0, 255, 0, 100]","[97, 255, 97]"
3417,8418099ffffffff,40,0,0,"[0, 255, 0, 100]","[97, 255, 97]"
3418,841809bffffffff,157,0,0,"[0, 255, 0, 100]","[97, 255, 97]"
3419,841809dffffffff,15,0,0,"[0, 255, 0, 100]","[97, 255, 97]"
3420,84180d3ffffffff,10,0,0,"[0, 255, 0, 100]","[97, 255, 97]"
3421,84180d7ffffffff,75,0,0,"[0, 255, 0, 100]","[97, 255, 97]"
3422,8418107ffffffff,380,0,0,"[0, 255, 0, 100]","[97, 255, 97]"
3423,8418109ffffffff,143,0,0,"[0, 255, 0, 100]","[97, 255, 97]"
3424,841810dffffffff,17,0,0,"[0, 255, 0, 100]","[97, 255, 97]"
3425,8418111ffffffff,12,0,0,"[0, 255, 0, 100]","[97, 255, 97]"
3426,8418115ffffffff,121,0,0,"[0, 255, 0, 100]","[97, 255, 97]"
3427,8418117ffffffff,37,0,0,"[0, 255, 0, 100]","[97, 255, 97]"
3428,841811dffffffff,4,0,0,"[0, 255, 0, 100]","[97, 255, 97]"
3429,8418121ffffffff,406,0,0,"[0, 255, 0, 100]","[97, 255, 97]"
3430,8418125ffffffff,182,0,0,"[0, 255, 0, 100]","[97, 255, 97]"
3431,841812bffffffff,518,0,0,"[0, 255, 0, 100]","[97, 255, 97]"
3432,841812dffffffff,32,0,0,"[0, 255, 0, 100]","[97, 255, 97]"
3433,8418133ffffffff,4,0,0,"[0, 255, 0, 100]","[97, 255, 97]"
3434,8418139ffffffff,466,0,0,"[0, 255, 0, 100]","[97, 255, 97]"
3435,841813dffffffff,54,0,0,"[0, 255, 0, 100]","[97, 255, 97]"
3436,8418141ffffffff,177,0,0,"[0, 255, 0, 100]","[97, 255, 97]"
3437,8418145ffffffff,169,0,0,"[0, 255, 0, 100]","[97, 255, 97]"
3438,8418149ffffffff,2,0,0,"[0, 255, 0, 100]","[97, 255, 97]"
3439,841814bffffffff,133,0,0,"[0, 255, 0, 100]","[97, 255, 97]"
3440,841814dffffffff,1,0,0,"[0, 255, 0, 100]","[97, 255, 97]"
3441,8418151ffffffff,41,0,0,"[0, 255, 0, 100]","[97, 255, 97]"
3442,8418153ffffffff,243,0,0,"[0, 255, 0, 100]","[97, 255, 97]"
3443,8418155ffffffff,176,0,0,"[0, 255, 0, 100]","[97, 255, 97]"
3444,8418157ffffffff,205,0,0,"[0, 255, 0, 100]","[97, 255, 97]"
3445,841815bffffffff,5,0,0,"[0, 255, 0, 100]","[97, 255, 97]"
3446,8418169ffffffff,28,0,0,"[0, 255, 0, 100]","[97, 255, 97]"
3447,841816dffffffff,25,0,0,"[0, 255, 0, 100]","[97, 255, 97]"
3448,8418183ffffffff,130,0,0,"[0, 255, 0, 100]","[97, 255, 97]"
3449,8418187ffffffff,191,0,0,"[0, 255, 0, 100]","[97, 255, 97]"
3450,8418189ffffffff,213,0,0,"[0, 255, 0, 100]","[97, 255, 97]"
3451,841818dffffffff,93,0,0,"[0, 255, 0, 100]","[97, 255, 97]"
3452,8418191ffffffff,81,0,0,"[0, 255, 0, 100]","[97, 255, 97]"
3453,8418195ffffffff,75,0,0,"[0, 255, 0, 100]","[97, 255, 97]"
3454,8418199ffffffff,29,0,0,"[0, 255, 0, 100]","[97, 255, 97]"
3455,841819bffffffff,15,0,0,"[0, 255, 0, 100]","[97, 255, 97]"
3456,841819dffffffff,107,0,0,"[0, 255, 0, 100]","[97, 255, 97]"
3457,84181a1ffffffff,127,0,0,"[0, 255, 0, 100]","[97, 255, 97]"
3458,84181a7ffffffff,127,0,0,"[0, 255, 0, 100]","[97, 255, 97]"
3459,84181abffffffff,250,0,0,"[0, 255, 0, 100]","[97, 255, 97]"
3460,84181b1ffffffff,31,0,0,"[0, 255, 0, 100]","[97, 255, 97]"
3461,84181b5ffffffff,11,0,0,"[0, 255, 0, 100]","[97, 255, 97]"
3462,84181b9ffffffff,69,0,0,"[0, 255, 0, 100]","[97, 255, 97]"
3463,84181bbffffffff,26,0,0,"[0, 255, 0, 100]","[97, 255, 97]"
3464,84181bdffffffff,51,0,0,"[0, 255, 0, 100]","[97, 255, 97]"
3465,84181c9ffffffff,6,0,0,"[0, 255, 0, 100]","[97, 255, 97]"
3466,84181d5ffffffff,20,0,0,"[0, 255, 0, 100]","[97, 255, 97]"
3467,84181e1ffffffff,5,0,0,"[0, 255, 0, 100]","[97, 255, 97]"
3468,84181ebffffffff,50,0,0,"[0, 255, 0, 100]","[97, 255, 97]"
3469,8418201ffffffff,153,0,0,"[0, 255, 0, 100]","[97, 255, 97]"
3470,8418205ffffffff,10,0,0,"[0, 255, 0, 100]","[97, 255, 97]"
3471,8418207ffffffff,46,0,0,"[0, 255, 0, 100]","[97, 255, 97]"
3472,841820bffffffff,30,0,0,"[0, 255, 0, 100]","[97, 255, 97]"
3473,8418211ffffffff,60,0,0,"[0, 255, 0, 100]","[97, 255, 97]"
3474,8418213ffffffff,61,0,0,"[0, 255, 0, 100]","[97, 255, 97]"
3475,8418215ffffffff,31,0,0,"[0, 255, 0, 100]","[97, 255, 97]"
3476,8418217ffffffff,15,0,0,"[0, 255, 0, 100]","[97, 255, 97]"
3477,841821bffffffff,54,0,0,"[0, 255, 0, 100]","[97, 255, 97]"
3478,8418221ffffffff,80,0,0,"[0, 255, 0, 100]","[97, 255, 97]"
3479,8418225ffffffff,3,0,0,"[0, 255, 0, 100]","[97, 255, 97]"
3480,8418229ffffffff,116,0,0,"[0, 255, 0, 100]","[97, 255, 97]"
3481,841822bffffffff,72,0,0,"[0, 255, 0, 100]","[97, 255, 97]"
3482,841822dffffffff,76,0,0,"[0, 255, 0, 100]","[97, 255, 97]"
3483,8418231ffffffff,286,0,0,"[0, 255, 0, 100]","[97, 255, 97]"
3484,8418233ffffffff,19,0,0,"[0, 255, 0, 100]","[97, 255, 97]"
3485,8418235ffffffff,130,0,0,"[0, 255, 0, 100]","[97, 255, 97]"
3486,841823bffffffff,54,0,0,"[0, 255, 0, 100]","[97, 255, 97]"
3487,841823dffffffff,5,0,0,"[0, 255, 0, 100]","[97, 255, 97]"
3488,841824dffffffff,2,0,0,"[0, 255, 0, 100]","[97, 255, 97]"
3489,8418281ffffffff,114,0,0,"[0, 255, 0, 100]","[97, 255, 97]"
3490,8418283ffffffff,69,0,0,"[0, 255, 0, 100]","[97, 255, 97]"
3491,8418285ffffffff,118,0,0,"[0, 255, 0, 100]","[97, 255, 97]"
3492,8418287ffffffff,11,0,0,"[0, 255, 0, 100]","[97, 255, 97]"
3493,841828bffffffff,93,0,0,"[0, 255, 0, 100]","[97, 255, 97]"
3494,841828dffffffff,2,0,0,"[0, 255, 0, 100]","[97, 255, 97]"
3495,8418291ffffffff,2,0,0,"[0, 255, 0, 100]","[97, 255, 97]"
3496,8418293ffffffff,2,0,0,"[0, 255, 0, 100]","[97, 255, 97]"
3497,8418295ffffffff,28,0,0,"[0, 255, 0, 100]","[97, 255, 97]"
3498,8418299ffffffff,63,0,0,"[0, 255, 0, 100]","[97, 255, 97]"
3499,841829dffffffff,111,0,0,"[0, 255, 0, 100]","[97, 255, 97]"
3500,84182a1ffffffff,1,0,0,"[0, 255, 0, 100]","[97, 255, 97]"
3501,84182a5ffffffff,31,0,0,"[0, 255, 0, 100]","[97, 255, 97]"
3502,84182a7ffffffff,17,0,0,"[0, 255, 0, 100]","[97, 255, 97]"
3503,84182a9ffffffff,8,0,0,"[0, 255, 0, 100]","[97, 255, 97]"
3504,84182abffffffff,16,0,0,"[0, 255, 0, 100]","[97, 255, 97]"
3505,84182b1ffffffff,2,0,0,"[0, 255, 0, 100]","[97, 255, 97]"
3506,84182b9ffffffff,120,0,0,"[0, 255, 0, 100]","[97, 255, 97]"
3507,84182bdffffffff,17,0,0,"[0, 255, 0, 100]","[97, 255, 97]"
3508,84182c1ffffffff,76,0,0,"[0, 255, 0, 100]","[97, 255, 97]"
3509,84182c3ffffffff,187,0,0,"[0, 255, 0, 100]","[97, 255, 97]"
3510,84182c5ffffffff,46,0,0,"[0, 255, 0, 100]","[97, 255, 97]"
3511,84182c7ffffffff,33,0,0,"[0, 255, 0, 100]","[97, 255, 97]"
3512,84182c9ffffffff,659,0,0,"[0, 255, 0, 100]","[97, 255, 97]"
3513,84182cbffffffff,3,0,0,"[0, 255, 0, 100]","[97, 255, 97]"
3514,84182cdffffffff,22,0,0,"[0, 255, 0, 100]","[97, 255, 97]"
3515,84182d3ffffffff,23,0,0,"[0, 255, 0, 100]","[97, 255, 97]"
3516,84182d7ffffffff,46,0,0,"[0, 255, 0, 100]","[97, 255, 97]"
3517,84182d9ffffffff,11,0,0,"[0, 255, 0, 100]","[97, 255, 97]"
3518,84182dbffffffff,26,0,0,"[0, 255, 0, 100]","[97, 255, 97]"
3519,84182ddffffffff,106,0,0,"[0, 255, 0, 100]","[97, 255, 97]"
3520,84182e1ffffffff,36,0,0,"[0, 255, 0, 100]","[97, 255, 97]"
3521,84182e3ffffffff,38,0,0,"[0, 255, 0, 100]","[97, 255, 97]"
3522,84182e5ffffffff,50,0,0,"[0, 255, 0, 100]","[97, 255, 97]"
3523,84182e7ffffffff,106,0,0,"[0, 255, 0, 100]","[97, 255, 97]"
3524,84182e9ffffffff,41,0,0,"[0, 255, 0, 100]","[97, 255, 97]"
3525,84182edffffffff,1,0,0,"[0, 255, 0, 100]","[97, 255, 97]"
3526,8418301ffffffff,21,0,0,"[0, 255, 0, 100]","[97, 255, 97]"
3527,8418303ffffffff,63,0,0,"[0, 255, 0, 100]","[97, 255, 97]"
3528,8418307ffffffff,14,0,0,"[0, 255, 0, 100]","[97, 255, 97]"
3529,841830bffffffff,117,0,0,"[0, 255, 0, 100]","[97, 255, 97]"
3530,841831dffffffff,2,0,0,"[0, 255, 0, 100]","[97, 255, 97]"
3531,8418331ffffffff,44,0,0,"[0, 255, 0, 100]","[97, 255, 97]"
3532,8418333ffffffff,104,0,0,"[0, 255, 0, 100]","[97, 255, 97]"
3533,8418335ffffffff,1,0,0,"[0, 255, 0, 100]","[97, 255, 97]"
3534,8418337ffffffff,137,0,0,"[0, 255, 0, 100]","[97, 255, 97]"
3535,841833bffffffff,3,0,0,"[0, 255, 0, 100]","[97, 255, 97]"
3536,8418353ffffffff,25,0,0,"[0, 255, 0, 100]","[97, 255, 97]"
3537,8418357ffffffff,13,0,0,"[0, 255, 0, 100]","[97, 255, 97]"
3538,8418405ffffffff,1,0,0,"[0, 255, 0, 100]","[97, 255, 97]"
3539,8418421ffffffff,1,0,0,"[0, 255, 0, 100]","[97, 255, 97]"
3540,8418429ffffffff,24,0,0,"[0, 255, 0, 100]","[97, 255, 97]"
3541,841842dffffffff,11,0,0,"[0, 255, 0, 100]","[97, 255, 97]"
3542,841844bffffffff,17,0,0,"[0, 255, 0, 100]","[97, 255, 97]"
3543,8418459ffffffff,9,0,0,"[0, 255, 0, 100]","[97, 255, 97]"
3544,841845dffffffff,17,0,0,"[0, 255, 0, 100]","[97, 255, 97]"
3545,8418499ffffffff,7,0,0,"[0, 255, 0, 100]","[97, 255, 97]"
3546,84184b7ffffffff,60,0,0,"[0, 255, 0, 100]","[97, 255, 97]"
3547,84184d1ffffffff,8,0,0,"[0, 255, 0, 100]","[97, 255, 97]"
3548,84184d7ffffffff,2,0,0,"[0, 255, 0, 100]","[97, 255, 97]"
3549,84184e1ffffffff,2,0,0,"[0, 255, 0, 100]","[97, 255, 97]"
3550,8418503ffffffff,3,0,0,"[0, 255, 0, 100]","[97, 255, 97]"
3551,841850dffffffff,20,0,0,"[0, 255, 0, 100]","[97, 255, 97]"
3552,8418511ffffffff,12,0,0,"[0, 255, 0, 100]","[97, 255, 97]"
3553,8418519ffffffff,2,0,0,"[0, 255, 0, 100]","[97, 255, 97]"
3554,8418543ffffffff,45,0,0,"[0, 255, 0, 100]","[97, 255, 97]"
3555,8418547ffffffff,118,0,0,"[0, 255, 0, 100]","[97, 255, 97]"
3556,8418549ffffffff,61,0,0,"[0, 255, 0, 100]","[97, 255, 97]"
3557,841854bffffffff,54,0,0,"[0, 255, 0, 100]","[97, 255, 97]"
3558,841854dffffffff,133,0,0,"[0, 255, 0, 100]","[97, 255, 97]"
3559,841855dffffffff,7,0,0,"[0, 255, 0, 100]","[97, 255, 97]"
3560,841856bffffffff,11,0,0,"[0, 255, 0, 100]","[97, 255, 97]"
3561,8418591ffffffff,29,0,0,"[0, 255, 0, 100]","[97, 255, 97]"
3562,8418595ffffffff,3,0,0,"[0, 255, 0, 100]","[97, 255, 97]"
3563,8418597ffffffff,5,0,0,"[0, 255, 0, 100]","[97, 255, 97]"
3564,84185e3ffffffff,6,0,0,"[0, 255, 0, 100]","[97, 255, 97]"
3565,84185ebffffffff,10,0,0,"[0, 255, 0, 100]","[97, 255, 97]"
3566,8418619ffffffff,4,0,0,"[0, 255, 0, 100]","[97, 255, 97]"
3567,8418629ffffffff,203,0,0,"[0, 255, 0, 100]","[97, 255, 97]"
3568,841862dffffffff,85,0,0,"[0, 255, 0, 100]","[97, 255, 97]"
3569,8418633ffffffff,31,0,0,"[0, 255, 0, 100]","[97, 255, 97]"
3570,8418637ffffffff,45,0,0,"[0, 255, 0, 100]","[97, 255, 97]"
3571,8418649ffffffff,1,0,0,"[0, 255, 0, 100]","[97, 255, 97]"
3572,8418663ffffffff,21,0,0,"[0, 255, 0, 100]","[97, 255, 97]"
3573,8418667ffffffff,73,0,0,"[0, 255, 0, 100]","[97, 255, 97]"
3574,8418689ffffffff,12,0,0,"[0, 255, 0, 100]","[97, 255, 97]"
3575,841868dffffffff,3,0,0,"[0, 255, 0, 100]","[97, 255, 97]"
3576,84186b1ffffffff,1,0,0,"[0, 255, 0, 100]","[97, 255, 97]"
3577,84186b3ffffffff,1,0,0,"[0, 255, 0, 100]","[97, 255, 97]"
3578,84186c7ffffffff,5,0,0,"[0, 255, 0, 100]","[97, 255, 97]"
3579,84186d7ffffffff,3,0,0,"[0, 255, 0, 100]","[97, 255, 97]"
3580,84186e3ffffffff,1,0,0,"[0, 255, 0, 100]","[97, 255, 97]"
3581,84186e5ffffffff,8,0,0,"[0, 255, 0, 100]","[97, 255, 97]"
3582,84186e7ffffffff,63,0,0,"[0, 255, 0, 100]","[97, 255, 97]"
3583,84186ebffffffff,3,0,0,"[0, 255, 0, 100]","[97, 255, 97]"
3584,8418701ffffffff,17,0,0,"[0, 255, 0, 100]","[97, 255, 97]"
3585,8418709ffffffff,14,0,0,"[0, 255, 0, 100]","[97, 255, 97]"
3586,841870bffffffff,15,0,0,"[0, 255, 0, 100]","[97, 255, 97]"
3587,841870dffffffff,2,0,0,"[0, 255, 0, 100]","[97, 255, 97]"
3588,8418719ffffffff,13,0,0,"[0, 255, 0, 100]","[97, 255, 97]"
3589,8418721ffffffff,141,0,0,"[0, 255, 0, 100]","[97, 255, 97]"
3590,8418725ffffffff,111,0,0,"[0, 255, 0, 100]","[97, 255, 97]"
3591,8418727ffffffff,52,0,0,"[0, 255, 0, 100]","[97, 255, 97]"
3592,841872bffffffff,3,0,0,"[0, 255, 0, 100]","[97, 255, 97]"
3593,8418735ffffffff,57,0,0,"[0, 255, 0, 100]","[97, 255, 97]"
3594,841873dffffffff,11,0,0,"[0, 255, 0, 100]","[97, 255, 97]"
3595,8418749ffffffff,2,0,0,"[0, 255, 0, 100]","[97, 255, 97]"
3596,8418751ffffffff,21,0,0,"[0, 255, 0, 100]","[97, 255, 97]"
3597,8418753ffffffff,96,0,0,"[0, 255, 0, 100]","[97, 255, 97]"
3598,8418755ffffffff,23,0,0,"[0, 255, 0, 100]","[97, 255, 97]"
3599,8418757ffffffff,42,0,0,"[0, 255, 0, 100]","[97, 255, 97]"
3600,841875bffffffff,16,0,0,"[0, 255, 0, 100]","[97, 255, 97]"
3601,8418763ffffffff,3,0,0,"[0, 255, 0, 100]","[97, 255, 97]"
3602,8418769ffffffff,1,0,0,"[0, 255, 0, 100]","[97, 255, 97]"
3603,8418801ffffffff,91,0,0,"[0, 255, 0, 100]","[97, 255, 97]"
3604,8418805ffffffff,374,0,0,"[0, 255, 0, 100]","[97, 255, 97]"
3605,8418807ffffffff,183,0,0,"[0, 255, 0, 100]","[97, 255, 97]"
3606,841880bffffffff,71,0,0,"[0, 255, 0, 100]","[97, 255, 97]"
3607,8418813ffffffff,220,0,0,"[0, 255, 0, 100]","[97, 255, 97]"
3608,8418815ffffffff,141,0,0,"[0, 255, 0, 100]","[97, 255, 97]"
3609,8418817ffffffff,138,0,0,"[0, 255, 0, 100]","[97, 255, 97]"
3610,8418821ffffffff,81,0,0,"[0, 255, 0, 100]","[97, 255, 97]"
3611,8418823ffffffff,40,0,0,"[0, 255, 0, 100]","[97, 255, 97]"
3612,8418825ffffffff,242,0,0,"[0, 255, 0, 100]","[97, 255, 97]"
3613,8418827ffffffff,78,0,0,"[0, 255, 0, 100]","[97, 255, 97]"
3614,8418829ffffffff,42,0,0,"[0, 255, 0, 100]","[97, 255, 97]"
3615,841882bffffffff,48,0,0,"[0, 255, 0, 100]","[97, 255, 97]"
3616,841882dffffffff,40,0,0,"[0, 255, 0, 100]","[97, 255, 97]"
3617,8418831ffffffff,1,0,0,"[0, 255, 0, 100]","[97, 255, 97]"
3618,8418833ffffffff,85,0,0,"[0, 255, 0, 100]","[97, 255, 97]"
3619,8418835ffffffff,50,0,0,"[0, 255, 0, 100]","[97, 255, 97]"
3620,8418837ffffffff,68,0,0,"[0, 255, 0, 100]","[97, 255, 97]"
3621,8418839ffffffff,162,0,0,"[0, 255, 0, 100]","[97, 255, 97]"
3622,8418841ffffffff,199,0,0,"[0, 255, 0, 100]","[97, 255, 97]"
3623,8418843ffffffff,1,0,0,"[0, 255, 0, 100]","[97, 255, 97]"
3624,8418845ffffffff,54,0,0,"[0, 255, 0, 100]","[97, 255, 97]"
3625,841884bffffffff,87,0,0,"[0, 255, 0, 100]","[97, 255, 97]"
3626,8418851ffffffff,44,0,0,"[0, 255, 0, 100]","[97, 255, 97]"
3627,8418855ffffffff,7,0,0,"[0, 255, 0, 100]","[97, 255, 97]"
3628,8418859ffffffff,53,0,0,"[0, 255, 0, 100]","[97, 255, 97]"
3629,841885bffffffff,20,0,0,"[0, 255, 0, 100]","[97, 255, 97]"
3630,841885dffffffff,125,0,0,"[0, 255, 0, 100]","[97, 255, 97]"
3631,8418861ffffffff,139,0,0,"[0, 255, 0, 100]","[97, 255, 97]"
3632,8418865ffffffff,82,0,0,"[0, 255, 0, 100]","[97, 255, 97]"
3633,8418869ffffffff,92,0,0,"[0, 255, 0, 100]","[97, 255, 97]"
3634,841886bffffffff,33,0,0,"[0, 255, 0, 100]","[97, 255, 97]"
3635,84188a1ffffffff,72,0,0,"[0, 255, 0, 100]","[97, 255, 97]"
3636,84188a9ffffffff,19,0,0,"[0, 255, 0, 100]","[97, 255, 97]"
3637,84188abffffffff,49,0,0,"[0, 255, 0, 100]","[97, 255, 97]"
3638,84188b3ffffffff,70,0,0,"[0, 255, 0, 100]","[97, 255, 97]"
3639,84188b7ffffffff,11,0,0,"[0, 255, 0, 100]","[97, 255, 97]"
3640,84188c1ffffffff,150,0,0,"[0, 255, 0, 100]","[97, 255, 97]"
3641,84188c5ffffffff,9,0,0,"[0, 255, 0, 100]","[97, 255, 97]"
3642,84188c7ffffffff,19,0,0,"[0, 255, 0, 100]","[97, 255, 97]"
3643,84188cbffffffff,86,0,0,"[0, 255, 0, 100]","[97, 255, 97]"
3644,84188cdffffffff,97,0,0,"[0, 255, 0, 100]","[97, 255, 97]"
3645,84188dbffffffff,9,0,0,"[0, 255, 0, 100]","[97, 255, 97]"
3646,84188ddffffffff,4,0,0,"[0, 255, 0, 100]","[97, 255, 97]"
3647,84188e1ffffffff,123,0,0,"[0, 255, 0, 100]","[97, 255, 97]"
3648,84188e3ffffffff,4,0,0,"[0, 255, 0, 100]","[97, 255, 97]"
3649,84188e5ffffffff,38,0,0,"[0, 255, 0, 100]","[97, 255, 97]"
3650,8418903ffffffff,52,0,0,"[0, 255, 0, 100]","[97, 255, 97]"
3651,8418909ffffffff,56,0,0,"[0, 255, 0, 100]","[97, 255, 97]"
3652,841890bffffffff,89,0,0,"[0, 255, 0, 100]","[97, 255, 97]"
3653,841890dffffffff,71,0,0,"[0, 255, 0, 100]","[97, 255, 97]"
3654,8418913ffffffff,74,0,0,"[0, 255, 0, 100]","[97, 255, 97]"
3655,8418915ffffffff,31,0,0,"[0, 255, 0, 100]","[97, 255, 97]"
3656,8418919ffffffff,191,0,0,"[0, 255, 0, 100]","[97, 255, 97]"
3657,841891bffffffff,79,0,0,"[0, 255, 0, 100]","[97, 255, 97]"
3658,841891dffffffff,3,0,0,"[0, 255, 0, 100]","[97, 255, 97]"
3659,8418923ffffffff,44,0,0,"[0, 255, 0, 100]","[97, 255, 97]"
3660,841892dffffffff,13,0,0,"[0, 255, 0, 100]","[97, 255, 97]"
3661,8418935ffffffff,10,0,0,"[0, 255, 0, 100]","[97, 255, 97]"
3662,8418937ffffffff,2,0,0,"[0, 255, 0, 100]","[97, 255, 97]"
3663,8418939ffffffff,116,0,0,"[0, 255, 0, 100]","[97, 255, 97]"
3664,841893dffffffff,110,0,0,"[0, 255, 0, 100]","[97, 255, 97]"
3665,8418943ffffffff,85,0,0,"[0, 255, 0, 100]","[97, 255, 97]"
3666,8418947ffffffff,24,0,0,"[0, 255, 0, 100]","[97, 255, 97]"
3667,8418955ffffffff,24,0,0,"[0, 255, 0, 100]","[97, 255, 97]"
3668,8418957ffffffff,26,0,0,"[0, 255, 0, 100]","[97, 255, 97]"
3669,8418959ffffffff,57,0,0,"[0, 255, 0, 100]","[97, 255, 97]"
3670,841895dffffffff,1,0,0,"[0, 255, 0, 100]","[97, 255, 97]"
3671,8418961ffffffff,12,0,0,"[0, 255, 0, 100]","[97, 255, 97]"
3672,8418963ffffffff,126,0,0,"[0, 255, 0, 100]","[97, 255, 97]"
3673,8418969ffffffff,49,0,0,"[0, 255, 0, 100]","[97, 255, 97]"
3674,841896bffffffff,204,0,0,"[0, 255, 0, 100]","[97, 255, 97]"
3675,841896dffffffff,110,0,0,"[0, 255, 0, 100]","[97, 255, 97]"
3676,8418981ffffffff,139,0,0,"[0, 255, 0, 100]","[97, 255, 97]"
3677,8418985ffffffff,20,0,0,"[0, 255, 0, 100]","[97, 255, 97]"
3678,8418993ffffffff,18,0,0,"[0, 255, 0, 100]","[97, 255, 97]"
3679,8418999ffffffff,4,0,0,"[0, 255, 0, 100]","[97, 255, 97]"
3680,841899dffffffff,135,0,0,"[0, 255, 0, 100]","[97, 255, 97]"
3681,84189a9ffffffff,136,0,0,"[0, 255, 0, 100]","[97, 255, 97]"
3682,84189adffffffff,78,0,0,"[0, 255, 0, 100]","[97, 255, 97]"
3683,84189c5ffffffff,112,0,0,"[0, 255, 0, 100]","[97, 255, 97]"
3684,84189cdffffffff,7,0,0,"[0, 255, 0, 100]","[97, 255, 97]"
3685,84189e3ffffffff,84,0,0,"[0, 255, 0, 100]","[97, 255, 97]"
3686,84189e9ffffffff,27,0,0,"[0, 255, 0, 100]","[97, 255, 97]"
3687,8418a01ffffffff,45,0,0,"[0, 255, 0, 100]","[97, 255, 97]"
3688,8418a09ffffffff,426,0,0,"[0, 255, 0, 100]","[97, 255, 97]"
3689,8418a0bffffffff,419,0,0,"[0, 255, 0, 100]","[97, 255, 97]"
3690,8418a0dffffffff,518,0,0,"[0, 255, 0, 100]","[97, 255, 97]"
3691,8418a11ffffffff,10,0,0,"[0, 255, 0, 100]","[97, 255, 97]"
3692,8418a17ffffffff,40,0,0,"[0, 255, 0, 100]","[97, 255, 97]"
3693,8418a1bffffffff,75,0,0,"[0, 255, 0, 100]","[97, 255, 97]"
3694,8418a21ffffffff,34,0,0,"[0, 255, 0, 100]","[97, 255, 97]"
3695,8418a25ffffffff,103,0,0,"[0, 255, 0, 100]","[97, 255, 97]"
3696,8418a31ffffffff,57,0,0,"[0, 255, 0, 100]","[97, 255, 97]"
3697,8418a3bffffffff,128,0,0,"[0, 255, 0, 100]","[97, 255, 97]"
3698,8418a41ffffffff,250,0,0,"[0, 255, 0, 100]","[97, 255, 97]"
3699,8418a49ffffffff,18,0,0,"[0, 255, 0, 100]","[97, 255, 97]"
3700,8418a4bffffffff,138,0,0,"[0, 255, 0, 100]","[97, 255, 97]"
3701,8418a4dffffffff,293,0,0,"[0, 255, 0, 100]","[97, 255, 97]"
3702,8418a53ffffffff,225,0,0,"[0, 255, 0, 100]","[97, 255, 97]"
3703,8418a57ffffffff,493,0,0,"[0, 255, 0, 100]","[97, 255, 97]"
3704,8418a61ffffffff,4,0,0,"[0, 255, 0, 100]","[97, 255, 97]"
3705,8418a63ffffffff,494,0,0,"[0, 255, 0, 100]","[97, 255, 97]"
3706,8418a65ffffffff,263,0,0,"[0, 255, 0, 100]","[97, 255, 97]"
3707,8418a67ffffffff,244,0,0,"[0, 255, 0, 100]","[97, 255, 97]"
3708,8418a81ffffffff,14,0,0,"[0, 255, 0, 100]","[97, 255, 97]"
3709,8418a83ffffffff,179,0,0,"[0, 255, 0, 100]","[97, 255, 97]"
3710,8418a87ffffffff,299,0,0,"[0, 255, 0, 100]","[97, 255, 97]"
3711,8418a89ffffffff,5,0,0,"[0, 255, 0, 100]","[97, 255, 97]"
3712,8418a8bffffffff,1,0,0,"[0, 255, 0, 100]","[97, 255, 97]"
3713,8418a8dffffffff,31,0,0,"[0, 255, 0, 100]","[97, 255, 97]"
3714,8418a9bffffffff,12,0,0,"[0, 255, 0, 100]","[97, 255, 97]"
3715,8418a9dffffffff,21,0,0,"[0, 255, 0, 100]","[97, 255, 97]"
3716,8418aabffffffff,58,0,0,"[0, 255, 0, 100]","[97, 255, 97]"
3717,8418ab7ffffffff,2,0,0,"[0, 255, 0, 100]","[97, 255, 97]"
3718,8418ac1ffffffff,18,0,0,"[0, 255, 0, 100]","[97, 255, 97]"
3719,8418ac7ffffffff,5,0,0,"[0, 255, 0, 100]","[97, 255, 97]"
3720,8418acbffffffff,7,0,0,"[0, 255, 0, 100]","[97, 255, 97]"
3721,8418ad7ffffffff,14,0,0,"[0, 255, 0, 100]","[97, 255, 97]"
3722,8418ae3ffffffff,18,0,0,"[0, 255, 0, 100]","[97, 255, 97]"
3723,8418aebffffffff,55,0,0,"[0, 255, 0, 100]","[97, 255, 97]"
3724,8418b01ffffffff,203,0,0,"[0, 255, 0, 100]","[97, 255, 97]"
3725,8418b05ffffffff,100,0,0,"[0, 255, 0, 100]","[97, 255, 97]"
3726,8418b09ffffffff,34,0,0,"[0, 255, 0, 100]","[97, 255, 97]"
3727,8418b0bffffffff,146,0,0,"[0, 255, 0, 100]","[97, 255, 97]"
3728,8418b19ffffffff,274,0,0,"[0, 255, 0, 100]","[97, 255, 97]"
3729,8418b1dffffffff,124,0,0,"[0, 255, 0, 100]","[97, 255, 97]"
3730,8418b29ffffffff,49,0,0,"[0, 255, 0, 100]","[97, 255, 97]"
3731,8418b41ffffffff,93,0,0,"[0, 255, 0, 100]","[97, 255, 97]"
3732,8418b43ffffffff,82,0,0,"[0, 255, 0, 100]","[97, 255, 97]"
3733,8418b45ffffffff,553,0,0,"[0, 255, 0, 100]","[97, 255, 97]"
3734,8418b47ffffffff,120,0,0,"[0, 255, 0, 100]","[97, 255, 97]"
3735,8418b4bffffffff,11,0,0,"[0, 255, 0, 100]","[97, 255, 97]"
3736,8418b4dffffffff,55,0,0,"[0, 255, 0, 100]","[97, 255, 97]"
3737,8418b51ffffffff,101,0,0,"[0, 255, 0, 100]","[97, 255, 97]"
3738,8418b53ffffffff,15,0,0,"[0, 255, 0, 100]","[97, 255, 97]"
3739,8418b55ffffffff,95,0,0,"[0, 255, 0, 100]","[97, 255, 97]"
3740,8418b57ffffffff,4,0,0,"[0, 255, 0, 100]","[97, 255, 97]"
3741,8418b59ffffffff,187,0,0,"[0, 255, 0, 100]","[97, 255, 97]"
3742,8418b5bffffffff,3,0,0,"[0, 255, 0, 100]","[97, 255, 97]"
3743,8418b5dffffffff,312,0,0,"[0, 255, 0, 100]","[97, 255, 97]"
3744,8418b61ffffffff,18,0,0,"[0, 255, 0, 100]","[97, 255, 97]"
3745,8418b65ffffffff,71,0,0,"[0, 255, 0, 100]","[97, 255, 97]"
3746,8418b69ffffffff,632,0,0,"[0, 255, 0, 100]","[97, 255, 97]"
3747,8418b6bffffffff,8,0,0,"[0, 255, 0, 100]","[97, 255, 97]"
3748,8418b6dffffffff,149,0,0,"[0, 255, 0, 100]","[97, 255, 97]"
3749,8418c31ffffffff,130,0,0,"[0, 255, 0, 100]","[97, 255, 97]"
3750,8418c35ffffffff,114,0,0,"[0, 255, 0, 100]","[97, 255, 97]"
3751,8418c39ffffffff,20,0,0,"[0, 255, 0, 100]","[97, 255, 97]"
3752,8418c41ffffffff,86,0,0,"[0, 255, 0, 100]","[97, 255, 97]"
3753,8418c45ffffffff,8,0,0,"[0, 255, 0, 100]","[97, 255, 97]"
3754,8418c4bffffffff,94,0,0,"[0, 255, 0, 100]","[97, 255, 97]"
3755,8418c4dffffffff,73,0,0,"[0, 255, 0, 100]","[97, 255, 97]"
3756,8418c69ffffffff,48,0,0,"[0, 255, 0, 100]","[97, 255, 97]"
3757,8418c6dffffffff,116,0,0,"[0, 255, 0, 100]","[97, 255, 97]"
3758,8418c89ffffffff,22,0,0,"[0, 255, 0, 100]","[97, 255, 97]"
3759,8418c8dffffffff,152,0,0,"[0, 255, 0, 100]","[97, 255, 97]"
3760,8418c99ffffffff,11,0,0,"[0, 255, 0, 100]","[97, 255, 97]"
3761,8418cc1ffffffff,92,0,0,"[0, 255, 0, 100]","[97, 255, 97]"
3762,8418cc5ffffffff,30,0,0,"[0, 255, 0, 100]","[97, 255, 97]"
3763,8418ccbffffffff,180,0,0,"[0, 255, 0, 100]","[97, 255, 97]"
3764,8418cd3ffffffff,1,0,0,"[0, 255, 0, 100]","[97, 255, 97]"
3765,8418ce3ffffffff,126,0,0,"[0, 255, 0, 100]","[97, 255, 97]"
3766,8418d01ffffffff,125,0,0,"[0, 255, 0, 100]","[97, 255, 97]"
3767,8418d05ffffffff,45,0,0,"[0, 255, 0, 100]","[97, 255, 97]"
3768,8418d09ffffffff,84,0,0,"[0, 255, 0, 100]","[97, 255, 97]"
3769,8418d55ffffffff,8,0,0,"[0, 255, 0, 100]","[97, 255, 97]"
3770,8418d61ffffffff,80,0,0,"[0, 255, 0, 100]","[97, 255, 97]"
3771,8418d63ffffffff,78,0,0,"[0, 255, 0, 100]","[97, 255, 97]"
3772,8418d65ffffffff,28,0,0,"[0, 255, 0, 100]","[97, 255, 97]"
3773,8418d67ffffffff,29,0,0,"[0, 255, 0, 100]","[97, 255, 97]"
3774,8418d89ffffffff,17,0,0,"[0, 255, 0, 100]","[97, 255, 97]"
3775,8418d8dffffffff,150,0,0,"[0, 255, 0, 100]","[97, 255, 97]"
3776,8418dc1ffffffff,5,0,0,"[0, 255, 0, 100]","[97, 255, 97]"
3777,8418dc5ffffffff,14,0,0,"[0, 255, 0, 100]","[97, 255, 97]"
3778,8418dcbffffffff,126,0,0,"[0, 255, 0, 100]","[97, 255, 97]"
3779,8418de1ffffffff,16,0,0,"[0, 255, 0, 100]","[97, 255, 97]"
3780,8418de3ffffffff,144,0,0,"[0, 255, 0, 100]","[97, 255, 97]"
3781,8418de5ffffffff,125,0,0,"[0, 255, 0, 100]","[97, 255, 97]"
3782,8418de7ffffffff,105,0,0,"[0, 255, 0, 100]","[97, 255, 97]"
3783,8418de9ffffffff,144,0,0,"[0, 255, 0, 100]","[97, 255, 97]"
3784,8418dedffffffff,75,0,0,"[0, 255, 0, 100]","[97, 255, 97]"
3785,8418e01ffffffff,2,0,0,"[0, 255, 0, 100]","[97, 255, 97]"
3786,8418e03ffffffff,56,0,0,"[0, 255, 0, 100]","[97, 255, 97]"
3787,8418e09ffffffff,169,0,0,"[0, 255, 0, 100]","[97, 255, 97]"
3788,8418e0dffffffff,114,0,0,"[0, 255, 0, 100]","[97, 255, 97]"
3789,8418e19ffffffff,61,0,0,"[0, 255, 0, 100]","[97, 255, 97]"
3790,8418e1dffffffff,105,0,0,"[0, 255, 0, 100]","[97, 255, 97]"
3791,8418e21ffffffff,11,0,0,"[0, 255, 0, 100]","[97, 255, 97]"
3792,8418e29ffffffff,33,0,0,"[0, 255, 0, 100]","[97, 255, 97]"
3793,8418e2bffffffff,1,0,0,"[0, 255, 0, 100]","[97, 255, 97]"
3794,8418e2dffffffff,236,0,0,"[0, 255, 0, 100]","[97, 255, 97]"
3795,8418e31ffffffff,25,0,0,"[0, 255, 0, 100]","[97, 255, 97]"
3796,8418e35ffffffff,17,0,0,"[0, 255, 0, 100]","[97, 255, 97]"
3797,8418e37ffffffff,3,0,0,"[0, 255, 0, 100]","[97, 255, 97]"
3798,8418e39ffffffff,6,0,0,"[0, 255, 0, 100]","[97, 255, 97]"
3799,8418e51ffffffff,8,0,0,"[0, 255, 0, 100]","[97, 255, 97]"
3800,8418e55ffffffff,86,0,0,"[0, 255, 0, 100]","[97, 255, 97]"
3801,8418e63ffffffff,32,0,0,"[0, 255, 0, 100]","[97, 255, 97]"
3802,8418e67ffffffff,41,0,0,"[0, 255, 0, 100]","[97, 255, 97]"
3803,8418e8bffffffff,11,0,0,"[0, 255, 0, 100]","[97, 255, 97]"
3804,8418e99ffffffff,32,0,0,"[0, 255, 0, 100]","[97, 255, 97]"
3805,8418eb7ffffffff,18,0,0,"[0, 255, 0, 100]","[97, 255, 97]"
3806,8418ed3ffffffff,1,0,0,"[0, 255, 0, 100]","[97, 255, 97]"
3807,8418ed7ffffffff,47,0,0,"[0, 255, 0, 100]","[97, 255, 97]"
3808,8418f05ffffffff,176,0,0,"[0, 255, 0, 100]","[97, 255, 97]"
3809,8418f07ffffffff,29,0,0,"[0, 255, 0, 100]","[97, 255, 97]"
3810,8418f09ffffffff,47,0,0,"[0, 255, 0, 100]","[97, 255, 97]"
3811,8418f13ffffffff,37,0,0,"[0, 255, 0, 100]","[97, 255, 97]"
3812,8418f17ffffffff,123,0,0,"[0, 255, 0, 100]","[97, 255, 97]"
3813,8418f23ffffffff,69,0,0,"[0, 255, 0, 100]","[97, 255, 97]"
3814,8418f25ffffffff,4,0,0,"[0, 255, 0, 100]","[97, 255, 97]"
3815,8418f27ffffffff,112,0,0,"[0, 255, 0, 100]","[97, 255, 97]"
3816,8418f29ffffffff,146,0,0,"[0, 255, 0, 100]","[97, 255, 97]"
3817,8418f2dffffffff,1,0,0,"[0, 255, 0, 100]","[97, 255, 97]"
3818,8418f31ffffffff,11,0,0,"[0, 255, 0, 100]","[97, 255, 97]"
3819,8418f33ffffffff,210,0,0,"[0, 255, 0, 100]","[97, 255, 97]"
3820,8418f35ffffffff,126,0,0,"[0, 255, 0, 100]","[97, 255, 97]"
3821,8418f37ffffffff,32,0,0,"[0, 255, 0, 100]","[97, 255, 97]"
3822,8418f39ffffffff,14,0,0,"[0, 255, 0, 100]","[97, 255, 97]"
3823,8418f3bffffffff,97,0,0,"[0, 255, 0, 100]","[97, 255, 97]"
3824,8418f47ffffffff,182,0,0,"[0, 255, 0, 100]","[97, 255, 97]"
3825,8418f53ffffffff,137,0,0,"[0, 255, 0, 100]","[97, 255, 97]"
3826,8418f55ffffffff,11,0,0,"[0, 255, 0, 100]","[97, 255, 97]"
3827,8418f57ffffffff,130,0,0,"[0, 255, 0, 100]","[97, 255, 97]"
3828,8418f67ffffffff,71,0,0,"[0, 255, 0, 100]","[97, 255, 97]"
3829,8418f69ffffffff,92,0,0,"[0, 255, 0, 100]","[97, 255, 97]"
3830,8418f6bffffffff,126,0,0,"[0, 255, 0, 100]","[97, 255, 97]"
3831,8418f6dffffffff,58,0,0,"[0, 255, 0, 100]","[97, 255, 97]"
3832,8419001ffffffff,41,0,0,"[0, 255, 0, 100]","[97, 255, 97]"
3833,8419003ffffffff,44,0,0,"[0, 255, 0, 100]","[97, 255, 97]"
3834,8419009ffffffff,33,0,0,"[0, 255, 0, 100]","[97, 255, 97]"
3835,841900dffffffff,10,0,0,"[0, 255, 0, 100]","[97, 255, 97]"
3836,8419011ffffffff,1,0,0,"[0, 255, 0, 100]","[97, 255, 97]"
3837,8419013ffffffff,1,0,0,"[0, 255, 0, 100]","[97, 255, 97]"
3838,841901dffffffff,43,0,0,"[0, 255, 0, 100]","[97, 255, 97]"
3839,8419043ffffffff,300,0,0,"[0, 255, 0, 100]","[97, 255, 97]"
3840,8419047ffffffff,228,0,0,"[0, 255, 0, 100]","[97, 255, 97]"
3841,8419059ffffffff,221,0,0,"[0, 255, 0, 100]","[97, 255, 97]"
3842,841905dffffffff,276,0,0,"[0, 255, 0, 100]","[97, 255, 97]"
3843,841906bffffffff,47,0,0,"[0, 255, 0, 100]","[97, 255, 97]"
3844,841908bffffffff,1,0,0,"[0, 255, 0, 100]","[97, 255, 97]"
3845,8419093ffffffff,31,0,0,"[0, 255, 0, 100]","[97, 255, 97]"
3846,8419097ffffffff,18,0,0,"[0, 255, 0, 100]","[97, 255, 97]"
3847,841909bffffffff,86,0,0,"[0, 255, 0, 100]","[97, 255, 97]"
3848,8419101ffffffff,6,0,0,"[0, 255, 0, 100]","[97, 255, 97]"
3849,8419103ffffffff,9,0,0,"[0, 255, 0, 100]","[97, 255, 97]"
3850,841910dffffffff,42,0,0,"[0, 255, 0, 100]","[97, 255, 97]"
3851,8419145ffffffff,4,0,0,"[0, 255, 0, 100]","[97, 255, 97]"
3852,841914bffffffff,3,0,0,"[0, 255, 0, 100]","[97, 255, 97]"
3853,8419151ffffffff,9,0,0,"[0, 255, 0, 100]","[97, 255, 97]"
3854,8419155ffffffff,3,0,0,"[0, 255, 0, 100]","[97, 255, 97]"
3855,8419163ffffffff,77,0,0,"[0, 255, 0, 100]","[97, 255, 97]"
3856,8419167ffffffff,208,0,0,"[0, 255, 0, 100]","[97, 255, 97]"
3857,841916bffffffff,48,0,0,"[0, 255, 0, 100]","[97, 255, 97]"
3858,841918bffffffff,30,0,0,"[0, 255, 0, 100]","[97, 255, 97]"
3859,8419193ffffffff,11,0,0,"[0, 255, 0, 100]","[97, 255, 97]"
3860,84191a7ffffffff,7,0,0,"[0, 255, 0, 100]","[97, 255, 97]"
3861,84191c5ffffffff,11,0,0,"[0, 255, 0, 100]","[97, 255, 97]"
3862,84191c7ffffffff,4,0,0,"[0, 255, 0, 100]","[97, 255, 97]"
3863,8419209ffffffff,176,0,0,"[0, 255, 0, 100]","[97, 255, 97]"
3864,841920dffffffff,6,0,0,"[0, 255, 0, 100]","[97, 255, 97]"
3865,8419243ffffffff,82,0,0,"[0, 255, 0, 100]","[97, 255, 97]"
3866,8419245ffffffff,10,0,0,"[0, 255, 0, 100]","[97, 255, 97]"
3867,8419247ffffffff,13,0,0,"[0, 255, 0, 100]","[97, 255, 97]"
3868,8419249ffffffff,209,0,0,"[0, 255, 0, 100]","[97, 255, 97]"
3869,841924bffffffff,18,0,0,"[0, 255, 0, 100]","[97, 255, 97]"
3870,841924dffffffff,70,0,0,"[0, 255, 0, 100]","[97, 255, 97]"
3871,8419251ffffffff,19,0,0,"[0, 255, 0, 100]","[97, 255, 97]"
3872,8419255ffffffff,134,0,0,"[0, 255, 0, 100]","[97, 255, 97]"
3873,8419259ffffffff,31,0,0,"[0, 255, 0, 100]","[97, 255, 97]"
3874,841925bffffffff,17,0,0,"[0, 255, 0, 100]","[97, 255, 97]"
3875,841925dffffffff,16,0,0,"[0, 255, 0, 100]","[97, 255, 97]"
3876,8419261ffffffff,53,0,0,"[0, 255, 0, 100]","[97, 255, 97]"
3877,8419263ffffffff,6,0,0,"[0, 255, 0, 100]","[97, 255, 97]"
3878,8419265ffffffff,72,0,0,"[0, 255, 0, 100]","[97, 255, 97]"
3879,8419267ffffffff,46,0,0,"[0, 255, 0, 100]","[97, 255, 97]"
3880,8419281ffffffff,18,0,0,"[0, 255, 0, 100]","[97, 255, 97]"
3881,8419289ffffffff,19,0,0,"[0, 255, 0, 100]","[97, 255, 97]"
3882,8419291ffffffff,41,0,0,"[0, 255, 0, 100]","[97, 255, 97]"
3883,8419299ffffffff,10,0,0,"[0, 255, 0, 100]","[97, 255, 97]"
3884,84192a1ffffffff,12,0,0,"[0, 255, 0, 100]","[97, 255, 97]"
3885,84192a3ffffffff,17,0,0,"[0, 255, 0, 100]","[97, 255, 97]"
3886,84192a5ffffffff,3,0,0,"[0, 255, 0, 100]","[97, 255, 97]"
3887,84192c9ffffffff,2,0,0,"[0, 255, 0, 100]","[97, 255, 97]"
3888,84192e5ffffffff,120,0,0,"[0, 255, 0, 100]","[97, 255, 97]"
3889,8419321ffffffff,7,0,0,"[0, 255, 0, 100]","[97, 255, 97]"
3890,841932dffffffff,53,0,0,"[0, 255, 0, 100]","[97, 255, 97]"
3891,8419339ffffffff,6,0,0,"[0, 255, 0, 100]","[97, 255, 97]"
3892,8419349ffffffff,135,0,0,"[0, 255, 0, 100]","[97, 255, 97]"
3893,841934dffffffff,85,0,0,"[0, 255, 0, 100]","[97, 255, 97]"
3894,8419351ffffffff,60,0,0,"[0, 255, 0, 100]","[97, 255, 97]"
3895,841935bffffffff,209,0,0,"[0, 255, 0, 100]","[97, 255, 97]"
3896,8419403ffffffff,4,0,0,"[0, 255, 0, 100]","[97, 255, 97]"
3897,8419407ffffffff,6,0,0,"[0, 255, 0, 100]","[97, 255, 97]"
3898,841940dffffffff,2,0,0,"[0, 255, 0, 100]","[97, 255, 97]"
3899,8419411ffffffff,34,0,0,"[0, 255, 0, 100]","[97, 255, 97]"
3900,8419415ffffffff,87,0,0,"[0, 255, 0, 100]","[97, 255, 97]"
3901,8419419ffffffff,41,0,0,"[0, 255, 0, 100]","[97, 255, 97]"
3902,841941bffffffff,14,0,0,"[0, 255, 0, 100]","[97, 255, 97]"
3903,841941dffffffff,21,0,0,"[0, 255, 0, 100]","[97, 255, 97]"
3904,8419423ffffffff,3,0,0,"[0, 255, 0, 100]","[97, 255, 97]"
3905,8419425ffffffff,36,0,0,"[0, 255, 0, 100]","[97, 255, 97]"
3906,8419427ffffffff,8,0,0,"[0, 255, 0, 100]","[97, 255, 97]"
3907,841942bffffffff,12,0,0,"[0, 255, 0, 100]","[97, 255, 97]"
3908,8419435ffffffff,4,0,0,"[0, 255, 0, 100]","[97, 255, 97]"
3909,841946bffffffff,13,0,0,"[0, 255, 0, 100]","[97, 255, 97]"
3910,8419489ffffffff,1,0,0,"[0, 255, 0, 100]","[97, 255, 97]"
3911,841948dffffffff,1,0,0,"[0, 255, 0, 100]","[97, 255, 97]"
3912,84194adffffffff,43,0,0,"[0, 255, 0, 100]","[97, 255, 97]"
3913,84194c5ffffffff,20,0,0,"[0, 255, 0, 100]","[97, 255, 97]"
3914,84194c9ffffffff,2,0,0,"[0, 255, 0, 100]","[97, 255, 97]"
3915,84194d1ffffffff,21,0,0,"[0, 255, 0, 100]","[97, 255, 97]"
3916,84194d5ffffffff,1,0,0,"[0, 255, 0, 100]","[97, 255, 97]"
3917,84194e3ffffffff,9,0,0,"[0, 255, 0, 100]","[97, 255, 97]"
3918,84194e5ffffffff,7,0,0,"[0, 255, 0, 100]","[97, 255, 97]"
3919,84194e9ffffffff,13,0,0,"[0, 255, 0, 100]","[97, 255, 97]"
3920,84194ebffffffff,2,0,0,"[0, 255, 0, 100]","[97, 255, 97]"
3921,84194edffffffff,1,0,0,"[0, 255, 0, 100]","[97, 255, 97]"
3922,8419507ffffffff,4,0,0,"[0, 255, 0, 100]","[97, 255, 97]"
3923,8419511ffffffff,24,0,0,"[0, 255, 0, 100]","[97, 255, 97]"
3924,8419513ffffffff,5,0,0,"[0, 255, 0, 100]","[97, 255, 97]"
3925,8419515ffffffff,12,0,0,"[0, 255, 0, 100]","[97, 255, 97]"
3926,841951bffffffff,1,0,0,"[0, 255, 0, 100]","[97, 255, 97]"
3927,841951dffffffff,8,0,0,"[0, 255, 0, 100]","[97, 255, 97]"
3928,8419527ffffffff,4,0,0,"[0, 255, 0, 100]","[97, 255, 97]"
3929,8419529ffffffff,8,0,0,"[0, 255, 0, 100]","[97, 255, 97]"
3930,841952bffffffff,16,0,0,"[0, 255, 0, 100]","[97, 255, 97]"
3931,841952dffffffff,10,0,0,"[0, 255, 0, 100]","[97, 255, 97]"
3932,8419531ffffffff,69,0,0,"[0, 255, 0, 100]","[97, 255, 97]"
3933,8419535ffffffff,89,0,0,"[0, 255, 0, 100]","[97, 255, 97]"
3934,8419537ffffffff,6,0,0,"[0, 255, 0, 100]","[97, 255, 97]"
3935,8419539ffffffff,42,0,0,"[0, 255, 0, 100]","[97, 255, 97]"
3936,8419541ffffffff,5,0,0,"[0, 255, 0, 100]","[97, 255, 97]"
3937,8419543ffffffff,1,0,0,"[0, 255, 0, 100]","[97, 255, 97]"
3938,8419553ffffffff,3,0,0,"[0, 255, 0, 100]","[97, 255, 97]"
3939,8419555ffffffff,1,0,0,"[0, 255, 0, 100]","[97, 255, 97]"
3940,8419557ffffffff,2,0,0,"[0, 255, 0, 100]","[97, 255, 97]"
3941,8419567ffffffff,12,0,0,"[0, 255, 0, 100]","[97, 255, 97]"
3942,8419581ffffffff,2,0,0,"[0, 255, 0, 100]","[97, 255, 97]"
3943,8419585ffffffff,4,0,0,"[0, 255, 0, 100]","[97, 255, 97]"
3944,8419587ffffffff,6,0,0,"[0, 255, 0, 100]","[97, 255, 97]"
3945,8419589ffffffff,5,0,0,"[0, 255, 0, 100]","[97, 255, 97]"
3946,841958bffffffff,9,0,0,"[0, 255, 0, 100]","[97, 255, 97]"
3947,841958dffffffff,12,0,0,"[0, 255, 0, 100]","[97, 255, 97]"
3948,8419591ffffffff,1,0,0,"[0, 255, 0, 100]","[97, 255, 97]"
3949,8419595ffffffff,17,0,0,"[0, 255, 0, 100]","[97, 255, 97]"
3950,841959dffffffff,2,0,0,"[0, 255, 0, 100]","[97, 255, 97]"
3951,84195a5ffffffff,4,0,0,"[0, 255, 0, 100]","[97, 255, 97]"
3952,84195a9ffffffff,28,0,0,"[0, 255, 0, 100]","[97, 255, 97]"
3953,84195abffffffff,17,0,0,"[0, 255, 0, 100]","[97, 255, 97]"
3954,84195adffffffff,28,0,0,"[0, 255, 0, 100]","[97, 255, 97]"
3955,84195b7ffffffff,6,0,0,"[0, 255, 0, 100]","[97, 255, 97]"
3956,84195b9ffffffff,6,0,0,"[0, 255, 0, 100]","[97, 255, 97]"
3957,84195c1ffffffff,9,0,0,"[0, 255, 0, 100]","[97, 255, 97]"
3958,84195c3ffffffff,50,0,0,"[0, 255, 0, 100]","[97, 255, 97]"
3959,84195c7ffffffff,22,0,0,"[0, 255, 0, 100]","[97, 255, 97]"
3960,84195c9ffffffff,19,0,0,"[0, 255, 0, 100]","[97, 255, 97]"
3961,84195cdffffffff,9,0,0,"[0, 255, 0, 100]","[97, 255, 97]"
3962,84195d1ffffffff,9,0,0,"[0, 255, 0, 100]","[97, 255, 97]"
3963,84195d3ffffffff,37,0,0,"[0, 255, 0, 100]","[97, 255, 97]"
3964,84195d5ffffffff,8,0,0,"[0, 255, 0, 100]","[97, 255, 97]"
3965,84195dbffffffff,27,0,0,"[0, 255, 0, 100]","[97, 255, 97]"
3966,84195ddffffffff,11,0,0,"[0, 255, 0, 100]","[97, 255, 97]"
3967,84195e1ffffffff,30,0,0,"[0, 255, 0, 100]","[97, 255, 97]"
3968,84195e3ffffffff,11,0,0,"[0, 255, 0, 100]","[97, 255, 97]"
3969,84195e5ffffffff,23,0,0,"[0, 255, 0, 100]","[97, 255, 97]"
3970,84195e7ffffffff,38,0,0,"[0, 255, 0, 100]","[97, 255, 97]"
3971,84195ebffffffff,23,0,0,"[0, 255, 0, 100]","[97, 255, 97]"
3972,8419611ffffffff,1,0,0,"[0, 255, 0, 100]","[97, 255, 97]"
3973,8419683ffffffff,4,0,0,"[0, 255, 0, 100]","[97, 255, 97]"
3974,8419687ffffffff,6,0,0,"[0, 255, 0, 100]","[97, 255, 97]"
3975,84196a1ffffffff,21,0,0,"[0, 255, 0, 100]","[97, 255, 97]"
3976,84196a3ffffffff,3,0,0,"[0, 255, 0, 100]","[97, 255, 97]"
3977,84196a5ffffffff,38,0,0,"[0, 255, 0, 100]","[97, 255, 97]"
3978,8419727ffffffff,71,0,0,"[0, 255, 0, 100]","[97, 255, 97]"
3979,8419731ffffffff,3,0,0,"[0, 255, 0, 100]","[97, 255, 97]"
3980,8419733ffffffff,18,0,0,"[0, 255, 0, 100]","[97, 255, 97]"
3981,8419737ffffffff,7,0,0,"[0, 255, 0, 100]","[97, 255, 97]"
3982,8419769ffffffff,156,0,0,"[0, 255, 0, 100]","[97, 255, 97]"
3983,841976bffffffff,10,0,0,"[0, 255, 0, 100]","[97, 255, 97]"
3984,841981bffffffff,5,0,0,"[0, 255, 0, 100]","[97, 255, 97]"
3985,8419833ffffffff,119,0,0,"[0, 255, 0, 100]","[97, 255, 97]"
3986,8419837ffffffff,73,0,0,"[0, 255, 0, 100]","[97, 255, 97]"
3987,8419839ffffffff,1,0,0,"[0, 255, 0, 100]","[97, 255, 97]"
3988,8419845ffffffff,40,0,0,"[0, 255, 0, 100]","[97, 255, 97]"
3989,8419847ffffffff,6,0,0,"[0, 255, 0, 100]","[97, 255, 97]"
3990,841985bffffffff,1,0,0,"[0, 255, 0, 100]","[97, 255, 97]"
3991,8419869ffffffff,66,0,0,"[0, 255, 0, 100]","[97, 255, 97]"
3992,8419883ffffffff,59,0,0,"[0, 255, 0, 100]","[97, 255, 97]"
3993,8419887ffffffff,30,0,0,"[0, 255, 0, 100]","[97, 255, 97]"
3994,8419889ffffffff,116,0,0,"[0, 255, 0, 100]","[97, 255, 97]"
3995,841988dffffffff,2,0,0,"[0, 255, 0, 100]","[97, 255, 97]"
3996,8419891ffffffff,75,0,0,"[0, 255, 0, 100]","[97, 255, 97]"
3997,8419893ffffffff,36,0,0,"[0, 255, 0, 100]","[97, 255, 97]"
3998,8419895ffffffff,33,0,0,"[0, 255, 0, 100]","[97, 255, 97]"
3999,841989dffffffff,22,0,0,"[0, 255, 0, 100]","[97, 255, 97]"
4000,84198a1ffffffff,48,0,0,"[0, 255, 0, 100]","[97, 255, 97]"
4001,84198a3ffffffff,148,0,0,"[0, 255, 0, 100]","[97, 255, 97]"
4002,84198a5ffffffff,58,0,0,"[0, 255, 0, 100]","[97, 255, 97]"
4003,84198a7ffffffff,92,0,0,"[0, 255, 0, 100]","[97, 255, 97]"
4004,84198abffffffff,26,0,0,"[0, 255, 0, 100]","[97, 255, 97]"
4005,84198adffffffff,1,0,0,"[0, 255, 0, 100]","[97, 255, 97]"
4006,84198b1ffffffff,53,0,0,"[0, 255, 0, 100]","[97, 255, 97]"
4007,84198b3ffffffff,113,0,0,"[0, 255, 0, 100]","[97, 255, 97]"
4008,84198b5ffffffff,122,0,0,"[0, 255, 0, 100]","[97, 255, 97]"
4009,84198b7ffffffff,22,0,0,"[0, 255, 0, 100]","[97, 255, 97]"
4010,84198b9ffffffff,21,0,0,"[0, 255, 0, 100]","[97, 255, 97]"
4011,84198c7ffffffff,33,0,0,"[0, 255, 0, 100]","[97, 255, 97]"
4012,84198d1ffffffff,77,0,0,"[0, 255, 0, 100]","[97, 255, 97]"
4013,84198d3ffffffff,22,0,0,"[0, 255, 0, 100]","[97, 255, 97]"
4014,84198d5ffffffff,316,0,0,"[0, 255, 0, 100]","[97, 255, 97]"
4015,84198d7ffffffff,33,0,0,"[0, 255, 0, 100]","[97, 255, 97]"
4016,84198e1ffffffff,161,0,0,"[0, 255, 0, 100]","[97, 255, 97]"
4017,84198e5ffffffff,152,0,0,"[0, 255, 0, 100]","[97, 255, 97]"
4018,84198ebffffffff,17,0,0,"[0, 255, 0, 100]","[97, 255, 97]"
4019,84198edffffffff,3,0,0,"[0, 255, 0, 100]","[97, 255, 97]"
4020,841990dffffffff,96,0,0,"[0, 255, 0, 100]","[97, 255, 97]"
4021,8419913ffffffff,374,0,0,"[0, 255, 0, 100]","[97, 255, 97]"
4022,8419915ffffffff,178,0,0,"[0, 255, 0, 100]","[97, 255, 97]"
4023,8419917ffffffff,128,0,0,"[0, 255, 0, 100]","[97, 255, 97]"
4024,8419921ffffffff,55,0,0,"[0, 255, 0, 100]","[97, 255, 97]"
4025,8419923ffffffff,24,0,0,"[0, 255, 0, 100]","[97, 255, 97]"
4026,841992bffffffff,33,0,0,"[0, 255, 0, 100]","[97, 255, 97]"
4027,8419939ffffffff,116,0,0,"[0, 255, 0, 100]","[97, 255, 97]"
4028,841993dffffffff,35,0,0,"[0, 255, 0, 100]","[97, 255, 97]"
4029,841994dffffffff,3,0,0,"[0, 255, 0, 100]","[97, 255, 97]"
4030,8419961ffffffff,56,0,0,"[0, 255, 0, 100]","[97, 255, 97]"
4031,8419963ffffffff,66,0,0,"[0, 255, 0, 100]","[97, 255, 97]"
4032,8419965ffffffff,98,0,0,"[0, 255, 0, 100]","[97, 255, 97]"
4033,841996bffffffff,32,0,0,"[0, 255, 0, 100]","[97, 255, 97]"
4034,8419981ffffffff,9,0,0,"[0, 255, 0, 100]","[97, 255, 97]"
4035,8419983ffffffff,44,0,0,"[0, 255, 0, 100]","[97, 255, 97]"
4036,8419987ffffffff,98,0,0,"[0, 255, 0, 100]","[97, 255, 97]"
4037,8419989ffffffff,183,0,0,"[0, 255, 0, 100]","[97, 255, 97]"
4038,841998bffffffff,210,0,0,"[0, 255, 0, 100]","[97, 255, 97]"
4039,841998dffffffff,324,0,0,"[0, 255, 0, 100]","[97, 255, 97]"
4040,8419993ffffffff,203,0,0,"[0, 255, 0, 100]","[97, 255, 97]"
4041,8419995ffffffff,12,0,0,"[0, 255, 0, 100]","[97, 255, 97]"
4042,8419997ffffffff,272,0,0,"[0, 255, 0, 100]","[97, 255, 97]"
4043,841999bffffffff,31,0,0,"[0, 255, 0, 100]","[97, 255, 97]"
4044,84199a1ffffffff,101,0,0,"[0, 255, 0, 100]","[97, 255, 97]"
4045,84199a3ffffffff,130,0,0,"[0, 255, 0, 100]","[97, 255, 97]"
4046,84199a5ffffffff,108,0,0,"[0, 255, 0, 100]","[97, 255, 97]"
4047,84199a7ffffffff,61,0,0,"[0, 255, 0, 100]","[97, 255, 97]"
4048,84199a9ffffffff,82,0,0,"[0, 255, 0, 100]","[97, 255, 97]"
4049,84199adffffffff,81,0,0,"[0, 255, 0, 100]","[97, 255, 97]"
4050,84199b9ffffffff,85,0,0,"[0, 255, 0, 100]","[97, 255, 97]"
4051,84199bdffffffff,59,0,0,"[0, 255, 0, 100]","[97, 255, 97]"
4052,84199c1ffffffff,141,0,0,"[0, 255, 0, 100]","[97, 255, 97]"
4053,84199c9ffffffff,66,0,0,"[0, 255, 0, 100]","[97, 255, 97]"
4054,84199cbffffffff,123,0,0,"[0, 255, 0, 100]","[97, 255, 97]"
4055,84199cdffffffff,185,0,0,"[0, 255, 0, 100]","[97, 255, 97]"
4056,84199d3ffffffff,108,0,0,"[0, 255, 0, 100]","[97, 255, 97]"
4057,84199d7ffffffff,216,0,0,"[0, 255, 0, 100]","[97, 255, 97]"
4058,84199e3ffffffff,197,0,0,"[0, 255, 0, 100]","[97, 255, 97]"
4059,84199e5ffffffff,15,0,0,"[0, 255, 0, 100]","[97, 255, 97]"
4060,84199e7ffffffff,167,0,0,"[0, 255, 0, 100]","[97, 255, 97]"
4061,8419a13ffffffff,11,0,0,"[0, 255, 0, 100]","[97, 255, 97]"
4062,8419a17ffffffff,123,0,0,"[0, 255, 0, 100]","[97, 255, 97]"
4063,8419a31ffffffff,1,0,0,"[0, 255, 0, 100]","[97, 255, 97]"
4064,8419a3bffffffff,100,0,0,"[0, 255, 0, 100]","[97, 255, 97]"
4065,8419a51ffffffff,1,0,0,"[0, 255, 0, 100]","[97, 255, 97]"
4066,8419a53ffffffff,7,0,0,"[0, 255, 0, 100]","[97, 255, 97]"
4067,8419a5bffffffff,126,0,0,"[0, 255, 0, 100]","[97, 255, 97]"
4068,8419a83ffffffff,60,0,0,"[0, 255, 0, 100]","[97, 255, 97]"
4069,8419a85ffffffff,48,0,0,"[0, 255, 0, 100]","[97, 255, 97]"
4070,8419a87ffffffff,6,0,0,"[0, 255, 0, 100]","[97, 255, 97]"
4071,8419a91ffffffff,274,0,0,"[0, 255, 0, 100]","[97, 255, 97]"
4072,8419a93ffffffff,5,0,0,"[0, 255, 0, 100]","[97, 255, 97]"
4073,8419a95ffffffff,4,0,0,"[0, 255, 0, 100]","[97, 255, 97]"
4074,8419a9bffffffff,162,0,0,"[0, 255, 0, 100]","[97, 255, 97]"
4075,8419a9dffffffff,125,0,0,"[0, 255, 0, 100]","[97, 255, 97]"
4076,8419aa9ffffffff,19,0,0,"[0, 255, 0, 100]","[97, 255, 97]"
4077,8419ae9ffffffff,7,0,0,"[0, 255, 0, 100]","[97, 255, 97]"
4078,8419b09ffffffff,36,0,0,"[0, 255, 0, 100]","[97, 255, 97]"
4079,8419b0bffffffff,18,0,0,"[0, 255, 0, 100]","[97, 255, 97]"
4080,8419b0dffffffff,185,0,0,"[0, 255, 0, 100]","[97, 255, 97]"
4081,8419b17ffffffff,7,0,0,"[0, 255, 0, 100]","[97, 255, 97]"
4082,8419b43ffffffff,67,0,0,"[0, 255, 0, 100]","[97, 255, 97]"
4083,8419b45ffffffff,90,0,0,"[0, 255, 0, 100]","[97, 255, 97]"
4084,8419b47ffffffff,102,0,0,"[0, 255, 0, 100]","[97, 255, 97]"
4085,8419b55ffffffff,45,0,0,"[0, 255, 0, 100]","[97, 255, 97]"
4086,8419b63ffffffff,60,0,0,"[0, 255, 0, 100]","[97, 255, 97]"
4087,8419b69ffffffff,139,0,0,"[0, 255, 0, 100]","[97, 255, 97]"
4088,841a001ffffffff,53,0,0,"[0, 255, 0, 100]","[97, 255, 97]"
4089,841a005ffffffff,132,0,0,"[0, 255, 0, 100]","[97, 255, 97]"
4090,841a007ffffffff,23,0,0,"[0, 255, 0, 100]","[97, 255, 97]"
4091,841a00bffffffff,74,0,0,"[0, 255, 0, 100]","[97, 255, 97]"
4092,841a021ffffffff,16,0,0,"[0, 255, 0, 100]","[97, 255, 97]"
4093,841a029ffffffff,13,0,0,"[0, 255, 0, 100]","[97, 255, 97]"
4094,841a02bffffffff,34,0,0,"[0, 255, 0, 100]","[97, 255, 97]"
4095,841a037ffffffff,83,0,0,"[0, 255, 0, 100]","[97, 255, 97]"
4096,841a041ffffffff,112,0,0,"[0, 255, 0, 100]","[97, 255, 97]"
4097,841a045ffffffff,56,0,0,"[0, 255, 0, 100]","[97, 255, 97]"
4098,841a04bffffffff,2,0,0,"[0, 255, 0, 100]","[97, 255, 97]"
4099,841a04dffffffff,107,0,0,"[0, 255, 0, 100]","[97, 255, 97]"
4100,841a051ffffffff,17,0,0,"[0, 255, 0, 100]","[97, 255, 97]"
4101,841a05bffffffff,88,0,0,"[0, 255, 0, 100]","[97, 255, 97]"
4102,841a061ffffffff,108,0,0,"[0, 255, 0, 100]","[97, 255, 97]"
4103,841a065ffffffff,167,0,0,"[0, 255, 0, 100]","[97, 255, 97]"
4104,841a067ffffffff,6,0,0,"[0, 255, 0, 100]","[97, 255, 97]"
4105,841a069ffffffff,61,0,0,"[0, 255, 0, 100]","[97, 255, 97]"
4106,841a06bffffffff,3,0,0,"[0, 255, 0, 100]","[97, 255, 97]"
4107,841a089ffffffff,11,0,0,"[0, 255, 0, 100]","[97, 255, 97]"
4108,841a091ffffffff,22,0,0,"[0, 255, 0, 100]","[97, 255, 97]"
4109,841a099ffffffff,69,0,0,"[0, 255, 0, 100]","[97, 255, 97]"
4110,841a09bffffffff,16,0,0,"[0, 255, 0, 100]","[97, 255, 97]"
4111,841a09dffffffff,155,0,0,"[0, 255, 0, 100]","[97, 255, 97]"
4112,841a0a9ffffffff,2,0,0,"[0, 255, 0, 100]","[97, 255, 97]"
4113,841a0adffffffff,110,0,0,"[0, 255, 0, 100]","[97, 255, 97]"
4114,841a0b3ffffffff,93,0,0,"[0, 255, 0, 100]","[97, 255, 97]"
4115,841a0c3ffffffff,70,0,0,"[0, 255, 0, 100]","[97, 255, 97]"
4116,841a0c7ffffffff,62,0,0,"[0, 255, 0, 100]","[97, 255, 97]"
4117,841a0c9ffffffff,3,0,0,"[0, 255, 0, 100]","[97, 255, 97]"
4118,841a0d1ffffffff,14,0,0,"[0, 255, 0, 100]","[97, 255, 97]"
4119,841a0d5ffffffff,5,0,0,"[0, 255, 0, 100]","[97, 255, 97]"
4120,841a0dbffffffff,274,0,0,"[0, 255, 0, 100]","[97, 255, 97]"
4121,841a0ebffffffff,67,0,0,"[0, 255, 0, 100]","[97, 255, 97]"
4122,841a113ffffffff,83,0,0,"[0, 255, 0, 100]","[97, 255, 97]"
4123,841a117ffffffff,14,0,0,"[0, 255, 0, 100]","[97, 255, 97]"
4124,841a123ffffffff,178,0,0,"[0, 255, 0, 100]","[97, 255, 97]"
4125,841a125ffffffff,35,0,0,"[0, 255, 0, 100]","[97, 255, 97]"
4126,841a127ffffffff,113,0,0,"[0, 255, 0, 100]","[97, 255, 97]"
4127,841a12dffffffff,20,0,0,"[0, 255, 0, 100]","[97, 255, 97]"
4128,841a131ffffffff,71,0,0,"[0, 255, 0, 100]","[97, 255, 97]"
4129,841a139ffffffff,25,0,0,"[0, 255, 0, 100]","[97, 255, 97]"
4130,841a13bffffffff,2,0,0,"[0, 255, 0, 100]","[97, 255, 97]"
4131,841a13dffffffff,157,0,0,"[0, 255, 0, 100]","[97, 255, 97]"
4132,841a141ffffffff,37,0,0,"[0, 255, 0, 100]","[97, 255, 97]"
4133,841a145ffffffff,108,0,0,"[0, 255, 0, 100]","[97, 255, 97]"
4134,841a159ffffffff,119,0,0,"[0, 255, 0, 100]","[97, 255, 97]"
4135,841a167ffffffff,3,0,0,"[0, 255, 0, 100]","[97, 255, 97]"
4136,841a169ffffffff,170,0,0,"[0, 255, 0, 100]","[97, 255, 97]"
4137,841a16dffffffff,140,0,0,"[0, 255, 0, 100]","[97, 255, 97]"
4138,841a181ffffffff,23,0,0,"[0, 255, 0, 100]","[97, 255, 97]"
4139,841a189ffffffff,31,0,0,"[0, 255, 0, 100]","[97, 255, 97]"
4140,841a18bffffffff,13,0,0,"[0, 255, 0, 100]","[97, 255, 97]"
4141,841a18dffffffff,46,0,0,"[0, 255, 0, 100]","[97, 255, 97]"
4142,841a191ffffffff,8,0,0,"[0, 255, 0, 100]","[97, 255, 97]"
4143,841a193ffffffff,115,0,0,"[0, 255, 0, 100]","[97, 255, 97]"
4144,841a197ffffffff,16,0,0,"[0, 255, 0, 100]","[97, 255, 97]"
4145,841a1a5ffffffff,132,0,0,"[0, 255, 0, 100]","[97, 255, 97]"
4146,841a1a7ffffffff,20,0,0,"[0, 255, 0, 100]","[97, 255, 97]"
4147,841a1c1ffffffff,25,0,0,"[0, 255, 0, 100]","[97, 255, 97]"
4148,841a1cbffffffff,54,0,0,"[0, 255, 0, 100]","[97, 255, 97]"
4149,841a1cdffffffff,31,0,0,"[0, 255, 0, 100]","[97, 255, 97]"
4150,841a1d3ffffffff,27,0,0,"[0, 255, 0, 100]","[97, 255, 97]"
4151,841a1d7ffffffff,50,0,0,"[0, 255, 0, 100]","[97, 255, 97]"
4152,841a1e3ffffffff,5,0,0,"[0, 255, 0, 100]","[97, 255, 97]"
4153,841a1e5ffffffff,28,0,0,"[0, 255, 0, 100]","[97, 255, 97]"
4154,841a201ffffffff,16,0,0,"[0, 255, 0, 100]","[97, 255, 97]"
4155,841a203ffffffff,522,0,0,"[0, 255, 0, 100]","[97, 255, 97]"
4156,841a205ffffffff,204,0,0,"[0, 255, 0, 100]","[97, 255, 97]"
4157,841a207ffffffff,142,0,0,"[0, 255, 0, 100]","[97, 255, 97]"
4158,841a211ffffffff,128,0,0,"[0, 255, 0, 100]","[97, 255, 97]"
4159,841a217ffffffff,17,0,0,"[0, 255, 0, 100]","[97, 255, 97]"
4160,841a219ffffffff,650,0,0,"[0, 255, 0, 100]","[97, 255, 97]"
4161,841a21bffffffff,63,0,0,"[0, 255, 0, 100]","[97, 255, 97]"
4162,841a21dffffffff,717,0,0,"[0, 255, 0, 100]","[97, 255, 97]"
4163,841a229ffffffff,429,0,0,"[0, 255, 0, 100]","[97, 255, 97]"
4164,841a22bffffffff,16,0,0,"[0, 255, 0, 100]","[97, 255, 97]"
4165,841a22dffffffff,514,0,0,"[0, 255, 0, 100]","[97, 255, 97]"
4166,841a231ffffffff,145,0,0,"[0, 255, 0, 100]","[97, 255, 97]"
4167,841a233ffffffff,98,0,0,"[0, 255, 0, 100]","[97, 255, 97]"
4168,841a235ffffffff,20,0,0,"[0, 255, 0, 100]","[97, 255, 97]"
4169,841a23bffffffff,109,0,0,"[0, 255, 0, 100]","[97, 255, 97]"
4170,841a243ffffffff,233,0,0,"[0, 255, 0, 100]","[97, 255, 97]"
4171,841a247ffffffff,235,0,0,"[0, 255, 0, 100]","[97, 255, 97]"
4172,841a24bffffffff,1,0,0,"[0, 255, 0, 100]","[97, 255, 97]"
4173,841a251ffffffff,22,0,0,"[0, 255, 0, 100]","[97, 255, 97]"
4174,841a259ffffffff,160,0,0,"[0, 255, 0, 100]","[97, 255, 97]"
4175,841a25bffffffff,47,0,0,"[0, 255, 0, 100]","[97, 255, 97]"
4176,841a25dffffffff,245,0,0,"[0, 255, 0, 100]","[97, 255, 97]"
4177,841a261ffffffff,11,0,0,"[0, 255, 0, 100]","[97, 255, 97]"
4178,841a269ffffffff,46,0,0,"[0, 255, 0, 100]","[97, 255, 97]"
4179,841a26bffffffff,175,0,0,"[0, 255, 0, 100]","[97, 255, 97]"
4180,841a26dffffffff,45,0,0,"[0, 255, 0, 100]","[97, 255, 97]"
4181,841a281ffffffff,318,0,0,"[0, 255, 0, 100]","[97, 255, 97]"
4182,841a283ffffffff,43,0,0,"[0, 255, 0, 100]","[97, 255, 97]"
4183,841a285ffffffff,324,0,0,"[0, 255, 0, 100]","[97, 255, 97]"
4184,841a28bffffffff,173,0,0,"[0, 255, 0, 100]","[97, 255, 97]"
4185,841a291ffffffff,49,0,0,"[0, 255, 0, 100]","[97, 255, 97]"
4186,841a297ffffffff,94,0,0,"[0, 255, 0, 100]","[97, 255, 97]"
4187,841a299ffffffff,251,0,0,"[0, 255, 0, 100]","[97, 255, 97]"
4188,841a29bffffffff,101,0,0,"[0, 255, 0, 100]","[97, 255, 97]"
4189,841a29dffffffff,204,0,0,"[0, 255, 0, 100]","[97, 255, 97]"
4190,841a2a7ffffffff,55,0,0,"[0, 255, 0, 100]","[97, 255, 97]"
4191,841a2a9ffffffff,181,0,0,"[0, 255, 0, 100]","[97, 255, 97]"
4192,841a2adffffffff,112,0,0,"[0, 255, 0, 100]","[97, 255, 97]"
4193,841a2b1ffffffff,40,0,0,"[0, 255, 0, 100]","[97, 255, 97]"
4194,841a2b5ffffffff,136,0,0,"[0, 255, 0, 100]","[97, 255, 97]"
4195,841a2bbffffffff,108,0,0,"[0, 255, 0, 100]","[97, 255, 97]"
4196,841a2c1ffffffff,32,0,0,"[0, 255, 0, 100]","[97, 255, 97]"
4197,841a2c3ffffffff,24,0,0,"[0, 255, 0, 100]","[97, 255, 97]"
4198,841a2c7ffffffff,1,0,0,"[0, 255, 0, 100]","[97, 255, 97]"
4199,841a2d9ffffffff,189,0,0,"[0, 255, 0, 100]","[97, 255, 97]"
4200,841a2ddffffffff,63,0,0,"[0, 255, 0, 100]","[97, 255, 97]"
4201,841a2e9ffffffff,68,0,0,"[0, 255, 0, 100]","[97, 255, 97]"
4202,841a2edffffffff,179,0,0,"[0, 255, 0, 100]","[97, 255, 97]"
4203,841a309ffffffff,169,0,0,"[0, 255, 0, 100]","[97, 255, 97]"
4204,841a30bffffffff,21,0,0,"[0, 255, 0, 100]","[97, 255, 97]"
4205,841a30dffffffff,129,0,0,"[0, 255, 0, 100]","[97, 255, 97]"
4206,841a311ffffffff,171,0,0,"[0, 255, 0, 100]","[97, 255, 97]"
4207,841a313ffffffff,78,0,0,"[0, 255, 0, 100]","[97, 255, 97]"
4208,841a315ffffffff,49,0,0,"[0, 255, 0, 100]","[97, 255, 97]"
4209,841a31bffffffff,6,0,0,"[0, 255, 0, 100]","[97, 255, 97]"
4210,841a339ffffffff,72,0,0,"[0, 255, 0, 100]","[97, 255, 97]"
4211,841a33dffffffff,16,0,0,"[0, 255, 0, 100]","[97, 255, 97]"
4212,841a341ffffffff,72,0,0,"[0, 255, 0, 100]","[97, 255, 97]"
4213,841a345ffffffff,7,0,0,"[0, 255, 0, 100]","[97, 255, 97]"
4214,841a349ffffffff,13,0,0,"[0, 255, 0, 100]","[97, 255, 97]"
4215,841a34bffffffff,3,0,0,"[0, 255, 0, 100]","[97, 255, 97]"
4216,841a34dffffffff,157,0,0,"[0, 255, 0, 100]","[97, 255, 97]"
4217,841a353ffffffff,230,0,0,"[0, 255, 0, 100]","[97, 255, 97]"
4218,841a355ffffffff,188,0,0,"[0, 255, 0, 100]","[97, 255, 97]"
4219,841a357ffffffff,201,0,0,"[0, 255, 0, 100]","[97, 255, 97]"
4220,841a363ffffffff,250,0,0,"[0, 255, 0, 100]","[97, 255, 97]"
4221,841a365ffffffff,28,0,0,"[0, 255, 0, 100]","[97, 255, 97]"
4222,841a367ffffffff,141,0,0,"[0, 255, 0, 100]","[97, 255, 97]"
4223,841a401ffffffff,7,0,0,"[0, 255, 0, 100]","[97, 255, 97]"
4224,841a405ffffffff,101,0,0,"[0, 255, 0, 100]","[97, 255, 97]"
4225,841a409ffffffff,2,0,0,"[0, 255, 0, 100]","[97, 255, 97]"
4226,841a40dffffffff,23,0,0,"[0, 255, 0, 100]","[97, 255, 97]"
4227,841a41dffffffff,6,0,0,"[0, 255, 0, 100]","[97, 255, 97]"
4228,841a429ffffffff,1,0,0,"[0, 255, 0, 100]","[97, 255, 97]"
4229,841a42bffffffff,39,0,0,"[0, 255, 0, 100]","[97, 255, 97]"
4230,841a443ffffffff,2,0,0,"[0, 255, 0, 100]","[97, 255, 97]"
4231,841a461ffffffff,433,0,0,"[0, 255, 0, 100]","[97, 255, 97]"
4232,841a463ffffffff,98,0,0,"[0, 255, 0, 100]","[97, 255, 97]"
4233,841a465ffffffff,360,0,0,"[0, 255, 0, 100]","[97, 255, 97]"
4234,841a46bffffffff,50,0,0,"[0, 255, 0, 100]","[97, 255, 97]"
4235,841a46dffffffff,15,0,0,"[0, 255, 0, 100]","[97, 255, 97]"
4236,841a491ffffffff,153,0,0,"[0, 255, 0, 100]","[97, 255, 97]"
4237,841a493ffffffff,51,0,0,"[0, 255, 0, 100]","[97, 255, 97]"
4238,841a495ffffffff,140,0,0,"[0, 255, 0, 100]","[97, 255, 97]"
4239,841a497ffffffff,10,0,0,"[0, 255, 0, 100]","[97, 255, 97]"
4240,841a4a3ffffffff,11,0,0,"[0, 255, 0, 100]","[97, 255, 97]"
4241,841a4a5ffffffff,8,0,0,"[0, 255, 0, 100]","[97, 255, 97]"
4242,841a4a7ffffffff,51,0,0,"[0, 255, 0, 100]","[97, 255, 97]"
4243,841a4b3ffffffff,20,0,0,"[0, 255, 0, 100]","[97, 255, 97]"
4244,841a4b7ffffffff,6,0,0,"[0, 255, 0, 100]","[97, 255, 97]"
4245,841a501ffffffff,3,0,0,"[0, 255, 0, 100]","[97, 255, 97]"
4246,841a503ffffffff,5,0,0,"[0, 255, 0, 100]","[97, 255, 97]"
4247,841a505ffffffff,2,0,0,"[0, 255, 0, 100]","[97, 255, 97]"
4248,841a50bffffffff,1,0,0,"[0, 255, 0, 100]","[97, 255, 97]"
4249,841a513ffffffff,7,0,0,"[0, 255, 0, 100]","[97, 255, 97]"
4250,841a517ffffffff,1,0,0,"[0, 255, 0, 100]","[97, 255, 97]"
4251,841a541ffffffff,92,0,0,"[0, 255, 0, 100]","[97, 255, 97]"
4252,841a545ffffffff,152,0,0,"[0, 255, 0, 100]","[97, 255, 97]"
4253,841a553ffffffff,14,0,0,"[0, 255, 0, 100]","[97, 255, 97]"
4254,841a555ffffffff,3,0,0,"[0, 255, 0, 100]","[97, 255, 97]"
4255,841a557ffffffff,67,0,0,"[0, 255, 0, 100]","[97, 255, 97]"
4256,841a559ffffffff,300,0,0,"[0, 255, 0, 100]","[97, 255, 97]"
4257,841a569ffffffff,93,0,0,"[0, 255, 0, 100]","[97, 255, 97]"
4258,841a56dffffffff,96,0,0,"[0, 255, 0, 100]","[97, 255, 97]"
4259,841a581ffffffff,24,0,0,"[0, 255, 0, 100]","[97, 255, 97]"
4260,841a595ffffffff,1,0,0,"[0, 255, 0, 100]","[97, 255, 97]"
4261,841a59bffffffff,57,0,0,"[0, 255, 0, 100]","[97, 255, 97]"
4262,841a5bbffffffff,2,0,0,"[0, 255, 0, 100]","[97, 255, 97]"
4263,841a605ffffffff,2,0,0,"[0, 255, 0, 100]","[97, 255, 97]"
4264,841a609ffffffff,15,0,0,"[0, 255, 0, 100]","[97, 255, 97]"
4265,841a60dffffffff,17,0,0,"[0, 255, 0, 100]","[97, 255, 97]"
4266,841a611ffffffff,118,0,0,"[0, 255, 0, 100]","[97, 255, 97]"
4267,841a613ffffffff,159,0,0,"[0, 255, 0, 100]","[97, 255, 97]"
4268,841a615ffffffff,68,0,0,"[0, 255, 0, 100]","[97, 255, 97]"
4269,841a617ffffffff,62,0,0,"[0, 255, 0, 100]","[97, 255, 97]"
4270,841a61bffffffff,2,0,0,"[0, 255, 0, 100]","[97, 255, 97]"
4271,841a623ffffffff,80,0,0,"[0, 255, 0, 100]","[97, 255, 97]"
4272,841a627ffffffff,173,0,0,"[0, 255, 0, 100]","[97, 255, 97]"
4273,841a631ffffffff,7,0,0,"[0, 255, 0, 100]","[97, 255, 97]"
4274,841a633ffffffff,140,0,0,"[0, 255, 0, 100]","[97, 255, 97]"
4275,841a637ffffffff,2,0,0,"[0, 255, 0, 100]","[97, 255, 97]"
4276,841a647ffffffff,2,0,0,"[0, 255, 0, 100]","[97, 255, 97]"
4277,841a649ffffffff,102,0,0,"[0, 255, 0, 100]","[97, 255, 97]"
4278,841a64bffffffff,70,0,0,"[0, 255, 0, 100]","[97, 255, 97]"
4279,841a64dffffffff,132,0,0,"[0, 255, 0, 100]","[97, 255, 97]"
4280,841a651ffffffff,127,0,0,"[0, 255, 0, 100]","[97, 255, 97]"
4281,841a653ffffffff,73,0,0,"[0, 255, 0, 100]","[97, 255, 97]"
4282,841a655ffffffff,101,0,0,"[0, 255, 0, 100]","[97, 255, 97]"
4283,841a661ffffffff,13,0,0,"[0, 255, 0, 100]","[97, 255, 97]"
4284,841a663ffffffff,165,0,0,"[0, 255, 0, 100]","[97, 255, 97]"
4285,841a665ffffffff,35,0,0,"[0, 255, 0, 100]","[97, 255, 97]"
4286,841a667ffffffff,99,0,0,"[0, 255, 0, 100]","[97, 255, 97]"
4287,841a66bffffffff,21,0,0,"[0, 255, 0, 100]","[97, 255, 97]"
4288,841a683ffffffff,254,0,0,"[0, 255, 0, 100]","[97, 255, 97]"
4289,841a687ffffffff,12,0,0,"[0, 255, 0, 100]","[97, 255, 97]"
4290,841a68bffffffff,1,0,0,"[0, 255, 0, 100]","[97, 255, 97]"
4291,841a693ffffffff,117,0,0,"[0, 255, 0, 100]","[97, 255, 97]"
4292,841a697ffffffff,52,0,0,"[0, 255, 0, 100]","[97, 255, 97]"
4293,841a69dffffffff,42,0,0,"[0, 255, 0, 100]","[97, 255, 97]"
4294,841a6a1ffffffff,1,0,0,"[0, 255, 0, 100]","[97, 255, 97]"
4295,841a6abffffffff,9,0,0,"[0, 255, 0, 100]","[97, 255, 97]"
4296,841a6c3ffffffff,47,0,0,"[0, 255, 0, 100]","[97, 255, 97]"
4297,841a6c7ffffffff,20,0,0,"[0, 255, 0, 100]","[97, 255, 97]"
4298,841a6c9ffffffff,89,0,0,"[0, 255, 0, 100]","[97, 255, 97]"
4299,841a6cdffffffff,37,0,0,"[0, 255, 0, 100]","[97, 255, 97]"
4300,841a6ddffffffff,127,0,0,"[0, 255, 0, 100]","[97, 255, 97]"
4301,841a6e1ffffffff,188,0,0,"[0, 255, 0, 100]","[97, 255, 97]"
4302,841a6e5ffffffff,17,0,0,"[0, 255, 0, 100]","[97, 255, 97]"
4303,841a6ebffffffff,202,0,0,"[0, 255, 0, 100]","[97, 255, 97]"
4304,841a6edffffffff,24,0,0,"[0, 255, 0, 100]","[97, 255, 97]"
4305,841a709ffffffff,120,0,0,"[0, 255, 0, 100]","[97, 255, 97]"
4306,841a70dffffffff,13,0,0,"[0, 255, 0, 100]","[97, 255, 97]"
4307,841a711ffffffff,43,0,0,"[0, 255, 0, 100]","[97, 255, 97]"
4308,841a715ffffffff,265,0,0,"[0, 255, 0, 100]","[97, 255, 97]"
4309,841a71bffffffff,140,0,0,"[0, 255, 0, 100]","[97, 255, 97]"
4310,841a723ffffffff,152,0,0,"[0, 255, 0, 100]","[97, 255, 97]"
4311,841a72bffffffff,1,0,0,"[0, 255, 0, 100]","[97, 255, 97]"
4312,841a733ffffffff,141,0,0,"[0, 255, 0, 100]","[97, 255, 97]"
4313,841a737ffffffff,48,0,0,"[0, 255, 0, 100]","[97, 255, 97]"
4314,841a739ffffffff,191,0,0,"[0, 255, 0, 100]","[97, 255, 97]"
4315,841a73dffffffff,92,0,0,"[0, 255, 0, 100]","[97, 255, 97]"
4316,841a741ffffffff,71,0,0,"[0, 255, 0, 100]","[97, 255, 97]"
4317,841a743ffffffff,5,0,0,"[0, 255, 0, 100]","[97, 255, 97]"
4318,841a745ffffffff,3,0,0,"[0, 255, 0, 100]","[97, 255, 97]"
4319,841a747ffffffff,2,0,0,"[0, 255, 0, 100]","[97, 255, 97]"
4320,841a749ffffffff,60,0,0,"[0, 255, 0, 100]","[97, 255, 97]"
4321,841a74bffffffff,58,0,0,"[0, 255, 0, 100]","[97, 255, 97]"
4322,841a74dffffffff,107,0,0,"[0, 255, 0, 100]","[97, 255, 97]"
4323,841a751ffffffff,157,0,0,"[0, 255, 0, 100]","[97, 255, 97]"
4324,841a755ffffffff,286,0,0,"[0, 255, 0, 100]","[97, 255, 97]"
4325,841a75bffffffff,76,0,0,"[0, 255, 0, 100]","[97, 255, 97]"
4326,841a763ffffffff,2,0,0,"[0, 255, 0, 100]","[97, 255, 97]"
4327,841a767ffffffff,114,0,0,"[0, 255, 0, 100]","[97, 255, 97]"
4328,841a769ffffffff,94,0,0,"[0, 255, 0, 100]","[97, 255, 97]"
4329,841a76dffffffff,28,0,0,"[0, 255, 0, 100]","[97, 255, 97]"
4330,841a805ffffffff,57,0,0,"[0, 255, 0, 100]","[97, 255, 97]"
4331,841a807ffffffff,14,0,0,"[0, 255, 0, 100]","[97, 255, 97]"
4332,841a809ffffffff,43,0,0,"[0, 255, 0, 100]","[97, 255, 97]"
4333,841a811ffffffff,161,0,0,"[0, 255, 0, 100]","[97, 255, 97]"
4334,841a81bffffffff,229,0,0,"[0, 255, 0, 100]","[97, 255, 97]"
4335,841a81dffffffff,100,0,0,"[0, 255, 0, 100]","[97, 255, 97]"
4336,841a821ffffffff,47,0,0,"[0, 255, 0, 100]","[97, 255, 97]"
4337,841a823ffffffff,166,0,0,"[0, 255, 0, 100]","[97, 255, 97]"
4338,841a829ffffffff,197,0,0,"[0, 255, 0, 100]","[97, 255, 97]"
4339,841a82dffffffff,5,0,0,"[0, 255, 0, 100]","[97, 255, 97]"
4340,841a835ffffffff,3,0,0,"[0, 255, 0, 100]","[97, 255, 97]"
4341,841a837ffffffff,68,0,0,"[0, 255, 0, 100]","[97, 255, 97]"
4342,841a847ffffffff,211,0,0,"[0, 255, 0, 100]","[97, 255, 97]"
4343,841a849ffffffff,135,0,0,"[0, 255, 0, 100]","[97, 255, 97]"
4344,841a84bffffffff,16,0,0,"[0, 255, 0, 100]","[97, 255, 97]"
4345,841a84dffffffff,232,0,0,"[0, 255, 0, 100]","[97, 255, 97]"
4346,841a851ffffffff,120,0,0,"[0, 255, 0, 100]","[97, 255, 97]"
4347,841a855ffffffff,475,0,0,"[0, 255, 0, 100]","[97, 255, 97]"
4348,841a859ffffffff,8,0,0,"[0, 255, 0, 100]","[97, 255, 97]"
4349,841a85bffffffff,63,0,0,"[0, 255, 0, 100]","[97, 255, 97]"
4350,841a861ffffffff,27,0,0,"[0, 255, 0, 100]","[97, 255, 97]"
4351,841a865ffffffff,21,0,0,"[0, 255, 0, 100]","[97, 255, 97]"
4352,841a867ffffffff,1,0,0,"[0, 255, 0, 100]","[97, 255, 97]"
4353,841a86bffffffff,234,0,0,"[0, 255, 0, 100]","[97, 255, 97]"
4354,841a889ffffffff,19,0,0,"[0, 255, 0, 100]","[97, 255, 97]"
4355,841a88dffffffff,20,0,0,"[0, 255, 0, 100]","[97, 255, 97]"
4356,841a8c3ffffffff,10,0,0,"[0, 255, 0, 100]","[97, 255, 97]"
4357,841a8c7ffffffff,71,0,0,"[0, 255, 0, 100]","[97, 255, 97]"
4358,841a8c9ffffffff,79,0,0,"[0, 255, 0, 100]","[97, 255, 97]"
4359,841a8cdffffffff,79,0,0,"[0, 255, 0, 100]","[97, 255, 97]"
4360,841a8d1ffffffff,39,0,0,"[0, 255, 0, 100]","[97, 255, 97]"
4361,841a8d5ffffffff,2,0,0,"[0, 255, 0, 100]","[97, 255, 97]"
4362,841a8dbffffffff,89,0,0,"[0, 255, 0, 100]","[97, 255, 97]"
4363,841a8ebffffffff,84,0,0,"[0, 255, 0, 100]","[97, 255, 97]"
4364,841a903ffffffff,6,0,0,"[0, 255, 0, 100]","[97, 255, 97]"
4365,841a907ffffffff,25,0,0,"[0, 255, 0, 100]","[97, 255, 97]"
4366,841a913ffffffff,4,0,0,"[0, 255, 0, 100]","[97, 255, 97]"
4367,841a915ffffffff,42,0,0,"[0, 255, 0, 100]","[97, 255, 97]"
4368,841a917ffffffff,132,0,0,"[0, 255, 0, 100]","[97, 255, 97]"
4369,841a92bffffffff,1,0,0,"[0, 255, 0, 100]","[97, 255, 97]"
4370,841a933ffffffff,6,0,0,"[0, 255, 0, 100]","[97, 255, 97]"
4371,841a939ffffffff,45,0,0,"[0, 255, 0, 100]","[97, 255, 97]"
4372,841a93bffffffff,3,0,0,"[0, 255, 0, 100]","[97, 255, 97]"
4373,841a941ffffffff,23,0,0,"[0, 255, 0, 100]","[97, 255, 97]"
4374,841a943ffffffff,29,0,0,"[0, 255, 0, 100]","[97, 255, 97]"
4375,841a945ffffffff,10,0,0,"[0, 255, 0, 100]","[97, 255, 97]"
4376,841a947ffffffff,9,0,0,"[0, 255, 0, 100]","[97, 255, 97]"
4377,841a949ffffffff,55,0,0,"[0, 255, 0, 100]","[97, 255, 97]"
4378,841a94bffffffff,88,0,0,"[0, 255, 0, 100]","[97, 255, 97]"
4379,841a94dffffffff,155,0,0,"[0, 255, 0, 100]","[97, 255, 97]"
4380,841a951ffffffff,22,0,0,"[0, 255, 0, 100]","[97, 255, 97]"
4381,841a955ffffffff,50,0,0,"[0, 255, 0, 100]","[97, 255, 97]"
4382,841a965ffffffff,24,0,0,"[0, 255, 0, 100]","[97, 255, 97]"
4383,841a969ffffffff,78,0,0,"[0, 255, 0, 100]","[97, 255, 97]"
4384,841a96bffffffff,40,0,0,"[0, 255, 0, 100]","[97, 255, 97]"
4385,841a96dffffffff,37,0,0,"[0, 255, 0, 100]","[97, 255, 97]"
4386,841a9a7ffffffff,71,0,0,"[0, 255, 0, 100]","[97, 255, 97]"
4387,841a9b5ffffffff,7,0,0,"[0, 255, 0, 100]","[97, 255, 97]"
4388,841a9b7ffffffff,2,0,0,"[0, 255, 0, 100]","[97, 255, 97]"
4389,841a9c9ffffffff,2,0,0,"[0, 255, 0, 100]","[97, 255, 97]"
4390,841a9cbffffffff,67,0,0,"[0, 255, 0, 100]","[97, 255, 97]"
4391,841a9d1ffffffff,61,0,0,"[0, 255, 0, 100]","[97, 255, 97]"
4392,841a9d9ffffffff,12,0,0,"[0, 255, 0, 100]","[97, 255, 97]"
4393,841a9dbffffffff,33,0,0,"[0, 255, 0, 100]","[97, 255, 97]"
4394,841a9edffffffff,19,0,0,"[0, 255, 0, 100]","[97, 255, 97]"
4395,841aa01ffffffff,16,0,0,"[0, 255, 0, 100]","[97, 255, 97]"
4396,841aa03ffffffff,150,0,0,"[0, 255, 0, 100]","[97, 255, 97]"
4397,841aa05ffffffff,2,0,0,"[0, 255, 0, 100]","[97, 255, 97]"
4398,841aa07ffffffff,373,0,0,"[0, 255, 0, 100]","[97, 255, 97]"
4399,841aa09ffffffff,14,0,0,"[0, 255, 0, 100]","[97, 255, 97]"
4400,841aa0bffffffff,20,0,0,"[0, 255, 0, 100]","[97, 255, 97]"
4401,841aa0dffffffff,62,0,0,"[0, 255, 0, 100]","[97, 255, 97]"
4402,841aa17ffffffff,1,0,0,"[0, 255, 0, 100]","[97, 255, 97]"
4403,841aa19ffffffff,55,0,0,"[0, 255, 0, 100]","[97, 255, 97]"
4404,841aa1bffffffff,70,0,0,"[0, 255, 0, 100]","[97, 255, 97]"
4405,841aa1dffffffff,86,0,0,"[0, 255, 0, 100]","[97, 255, 97]"
4406,841aa21ffffffff,158,0,0,"[0, 255, 0, 100]","[97, 255, 97]"
4407,841aa25ffffffff,23,0,0,"[0, 255, 0, 100]","[97, 255, 97]"
4408,841aa29ffffffff,185,0,0,"[0, 255, 0, 100]","[97, 255, 97]"
4409,841aa2bffffffff,36,0,0,"[0, 255, 0, 100]","[97, 255, 97]"
4410,841aa2dffffffff,85,0,0,"[0, 255, 0, 100]","[97, 255, 97]"
4411,841aa31ffffffff,109,0,0,"[0, 255, 0, 100]","[97, 255, 97]"
4412,841aa33ffffffff,104,0,0,"[0, 255, 0, 100]","[97, 255, 97]"
4413,841aa35ffffffff,94,0,0,"[0, 255, 0, 100]","[97, 255, 97]"
4414,841aa37ffffffff,179,0,0,"[0, 255, 0, 100]","[97, 255, 97]"
4415,841aa39ffffffff,36,0,0,"[0, 255, 0, 100]","[97, 255, 97]"
4416,841aa3bffffffff,124,0,0,"[0, 255, 0, 100]","[97, 255, 97]"
4417,841aa3dffffffff,3,0,0,"[0, 255, 0, 100]","[97, 255, 97]"
4418,841aa41ffffffff,2,0,0,"[0, 255, 0, 100]","[97, 255, 97]"
4419,841aa45ffffffff,39,0,0,"[0, 255, 0, 100]","[97, 255, 97]"
4420,841aa51ffffffff,61,0,0,"[0, 255, 0, 100]","[97, 255, 97]"
4421,841aa53ffffffff,64,0,0,"[0, 255, 0, 100]","[97, 255, 97]"
4422,841aa55ffffffff,18,0,0,"[0, 255, 0, 100]","[97, 255, 97]"
4423,841aa61ffffffff,208,0,0,"[0, 255, 0, 100]","[97, 255, 97]"
4424,841aa63ffffffff,33,0,0,"[0, 255, 0, 100]","[97, 255, 97]"
4425,841aa65ffffffff,31,0,0,"[0, 255, 0, 100]","[97, 255, 97]"
4426,841aa67ffffffff,118,0,0,"[0, 255, 0, 100]","[97, 255, 97]"
4427,841aa69ffffffff,117,0,0,"[0, 255, 0, 100]","[97, 255, 97]"
4428,841aa6dffffffff,11,0,0,"[0, 255, 0, 100]","[97, 255, 97]"
4429,841aa81ffffffff,33,0,0,"[0, 255, 0, 100]","[97, 255, 97]"
4430,841aa83ffffffff,198,0,0,"[0, 255, 0, 100]","[97, 255, 97]"
4431,841aa85ffffffff,122,0,0,"[0, 255, 0, 100]","[97, 255, 97]"
4432,841aa87ffffffff,32,0,0,"[0, 255, 0, 100]","[97, 255, 97]"
4433,841aa99ffffffff,73,0,0,"[0, 255, 0, 100]","[97, 255, 97]"
4434,841aa9dffffffff,34,0,0,"[0, 255, 0, 100]","[97, 255, 97]"
4435,841aaa7ffffffff,67,0,0,"[0, 255, 0, 100]","[97, 255, 97]"
4436,841aaa9ffffffff,60,0,0,"[0, 255, 0, 100]","[97, 255, 97]"
4437,841aaadffffffff,15,0,0,"[0, 255, 0, 100]","[97, 255, 97]"
4438,841aab1ffffffff,202,0,0,"[0, 255, 0, 100]","[97, 255, 97]"
4439,841aab3ffffffff,85,0,0,"[0, 255, 0, 100]","[97, 255, 97]"
4440,841aab5ffffffff,1,0,0,"[0, 255, 0, 100]","[97, 255, 97]"
4441,841aabbffffffff,144,0,0,"[0, 255, 0, 100]","[97, 255, 97]"
4442,841aac3ffffffff,198,0,0,"[0, 255, 0, 100]","[97, 255, 97]"
4443,841aac5ffffffff,25,0,0,"[0, 255, 0, 100]","[97, 255, 97]"
4444,841aac7ffffffff,103,0,0,"[0, 255, 0, 100]","[97, 255, 97]"
4445,841aad1ffffffff,5,0,0,"[0, 255, 0, 100]","[97, 255, 97]"
4446,841aad9ffffffff,162,0,0,"[0, 255, 0, 100]","[97, 255, 97]"
4447,841aaddffffffff,387,0,0,"[0, 255, 0, 100]","[97, 255, 97]"
4448,841aae1ffffffff,10,0,0,"[0, 255, 0, 100]","[97, 255, 97]"
4449,841aae7ffffffff,42,0,0,"[0, 255, 0, 100]","[97, 255, 97]"
4450,841aae9ffffffff,24,0,0,"[0, 255, 0, 100]","[97, 255, 97]"
4451,841aaebffffffff,95,0,0,"[0, 255, 0, 100]","[97, 255, 97]"
4452,841aaedffffffff,7,0,0,"[0, 255, 0, 100]","[97, 255, 97]"
4453,841ab01ffffffff,21,0,0,"[0, 255, 0, 100]","[97, 255, 97]"
4454,841ab05ffffffff,83,0,0,"[0, 255, 0, 100]","[97, 255, 97]"
4455,841ab07ffffffff,24,0,0,"[0, 255, 0, 100]","[97, 255, 97]"
4456,841ab09ffffffff,13,0,0,"[0, 255, 0, 100]","[97, 255, 97]"
4457,841ab0bffffffff,119,0,0,"[0, 255, 0, 100]","[97, 255, 97]"
4458,841ab11ffffffff,100,0,0,"[0, 255, 0, 100]","[97, 255, 97]"
4459,841ab13ffffffff,40,0,0,"[0, 255, 0, 100]","[97, 255, 97]"
4460,841ab15ffffffff,95,0,0,"[0, 255, 0, 100]","[97, 255, 97]"
4461,841ab1bffffffff,2,0,0,"[0, 255, 0, 100]","[97, 255, 97]"
4462,841ab21ffffffff,295,0,0,"[0, 255, 0, 100]","[97, 255, 97]"
4463,841ab23ffffffff,171,0,0,"[0, 255, 0, 100]","[97, 255, 97]"
4464,841ab25ffffffff,167,0,0,"[0, 255, 0, 100]","[97, 255, 97]"
4465,841ab27ffffffff,95,0,0,"[0, 255, 0, 100]","[97, 255, 97]"
4466,841ab29ffffffff,78,0,0,"[0, 255, 0, 100]","[97, 255, 97]"
4467,841ab2bffffffff,80,0,0,"[0, 255, 0, 100]","[97, 255, 97]"
4468,841ab2dffffffff,81,0,0,"[0, 255, 0, 100]","[97, 255, 97]"
4469,841ab37ffffffff,48,0,0,"[0, 255, 0, 100]","[97, 255, 97]"
4470,841ab39ffffffff,68,0,0,"[0, 255, 0, 100]","[97, 255, 97]"
4471,841ab3dffffffff,108,0,0,"[0, 255, 0, 100]","[97, 255, 97]"
4472,841ab41ffffffff,87,0,0,"[0, 255, 0, 100]","[97, 255, 97]"
4473,841ab43ffffffff,14,0,0,"[0, 255, 0, 100]","[97, 255, 97]"
4474,841ab45ffffffff,180,0,0,"[0, 255, 0, 100]","[97, 255, 97]"
4475,841ab47ffffffff,43,0,0,"[0, 255, 0, 100]","[97, 255, 97]"
4476,841ab49ffffffff,119,0,0,"[0, 255, 0, 100]","[97, 255, 97]"
4477,841ab4bffffffff,39,0,0,"[0, 255, 0, 100]","[97, 255, 97]"
4478,841ab4dffffffff,271,0,0,"[0, 255, 0, 100]","[97, 255, 97]"
4479,841ab51ffffffff,94,0,0,"[0, 255, 0, 100]","[97, 255, 97]"
4480,841ab53ffffffff,12,0,0,"[0, 255, 0, 100]","[97, 255, 97]"
4481,841ab55ffffffff,40,0,0,"[0, 255, 0, 100]","[97, 255, 97]"
4482,841ab57ffffffff,42,0,0,"[0, 255, 0, 100]","[97, 255, 97]"
4483,841ab59ffffffff,77,0,0,"[0, 255, 0, 100]","[97, 255, 97]"
4484,841ab5bffffffff,95,0,0,"[0, 255, 0, 100]","[97, 255, 97]"
4485,841ab5dffffffff,2,0,0,"[0, 255, 0, 100]","[97, 255, 97]"
4486,841ab61ffffffff,19,0,0,"[0, 255, 0, 100]","[97, 255, 97]"
4487,841ab63ffffffff,12,0,0,"[0, 255, 0, 100]","[97, 255, 97]"
4488,841ab67ffffffff,58,0,0,"[0, 255, 0, 100]","[97, 255, 97]"
4489,841ab69ffffffff,99,0,0,"[0, 255, 0, 100]","[97, 255, 97]"
4490,841ab6bffffffff,59,0,0,"[0, 255, 0, 100]","[97, 255, 97]"
4491,841ab6dffffffff,2,0,0,"[0, 255, 0, 100]","[97, 255, 97]"
4492,841ac89ffffffff,2,0,0,"[0, 255, 0, 100]","[97, 255, 97]"
4493,841ac8dffffffff,32,0,0,"[0, 255, 0, 100]","[97, 255, 97]"
4494,841ac91ffffffff,45,0,0,"[0, 255, 0, 100]","[97, 255, 97]"
4495,841ac95ffffffff,93,0,0,"[0, 255, 0, 100]","[97, 255, 97]"
4496,841ac9dffffffff,39,0,0,"[0, 255, 0, 100]","[97, 255, 97]"
4497,841aca9ffffffff,60,0,0,"[0, 255, 0, 100]","[97, 255, 97]"
4498,841acadffffffff,122,0,0,"[0, 255, 0, 100]","[97, 255, 97]"
4499,841ace3ffffffff,53,0,0,"[0, 255, 0, 100]","[97, 255, 97]"
4500,841ad17ffffffff,38,0,0,"[0, 255, 0, 100]","[97, 255, 97]"
4501,841ad2bffffffff,3,0,0,"[0, 255, 0, 100]","[97, 255, 97]"
4502,841ad31ffffffff,99,0,0,"[0, 255, 0, 100]","[97, 255, 97]"
4503,841ad37ffffffff,2,0,0,"[0, 255, 0, 100]","[97, 255, 97]"
4504,841ad3bffffffff,20,0,0,"[0, 255, 0, 100]","[97, 255, 97]"
4505,841ad85ffffffff,9,0,0,"[0, 255, 0, 100]","[97, 255, 97]"
4506,841ad89ffffffff,7,0,0,"[0, 255, 0, 100]","[97, 255, 97]"
4507,841ad8dffffffff,7,0,0,"[0, 255, 0, 100]","[97, 255, 97]"
4508,841adc7ffffffff,83,0,0,"[0, 255, 0, 100]","[97, 255, 97]"
4509,841add1ffffffff,3,0,0,"[0, 255, 0, 100]","[97, 255, 97]"
4510,841add3ffffffff,46,0,0,"[0, 255, 0, 100]","[97, 255, 97]"
4511,841addbffffffff,32,0,0,"[0, 255, 0, 100]","[97, 255, 97]"
4512,841ade1ffffffff,57,0,0,"[0, 255, 0, 100]","[97, 255, 97]"
4513,841ade5ffffffff,3,0,0,"[0, 255, 0, 100]","[97, 255, 97]"
4514,841adebffffffff,24,0,0,"[0, 255, 0, 100]","[97, 255, 97]"
4515,841ae01ffffffff,83,0,0,"[0, 255, 0, 100]","[97, 255, 97]"
4516,841ae05ffffffff,221,0,0,"[0, 255, 0, 100]","[97, 255, 97]"
4517,841ae09ffffffff,32,0,0,"[0, 255, 0, 100]","[97, 255, 97]"
4518,841ae0dffffffff,90,0,0,"[0, 255, 0, 100]","[97, 255, 97]"
4519,841ae13ffffffff,191,0,0,"[0, 255, 0, 100]","[97, 255, 97]"
4520,841ae17ffffffff,172,0,0,"[0, 255, 0, 100]","[97, 255, 97]"
4521,841ae29ffffffff,35,0,0,"[0, 255, 0, 100]","[97, 255, 97]"
4522,841ae49ffffffff,2,0,0,"[0, 255, 0, 100]","[97, 255, 97]"
4523,841ae4dffffffff,143,0,0,"[0, 255, 0, 100]","[97, 255, 97]"
4524,841ae51ffffffff,3,0,0,"[0, 255, 0, 100]","[97, 255, 97]"
4525,841ae61ffffffff,5,0,0,"[0, 255, 0, 100]","[97, 255, 97]"
4526,841ae63ffffffff,10,0,0,"[0, 255, 0, 100]","[97, 255, 97]"
4527,841ae81ffffffff,30,0,0,"[0, 255, 0, 100]","[97, 255, 97]"
4528,841ae87ffffffff,96,0,0,"[0, 255, 0, 100]","[97, 255, 97]"
4529,841ae95ffffffff,16,0,0,"[0, 255, 0, 100]","[97, 255, 97]"
4530,841aeb9ffffffff,54,0,0,"[0, 255, 0, 100]","[97, 255, 97]"
4531,841aebdffffffff,81,0,0,"[0, 255, 0, 100]","[97, 255, 97]"
4532,841aec3ffffffff,9,0,0,"[0, 255, 0, 100]","[97, 255, 97]"
4533,841aec7ffffffff,138,0,0,"[0, 255, 0, 100]","[97, 255, 97]"
4534,841aecdffffffff,17,0,0,"[0, 255, 0, 100]","[97, 255, 97]"
4535,841aed1ffffffff,11,0,0,"[0, 255, 0, 100]","[97, 255, 97]"
4536,841aed9ffffffff,26,0,0,"[0, 255, 0, 100]","[97, 255, 97]"
4537,841aeddffffffff,138,0,0,"[0, 255, 0, 100]","[97, 255, 97]"
4538,841aee1ffffffff,93,0,0,"[0, 255, 0, 100]","[97, 255, 97]"
4539,841aee5ffffffff,1,0,0,"[0, 255, 0, 100]","[97, 255, 97]"
4540,841aeebffffffff,217,0,0,"[0, 255, 0, 100]","[97, 255, 97]"
4541,841aeedffffffff,49,0,0,"[0, 255, 0, 100]","[97, 255, 97]"
4542,841af41ffffffff,130,0,0,"[0, 255, 0, 100]","[97, 255, 97]"
4543,841af43ffffffff,26,0,0,"[0, 255, 0, 100]","[97, 255, 97]"
4544,841af45ffffffff,92,0,0,"[0, 255, 0, 100]","[97, 255, 97]"
4545,841af4bffffffff,25,0,0,"[0, 255, 0, 100]","[97, 255, 97]"
4546,841af5dffffffff,3,0,0,"[0, 255, 0, 100]","[97, 255, 97]"
4547,841af67ffffffff,2,0,0,"[0, 255, 0, 100]","[97, 255, 97]"
4548,841af69ffffffff,2,0,0,"[0, 255, 0, 100]","[97, 255, 97]"
4549,841af6dffffffff,47,0,0,"[0, 255, 0, 100]","[97, 255, 97]"
4550,841b005ffffffff,8,0,0,"[0, 255, 0, 100]","[97, 255, 97]"
4551,841b009ffffffff,112,0,0,"[0, 255, 0, 100]","[97, 255, 97]"
4552,841b00bffffffff,82,0,0,"[0, 255, 0, 100]","[97, 255, 97]"
4553,841b00dffffffff,169,0,0,"[0, 255, 0, 100]","[97, 255, 97]"
4554,841b019ffffffff,7,0,0,"[0, 255, 0, 100]","[97, 255, 97]"
4555,841b01dffffffff,16,0,0,"[0, 255, 0, 100]","[97, 255, 97]"
4556,841b021ffffffff,13,0,0,"[0, 255, 0, 100]","[97, 255, 97]"
4557,841b029ffffffff,96,0,0,"[0, 255, 0, 100]","[97, 255, 97]"
4558,841b02bffffffff,11,0,0,"[0, 255, 0, 100]","[97, 255, 97]"
4559,841b02dffffffff,171,0,0,"[0, 255, 0, 100]","[97, 255, 97]"
4560,841b043ffffffff,5,0,0,"[0, 255, 0, 100]","[97, 255, 97]"
4561,841b053ffffffff,100,0,0,"[0, 255, 0, 100]","[97, 255, 97]"
4562,841b057ffffffff,135,0,0,"[0, 255, 0, 100]","[97, 255, 97]"
4563,841b063ffffffff,21,0,0,"[0, 255, 0, 100]","[97, 255, 97]"
4564,841b081ffffffff,276,0,0,"[0, 255, 0, 100]","[97, 255, 97]"
4565,841b085ffffffff,85,0,0,"[0, 255, 0, 100]","[97, 255, 97]"
4566,841b08bffffffff,281,0,0,"[0, 255, 0, 100]","[97, 255, 97]"
4567,841b093ffffffff,218,0,0,"[0, 255, 0, 100]","[97, 255, 97]"
4568,841b097ffffffff,355,0,0,"[0, 255, 0, 100]","[97, 255, 97]"
4569,841b099ffffffff,9,0,0,"[0, 255, 0, 100]","[97, 255, 97]"
4570,841b0a3ffffffff,16,0,0,"[0, 255, 0, 100]","[97, 255, 97]"
4571,841b0a7ffffffff,9,0,0,"[0, 255, 0, 100]","[97, 255, 97]"
4572,841b0a9ffffffff,2,0,0,"[0, 255, 0, 100]","[97, 255, 97]"
4573,841b0b1ffffffff,359,0,0,"[0, 255, 0, 100]","[97, 255, 97]"
4574,841b0b5ffffffff,69,0,0,"[0, 255, 0, 100]","[97, 255, 97]"
4575,841b0bbffffffff,479,0,0,"[0, 255, 0, 100]","[97, 255, 97]"
4576,841b0bdffffffff,125,0,0,"[0, 255, 0, 100]","[97, 255, 97]"
4577,841b0c9ffffffff,43,0,0,"[0, 255, 0, 100]","[97, 255, 97]"
4578,841b0cdffffffff,34,0,0,"[0, 255, 0, 100]","[97, 255, 97]"
4579,841b0d3ffffffff,102,0,0,"[0, 255, 0, 100]","[97, 255, 97]"
4580,841b0d7ffffffff,286,0,0,"[0, 255, 0, 100]","[97, 255, 97]"
4581,841b0e7ffffffff,18,0,0,"[0, 255, 0, 100]","[97, 255, 97]"
4582,841b10bffffffff,82,0,0,"[0, 255, 0, 100]","[97, 255, 97]"
4583,841b113ffffffff,1,0,0,"[0, 255, 0, 100]","[97, 255, 97]"
4584,841b115ffffffff,78,0,0,"[0, 255, 0, 100]","[97, 255, 97]"
4585,841b117ffffffff,82,0,0,"[0, 255, 0, 100]","[97, 255, 97]"
4586,841b131ffffffff,51,0,0,"[0, 255, 0, 100]","[97, 255, 97]"
4587,841b139ffffffff,139,0,0,"[0, 255, 0, 100]","[97, 255, 97]"
4588,841b13bffffffff,35,0,0,"[0, 255, 0, 100]","[97, 255, 97]"
4589,841b13dffffffff,47,0,0,"[0, 255, 0, 100]","[97, 255, 97]"
4590,841b153ffffffff,206,0,0,"[0, 255, 0, 100]","[97, 255, 97]"
4591,841b157ffffffff,165,0,0,"[0, 255, 0, 100]","[97, 255, 97]"
4592,841b159ffffffff,114,0,0,"[0, 255, 0, 100]","[97, 255, 97]"
4593,841b163ffffffff,21,0,0,"[0, 255, 0, 100]","[97, 255, 97]"
4594,841b167ffffffff,44,0,0,"[0, 255, 0, 100]","[97, 255, 97]"
4595,841b181ffffffff,42,0,0,"[0, 255, 0, 100]","[97, 255, 97]"
4596,841b183ffffffff,210,0,0,"[0, 255, 0, 100]","[97, 255, 97]"
4597,841b185ffffffff,1,0,0,"[0, 255, 0, 100]","[97, 255, 97]"
4598,841b187ffffffff,417,0,0,"[0, 255, 0, 100]","[97, 255, 97]"
4599,841b189ffffffff,290,0,0,"[0, 255, 0, 100]","[97, 255, 97]"
4600,841b18dffffffff,177,0,0,"[0, 255, 0, 100]","[97, 255, 97]"
4601,841b191ffffffff,159,0,0,"[0, 255, 0, 100]","[97, 255, 97]"
4602,841b195ffffffff,180,0,0,"[0, 255, 0, 100]","[97, 255, 97]"
4603,841b19bffffffff,112,0,0,"[0, 255, 0, 100]","[97, 255, 97]"
4604,841b19dffffffff,9,0,0,"[0, 255, 0, 100]","[97, 255, 97]"
4605,841b1a1ffffffff,390,0,0,"[0, 255, 0, 100]","[97, 255, 97]"
4606,841b1a5ffffffff,316,0,0,"[0, 255, 0, 100]","[97, 255, 97]"
4607,841b1a9ffffffff,22,0,0,"[0, 255, 0, 100]","[97, 255, 97]"
4608,841b1abffffffff,369,0,0,"[0, 255, 0, 100]","[97, 255, 97]"
4609,841b1b9ffffffff,53,0,0,"[0, 255, 0, 100]","[97, 255, 97]"
4610,841b1c7ffffffff,74,0,0,"[0, 255, 0, 100]","[97, 255, 97]"
4611,841b1d1ffffffff,122,0,0,"[0, 255, 0, 100]","[97, 255, 97]"
4612,841b1d5ffffffff,215,0,0,"[0, 255, 0, 100]","[97, 255, 97]"
4613,841b1dbffffffff,54,0,0,"[0, 255, 0, 100]","[97, 255, 97]"
4614,841b1e1ffffffff,85,0,0,"[0, 255, 0, 100]","[97, 255, 97]"
4615,841b1e5ffffffff,96,0,0,"[0, 255, 0, 100]","[97, 255, 97]"
4616,841b1ebffffffff,173,0,0,"[0, 255, 0, 100]","[97, 255, 97]"
4617,841b201ffffffff,19,0,0,"[0, 255, 0, 100]","[97, 255, 97]"
4618,841b205ffffffff,13,0,0,"[0, 255, 0, 100]","[97, 255, 97]"
4619,841b207ffffffff,85,0,0,"[0, 255, 0, 100]","[97, 255, 97]"
4620,841b20bffffffff,84,0,0,"[0, 255, 0, 100]","[97, 255, 97]"
4621,841b20dffffffff,70,0,0,"[0, 255, 0, 100]","[97, 255, 97]"
4622,841b219ffffffff,16,0,0,"[0, 255, 0, 100]","[97, 255, 97]"
4623,841b21dffffffff,53,0,0,"[0, 255, 0, 100]","[97, 255, 97]"
4624,841b221ffffffff,91,0,0,"[0, 255, 0, 100]","[97, 255, 97]"
4625,841b223ffffffff,89,0,0,"[0, 255, 0, 100]","[97, 255, 97]"
4626,841b225ffffffff,150,0,0,"[0, 255, 0, 100]","[97, 255, 97]"
4627,841b227ffffffff,215,0,0,"[0, 255, 0, 100]","[97, 255, 97]"
4628,841b22bffffffff,27,0,0,"[0, 255, 0, 100]","[97, 255, 97]"
4629,841b22dffffffff,57,0,0,"[0, 255, 0, 100]","[97, 255, 97]"
4630,841b23dffffffff,35,0,0,"[0, 255, 0, 100]","[97, 255, 97]"
4631,841b245ffffffff,37,0,0,"[0, 255, 0, 100]","[97, 255, 97]"
4632,841b247ffffffff,10,0,0,"[0, 255, 0, 100]","[97, 255, 97]"
4633,841b24dffffffff,45,0,0,"[0, 255, 0, 100]","[97, 255, 97]"
4634,841b253ffffffff,38,0,0,"[0, 255, 0, 100]","[97, 255, 97]"
4635,841b257ffffffff,44,0,0,"[0, 255, 0, 100]","[97, 255, 97]"
4636,841b267ffffffff,72,0,0,"[0, 255, 0, 100]","[97, 255, 97]"
4637,841b269ffffffff,114,0,0,"[0, 255, 0, 100]","[97, 255, 97]"
4638,841b26bffffffff,175,0,0,"[0, 255, 0, 100]","[97, 255, 97]"
4639,841b26dffffffff,3,0,0,"[0, 255, 0, 100]","[97, 255, 97]"
4640,841b281ffffffff,5,0,0,"[0, 255, 0, 100]","[97, 255, 97]"
4641,841b285ffffffff,92,0,0,"[0, 255, 0, 100]","[97, 255, 97]"
4642,841b289ffffffff,86,0,0,"[0, 255, 0, 100]","[97, 255, 97]"
4643,841b291ffffffff,39,0,0,"[0, 255, 0, 100]","[97, 255, 97]"
4644,841b295ffffffff,30,0,0,"[0, 255, 0, 100]","[97, 255, 97]"
4645,841b2a9ffffffff,44,0,0,"[0, 255, 0, 100]","[97, 255, 97]"
4646,841b2b1ffffffff,10,0,0,"[0, 255, 0, 100]","[97, 255, 97]"
4647,841b2b5ffffffff,118,0,0,"[0, 255, 0, 100]","[97, 255, 97]"
4648,841b2b9ffffffff,11,0,0,"[0, 255, 0, 100]","[97, 255, 97]"
4649,841b2bdffffffff,80,0,0,"[0, 255, 0, 100]","[97, 255, 97]"
4650,841b2c1ffffffff,30,0,0,"[0, 255, 0, 100]","[97, 255, 97]"
4651,841b2c5ffffffff,96,0,0,"[0, 255, 0, 100]","[97, 255, 97]"
4652,841b2d5ffffffff,5,0,0,"[0, 255, 0, 100]","[97, 255, 97]"
4653,841b309ffffffff,26,0,0,"[0, 255, 0, 100]","[97, 255, 97]"
4654,841b311ffffffff,127,0,0,"[0, 255, 0, 100]","[97, 255, 97]"
4655,841b315ffffffff,165,0,0,"[0, 255, 0, 100]","[97, 255, 97]"
4656,841b319ffffffff,102,0,0,"[0, 255, 0, 100]","[97, 255, 97]"
4657,841b31bffffffff,142,0,0,"[0, 255, 0, 100]","[97, 255, 97]"
4658,841b321ffffffff,6,0,0,"[0, 255, 0, 100]","[97, 255, 97]"
4659,841b329ffffffff,6,0,0,"[0, 255, 0, 100]","[97, 255, 97]"
4660,841b32bffffffff,88,0,0,"[0, 255, 0, 100]","[97, 255, 97]"
4661,841b337ffffffff,26,0,0,"[0, 255, 0, 100]","[97, 255, 97]"
4662,841b339ffffffff,5,0,0,"[0, 255, 0, 100]","[97, 255, 97]"
4663,841b33bffffffff,6,0,0,"[0, 255, 0, 100]","[97, 255, 97]"
4664,841b33dffffffff,1,0,0,"[0, 255, 0, 100]","[97, 255, 97]"
4665,841b341ffffffff,48,0,0,"[0, 255, 0, 100]","[97, 255, 97]"
4666,841b345ffffffff,91,0,0,"[0, 255, 0, 100]","[97, 255, 97]"
4667,841b351ffffffff,180,0,0,"[0, 255, 0, 100]","[97, 255, 97]"
4668,841b353ffffffff,47,0,0,"[0, 255, 0, 100]","[97, 255, 97]"
4669,841b355ffffffff,11,0,0,"[0, 255, 0, 100]","[97, 255, 97]"
4670,841b357ffffffff,105,0,0,"[0, 255, 0, 100]","[97, 255, 97]"
4671,841b35bffffffff,77,0,0,"[0, 255, 0, 100]","[97, 255, 97]"
4672,841b361ffffffff,144,0,0,"[0, 255, 0, 100]","[97, 255, 97]"
4673,841b365ffffffff,8,0,0,"[0, 255, 0, 100]","[97, 255, 97]"
4674,841b369ffffffff,121,0,0,"[0, 255, 0, 100]","[97, 255, 97]"
4675,841b36bffffffff,183,0,0,"[0, 255, 0, 100]","[97, 255, 97]"
4676,841b401ffffffff,6,0,0,"[0, 255, 0, 100]","[97, 255, 97]"
4677,841b403ffffffff,128,0,0,"[0, 255, 0, 100]","[97, 255, 97]"
4678,841b405ffffffff,27,0,0,"[0, 255, 0, 100]","[97, 255, 97]"
4679,841b407ffffffff,37,0,0,"[0, 255, 0, 100]","[97, 255, 97]"
4680,841b409ffffffff,108,0,0,"[0, 255, 0, 100]","[97, 255, 97]"
4681,841b40bffffffff,17,0,0,"[0, 255, 0, 100]","[97, 255, 97]"
4682,841b40dffffffff,101,0,0,"[0, 255, 0, 100]","[97, 255, 97]"
4683,841b411ffffffff,261,0,0,"[0, 255, 0, 100]","[97, 255, 97]"
4684,841b413ffffffff,113,0,0,"[0, 255, 0, 100]","[97, 255, 97]"
4685,841b415ffffffff,335,0,0,"[0, 255, 0, 100]","[97, 255, 97]"
4686,841b417ffffffff,68,0,0,"[0, 255, 0, 100]","[97, 255, 97]"
4687,841b41bffffffff,208,0,0,"[0, 255, 0, 100]","[97, 255, 97]"
4688,841b41dffffffff,111,0,0,"[0, 255, 0, 100]","[97, 255, 97]"
4689,841b427ffffffff,6,0,0,"[0, 255, 0, 100]","[97, 255, 97]"
4690,841b439ffffffff,71,0,0,"[0, 255, 0, 100]","[97, 255, 97]"
4691,841b43bffffffff,18,0,0,"[0, 255, 0, 100]","[97, 255, 97]"
4692,841b43dffffffff,64,0,0,"[0, 255, 0, 100]","[97, 255, 97]"
4693,841b441ffffffff,37,0,0,"[0, 255, 0, 100]","[97, 255, 97]"
4694,841b443ffffffff,118,0,0,"[0, 255, 0, 100]","[97, 255, 97]"
4695,841b445ffffffff,54,0,0,"[0, 255, 0, 100]","[97, 255, 97]"
4696,841b447ffffffff,100,0,0,"[0, 255, 0, 100]","[97, 255, 97]"
4697,841b449ffffffff,76,0,0,"[0, 255, 0, 100]","[97, 255, 97]"
4698,841b44bffffffff,105,0,0,"[0, 255, 0, 100]","[97, 255, 97]"
4699,841b44dffffffff,157,0,0,"[0, 255, 0, 100]","[97, 255, 97]"
4700,841b451ffffffff,34,0,0,"[0, 255, 0, 100]","[97, 255, 97]"
4701,841b453ffffffff,29,0,0,"[0, 255, 0, 100]","[97, 255, 97]"
4702,841b455ffffffff,79,0,0,"[0, 255, 0, 100]","[97, 255, 97]"
4703,841b457ffffffff,5,0,0,"[0, 255, 0, 100]","[97, 255, 97]"
4704,841b459ffffffff,105,0,0,"[0, 255, 0, 100]","[97, 255, 97]"
4705,841b45bffffffff,5,0,0,"[0, 255, 0, 100]","[97, 255, 97]"
4706,841b45dffffffff,42,0,0,"[0, 255, 0, 100]","[97, 255, 97]"
4707,841b463ffffffff,215,0,0,"[0, 255, 0, 100]","[97, 255, 97]"
4708,841b467ffffffff,221,0,0,"[0, 255, 0, 100]","[97, 255, 97]"
4709,841b46bffffffff,42,0,0,"[0, 255, 0, 100]","[97, 255, 97]"
4710,841b46dffffffff,7,0,0,"[0, 255, 0, 100]","[97, 255, 97]"
4711,841b483ffffffff,115,0,0,"[0, 255, 0, 100]","[97, 255, 97]"
4712,841b487ffffffff,10,0,0,"[0, 255, 0, 100]","[97, 255, 97]"
4713,841b489ffffffff,1,0,0,"[0, 255, 0, 100]","[97, 255, 97]"
4714,841b48dffffffff,114,0,0,"[0, 255, 0, 100]","[97, 255, 97]"
4715,841b491ffffffff,88,0,0,"[0, 255, 0, 100]","[97, 255, 97]"
4716,841b499ffffffff,108,0,0,"[0, 255, 0, 100]","[97, 255, 97]"
4717,841b49bffffffff,29,0,0,"[0, 255, 0, 100]","[97, 255, 97]"
4718,841b49dffffffff,1,0,0,"[0, 255, 0, 100]","[97, 255, 97]"
4719,841b4b3ffffffff,259,0,0,"[0, 255, 0, 100]","[97, 255, 97]"
4720,841b4b5ffffffff,107,0,0,"[0, 255, 0, 100]","[97, 255, 97]"
4721,841b4b7ffffffff,62,0,0,"[0, 255, 0, 100]","[97, 255, 97]"
4722,841b4c7ffffffff,35,0,0,"[0, 255, 0, 100]","[97, 255, 97]"
4723,841b4c9ffffffff,176,0,0,"[0, 255, 0, 100]","[97, 255, 97]"
4724,841b4cdffffffff,184,0,0,"[0, 255, 0, 100]","[97, 255, 97]"
4725,841b4d9ffffffff,172,0,0,"[0, 255, 0, 100]","[97, 255, 97]"
4726,841b4ddffffffff,33,0,0,"[0, 255, 0, 100]","[97, 255, 97]"
4727,841b4e3ffffffff,208,0,0,"[0, 255, 0, 100]","[97, 255, 97]"
4728,841b509ffffffff,53,0,0,"[0, 255, 0, 100]","[97, 255, 97]"
4729,841b50dffffffff,212,0,0,"[0, 255, 0, 100]","[97, 255, 97]"
4730,841b511ffffffff,184,0,0,"[0, 255, 0, 100]","[97, 255, 97]"
4731,841b515ffffffff,45,0,0,"[0, 255, 0, 100]","[97, 255, 97]"
4732,841b51bffffffff,98,0,0,"[0, 255, 0, 100]","[97, 255, 97]"
4733,841b521ffffffff,36,0,0,"[0, 255, 0, 100]","[97, 255, 97]"
4734,841b523ffffffff,455,0,0,"[0, 255, 0, 100]","[97, 255, 97]"
4735,841b525ffffffff,265,0,0,"[0, 255, 0, 100]","[97, 255, 97]"
4736,841b527ffffffff,443,0,0,"[0, 255, 0, 100]","[97, 255, 97]"
4737,841b539ffffffff,271,0,0,"[0, 255, 0, 100]","[97, 255, 97]"
4738,841b53dffffffff,353,0,0,"[0, 255, 0, 100]","[97, 255, 97]"
4739,841b549ffffffff,205,0,0,"[0, 255, 0, 100]","[97, 255, 97]"
4740,841b54bffffffff,103,0,0,"[0, 255, 0, 100]","[97, 255, 97]"
4741,841b54dffffffff,111,0,0,"[0, 255, 0, 100]","[97, 255, 97]"
4742,841b551ffffffff,133,0,0,"[0, 255, 0, 100]","[97, 255, 97]"
4743,841b555ffffffff,103,0,0,"[0, 255, 0, 100]","[97, 255, 97]"
4744,841b55bffffffff,198,0,0,"[0, 255, 0, 100]","[97, 255, 97]"
4745,841b563ffffffff,93,0,0,"[0, 255, 0, 100]","[97, 255, 97]"
4746,841b565ffffffff,18,0,0,"[0, 255, 0, 100]","[97, 255, 97]"
4747,841b567ffffffff,80,0,0,"[0, 255, 0, 100]","[97, 255, 97]"
4748,841b591ffffffff,106,0,0,"[0, 255, 0, 100]","[97, 255, 97]"
4749,841b593ffffffff,63,0,0,"[0, 255, 0, 100]","[97, 255, 97]"
4750,841b595ffffffff,124,0,0,"[0, 255, 0, 100]","[97, 255, 97]"
4751,841b597ffffffff,146,0,0,"[0, 255, 0, 100]","[97, 255, 97]"
4752,841b5a1ffffffff,92,0,0,"[0, 255, 0, 100]","[97, 255, 97]"
4753,841b5a3ffffffff,28,0,0,"[0, 255, 0, 100]","[97, 255, 97]"
4754,841b5a5ffffffff,121,0,0,"[0, 255, 0, 100]","[97, 255, 97]"
4755,841b5a7ffffffff,1,0,0,"[0, 255, 0, 100]","[97, 255, 97]"
4756,841b5abffffffff,2,0,0,"[0, 255, 0, 100]","[97, 255, 97]"
4757,841b5b3ffffffff,16,0,0,"[0, 255, 0, 100]","[97, 255, 97]"
4758,841b5b5ffffffff,60,0,0,"[0, 255, 0, 100]","[97, 255, 97]"
4759,841b5b7ffffffff,180,0,0,"[0, 255, 0, 100]","[97, 255, 97]"
4760,841b5b9ffffffff,187,0,0,"[0, 255, 0, 100]","[97, 255, 97]"
4761,841b5bdffffffff,231,0,0,"[0, 255, 0, 100]","[97, 255, 97]"
4762,841b5d9ffffffff,55,0,0,"[0, 255, 0, 100]","[97, 255, 97]"
4763,841b5ddffffffff,6,0,0,"[0, 255, 0, 100]","[97, 255, 97]"
4764,841b5e1ffffffff,41,0,0,"[0, 255, 0, 100]","[97, 255, 97]"
4765,841b5e3ffffffff,8,0,0,"[0, 255, 0, 100]","[97, 255, 97]"
4766,841b5e5ffffffff,106,0,0,"[0, 255, 0, 100]","[97, 255, 97]"
4767,841b5e7ffffffff,42,0,0,"[0, 255, 0, 100]","[97, 255, 97]"
4768,841b5ebffffffff,2,0,0,"[0, 255, 0, 100]","[97, 255, 97]"
4769,841b601ffffffff,42,0,0,"[0, 255, 0, 100]","[97, 255, 97]"
4770,841b603ffffffff,109,0,0,"[0, 255, 0, 100]","[97, 255, 97]"
4771,841b605ffffffff,46,0,0,"[0, 255, 0, 100]","[97, 255, 97]"
4772,841b607ffffffff,176,0,0,"[0, 255, 0, 100]","[97, 255, 97]"
4773,841b619ffffffff,22,0,0,"[0, 255, 0, 100]","[97, 255, 97]"
4774,841b61dffffffff,6,0,0,"[0, 255, 0, 100]","[97, 255, 97]"
4775,841b621ffffffff,119,0,0,"[0, 255, 0, 100]","[97, 255, 97]"
4776,841b625ffffffff,117,0,0,"[0, 255, 0, 100]","[97, 255, 97]"
4777,841b629ffffffff,35,0,0,"[0, 255, 0, 100]","[97, 255, 97]"
4778,841b62bffffffff,154,0,0,"[0, 255, 0, 100]","[97, 255, 97]"
4779,841b62dffffffff,63,0,0,"[0, 255, 0, 100]","[97, 255, 97]"
4780,841b631ffffffff,19,0,0,"[0, 255, 0, 100]","[97, 255, 97]"
4781,841b633ffffffff,7,0,0,"[0, 255, 0, 100]","[97, 255, 97]"
4782,841b635ffffffff,118,0,0,"[0, 255, 0, 100]","[97, 255, 97]"
4783,841b637ffffffff,166,0,0,"[0, 255, 0, 100]","[97, 255, 97]"
4784,841b659ffffffff,68,0,0,"[0, 255, 0, 100]","[97, 255, 97]"
4785,841b681ffffffff,141,0,0,"[0, 255, 0, 100]","[97, 255, 97]"
4786,841b685ffffffff,192,0,0,"[0, 255, 0, 100]","[97, 255, 97]"
4787,841b689ffffffff,99,0,0,"[0, 255, 0, 100]","[97, 255, 97]"
4788,841b68bffffffff,115,0,0,"[0, 255, 0, 100]","[97, 255, 97]"
4789,841b693ffffffff,93,0,0,"[0, 255, 0, 100]","[97, 255, 97]"
4790,841b697ffffffff,137,0,0,"[0, 255, 0, 100]","[97, 255, 97]"
4791,841b699ffffffff,88,0,0,"[0, 255, 0, 100]","[97, 255, 97]"
4792,841b69dffffffff,2,0,0,"[0, 255, 0, 100]","[97, 255, 97]"
4793,841b6a3ffffffff,20,0,0,"[0, 255, 0, 100]","[97, 255, 97]"
4794,841b6a7ffffffff,169,0,0,"[0, 255, 0, 100]","[97, 255, 97]"
4795,841b6a9ffffffff,99,0,0,"[0, 255, 0, 100]","[97, 255, 97]"
4796,841b6adffffffff,184,0,0,"[0, 255, 0, 100]","[97, 255, 97]"
4797,841b6b1ffffffff,440,0,0,"[0, 255, 0, 100]","[97, 255, 97]"
4798,841b6b3ffffffff,61,0,0,"[0, 255, 0, 100]","[97, 255, 97]"
4799,841b6b5ffffffff,233,0,0,"[0, 255, 0, 100]","[97, 255, 97]"
4800,841b6bbffffffff,638,0,0,"[0, 255, 0, 100]","[97, 255, 97]"
4801,841b6c1ffffffff,107,0,0,"[0, 255, 0, 100]","[97, 255, 97]"
4802,841b6c3ffffffff,53,0,0,"[0, 255, 0, 100]","[97, 255, 97]"
4803,841b6c5ffffffff,167,0,0,"[0, 255, 0, 100]","[97, 255, 97]"
4804,841b6cbffffffff,27,0,0,"[0, 255, 0, 100]","[97, 255, 97]"
4805,841b6d1ffffffff,138,0,0,"[0, 255, 0, 100]","[97, 255, 97]"
4806,841b6d3ffffffff,70,0,0,"[0, 255, 0, 100]","[97, 255, 97]"
4807,841b6d5ffffffff,37,0,0,"[0, 255, 0, 100]","[97, 255, 97]"
4808,841b6d7ffffffff,52,0,0,"[0, 255, 0, 100]","[97, 255, 97]"
4809,841b6d9ffffffff,73,0,0,"[0, 255, 0, 100]","[97, 255, 97]"
4810,841b6ddffffffff,86,0,0,"[0, 255, 0, 100]","[97, 255, 97]"
4811,841b6e1ffffffff,111,0,0,"[0, 255, 0, 100]","[97, 255, 97]"
4812,841b6e5ffffffff,21,0,0,"[0, 255, 0, 100]","[97, 255, 97]"
4813,841b6e7ffffffff,11,0,0,"[0, 255, 0, 100]","[97, 255, 97]"
4814,841b6e9ffffffff,95,0,0,"[0, 255, 0, 100]","[97, 255, 97]"
4815,841b6ebffffffff,5,0,0,"[0, 255, 0, 100]","[97, 255, 97]"
4816,841b6edffffffff,97,0,0,"[0, 255, 0, 100]","[97, 255, 97]"
4817,841b705ffffffff,45,0,0,"[0, 255, 0, 100]","[97, 255, 97]"
4818,841b707ffffffff,24,0,0,"[0, 255, 0, 100]","[97, 255, 97]"
4819,841b70bffffffff,94,0,0,"[0, 255, 0, 100]","[97, 255, 97]"
4820,841b70dffffffff,2,0,0,"[0, 255, 0, 100]","[97, 255, 97]"
4821,841b713ffffffff,121,0,0,"[0, 255, 0, 100]","[97, 255, 97]"
4822,841b717ffffffff,47,0,0,"[0, 255, 0, 100]","[97, 255, 97]"
4823,841b719ffffffff,99,0,0,"[0, 255, 0, 100]","[97, 255, 97]"
4824,841b71dffffffff,175,0,0,"[0, 255, 0, 100]","[97, 255, 97]"
4825,841b721ffffffff,28,0,0,"[0, 255, 0, 100]","[97, 255, 97]"
4826,841b725ffffffff,35,0,0,"[0, 255, 0, 100]","[97, 255, 97]"
4827,841b72bffffffff,75,0,0,"[0, 255, 0, 100]","[97, 255, 97]"
4828,841b72dffffffff,24,0,0,"[0, 255, 0, 100]","[97, 255, 97]"
4829,841b731ffffffff,131,0,0,"[0, 255, 0, 100]","[97, 255, 97]"
4830,841b733ffffffff,7,0,0,"[0, 255, 0, 100]","[97, 255, 97]"
4831,841b735ffffffff,209,0,0,"[0, 255, 0, 100]","[97, 255, 97]"
4832,841b737ffffffff,12,0,0,"[0, 255, 0, 100]","[97, 255, 97]"
4833,841b73bffffffff,115,0,0,"[0, 255, 0, 100]","[97, 255, 97]"
4834,841b743ffffffff,3,0,0,"[0, 255, 0, 100]","[97, 255, 97]"
4835,841b747ffffffff,105,0,0,"[0, 255, 0, 100]","[97, 255, 97]"
4836,841b749ffffffff,2,0,0,"[0, 255, 0, 100]","[97, 255, 97]"
4837,841b74dffffffff,39,0,0,"[0, 255, 0, 100]","[97, 255, 97]"
4838,841b753ffffffff,116,0,0,"[0, 255, 0, 100]","[97, 255, 97]"
4839,841b757ffffffff,12,0,0,"[0, 255, 0, 100]","[97, 255, 97]"
4840,841b759ffffffff,23,0,0,"[0, 255, 0, 100]","[97, 255, 97]"
4841,841b75dffffffff,92,0,0,"[0, 255, 0, 100]","[97, 255, 97]"
4842,841b76bffffffff,36,0,0,"[0, 255, 0, 100]","[97, 255, 97]"
4843,841b801ffffffff,128,0,0,"[0, 255, 0, 100]","[97, 255, 97]"
4844,841b805ffffffff,9,0,0,"[0, 255, 0, 100]","[97, 255, 97]"
4845,841b807ffffffff,1,0,0,"[0, 255, 0, 100]","[97, 255, 97]"
4846,841b80bffffffff,160,0,0,"[0, 255, 0, 100]","[97, 255, 97]"
4847,841b813ffffffff,34,0,0,"[0, 255, 0, 100]","[97, 255, 97]"
4848,841b817ffffffff,151,0,0,"[0, 255, 0, 100]","[97, 255, 97]"
4849,841b819ffffffff,4,0,0,"[0, 255, 0, 100]","[97, 255, 97]"
4850,841b81bffffffff,162,0,0,"[0, 255, 0, 100]","[97, 255, 97]"
4851,841b821ffffffff,66,0,0,"[0, 255, 0, 100]","[97, 255, 97]"
4852,841b825ffffffff,30,0,0,"[0, 255, 0, 100]","[97, 255, 97]"
4853,841b829ffffffff,35,0,0,"[0, 255, 0, 100]","[97, 255, 97]"
4854,841b82bffffffff,21,0,0,"[0, 255, 0, 100]","[97, 255, 97]"
4855,841b82dffffffff,13,0,0,"[0, 255, 0, 100]","[97, 255, 97]"
4856,841b831ffffffff,219,0,0,"[0, 255, 0, 100]","[97, 255, 97]"
4857,841b833ffffffff,137,0,0,"[0, 255, 0, 100]","[97, 255, 97]"
4858,841b835ffffffff,224,0,0,"[0, 255, 0, 100]","[97, 255, 97]"
4859,841b837ffffffff,70,0,0,"[0, 255, 0, 100]","[97, 255, 97]"
4860,841b83bffffffff,160,0,0,"[0, 255, 0, 100]","[97, 255, 97]"
4861,841b843ffffffff,136,0,0,"[0, 255, 0, 100]","[97, 255, 97]"
4862,841b845ffffffff,38,0,0,"[0, 255, 0, 100]","[97, 255, 97]"
4863,841b847ffffffff,160,0,0,"[0, 255, 0, 100]","[97, 255, 97]"
4864,841b84dffffffff,2,0,0,"[0, 255, 0, 100]","[97, 255, 97]"
4865,841b853ffffffff,112,0,0,"[0, 255, 0, 100]","[97, 255, 97]"
4866,841b857ffffffff,96,0,0,"[0, 255, 0, 100]","[97, 255, 97]"
4867,841b859ffffffff,140,0,0,"[0, 255, 0, 100]","[97, 255, 97]"
4868,841b85dffffffff,110,0,0,"[0, 255, 0, 100]","[97, 255, 97]"
4869,841b865ffffffff,38,0,0,"[0, 255, 0, 100]","[97, 255, 97]"
4870,841b869ffffffff,56,0,0,"[0, 255, 0, 100]","[97, 255, 97]"
4871,841b86bffffffff,83,0,0,"[0, 255, 0, 100]","[97, 255, 97]"
4872,841b86dffffffff,1,0,0,"[0, 255, 0, 100]","[97, 255, 97]"
4873,841b88dffffffff,2,0,0,"[0, 255, 0, 100]","[97, 255, 97]"
4874,841b897ffffffff,23,0,0,"[0, 255, 0, 100]","[97, 255, 97]"
4875,841b8a7ffffffff,9,0,0,"[0, 255, 0, 100]","[97, 255, 97]"
4876,841b8b1ffffffff,82,0,0,"[0, 255, 0, 100]","[97, 255, 97]"
4877,841b8b3ffffffff,116,0,0,"[0, 255, 0, 100]","[97, 255, 97]"
4878,841b8b5ffffffff,36,0,0,"[0, 255, 0, 100]","[97, 255, 97]"
4879,841b8bbffffffff,46,0,0,"[0, 255, 0, 100]","[97, 255, 97]"
4880,841b8c5ffffffff,20,0,0,"[0, 255, 0, 100]","[97, 255, 97]"
4881,841b8c7ffffffff,3,0,0,"[0, 255, 0, 100]","[97, 255, 97]"
4882,841b8c9ffffffff,105,0,0,"[0, 255, 0, 100]","[97, 255, 97]"
4883,841b8cbffffffff,47,0,0,"[0, 255, 0, 100]","[97, 255, 97]"
4884,841b8cdffffffff,125,0,0,"[0, 255, 0, 100]","[97, 255, 97]"
4885,841b8d9ffffffff,4,0,0,"[0, 255, 0, 100]","[97, 255, 97]"
4886,841b8dbffffffff,6,0,0,"[0, 255, 0, 100]","[97, 255, 97]"
4887,841b8ddffffffff,77,0,0,"[0, 255, 0, 100]","[97, 255, 97]"
4888,841b8e1ffffffff,75,0,0,"[0, 255, 0, 100]","[97, 255, 97]"
4889,841b8e3ffffffff,4,0,0,"[0, 255, 0, 100]","[97, 255, 97]"
4890,841b8e5ffffffff,1,0,0,"[0, 255, 0, 100]","[97, 255, 97]"
4891,841b8e7ffffffff,25,0,0,"[0, 255, 0, 100]","[97, 255, 97]"
4892,841b8ebffffffff,86,0,0,"[0, 255, 0, 100]","[97, 255, 97]"
4893,841b903ffffffff,3,0,0,"[0, 255, 0, 100]","[97, 255, 97]"
4894,841b905ffffffff,32,0,0,"[0, 255, 0, 100]","[97, 255, 97]"
4895,841b917ffffffff,12,0,0,"[0, 255, 0, 100]","[97, 255, 97]"
4896,841b919ffffffff,151,0,0,"[0, 255, 0, 100]","[97, 255, 97]"
4897,841b91dffffffff,128,0,0,"[0, 255, 0, 100]","[97, 255, 97]"
4898,841b921ffffffff,2,0,0,"[0, 255, 0, 100]","[97, 255, 97]"
4899,841b925ffffffff,50,0,0,"[0, 255, 0, 100]","[97, 255, 97]"
4900,841b927ffffffff,35,0,0,"[0, 255, 0, 100]","[97, 255, 97]"
4901,841b929ffffffff,54,0,0,"[0, 255, 0, 100]","[97, 255, 97]"
4902,841b93bffffffff,13,0,0,"[0, 255, 0, 100]","[97, 255, 97]"
4903,841b941ffffffff,38,0,0,"[0, 255, 0, 100]","[97, 255, 97]"
4904,841b945ffffffff,20,0,0,"[0, 255, 0, 100]","[97, 255, 97]"
4905,841b949ffffffff,128,0,0,"[0, 255, 0, 100]","[97, 255, 97]"
4906,841b94dffffffff,85,0,0,"[0, 255, 0, 100]","[97, 255, 97]"
4907,841b951ffffffff,81,0,0,"[0, 255, 0, 100]","[97, 255, 97]"
4908,841b953ffffffff,121,0,0,"[0, 255, 0, 100]","[97, 255, 97]"
4909,841b955ffffffff,27,0,0,"[0, 255, 0, 100]","[97, 255, 97]"
4910,841b957ffffffff,18,0,0,"[0, 255, 0, 100]","[97, 255, 97]"
4911,841b959ffffffff,79,0,0,"[0, 255, 0, 100]","[97, 255, 97]"
4912,841b95bffffffff,10,0,0,"[0, 255, 0, 100]","[97, 255, 97]"
4913,841b95dffffffff,18,0,0,"[0, 255, 0, 100]","[97, 255, 97]"
4914,841b961ffffffff,24,0,0,"[0, 255, 0, 100]","[97, 255, 97]"
4915,841b963ffffffff,21,0,0,"[0, 255, 0, 100]","[97, 255, 97]"
4916,841b965ffffffff,13,0,0,"[0, 255, 0, 100]","[97, 255, 97]"
4917,841b967ffffffff,48,0,0,"[0, 255, 0, 100]","[97, 255, 97]"
4918,841b969ffffffff,31,0,0,"[0, 255, 0, 100]","[97, 255, 97]"
4919,841b96bffffffff,13,0,0,"[0, 255, 0, 100]","[97, 255, 97]"
4920,841b96dffffffff,1,0,0,"[0, 255, 0, 100]","[97, 255, 97]"
4921,841b983ffffffff,103,0,0,"[0, 255, 0, 100]","[97, 255, 97]"
4922,841b985ffffffff,278,0,0,"[0, 255, 0, 100]","[97, 255, 97]"
4923,841b987ffffffff,186,0,0,"[0, 255, 0, 100]","[97, 255, 97]"
4924,841b989ffffffff,33,0,0,"[0, 255, 0, 100]","[97, 255, 97]"
4925,841b98dffffffff,77,0,0,"[0, 255, 0, 100]","[97, 255, 97]"
4926,841b991ffffffff,20,0,0,"[0, 255, 0, 100]","[97, 255, 97]"
4927,841b993ffffffff,38,0,0,"[0, 255, 0, 100]","[97, 255, 97]"
4928,841b995ffffffff,49,0,0,"[0, 255, 0, 100]","[97, 255, 97]"
4929,841b997ffffffff,20,0,0,"[0, 255, 0, 100]","[97, 255, 97]"
4930,841b999ffffffff,23,0,0,"[0, 255, 0, 100]","[97, 255, 97]"
4931,841b99bffffffff,51,0,0,"[0, 255, 0, 100]","[97, 255, 97]"
4932,841b99dffffffff,68,0,0,"[0, 255, 0, 100]","[97, 255, 97]"
4933,841b9a1ffffffff,18,0,0,"[0, 255, 0, 100]","[97, 255, 97]"
4934,841b9a3ffffffff,30,0,0,"[0, 255, 0, 100]","[97, 255, 97]"
4935,841b9a7ffffffff,41,0,0,"[0, 255, 0, 100]","[97, 255, 97]"
4936,841b9abffffffff,93,0,0,"[0, 255, 0, 100]","[97, 255, 97]"
4937,841b9b1ffffffff,37,0,0,"[0, 255, 0, 100]","[97, 255, 97]"
4938,841b9b5ffffffff,37,0,0,"[0, 255, 0, 100]","[97, 255, 97]"
4939,841b9b7ffffffff,4,0,0,"[0, 255, 0, 100]","[97, 255, 97]"
4940,841b9b9ffffffff,18,0,0,"[0, 255, 0, 100]","[97, 255, 97]"
4941,841b9bbffffffff,73,0,0,"[0, 255, 0, 100]","[97, 255, 97]"
4942,841b9bdffffffff,46,0,0,"[0, 255, 0, 100]","[97, 255, 97]"
4943,841b9c9ffffffff,165,0,0,"[0, 255, 0, 100]","[97, 255, 97]"
4944,841b9cdffffffff,50,0,0,"[0, 255, 0, 100]","[97, 255, 97]"
4945,841b9d1ffffffff,2,0,0,"[0, 255, 0, 100]","[97, 255, 97]"
4946,841b9d9ffffffff,14,0,0,"[0, 255, 0, 100]","[97, 255, 97]"
4947,841b9dbffffffff,20,0,0,"[0, 255, 0, 100]","[97, 255, 97]"
4948,841b9e3ffffffff,44,0,0,"[0, 255, 0, 100]","[97, 255, 97]"
4949,841b9e7ffffffff,22,0,0,"[0, 255, 0, 100]","[97, 255, 97]"
4950,841ba01ffffffff,12,0,0,"[0, 255, 0, 100]","[97, 255, 97]"
4951,841ba07ffffffff,18,0,0,"[0, 255, 0, 100]","[97, 255, 97]"
4952,841ba0bffffffff,4,0,0,"[0, 255, 0, 100]","[97, 255, 97]"
4953,841ba13ffffffff,87,0,0,"[0, 255, 0, 100]","[97, 255, 97]"
4954,841ba17ffffffff,98,0,0,"[0, 255, 0, 100]","[97, 255, 97]"
4955,841ba21ffffffff,348,0,0,"[0, 255, 0, 100]","[97, 255, 97]"
4956,841ba25ffffffff,95,0,0,"[0, 255, 0, 100]","[97, 255, 97]"
4957,841ba27ffffffff,101,0,0,"[0, 255, 0, 100]","[97, 255, 97]"
4958,841ba2bffffffff,131,0,0,"[0, 255, 0, 100]","[97, 255, 97]"
4959,841ba3bffffffff,10,0,0,"[0, 255, 0, 100]","[97, 255, 97]"
4960,841ba4dffffffff,17,0,0,"[0, 255, 0, 100]","[97, 255, 97]"
4961,841ba53ffffffff,98,0,0,"[0, 255, 0, 100]","[97, 255, 97]"
4962,841ba57ffffffff,159,0,0,"[0, 255, 0, 100]","[97, 255, 97]"
4963,841ba5bffffffff,133,0,0,"[0, 255, 0, 100]","[97, 255, 97]"
4964,841ba81ffffffff,1,0,0,"[0, 255, 0, 100]","[97, 255, 97]"
4965,841ba83ffffffff,1,0,0,"[0, 255, 0, 100]","[97, 255, 97]"
4966,841ba85ffffffff,59,0,0,"[0, 255, 0, 100]","[97, 255, 97]"
4967,841ba91ffffffff,107,0,0,"[0, 255, 0, 100]","[97, 255, 97]"
4968,841ba93ffffffff,269,0,0,"[0, 255, 0, 100]","[97, 255, 97]"
4969,841ba95ffffffff,37,0,0,"[0, 255, 0, 100]","[97, 255, 97]"
4970,841ba97ffffffff,424,0,0,"[0, 255, 0, 100]","[97, 255, 97]"
4971,841ba99ffffffff,121,0,0,"[0, 255, 0, 100]","[97, 255, 97]"
4972,841ba9bffffffff,51,0,0,"[0, 255, 0, 100]","[97, 255, 97]"
4973,841baa1ffffffff,33,0,0,"[0, 255, 0, 100]","[97, 255, 97]"
4974,841baa3ffffffff,143,0,0,"[0, 255, 0, 100]","[97, 255, 97]"
4975,841baa5ffffffff,13,0,0,"[0, 255, 0, 100]","[97, 255, 97]"
4976,841baa7ffffffff,142,0,0,"[0, 255, 0, 100]","[97, 255, 97]"
4977,841baa9ffffffff,167,0,0,"[0, 255, 0, 100]","[97, 255, 97]"
4978,841baabffffffff,49,0,0,"[0, 255, 0, 100]","[97, 255, 97]"
4979,841baadffffffff,156,0,0,"[0, 255, 0, 100]","[97, 255, 97]"
4980,841bab1ffffffff,15,0,0,"[0, 255, 0, 100]","[97, 255, 97]"
4981,841bab5ffffffff,111,0,0,"[0, 255, 0, 100]","[97, 255, 97]"
4982,841babbffffffff,98,0,0,"[0, 255, 0, 100]","[97, 255, 97]"
4983,841babdffffffff,1,0,0,"[0, 255, 0, 100]","[97, 255, 97]"
4984,841bac3ffffffff,256,0,0,"[0, 255, 0, 100]","[97, 255, 97]"
4985,841bac7ffffffff,301,0,0,"[0, 255, 0, 100]","[97, 255, 97]"
4986,841bacdffffffff,9,0,0,"[0, 255, 0, 100]","[97, 255, 97]"
4987,841bad3ffffffff,157,0,0,"[0, 255, 0, 100]","[97, 255, 97]"
4988,841bad7ffffffff,56,0,0,"[0, 255, 0, 100]","[97, 255, 97]"
4989,841bad9ffffffff,66,0,0,"[0, 255, 0, 100]","[97, 255, 97]"
4990,841baddffffffff,147,0,0,"[0, 255, 0, 100]","[97, 255, 97]"
4991,841bae1ffffffff,66,0,0,"[0, 255, 0, 100]","[97, 255, 97]"
4992,841bae5ffffffff,64,0,0,"[0, 255, 0, 100]","[97, 255, 97]"
4993,841baebffffffff,116,0,0,"[0, 255, 0, 100]","[97, 255, 97]"
4994,841bb01ffffffff,315,0,0,"[0, 255, 0, 100]","[97, 255, 97]"
4995,841bb03ffffffff,10,0,0,"[0, 255, 0, 100]","[97, 255, 97]"
4996,841bb05ffffffff,92,0,0,"[0, 255, 0, 100]","[97, 255, 97]"
4997,841bb07ffffffff,115,0,0,"[0, 255, 0, 100]","[97, 255, 97]"
4998,841bb0dffffffff,49,0,0,"[0, 255, 0, 100]","[97, 255, 97]"
4999,841bb11ffffffff,2,0,0,"[0, 255, 0, 100]","[97, 255, 97]"
5000,841bb13ffffffff,14,0,0,"[0, 255, 0, 100]","[97, 255, 97]"
5001,841bb15ffffffff,6,0,0,"[0, 255, 0, 100]","[97, 255, 97]"
5002,841bb17ffffffff,2,0,0,"[0, 255, 0, 100]","[97, 255, 97]"
5003,841bb19ffffffff,7,0,0,"[0, 255, 0, 100]","[97, 255, 97]"
5004,841bb1bffffffff,88,0,0,"[0, 255, 0, 100]","[97, 255, 97]"
5005,841bb1dffffffff,99,0,0,"[0, 255, 0, 100]","[97, 255, 97]"
5006,841bb21ffffffff,11,0,0,"[0, 255, 0, 100]","[97, 255, 97]"
5007,841bb25ffffffff,29,0,0,"[0, 255, 0, 100]","[97, 255, 97]"
5008,841bb29ffffffff,31,0,0,"[0, 255, 0, 100]","[97, 255, 97]"
5009,841bb2bffffffff,1,0,0,"[0, 255, 0, 100]","[97, 255, 97]"
5010,841bb31ffffffff,169,0,0,"[0, 255, 0, 100]","[97, 255, 97]"
5011,841bb33ffffffff,86,0,0,"[0, 255, 0, 100]","[97, 255, 97]"
5012,841bb35ffffffff,78,0,0,"[0, 255, 0, 100]","[97, 255, 97]"
5013,841bb37ffffffff,110,0,0,"[0, 255, 0, 100]","[97, 255, 97]"
5014,841bb39ffffffff,42,0,0,"[0, 255, 0, 100]","[97, 255, 97]"
5015,841bb3bffffffff,78,0,0,"[0, 255, 0, 100]","[97, 255, 97]"
5016,841bb3dffffffff,1,0,0,"[0, 255, 0, 100]","[97, 255, 97]"
5017,841bb43ffffffff,336,0,0,"[0, 255, 0, 100]","[97, 255, 97]"
5018,841bb47ffffffff,53,0,0,"[0, 255, 0, 100]","[97, 255, 97]"
5019,841bb53ffffffff,51,0,0,"[0, 255, 0, 100]","[97, 255, 97]"
5020,841bb57ffffffff,65,0,0,"[0, 255, 0, 100]","[97, 255, 97]"
5021,841bb63ffffffff,3,0,0,"[0, 255, 0, 100]","[97, 255, 97]"
5022,841bb67ffffffff,112,0,0,"[0, 255, 0, 100]","[97, 255, 97]"
5023,841c005ffffffff,7,0,0,"[0, 255, 0, 100]","[97, 255, 97]"
5024,841c007ffffffff,11,0,0,"[0, 255, 0, 100]","[97, 255, 97]"
5025,841c023ffffffff,57,0,0,"[0, 255, 0, 100]","[97, 255, 97]"
5026,841c025ffffffff,83,0,0,"[0, 255, 0, 100]","[97, 255, 97]"
5027,841c029ffffffff,88,0,0,"[0, 255, 0, 100]","[97, 255, 97]"
5028,841c02bffffffff,10,0,0,"[0, 255, 0, 100]","[97, 255, 97]"
5029,841c02dffffffff,25,0,0,"[0, 255, 0, 100]","[97, 255, 97]"
5030,841c039ffffffff,27,0,0,"[0, 255, 0, 100]","[97, 255, 97]"
5031,841c03dffffffff,8,0,0,"[0, 255, 0, 100]","[97, 255, 97]"
5032,841c119ffffffff,14,0,0,"[0, 255, 0, 100]","[97, 255, 97]"
5033,841c131ffffffff,2,0,0,"[0, 255, 0, 100]","[97, 255, 97]"
5034,841c135ffffffff,67,0,0,"[0, 255, 0, 100]","[97, 255, 97]"
5035,841c189ffffffff,89,0,0,"[0, 255, 0, 100]","[97, 255, 97]"
5036,841c1a1ffffffff,121,0,0,"[0, 255, 0, 100]","[97, 255, 97]"
5037,841c1a3ffffffff,89,0,0,"[0, 255, 0, 100]","[97, 255, 97]"
5038,841c1a5ffffffff,63,0,0,"[0, 255, 0, 100]","[97, 255, 97]"
5039,841c1bdffffffff,26,0,0,"[0, 255, 0, 100]","[97, 255, 97]"
5040,841c1c7ffffffff,75,0,0,"[0, 255, 0, 100]","[97, 255, 97]"
5041,841c1d3ffffffff,134,0,0,"[0, 255, 0, 100]","[97, 255, 97]"
5042,841c1d5ffffffff,5,0,0,"[0, 255, 0, 100]","[97, 255, 97]"
5043,841c1d7ffffffff,24,0,0,"[0, 255, 0, 100]","[97, 255, 97]"
5044,841c1e9ffffffff,3,0,0,"[0, 255, 0, 100]","[97, 255, 97]"
5045,841c1ebffffffff,50,0,0,"[0, 255, 0, 100]","[97, 255, 97]"
5046,841c1edffffffff,2,0,0,"[0, 255, 0, 100]","[97, 255, 97]"
5047,841c201ffffffff,255,0,0,"[0, 255, 0, 100]","[97, 255, 97]"
5048,841c205ffffffff,134,0,0,"[0, 255, 0, 100]","[97, 255, 97]"
5049,841c20bffffffff,255,0,0,"[0, 255, 0, 100]","[97, 255, 97]"
5050,841c229ffffffff,157,0,0,"[0, 255, 0, 100]","[97, 255, 97]"
5051,841c22dffffffff,4,0,0,"[0, 255, 0, 100]","[97, 255, 97]"
5052,841c245ffffffff,11,0,0,"[0, 255, 0, 100]","[97, 255, 97]"
5053,841c247ffffffff,1,0,0,"[0, 255, 0, 100]","[97, 255, 97]"
5054,841c257ffffffff,2,0,0,"[0, 255, 0, 100]","[97, 255, 97]"
5055,841c261ffffffff,39,0,0,"[0, 255, 0, 100]","[97, 255, 97]"
5056,841c265ffffffff,26,0,0,"[0, 255, 0, 100]","[97, 255, 97]"
5057,841c26bffffffff,35,0,0,"[0, 255, 0, 100]","[97, 255, 97]"
5058,841c291ffffffff,6,0,0,"[0, 255, 0, 100]","[97, 255, 97]"
5059,841c297ffffffff,4,0,0,"[0, 255, 0, 100]","[97, 255, 97]"
5060,841c2b1ffffffff,7,0,0,"[0, 255, 0, 100]","[97, 255, 97]"
5061,841c2b5ffffffff,1,0,0,"[0, 255, 0, 100]","[97, 255, 97]"
5062,841c2b7ffffffff,8,0,0,"[0, 255, 0, 100]","[97, 255, 97]"
5063,841c2bbffffffff,70,0,0,"[0, 255, 0, 100]","[97, 255, 97]"
5064,841c321ffffffff,51,0,0,"[0, 255, 0, 100]","[97, 255, 97]"
5065,841c343ffffffff,34,0,0,"[0, 255, 0, 100]","[97, 255, 97]"
5066,841c35dffffffff,43,0,0,"[0, 255, 0, 100]","[97, 255, 97]"
5067,841c36dffffffff,44,0,0,"[0, 255, 0, 100]","[97, 255, 97]"
5068,841c801ffffffff,8,0,0,"[0, 255, 0, 100]","[97, 255, 97]"
5069,841c80bffffffff,89,0,0,"[0, 255, 0, 100]","[97, 255, 97]"
5070,841c819ffffffff,57,0,0,"[0, 255, 0, 100]","[97, 255, 97]"
5071,841c81dffffffff,9,0,0,"[0, 255, 0, 100]","[97, 255, 97]"
5072,841c857ffffffff,1,0,0,"[0, 255, 0, 100]","[97, 255, 97]"
5073,841c8a3ffffffff,37,0,0,"[0, 255, 0, 100]","[97, 255, 97]"
5074,841c8b5ffffffff,103,0,0,"[0, 255, 0, 100]","[97, 255, 97]"
5075,841c8bdffffffff,74,0,0,"[0, 255, 0, 100]","[97, 255, 97]"
5076,841c985ffffffff,22,0,0,"[0, 255, 0, 100]","[97, 255, 97]"
5077,841c993ffffffff,18,0,0,"[0, 255, 0, 100]","[97, 255, 97]"
5078,841c9a9ffffffff,127,0,0,"[0, 255, 0, 100]","[97, 255, 97]"
5079,841c9adffffffff,181,0,0,"[0, 255, 0, 100]","[97, 255, 97]"
5080,841ca07ffffffff,86,0,0,"[0, 255, 0, 100]","[97, 255, 97]"
5081,841ca11ffffffff,234,0,0,"[0, 255, 0, 100]","[97, 255, 97]"
5082,841ca15ffffffff,180,0,0,"[0, 255, 0, 100]","[97, 255, 97]"
5083,841ca1bffffffff,171,0,0,"[0, 255, 0, 100]","[97, 255, 97]"
5084,841ca21ffffffff,147,0,0,"[0, 255, 0, 100]","[97, 255, 97]"
5085,841ca25ffffffff,15,0,0,"[0, 255, 0, 100]","[97, 255, 97]"
5086,841ca2bffffffff,118,0,0,"[0, 255, 0, 100]","[97, 255, 97]"
5087,841ca2dffffffff,26,0,0,"[0, 255, 0, 100]","[97, 255, 97]"
5088,841ca39ffffffff,129,0,0,"[0, 255, 0, 100]","[97, 255, 97]"
5089,841ca3dffffffff,15,0,0,"[0, 255, 0, 100]","[97, 255, 97]"
5090,841ca65ffffffff,2,0,0,"[0, 255, 0, 100]","[97, 255, 97]"
5091,841caa5ffffffff,23,0,0,"[0, 255, 0, 100]","[97, 255, 97]"
5092,841cac9ffffffff,122,0,0,"[0, 255, 0, 100]","[97, 255, 97]"
5093,841cacdffffffff,97,0,0,"[0, 255, 0, 100]","[97, 255, 97]"
5094,841cad3ffffffff,43,0,0,"[0, 255, 0, 100]","[97, 255, 97]"
5095,841cad7ffffffff,33,0,0,"[0, 255, 0, 100]","[97, 255, 97]"
5096,841cb05ffffffff,10,0,0,"[0, 255, 0, 100]","[97, 255, 97]"
5097,841cb09ffffffff,88,0,0,"[0, 255, 0, 100]","[97, 255, 97]"
5098,841cb0bffffffff,2,0,0,"[0, 255, 0, 100]","[97, 255, 97]"
5099,841cb0dffffffff,75,0,0,"[0, 255, 0, 100]","[97, 255, 97]"
5100,841cb41ffffffff,131,0,0,"[0, 255, 0, 100]","[97, 255, 97]"
5101,841cb43ffffffff,165,0,0,"[0, 255, 0, 100]","[97, 255, 97]"
5102,841cb45ffffffff,58,0,0,"[0, 255, 0, 100]","[97, 255, 97]"
5103,841cb49ffffffff,118,0,0,"[0, 255, 0, 100]","[97, 255, 97]"
5104,841cb4bffffffff,359,0,0,"[0, 255, 0, 100]","[97, 255, 97]"
5105,841cb53ffffffff,80,0,0,"[0, 255, 0, 100]","[97, 255, 97]"
5106,841cb55ffffffff,15,0,0,"[0, 255, 0, 100]","[97, 255, 97]"
5107,841cb57ffffffff,60,0,0,"[0, 255, 0, 100]","[97, 255, 97]"
5108,841cb59ffffffff,42,0,0,"[0, 255, 0, 100]","[97, 255, 97]"
5109,841cb61ffffffff,149,0,0,"[0, 255, 0, 100]","[97, 255, 97]"
5110,841cb63ffffffff,37,0,0,"[0, 255, 0, 100]","[97, 255, 97]"
5111,841cb65ffffffff,182,0,0,"[0, 255, 0, 100]","[97, 255, 97]"
5112,841cb67ffffffff,108,0,0,"[0, 255, 0, 100]","[97, 255, 97]"
5113,841cb69ffffffff,23,0,0,"[0, 255, 0, 100]","[97, 255, 97]"
5114,841cb6bffffffff,111,0,0,"[0, 255, 0, 100]","[97, 255, 97]"
5115,841cd45ffffffff,14,0,0,"[0, 255, 0, 100]","[97, 255, 97]"
5116,841cd61ffffffff,45,0,0,"[0, 255, 0, 100]","[97, 255, 97]"
5117,841cd6bffffffff,118,0,0,"[0, 255, 0, 100]","[97, 255, 97]"
5118,841cedbffffffff,18,0,0,"[0, 255, 0, 100]","[97, 255, 97]"
5119,841d003ffffffff,272,0,0,"[0, 255, 0, 100]","[97, 255, 97]"
5120,841d007ffffffff,172,0,0,"[0, 255, 0, 100]","[97, 255, 97]"
5121,841d01dffffffff,12,0,0,"[0, 255, 0, 100]","[97, 255, 97]"
5122,841d021ffffffff,6,0,0,"[0, 255, 0, 100]","[97, 255, 97]"
5123,841d027ffffffff,22,0,0,"[0, 255, 0, 100]","[97, 255, 97]"
5124,841d02bffffffff,168,0,0,"[0, 255, 0, 100]","[97, 255, 97]"
5125,841d053ffffffff,42,0,0,"[0, 255, 0, 100]","[97, 255, 97]"
5126,841d055ffffffff,62,0,0,"[0, 255, 0, 100]","[97, 255, 97]"
5127,841d069ffffffff,75,0,0,"[0, 255, 0, 100]","[97, 255, 97]"
5128,841d06dffffffff,158,0,0,"[0, 255, 0, 100]","[97, 255, 97]"
5129,841d093ffffffff,36,0,0,"[0, 255, 0, 100]","[97, 255, 97]"
5130,841d097ffffffff,1,0,0,"[0, 255, 0, 100]","[97, 255, 97]"
5131,841d113ffffffff,14,0,0,"[0, 255, 0, 100]","[97, 255, 97]"
5132,841d117ffffffff,117,0,0,"[0, 255, 0, 100]","[97, 255, 97]"
5133,841d137ffffffff,1,0,0,"[0, 255, 0, 100]","[97, 255, 97]"
5134,841d13bffffffff,56,0,0,"[0, 255, 0, 100]","[97, 255, 97]"
5135,841d141ffffffff,32,0,0,"[0, 255, 0, 100]","[97, 255, 97]"
5136,841d143ffffffff,39,0,0,"[0, 255, 0, 100]","[97, 255, 97]"
5137,841d14bffffffff,42,0,0,"[0, 255, 0, 100]","[97, 255, 97]"
5138,841d151ffffffff,30,0,0,"[0, 255, 0, 100]","[97, 255, 97]"
5139,841d15dffffffff,1,0,0,"[0, 255, 0, 100]","[97, 255, 97]"
5140,841d189ffffffff,20,0,0,"[0, 255, 0, 100]","[97, 255, 97]"
5141,841d18dffffffff,86,0,0,"[0, 255, 0, 100]","[97, 255, 97]"
5142,841d1c3ffffffff,9,0,0,"[0, 255, 0, 100]","[97, 255, 97]"
5143,841d1cdffffffff,41,0,0,"[0, 255, 0, 100]","[97, 255, 97]"
5144,841d1d5ffffffff,23,0,0,"[0, 255, 0, 100]","[97, 255, 97]"
5145,841d1ddffffffff,3,0,0,"[0, 255, 0, 100]","[97, 255, 97]"
5146,841d1e3ffffffff,8,0,0,"[0, 255, 0, 100]","[97, 255, 97]"
5147,841d1e7ffffffff,84,0,0,"[0, 255, 0, 100]","[97, 255, 97]"
5148,841d203ffffffff,5,0,0,"[0, 255, 0, 100]","[97, 255, 97]"
5149,841d209ffffffff,405,0,0,"[0, 255, 0, 100]","[97, 255, 97]"
5150,841d20dffffffff,305,0,0,"[0, 255, 0, 100]","[97, 255, 97]"
5151,841d223ffffffff,3,0,0,"[0, 255, 0, 100]","[97, 255, 97]"
5152,841d229ffffffff,9,0,0,"[0, 255, 0, 100]","[97, 255, 97]"
5153,841d231ffffffff,218,0,0,"[0, 255, 0, 100]","[97, 255, 97]"
5154,841d235ffffffff,38,0,0,"[0, 255, 0, 100]","[97, 255, 97]"
5155,841d23bffffffff,165,0,0,"[0, 255, 0, 100]","[97, 255, 97]"
5156,841d241ffffffff,19,0,0,"[0, 255, 0, 100]","[97, 255, 97]"
5157,841d243ffffffff,203,0,0,"[0, 255, 0, 100]","[97, 255, 97]"
5158,841d245ffffffff,55,0,0,"[0, 255, 0, 100]","[97, 255, 97]"
5159,841d247ffffffff,171,0,0,"[0, 255, 0, 100]","[97, 255, 97]"
5160,841d24bffffffff,7,0,0,"[0, 255, 0, 100]","[97, 255, 97]"
5161,841d253ffffffff,258,0,0,"[0, 255, 0, 100]","[97, 255, 97]"
5162,841d255ffffffff,149,0,0,"[0, 255, 0, 100]","[97, 255, 97]"
5163,841d257ffffffff,221,0,0,"[0, 255, 0, 100]","[97, 255, 97]"
5164,841d259ffffffff,86,0,0,"[0, 255, 0, 100]","[97, 255, 97]"
5165,841d25dffffffff,3,0,0,"[0, 255, 0, 100]","[97, 255, 97]"
5166,841d261ffffffff,160,0,0,"[0, 255, 0, 100]","[97, 255, 97]"
5167,841d263ffffffff,447,0,0,"[0, 255, 0, 100]","[97, 255, 97]"
5168,841d265ffffffff,158,0,0,"[0, 255, 0, 100]","[97, 255, 97]"
5169,841d267ffffffff,257,0,0,"[0, 255, 0, 100]","[97, 255, 97]"
5170,841d269ffffffff,88,0,0,"[0, 255, 0, 100]","[97, 255, 97]"
5171,841d26dffffffff,1,0,0,"[0, 255, 0, 100]","[97, 255, 97]"
5172,841d291ffffffff,1,0,0,"[0, 255, 0, 100]","[97, 255, 97]"
5173,841d293ffffffff,10,0,0,"[0, 255, 0, 100]","[97, 255, 97]"
5174,841d2adffffffff,11,0,0,"[0, 255, 0, 100]","[97, 255, 97]"
5175,841d2cbffffffff,40,0,0,"[0, 255, 0, 100]","[97, 255, 97]"
5176,841d2d1ffffffff,2,0,0,"[0, 255, 0, 100]","[97, 255, 97]"
5177,841d2d5ffffffff,5,0,0,"[0, 255, 0, 100]","[97, 255, 97]"
5178,841d2d7ffffffff,2,0,0,"[0, 255, 0, 100]","[97, 255, 97]"
5179,841d2e9ffffffff,28,0,0,"[0, 255, 0, 100]","[97, 255, 97]"
5180,841d2edffffffff,225,0,0,"[0, 255, 0, 100]","[97, 255, 97]"
5181,841d30dffffffff,26,0,0,"[0, 255, 0, 100]","[97, 255, 97]"
5182,841d323ffffffff,4,0,0,"[0, 255, 0, 100]","[97, 255, 97]"
5183,841d331ffffffff,100,0,0,"[0, 255, 0, 100]","[97, 255, 97]"
5184,841d333ffffffff,38,0,0,"[0, 255, 0, 100]","[97, 255, 97]"
5185,841d335ffffffff,16,0,0,"[0, 255, 0, 100]","[97, 255, 97]"
5186,841d337ffffffff,3,0,0,"[0, 255, 0, 100]","[97, 255, 97]"
5187,841d33bffffffff,1,0,0,"[0, 255, 0, 100]","[97, 255, 97]"
5188,841d343ffffffff,90,0,0,"[0, 255, 0, 100]","[97, 255, 97]"
5189,841d345ffffffff,4,0,0,"[0, 255, 0, 100]","[97, 255, 97]"
5190,841d347ffffffff,9,0,0,"[0, 255, 0, 100]","[97, 255, 97]"
5191,841d349ffffffff,57,0,0,"[0, 255, 0, 100]","[97, 255, 97]"
5192,841d34bffffffff,65,0,0,"[0, 255, 0, 100]","[97, 255, 97]"
5193,841d34dffffffff,44,0,0,"[0, 255, 0, 100]","[97, 255, 97]"
5194,841d359ffffffff,220,0,0,"[0, 255, 0, 100]","[97, 255, 97]"
5195,841d35bffffffff,92,0,0,"[0, 255, 0, 100]","[97, 255, 97]"
5196,841d35dffffffff,34,0,0,"[0, 255, 0, 100]","[97, 255, 97]"
5197,841d361ffffffff,8,0,0,"[0, 255, 0, 100]","[97, 255, 97]"
5198,841d363ffffffff,52,0,0,"[0, 255, 0, 100]","[97, 255, 97]"
5199,841d365ffffffff,77,0,0,"[0, 255, 0, 100]","[97, 255, 97]"
5200,841d369ffffffff,10,0,0,"[0, 255, 0, 100]","[97, 255, 97]"
5201,841d36bffffffff,4,0,0,"[0, 255, 0, 100]","[97, 255, 97]"
5202,841d433ffffffff,15,0,0,"[0, 255, 0, 100]","[97, 255, 97]"
5203,841d491ffffffff,2,0,0,"[0, 255, 0, 100]","[97, 255, 97]"
5204,841d495ffffffff,104,0,0,"[0, 255, 0, 100]","[97, 255, 97]"
5205,841d499ffffffff,14,0,0,"[0, 255, 0, 100]","[97, 255, 97]"
5206,841d4a5ffffffff,223,0,0,"[0, 255, 0, 100]","[97, 255, 97]"
5207,841d4abffffffff,18,0,0,"[0, 255, 0, 100]","[97, 255, 97]"
5208,841d4adffffffff,165,0,0,"[0, 255, 0, 100]","[97, 255, 97]"
5209,841d4b1ffffffff,67,0,0,"[0, 255, 0, 100]","[97, 255, 97]"
5210,841d4b5ffffffff,79,0,0,"[0, 255, 0, 100]","[97, 255, 97]"
5211,841d4b9ffffffff,102,0,0,"[0, 255, 0, 100]","[97, 255, 97]"
5212,841d4bdffffffff,20,0,0,"[0, 255, 0, 100]","[97, 255, 97]"
5213,841d4d3ffffffff,149,0,0,"[0, 255, 0, 100]","[97, 255, 97]"
5214,841d4d7ffffffff,32,0,0,"[0, 255, 0, 100]","[97, 255, 97]"
5215,841d4edffffffff,2,0,0,"[0, 255, 0, 100]","[97, 255, 97]"
5216,841d583ffffffff,42,0,0,"[0, 255, 0, 100]","[97, 255, 97]"
5217,841d587ffffffff,11,0,0,"[0, 255, 0, 100]","[97, 255, 97]"
5218,841d591ffffffff,63,0,0,"[0, 255, 0, 100]","[97, 255, 97]"
5219,841d593ffffffff,40,0,0,"[0, 255, 0, 100]","[97, 255, 97]"
5220,841d597ffffffff,2,0,0,"[0, 255, 0, 100]","[97, 255, 97]"
5221,841d59bffffffff,172,0,0,"[0, 255, 0, 100]","[97, 255, 97]"
5222,841d5a3ffffffff,42,0,0,"[0, 255, 0, 100]","[97, 255, 97]"
5223,841d5a7ffffffff,19,0,0,"[0, 255, 0, 100]","[97, 255, 97]"
5224,841d5abffffffff,3,0,0,"[0, 255, 0, 100]","[97, 255, 97]"
5225,841d5b9ffffffff,45,0,0,"[0, 255, 0, 100]","[97, 255, 97]"
5226,841d5bdffffffff,8,0,0,"[0, 255, 0, 100]","[97, 255, 97]"
5227,841d601ffffffff,21,0,0,"[0, 255, 0, 100]","[97, 255, 97]"
5228,841d605ffffffff,27,0,0,"[0, 255, 0, 100]","[97, 255, 97]"
5229,841d607ffffffff,4,0,0,"[0, 255, 0, 100]","[97, 255, 97]"
5230,841d60bffffffff,6,0,0,"[0, 255, 0, 100]","[97, 255, 97]"
5231,841d629ffffffff,23,0,0,"[0, 255, 0, 100]","[97, 255, 97]"
5232,841d62bffffffff,6,0,0,"[0, 255, 0, 100]","[97, 255, 97]"
5233,841d62dffffffff,4,0,0,"[0, 255, 0, 100]","[97, 255, 97]"
5234,841d657ffffffff,4,0,0,"[0, 255, 0, 100]","[97, 255, 97]"
5235,841d6a1ffffffff,3,0,0,"[0, 255, 0, 100]","[97, 255, 97]"
5236,841d6abffffffff,7,0,0,"[0, 255, 0, 100]","[97, 255, 97]"
5237,841d723ffffffff,2,0,0,"[0, 255, 0, 100]","[97, 255, 97]"
5238,841d813ffffffff,201,0,0,"[0, 255, 0, 100]","[97, 255, 97]"
5239,841d817ffffffff,217,0,0,"[0, 255, 0, 100]","[97, 255, 97]"
5240,841d831ffffffff,9,0,0,"[0, 255, 0, 100]","[97, 255, 97]"
5241,841d839ffffffff,5,0,0,"[0, 255, 0, 100]","[97, 255, 97]"
5242,841d83bffffffff,131,0,0,"[0, 255, 0, 100]","[97, 255, 97]"
5243,841d899ffffffff,21,0,0,"[0, 255, 0, 100]","[97, 255, 97]"
5244,841d8c1ffffffff,16,0,0,"[0, 255, 0, 100]","[97, 255, 97]"
5245,841d8c3ffffffff,16,0,0,"[0, 255, 0, 100]","[97, 255, 97]"
5246,841d8c5ffffffff,24,0,0,"[0, 255, 0, 100]","[97, 255, 97]"
5247,841d8c7ffffffff,71,0,0,"[0, 255, 0, 100]","[97, 255, 97]"
5248,841d8c9ffffffff,69,0,0,"[0, 255, 0, 100]","[97, 255, 97]"
5249,841d8cbffffffff,92,0,0,"[0, 255, 0, 100]","[97, 255, 97]"
5250,841d8cdffffffff,102,0,0,"[0, 255, 0, 100]","[97, 255, 97]"
5251,841d8d1ffffffff,34,0,0,"[0, 255, 0, 100]","[97, 255, 97]"
5252,841d8d3ffffffff,39,0,0,"[0, 255, 0, 100]","[97, 255, 97]"
5253,841d8d5ffffffff,110,0,0,"[0, 255, 0, 100]","[97, 255, 97]"
5254,841d8d7ffffffff,70,0,0,"[0, 255, 0, 100]","[97, 255, 97]"
5255,841d903ffffffff,254,0,0,"[0, 255, 0, 100]","[97, 255, 97]"
5256,841d907ffffffff,283,0,0,"[0, 255, 0, 100]","[97, 255, 97]"
5257,841d911ffffffff,223,0,0,"[0, 255, 0, 100]","[97, 255, 97]"
5258,841d915ffffffff,159,0,0,"[0, 255, 0, 100]","[97, 255, 97]"
5259,841d91bffffffff,20,0,0,"[0, 255, 0, 100]","[97, 255, 97]"
5260,841d91dffffffff,17,0,0,"[0, 255, 0, 100]","[97, 255, 97]"
5261,841d921ffffffff,3,0,0,"[0, 255, 0, 100]","[97, 255, 97]"
5262,841d92bffffffff,104,0,0,"[0, 255, 0, 100]","[97, 255, 97]"
5263,841d943ffffffff,2,0,0,"[0, 255, 0, 100]","[97, 255, 97]"
5264,841d947ffffffff,16,0,0,"[0, 255, 0, 100]","[97, 255, 97]"
5265,841d951ffffffff,5,0,0,"[0, 255, 0, 100]","[97, 255, 97]"
5266,841d9a3ffffffff,11,0,0,"[0, 255, 0, 100]","[97, 255, 97]"
5267,841d9b3ffffffff,13,0,0,"[0, 255, 0, 100]","[97, 255, 97]"
5268,841d9b7ffffffff,126,0,0,"[0, 255, 0, 100]","[97, 255, 97]"
5269,841da13ffffffff,48,0,0,"[0, 255, 0, 100]","[97, 255, 97]"
5270,841dab3ffffffff,51,0,0,"[0, 255, 0, 100]","[97, 255, 97]"
5271,841dab7ffffffff,76,0,0,"[0, 255, 0, 100]","[97, 255, 97]"
5272,841dac5ffffffff,24,0,0,"[0, 255, 0, 100]","[97, 255, 97]"
5273,841dacbffffffff,33,0,0,"[0, 255, 0, 100]","[97, 255, 97]"
5274,841dacdffffffff,142,0,0,"[0, 255, 0, 100]","[97, 255, 97]"
5275,841dadbffffffff,41,0,0,"[0, 255, 0, 100]","[97, 255, 97]"
5276,841dae9ffffffff,1,0,0,"[0, 255, 0, 100]","[97, 255, 97]"
5277,841db29ffffffff,5,0,0,"[0, 255, 0, 100]","[97, 255, 97]"
5278,841db2dffffffff,35,0,0,"[0, 255, 0, 100]","[97, 255, 97]"
5279,841e0a5ffffffff,2,0,0,"[0, 255, 0, 100]","[97, 255, 97]"
5280,841e0adffffffff,7,0,0,"[0, 255, 0, 100]","[97, 255, 97]"
5281,841e10dffffffff,1,0,0,"[0, 255, 0, 100]","[97, 255, 97]"
5282,841e119ffffffff,60,0,0,"[0, 255, 0, 100]","[97, 255, 97]"
5283,841e143ffffffff,1,0,0,"[0, 255, 0, 100]","[97, 255, 97]"
5284,841e153ffffffff,6,0,0,"[0, 255, 0, 100]","[97, 255, 97]"
5285,841e157ffffffff,95,0,0,"[0, 255, 0, 100]","[97, 255, 97]"
5286,841e15bffffffff,34,0,0,"[0, 255, 0, 100]","[97, 255, 97]"
5287,841e1c3ffffffff,3,0,0,"[0, 255, 0, 100]","[97, 255, 97]"
5288,841e313ffffffff,23,0,0,"[0, 255, 0, 100]","[97, 255, 97]"
5289,841e321ffffffff,62,0,0,"[0, 255, 0, 100]","[97, 255, 97]"
5290,841e331ffffffff,11,0,0,"[0, 255, 0, 100]","[97, 255, 97]"
5291,841e33dffffffff,12,0,0,"[0, 255, 0, 100]","[97, 255, 97]"
5292,841e863ffffffff,24,0,0,"[0, 255, 0, 100]","[97, 255, 97]"
5293,841e885ffffffff,40,0,0,"[0, 255, 0, 100]","[97, 255, 97]"
5294,841e88bffffffff,14,0,0,"[0, 255, 0, 100]","[97, 255, 97]"
5295,841e8bdffffffff,22,0,0,"[0, 255, 0, 100]","[97, 255, 97]"
5296,841e8dbffffffff,6,0,0,"[0, 255, 0, 100]","[97, 255, 97]"
5297,841e963ffffffff,3,0,0,"[0, 255, 0, 100]","[97, 255, 97]"
5298,841ea93ffffffff,1,0,0,"[0, 255, 0, 100]","[97, 255, 97]"
5299,841eac1ffffffff,2,0,0,"[0, 255, 0, 100]","[97, 255, 97]"
5300,841eac7ffffffff,7,0,0,"[0, 255, 0, 100]","[97, 255, 97]"
5301,841eacdffffffff,22,0,0,"[0, 255, 0, 100]","[97, 255, 97]"
5302,841eae1ffffffff,16,0,0,"[0, 255, 0, 100]","[97, 255, 97]"
5303,841eaebffffffff,2,0,0,"[0, 255, 0, 100]","[97, 255, 97]"
5304,841eaedffffffff,6,0,0,"[0, 255, 0, 100]","[97, 255, 97]"
5305,841ec65ffffffff,11,0,0,"[0, 255, 0, 100]","[97, 255, 97]"
5306,841ed21ffffffff,1,0,0,"[0, 255, 0, 100]","[97, 255, 97]"
5307,841ed29ffffffff,2,0,0,"[0, 255, 0, 100]","[97, 255, 97]"
5308,841ed37ffffffff,17,0,0,"[0, 255, 0, 100]","[97, 255, 97]"
5309,841ed41ffffffff,44,0,0,"[0, 255, 0, 100]","[97, 255, 97]"
5310,841ed8dffffffff,5,0,0,"[0, 255, 0, 100]","[97, 255, 97]"
5311,841eda3ffffffff,104,0,0,"[0, 255, 0, 100]","[97, 255, 97]"
5312,841eda7ffffffff,38,0,0,"[0, 255, 0, 100]","[97, 255, 97]"
5313,841edc5ffffffff,1,0,0,"[0, 255, 0, 100]","[97, 255, 97]"
5314,841ede5ffffffff,7,0,0,"[0, 255, 0, 100]","[97, 255, 97]"
5315,841edebffffffff,9,0,0,"[0, 255, 0, 100]","[97, 255, 97]"
5316,841ededffffffff,47,0,0,"[0, 255, 0, 100]","[97, 255, 97]"
5317,841f04dffffffff,1,0,0,"[0, 255, 0, 100]","[97, 255, 97]"
5318,841f051ffffffff,4,0,0,"[0, 255, 0, 100]","[97, 255, 97]"
5319,841f05dffffffff,1,0,0,"[0, 255, 0, 100]","[97, 255, 97]"
5320,841f0dbffffffff,1,0,0,"[0, 255, 0, 100]","[97, 255, 97]"
5321,841f0ddffffffff,1,0,0,"[0, 255, 0, 100]","[97, 255, 97]"
5322,841f105ffffffff,5,0,0,"[0, 255, 0, 100]","[97, 255, 97]"
5323,841f129ffffffff,3,0,0,"[0, 255, 0, 100]","[97, 255, 97]"
5324,841f1abffffffff,5,0,0,"[0, 255, 0, 100]","[97, 255, 97]"
5325,841f1d5ffffffff,6,0,0,"[0, 255, 0, 100]","[97, 255, 97]"
5326,841f20bffffffff,3,0,0,"[0, 255, 0, 100]","[97, 255, 97]"
5327,841f213ffffffff,3,0,0,"[0, 255, 0, 100]","[97, 255, 97]"
5328,841f217ffffffff,2,0,0,"[0, 255, 0, 100]","[97, 255, 97]"
5329,841f227ffffffff,1,0,0,"[0, 255, 0, 100]","[97, 255, 97]"
5330,841f253ffffffff,5,0,0,"[0, 255, 0, 100]","[97, 255, 97]"
5331,841f257ffffffff,2,0,0,"[0, 255, 0, 100]","[97, 255, 97]"
5332,841f25bffffffff,29,0,0,"[0, 255, 0, 100]","[97, 255, 97]"
5333,841f263ffffffff,20,0,0,"[0, 255, 0, 100]","[97, 255, 97]"
5334,841f26bffffffff,12,0,0,"[0, 255, 0, 100]","[97, 255, 97]"
5335,841f289ffffffff,16,0,0,"[0, 255, 0, 100]","[97, 255, 97]"
5336,841f2b5ffffffff,9,0,0,"[0, 255, 0, 100]","[97, 255, 97]"
5337,841f2c1ffffffff,16,0,0,"[0, 255, 0, 100]","[97, 255, 97]"
5338,841f2cbffffffff,21,0,0,"[0, 255, 0, 100]","[97, 255, 97]"
5339,841f2cdffffffff,3,0,0,"[0, 255, 0, 100]","[97, 255, 97]"
5340,841f2d5ffffffff,9,0,0,"[0, 255, 0, 100]","[97, 255, 97]"
5341,841f2ebffffffff,1,0,0,"[0, 255, 0, 100]","[97, 255, 97]"
5342,841f2edffffffff,1,0,0,"[0, 255, 0, 100]","[97, 255, 97]"
5343,841f403ffffffff,125,0,0,"[0, 255, 0, 100]","[97, 255, 97]"
5344,841f443ffffffff,83,0,0,"[0, 255, 0, 100]","[97, 255, 97]"
5345,841f447ffffffff,66,0,0,"[0, 255, 0, 100]","[97, 255, 97]"
5346,841f461ffffffff,12,0,0,"[0, 255, 0, 100]","[97, 255, 97]"
5347,841f463ffffffff,67,0,0,"[0, 255, 0, 100]","[97, 255, 97]"
5348,841f467ffffffff,56,0,0,"[0, 255, 0, 100]","[97, 255, 97]"
5349,841f46bffffffff,1,0,0,"[0, 255, 0, 100]","[97, 255, 97]"
5350,841f515ffffffff,10,0,0,"[0, 255, 0, 100]","[97, 255, 97]"
5351,841f601ffffffff,15,0,0,"[0, 255, 0, 100]","[97, 255, 97]"
5352,841f607ffffffff,16,0,0,"[0, 255, 0, 100]","[97, 255, 97]"
5353,841f61dffffffff,132,0,0,"[0, 255, 0, 100]","[97, 255, 97]"
5354,841f62bffffffff,45,0,0,"[0, 255, 0, 100]","[97, 255, 97]"
5355,841f649ffffffff,39,0,0,"[0, 255, 0, 100]","[97, 255, 97]"
5356,841f765ffffffff,16,0,0,"[0, 255, 0, 100]","[97, 255, 97]"
5357,841f831ffffffff,1,0,0,"[0, 255, 0, 100]","[97, 255, 97]"
5358,841f83dffffffff,1,0,0,"[0, 255, 0, 100]","[97, 255, 97]"
5359,841f8d7ffffffff,5,0,0,"[0, 255, 0, 100]","[97, 255, 97]"
5360,841f901ffffffff,8,0,0,"[0, 255, 0, 100]","[97, 255, 97]"
5361,841f903ffffffff,10,0,0,"[0, 255, 0, 100]","[97, 255, 97]"
5362,841f90dffffffff,1,0,0,"[0, 255, 0, 100]","[97, 255, 97]"
5363,841f919ffffffff,2,0,0,"[0, 255, 0, 100]","[97, 255, 97]"
5364,841f991ffffffff,36,0,0,"[0, 255, 0, 100]","[97, 255, 97]"
5365,841f999ffffffff,1,0,0,"[0, 255, 0, 100]","[97, 255, 97]"
5366,841fa03ffffffff,1,0,0,"[0, 255, 0, 100]","[97, 255, 97]"
5367,841fa11ffffffff,15,0,0,"[0, 255, 0, 100]","[97, 255, 97]"
5368,841fa13ffffffff,2,0,0,"[0, 255, 0, 100]","[97, 255, 97]"
5369,841fa3dffffffff,2,0,0,"[0, 255, 0, 100]","[97, 255, 97]"
5370,841fa45ffffffff,58,0,0,"[0, 255, 0, 100]","[97, 255, 97]"
5371,841fa85ffffffff,30,0,0,"[0, 255, 0, 100]","[97, 255, 97]"
5372,841faa9ffffffff,1,0,0,"[0, 255, 0, 100]","[97, 255, 97]"
5373,841fae1ffffffff,8,0,0,"[0, 255, 0, 100]","[97, 255, 97]"
5374,841fae7ffffffff,2,0,0,"[0, 255, 0, 100]","[97, 255, 97]"
5375,841fb41ffffffff,1,0,0,"[0, 255, 0, 100]","[97, 255, 97]"
5376,841fb43ffffffff,68,0,0,"[0, 255, 0, 100]","[97, 255, 97]"
5377,841fb45ffffffff,9,0,0,"[0, 255, 0, 100]","[97, 255, 97]"
5378,841fb69ffffffff,1,0,0,"[0, 255, 0, 100]","[97, 255, 97]"
5379,841fb6dffffffff,5,0,0,"[0, 255, 0, 100]","[97, 255, 97]"
5380,8420025ffffffff,74,0,0,"[0, 255, 0, 100]","[97, 255, 97]"
5381,8420059ffffffff,91,0,0,"[0, 255, 0, 100]","[97, 255, 97]"
5382,842005bffffffff,100,0,0,"[0, 255, 0, 100]","[97, 255, 97]"
5383,8420061ffffffff,20,0,0,"[0, 255, 0, 100]","[97, 255, 97]"
5384,8420063ffffffff,14,0,0,"[0, 255, 0, 100]","[97, 255, 97]"
5385,8420067ffffffff,51,0,0,"[0, 255, 0, 100]","[97, 255, 97]"
5386,8420069ffffffff,74,0,0,"[0, 255, 0, 100]","[97, 255, 97]"
5387,8420091ffffffff,72,0,0,"[0, 255, 0, 100]","[97, 255, 97]"
5388,8420093ffffffff,146,0,0,"[0, 255, 0, 100]","[97, 255, 97]"
5389,8420095ffffffff,41,0,0,"[0, 255, 0, 100]","[97, 255, 97]"
5390,8420097ffffffff,168,0,0,"[0, 255, 0, 100]","[97, 255, 97]"
5391,8420099ffffffff,110,0,0,"[0, 255, 0, 100]","[97, 255, 97]"
5392,842009bffffffff,99,0,0,"[0, 255, 0, 100]","[97, 255, 97]"
5393,84200a7ffffffff,22,0,0,"[0, 255, 0, 100]","[97, 255, 97]"
5394,84200b1ffffffff,210,0,0,"[0, 255, 0, 100]","[97, 255, 97]"
5395,84200b3ffffffff,49,0,0,"[0, 255, 0, 100]","[97, 255, 97]"
5396,84200b7ffffffff,1,0,0,"[0, 255, 0, 100]","[97, 255, 97]"
5397,84200bbffffffff,57,0,0,"[0, 255, 0, 100]","[97, 255, 97]"
5398,84200c5ffffffff,113,0,0,"[0, 255, 0, 100]","[97, 255, 97]"
5399,84200c9ffffffff,129,0,0,"[0, 255, 0, 100]","[97, 255, 97]"
5400,84200cbffffffff,51,0,0,"[0, 255, 0, 100]","[97, 255, 97]"
5401,84200d1ffffffff,161,0,0,"[0, 255, 0, 100]","[97, 255, 97]"
5402,84200d3ffffffff,159,0,0,"[0, 255, 0, 100]","[97, 255, 97]"
5403,84200d7ffffffff,89,0,0,"[0, 255, 0, 100]","[97, 255, 97]"
5404,84200ddffffffff,191,0,0,"[0, 255, 0, 100]","[97, 255, 97]"
5405,84200e3ffffffff,28,0,0,"[0, 255, 0, 100]","[97, 255, 97]"
5406,84200ebffffffff,42,0,0,"[0, 255, 0, 100]","[97, 255, 97]"
5407,8420109ffffffff,173,0,0,"[0, 255, 0, 100]","[97, 255, 97]"
5408,842010bffffffff,175,0,0,"[0, 255, 0, 100]","[97, 255, 97]"
5409,842010dffffffff,53,0,0,"[0, 255, 0, 100]","[97, 255, 97]"
5410,8420111ffffffff,91,0,0,"[0, 255, 0, 100]","[97, 255, 97]"
5411,842011bffffffff,13,0,0,"[0, 255, 0, 100]","[97, 255, 97]"
5412,842011dffffffff,153,0,0,"[0, 255, 0, 100]","[97, 255, 97]"
5413,8420121ffffffff,79,0,0,"[0, 255, 0, 100]","[97, 255, 97]"
5414,8420129ffffffff,177,0,0,"[0, 255, 0, 100]","[97, 255, 97]"
5415,842012bffffffff,16,0,0,"[0, 255, 0, 100]","[97, 255, 97]"
5416,842012dffffffff,37,0,0,"[0, 255, 0, 100]","[97, 255, 97]"
5417,842013bffffffff,176,0,0,"[0, 255, 0, 100]","[97, 255, 97]"
5418,8420145ffffffff,219,0,0,"[0, 255, 0, 100]","[97, 255, 97]"
5419,8420147ffffffff,155,0,0,"[0, 255, 0, 100]","[97, 255, 97]"
5420,8420153ffffffff,236,0,0,"[0, 255, 0, 100]","[97, 255, 97]"
5421,8420159ffffffff,177,0,0,"[0, 255, 0, 100]","[97, 255, 97]"
5422,842015bffffffff,59,0,0,"[0, 255, 0, 100]","[97, 255, 97]"
5423,8420161ffffffff,55,0,0,"[0, 255, 0, 100]","[97, 255, 97]"
5424,8420163ffffffff,19,0,0,"[0, 255, 0, 100]","[97, 255, 97]"
5425,8420167ffffffff,5,0,0,"[0, 255, 0, 100]","[97, 255, 97]"
5426,8420169ffffffff,74,0,0,"[0, 255, 0, 100]","[97, 255, 97]"
5427,842016bffffffff,57,0,0,"[0, 255, 0, 100]","[97, 255, 97]"
5428,8420181ffffffff,199,0,0,"[0, 255, 0, 100]","[97, 255, 97]"
5429,8420183ffffffff,100,0,0,"[0, 255, 0, 100]","[97, 255, 97]"
5430,8420185ffffffff,57,0,0,"[0, 255, 0, 100]","[97, 255, 97]"
5431,8420187ffffffff,431,0,0,"[0, 255, 0, 100]","[97, 255, 97]"
5432,8420189ffffffff,24,0,0,"[0, 255, 0, 100]","[97, 255, 97]"
5433,842018bffffffff,4,0,0,"[0, 255, 0, 100]","[97, 255, 97]"
5434,842018dffffffff,13,0,0,"[0, 255, 0, 100]","[97, 255, 97]"
5435,8420191ffffffff,45,0,0,"[0, 255, 0, 100]","[97, 255, 97]"
5436,8420195ffffffff,125,0,0,"[0, 255, 0, 100]","[97, 255, 97]"
5437,8420197ffffffff,179,0,0,"[0, 255, 0, 100]","[97, 255, 97]"
5438,842019bffffffff,19,0,0,"[0, 255, 0, 100]","[97, 255, 97]"
5439,842019dffffffff,5,0,0,"[0, 255, 0, 100]","[97, 255, 97]"
5440,84201a9ffffffff,11,0,0,"[0, 255, 0, 100]","[97, 255, 97]"
5441,84201abffffffff,43,0,0,"[0, 255, 0, 100]","[97, 255, 97]"
5442,84201adffffffff,168,0,0,"[0, 255, 0, 100]","[97, 255, 97]"
5443,84201b3ffffffff,57,0,0,"[0, 255, 0, 100]","[97, 255, 97]"
5444,84201b9ffffffff,17,0,0,"[0, 255, 0, 100]","[97, 255, 97]"
5445,84201bbffffffff,1,0,0,"[0, 255, 0, 100]","[97, 255, 97]"
5446,84201c3ffffffff,56,0,0,"[0, 255, 0, 100]","[97, 255, 97]"
5447,84201c7ffffffff,1,0,0,"[0, 255, 0, 100]","[97, 255, 97]"
5448,84201cbffffffff,71,0,0,"[0, 255, 0, 100]","[97, 255, 97]"
5449,84201d5ffffffff,20,0,0,"[0, 255, 0, 100]","[97, 255, 97]"
5450,84201e1ffffffff,55,0,0,"[0, 255, 0, 100]","[97, 255, 97]"
5451,84201e3ffffffff,1,0,0,"[0, 255, 0, 100]","[97, 255, 97]"
5452,84201edffffffff,120,0,0,"[0, 255, 0, 100]","[97, 255, 97]"
5453,8420203ffffffff,93,0,0,"[0, 255, 0, 100]","[97, 255, 97]"
5454,8420207ffffffff,94,0,0,"[0, 255, 0, 100]","[97, 255, 97]"
5455,8420219ffffffff,103,0,0,"[0, 255, 0, 100]","[97, 255, 97]"
5456,8420229ffffffff,261,0,0,"[0, 255, 0, 100]","[97, 255, 97]"
5457,842022bffffffff,251,0,0,"[0, 255, 0, 100]","[97, 255, 97]"
5458,8420231ffffffff,168,0,0,"[0, 255, 0, 100]","[97, 255, 97]"
5459,8420233ffffffff,134,0,0,"[0, 255, 0, 100]","[97, 255, 97]"
5460,842023dffffffff,20,0,0,"[0, 255, 0, 100]","[97, 255, 97]"
5461,8420257ffffffff,12,0,0,"[0, 255, 0, 100]","[97, 255, 97]"
5462,8420261ffffffff,5,0,0,"[0, 255, 0, 100]","[97, 255, 97]"
5463,8420263ffffffff,27,0,0,"[0, 255, 0, 100]","[97, 255, 97]"
5464,8420265ffffffff,197,0,0,"[0, 255, 0, 100]","[97, 255, 97]"
5465,8420267ffffffff,478,0,0,"[0, 255, 0, 100]","[97, 255, 97]"
5466,8420289ffffffff,32,0,0,"[0, 255, 0, 100]","[97, 255, 97]"
5467,842028bffffffff,125,0,0,"[0, 255, 0, 100]","[97, 255, 97]"
5468,8420299ffffffff,32,0,0,"[0, 255, 0, 100]","[97, 255, 97]"
5469,84202a1ffffffff,230,0,0,"[0, 255, 0, 100]","[97, 255, 97]"
5470,84202a3ffffffff,286,0,0,"[0, 255, 0, 100]","[97, 255, 97]"
5471,84202adffffffff,210,0,0,"[0, 255, 0, 100]","[97, 255, 97]"
5472,84202b5ffffffff,119,0,0,"[0, 255, 0, 100]","[97, 255, 97]"
5473,84202cbffffffff,78,0,0,"[0, 255, 0, 100]","[97, 255, 97]"
5474,84202d1ffffffff,63,0,0,"[0, 255, 0, 100]","[97, 255, 97]"
5475,84202d5ffffffff,826,0,0,"[0, 255, 0, 100]","[97, 255, 97]"
5476,84202d7ffffffff,37,0,0,"[0, 255, 0, 100]","[97, 255, 97]"
5477,84202e5ffffffff,3,0,0,"[0, 255, 0, 100]","[97, 255, 97]"
5478,8420303ffffffff,102,0,0,"[0, 255, 0, 100]","[97, 255, 97]"
5479,8420305ffffffff,67,0,0,"[0, 255, 0, 100]","[97, 255, 97]"
5480,842030bffffffff,7,0,0,"[0, 255, 0, 100]","[97, 255, 97]"
5481,8420311ffffffff,192,0,0,"[0, 255, 0, 100]","[97, 255, 97]"
5482,8420315ffffffff,60,0,0,"[0, 255, 0, 100]","[97, 255, 97]"
5483,842031bffffffff,99,0,0,"[0, 255, 0, 100]","[97, 255, 97]"
5484,8420325ffffffff,73,0,0,"[0, 255, 0, 100]","[97, 255, 97]"
5485,842032dffffffff,112,0,0,"[0, 255, 0, 100]","[97, 255, 97]"
5486,8420331ffffffff,5,0,0,"[0, 255, 0, 100]","[97, 255, 97]"
5487,842033bffffffff,42,0,0,"[0, 255, 0, 100]","[97, 255, 97]"
5488,8420359ffffffff,29,0,0,"[0, 255, 0, 100]","[97, 255, 97]"
5489,8420361ffffffff,61,0,0,"[0, 255, 0, 100]","[97, 255, 97]"
5490,8420367ffffffff,87,0,0,"[0, 255, 0, 100]","[97, 255, 97]"
5491,842036dffffffff,6,0,0,"[0, 255, 0, 100]","[97, 255, 97]"
5492,8420409ffffffff,35,0,0,"[0, 255, 0, 100]","[97, 255, 97]"
5493,8420443ffffffff,141,0,0,"[0, 255, 0, 100]","[97, 255, 97]"
5494,8420447ffffffff,32,0,0,"[0, 255, 0, 100]","[97, 255, 97]"
5495,8420455ffffffff,38,0,0,"[0, 255, 0, 100]","[97, 255, 97]"
5496,8420507ffffffff,8,0,0,"[0, 255, 0, 100]","[97, 255, 97]"
5497,8420509ffffffff,39,0,0,"[0, 255, 0, 100]","[97, 255, 97]"
5498,842050bffffffff,35,0,0,"[0, 255, 0, 100]","[97, 255, 97]"
5499,8420511ffffffff,318,0,0,"[0, 255, 0, 100]","[97, 255, 97]"
5500,8420513ffffffff,465,0,0,"[0, 255, 0, 100]","[97, 255, 97]"
5501,842051dffffffff,129,0,0,"[0, 255, 0, 100]","[97, 255, 97]"
5502,8420541ffffffff,311,0,0,"[0, 255, 0, 100]","[97, 255, 97]"
5503,8420543ffffffff,414,0,0,"[0, 255, 0, 100]","[97, 255, 97]"
5504,842054dffffffff,79,0,0,"[0, 255, 0, 100]","[97, 255, 97]"
5505,8420555ffffffff,46,0,0,"[0, 255, 0, 100]","[97, 255, 97]"
5506,8420557ffffffff,47,0,0,"[0, 255, 0, 100]","[97, 255, 97]"
5507,8420567ffffffff,1,0,0,"[0, 255, 0, 100]","[97, 255, 97]"
5508,842056dffffffff,69,0,0,"[0, 255, 0, 100]","[97, 255, 97]"
5509,8420585ffffffff,785,0,0,"[0, 255, 0, 100]","[97, 255, 97]"
5510,8420591ffffffff,3,0,0,"[0, 255, 0, 100]","[97, 255, 97]"
5511,84205a3ffffffff,102,0,0,"[0, 255, 0, 100]","[97, 255, 97]"
5512,84205abffffffff,421,0,0,"[0, 255, 0, 100]","[97, 255, 97]"
5513,84205b5ffffffff,39,0,0,"[0, 255, 0, 100]","[97, 255, 97]"
5514,84205bdffffffff,116,0,0,"[0, 255, 0, 100]","[97, 255, 97]"
5515,84205c5ffffffff,167,0,0,"[0, 255, 0, 100]","[97, 255, 97]"
5516,84205e3ffffffff,640,0,0,"[0, 255, 0, 100]","[97, 255, 97]"
5517,84205e9ffffffff,334,0,0,"[0, 255, 0, 100]","[97, 255, 97]"
5518,84205ebffffffff,631,0,0,"[0, 255, 0, 100]","[97, 255, 97]"
5519,8420609ffffffff,33,0,0,"[0, 255, 0, 100]","[97, 255, 97]"
5520,8420619ffffffff,32,0,0,"[0, 255, 0, 100]","[97, 255, 97]"
5521,8420623ffffffff,2,0,0,"[0, 255, 0, 100]","[97, 255, 97]"
5522,8420627ffffffff,95,0,0,"[0, 255, 0, 100]","[97, 255, 97]"
5523,8420651ffffffff,23,0,0,"[0, 255, 0, 100]","[97, 255, 97]"
5524,8420653ffffffff,45,0,0,"[0, 255, 0, 100]","[97, 255, 97]"
5525,8420655ffffffff,65,0,0,"[0, 255, 0, 100]","[97, 255, 97]"
5526,84206b7ffffffff,30,0,0,"[0, 255, 0, 100]","[97, 255, 97]"
5527,84206dbffffffff,10,0,0,"[0, 255, 0, 100]","[97, 255, 97]"
5528,8420701ffffffff,2,0,0,"[0, 255, 0, 100]","[97, 255, 97]"
5529,8420707ffffffff,72,0,0,"[0, 255, 0, 100]","[97, 255, 97]"
5530,8420711ffffffff,122,0,0,"[0, 255, 0, 100]","[97, 255, 97]"
5531,8420715ffffffff,5,0,0,"[0, 255, 0, 100]","[97, 255, 97]"
5532,8420725ffffffff,49,0,0,"[0, 255, 0, 100]","[97, 255, 97]"
5533,8420731ffffffff,9,0,0,"[0, 255, 0, 100]","[97, 255, 97]"
5534,8420739ffffffff,31,0,0,"[0, 255, 0, 100]","[97, 255, 97]"
5535,8420803ffffffff,7,0,0,"[0, 255, 0, 100]","[97, 255, 97]"
5536,8420807ffffffff,29,0,0,"[0, 255, 0, 100]","[97, 255, 97]"
5537,842081dffffffff,1,0,0,"[0, 255, 0, 100]","[97, 255, 97]"
5538,8420823ffffffff,139,0,0,"[0, 255, 0, 100]","[97, 255, 97]"
5539,8420839ffffffff,11,0,0,"[0, 255, 0, 100]","[97, 255, 97]"
5540,842083dffffffff,52,0,0,"[0, 255, 0, 100]","[97, 255, 97]"
5541,8420849ffffffff,13,0,0,"[0, 255, 0, 100]","[97, 255, 97]"
5542,842084bffffffff,54,0,0,"[0, 255, 0, 100]","[97, 255, 97]"
5543,842084dffffffff,17,0,0,"[0, 255, 0, 100]","[97, 255, 97]"
5544,8420853ffffffff,15,0,0,"[0, 255, 0, 100]","[97, 255, 97]"
5545,842085bffffffff,152,0,0,"[0, 255, 0, 100]","[97, 255, 97]"
5546,842085dffffffff,50,0,0,"[0, 255, 0, 100]","[97, 255, 97]"
5547,8420893ffffffff,18,0,0,"[0, 255, 0, 100]","[97, 255, 97]"
5548,842089bffffffff,69,0,0,"[0, 255, 0, 100]","[97, 255, 97]"
5549,84208a7ffffffff,53,0,0,"[0, 255, 0, 100]","[97, 255, 97]"
5550,8420905ffffffff,27,0,0,"[0, 255, 0, 100]","[97, 255, 97]"
5551,8420923ffffffff,47,0,0,"[0, 255, 0, 100]","[97, 255, 97]"
5552,8420929ffffffff,21,0,0,"[0, 255, 0, 100]","[97, 255, 97]"
5553,842092bffffffff,22,0,0,"[0, 255, 0, 100]","[97, 255, 97]"
5554,8420935ffffffff,1,0,0,"[0, 255, 0, 100]","[97, 255, 97]"
5555,8420941ffffffff,19,0,0,"[0, 255, 0, 100]","[97, 255, 97]"
5556,8420949ffffffff,66,0,0,"[0, 255, 0, 100]","[97, 255, 97]"
5557,8420981ffffffff,25,0,0,"[0, 255, 0, 100]","[97, 255, 97]"
5558,8420983ffffffff,12,0,0,"[0, 255, 0, 100]","[97, 255, 97]"
5559,8420985ffffffff,20,0,0,"[0, 255, 0, 100]","[97, 255, 97]"
5560,8420991ffffffff,4,0,0,"[0, 255, 0, 100]","[97, 255, 97]"
5561,8420999ffffffff,2,0,0,"[0, 255, 0, 100]","[97, 255, 97]"
5562,842099bffffffff,157,0,0,"[0, 255, 0, 100]","[97, 255, 97]"
5563,842099dffffffff,51,0,0,"[0, 255, 0, 100]","[97, 255, 97]"
5564,84209c5ffffffff,85,0,0,"[0, 255, 0, 100]","[97, 255, 97]"
5565,84209c9ffffffff,60,0,0,"[0, 255, 0, 100]","[97, 255, 97]"
5566,84209cdffffffff,49,0,0,"[0, 255, 0, 100]","[97, 255, 97]"
5567,84209e9ffffffff,20,0,0,"[0, 255, 0, 100]","[97, 255, 97]"
5568,84209edffffffff,34,0,0,"[0, 255, 0, 100]","[97, 255, 97]"
5569,8420a01ffffffff,23,0,0,"[0, 255, 0, 100]","[97, 255, 97]"
5570,8420a05ffffffff,11,0,0,"[0, 255, 0, 100]","[97, 255, 97]"
5571,8420a07ffffffff,22,0,0,"[0, 255, 0, 100]","[97, 255, 97]"
5572,8420a0dffffffff,1,0,0,"[0, 255, 0, 100]","[97, 255, 97]"
5573,8420a11ffffffff,9,0,0,"[0, 255, 0, 100]","[97, 255, 97]"
5574,8420a15ffffffff,42,0,0,"[0, 255, 0, 100]","[97, 255, 97]"
5575,8420a19ffffffff,306,0,0,"[0, 255, 0, 100]","[97, 255, 97]"
5576,8420a1bffffffff,118,0,0,"[0, 255, 0, 100]","[97, 255, 97]"
5577,8420a23ffffffff,10,0,0,"[0, 255, 0, 100]","[97, 255, 97]"
5578,8420a25ffffffff,1,0,0,"[0, 255, 0, 100]","[97, 255, 97]"
5579,8420a27ffffffff,115,0,0,"[0, 255, 0, 100]","[97, 255, 97]"
5580,8420a31ffffffff,92,0,0,"[0, 255, 0, 100]","[97, 255, 97]"
5581,8420a35ffffffff,4,0,0,"[0, 255, 0, 100]","[97, 255, 97]"
5582,8420a37ffffffff,17,0,0,"[0, 255, 0, 100]","[97, 255, 97]"
5583,8420a39ffffffff,87,0,0,"[0, 255, 0, 100]","[97, 255, 97]"
5584,8420a3bffffffff,71,0,0,"[0, 255, 0, 100]","[97, 255, 97]"
5585,8420a3dffffffff,71,0,0,"[0, 255, 0, 100]","[97, 255, 97]"
5586,8420a49ffffffff,30,0,0,"[0, 255, 0, 100]","[97, 255, 97]"
5587,8420a4bffffffff,107,0,0,"[0, 255, 0, 100]","[97, 255, 97]"
5588,8420a4dffffffff,7,0,0,"[0, 255, 0, 100]","[97, 255, 97]"
5589,8420a51ffffffff,69,0,0,"[0, 255, 0, 100]","[97, 255, 97]"
5590,8420a53ffffffff,85,0,0,"[0, 255, 0, 100]","[97, 255, 97]"
5591,8420a55ffffffff,84,0,0,"[0, 255, 0, 100]","[97, 255, 97]"
5592,8420a59ffffffff,43,0,0,"[0, 255, 0, 100]","[97, 255, 97]"
5593,8420a5dffffffff,11,0,0,"[0, 255, 0, 100]","[97, 255, 97]"
5594,8420a61ffffffff,5,0,0,"[0, 255, 0, 100]","[97, 255, 97]"
5595,8420a67ffffffff,140,0,0,"[0, 255, 0, 100]","[97, 255, 97]"
5596,8420a69ffffffff,101,0,0,"[0, 255, 0, 100]","[97, 255, 97]"
5597,8420a6bffffffff,14,0,0,"[0, 255, 0, 100]","[97, 255, 97]"
5598,8420a6dffffffff,15,0,0,"[0, 255, 0, 100]","[97, 255, 97]"
5599,8420a81ffffffff,268,0,0,"[0, 255, 0, 100]","[97, 255, 97]"
5600,8420a83ffffffff,64,0,0,"[0, 255, 0, 100]","[97, 255, 97]"
5601,8420a89ffffffff,1,0,0,"[0, 255, 0, 100]","[97, 255, 97]"
5602,8420a8bffffffff,19,0,0,"[0, 255, 0, 100]","[97, 255, 97]"
5603,8420a99ffffffff,32,0,0,"[0, 255, 0, 100]","[97, 255, 97]"
5604,8420a9dffffffff,23,0,0,"[0, 255, 0, 100]","[97, 255, 97]"
5605,8420ac1ffffffff,66,0,0,"[0, 255, 0, 100]","[97, 255, 97]"
5606,8420ac3ffffffff,6,0,0,"[0, 255, 0, 100]","[97, 255, 97]"
5607,8420ac7ffffffff,26,0,0,"[0, 255, 0, 100]","[97, 255, 97]"
5608,8420acbffffffff,29,0,0,"[0, 255, 0, 100]","[97, 255, 97]"
5609,8420acdffffffff,130,0,0,"[0, 255, 0, 100]","[97, 255, 97]"
5610,8420ad1ffffffff,73,0,0,"[0, 255, 0, 100]","[97, 255, 97]"
5611,8420ad3ffffffff,26,0,0,"[0, 255, 0, 100]","[97, 255, 97]"
5612,8420ad5ffffffff,18,0,0,"[0, 255, 0, 100]","[97, 255, 97]"
5613,8420ad7ffffffff,60,0,0,"[0, 255, 0, 100]","[97, 255, 97]"
5614,8420ad9ffffffff,2,0,0,"[0, 255, 0, 100]","[97, 255, 97]"
5615,8420adbffffffff,53,0,0,"[0, 255, 0, 100]","[97, 255, 97]"
5616,8420addffffffff,64,0,0,"[0, 255, 0, 100]","[97, 255, 97]"
5617,8420ae1ffffffff,111,0,0,"[0, 255, 0, 100]","[97, 255, 97]"
5618,8420ae3ffffffff,138,0,0,"[0, 255, 0, 100]","[97, 255, 97]"
5619,8420ae7ffffffff,17,0,0,"[0, 255, 0, 100]","[97, 255, 97]"
5620,8420b01ffffffff,6,0,0,"[0, 255, 0, 100]","[97, 255, 97]"
5621,8420b35ffffffff,10,0,0,"[0, 255, 0, 100]","[97, 255, 97]"
5622,8420b3dffffffff,8,0,0,"[0, 255, 0, 100]","[97, 255, 97]"
5623,8420b53ffffffff,7,0,0,"[0, 255, 0, 100]","[97, 255, 97]"
5624,8420b5dffffffff,14,0,0,"[0, 255, 0, 100]","[97, 255, 97]"
5625,8420c09ffffffff,3,0,0,"[0, 255, 0, 100]","[97, 255, 97]"
5626,8420c0dffffffff,8,0,0,"[0, 255, 0, 100]","[97, 255, 97]"
5627,8420c17ffffffff,11,0,0,"[0, 255, 0, 100]","[97, 255, 97]"
5628,8420c21ffffffff,19,0,0,"[0, 255, 0, 100]","[97, 255, 97]"
5629,8420c2bffffffff,27,0,0,"[0, 255, 0, 100]","[97, 255, 97]"
5630,8420c2dffffffff,6,0,0,"[0, 255, 0, 100]","[97, 255, 97]"
5631,8420c3dffffffff,178,0,0,"[0, 255, 0, 100]","[97, 255, 97]"
5632,8420c91ffffffff,120,0,0,"[0, 255, 0, 100]","[97, 255, 97]"
5633,8420ca3ffffffff,65,0,0,"[0, 255, 0, 100]","[97, 255, 97]"
5634,8420cabffffffff,6,0,0,"[0, 255, 0, 100]","[97, 255, 97]"
5635,8420cb5ffffffff,69,0,0,"[0, 255, 0, 100]","[97, 255, 97]"
5636,8420cb7ffffffff,54,0,0,"[0, 255, 0, 100]","[97, 255, 97]"
5637,8420cc7ffffffff,16,0,0,"[0, 255, 0, 100]","[97, 255, 97]"
5638,8420cd9ffffffff,60,0,0,"[0, 255, 0, 100]","[97, 255, 97]"
5639,8420cdbffffffff,66,0,0,"[0, 255, 0, 100]","[97, 255, 97]"
5640,8420cddffffffff,36,0,0,"[0, 255, 0, 100]","[97, 255, 97]"
5641,8420d09ffffffff,2,0,0,"[0, 255, 0, 100]","[97, 255, 97]"
5642,8420d0bffffffff,48,0,0,"[0, 255, 0, 100]","[97, 255, 97]"
5643,8420d1dffffffff,43,0,0,"[0, 255, 0, 100]","[97, 255, 97]"
5644,8420d35ffffffff,2,0,0,"[0, 255, 0, 100]","[97, 255, 97]"
5645,8420d37ffffffff,3,0,0,"[0, 255, 0, 100]","[97, 255, 97]"
5646,8420d45ffffffff,64,0,0,"[0, 255, 0, 100]","[97, 255, 97]"
5647,8420d47ffffffff,23,0,0,"[0, 255, 0, 100]","[97, 255, 97]"
5648,8420d4dffffffff,2,0,0,"[0, 255, 0, 100]","[97, 255, 97]"
5649,8420d51ffffffff,18,0,0,"[0, 255, 0, 100]","[97, 255, 97]"
5650,8420d53ffffffff,10,0,0,"[0, 255, 0, 100]","[97, 255, 97]"
5651,8420d5bffffffff,90,0,0,"[0, 255, 0, 100]","[97, 255, 97]"
5652,8420d6bffffffff,48,0,0,"[0, 255, 0, 100]","[97, 255, 97]"
5653,8420da1ffffffff,4,0,0,"[0, 255, 0, 100]","[97, 255, 97]"
5654,8420dabffffffff,30,0,0,"[0, 255, 0, 100]","[97, 255, 97]"
5655,8420db1ffffffff,78,0,0,"[0, 255, 0, 100]","[97, 255, 97]"
5656,8420dbdffffffff,167,0,0,"[0, 255, 0, 100]","[97, 255, 97]"
5657,8420dc1ffffffff,57,0,0,"[0, 255, 0, 100]","[97, 255, 97]"
5658,8420dc3ffffffff,22,0,0,"[0, 255, 0, 100]","[97, 255, 97]"
5659,8420dcdffffffff,2,0,0,"[0, 255, 0, 100]","[97, 255, 97]"
5660,8420e0dffffffff,117,0,0,"[0, 255, 0, 100]","[97, 255, 97]"
5661,8420e39ffffffff,36,0,0,"[0, 255, 0, 100]","[97, 255, 97]"
5662,8420e3bffffffff,186,0,0,"[0, 255, 0, 100]","[97, 255, 97]"
5663,8420e43ffffffff,23,0,0,"[0, 255, 0, 100]","[97, 255, 97]"
5664,8420e47ffffffff,27,0,0,"[0, 255, 0, 100]","[97, 255, 97]"
5665,8420e49ffffffff,5,0,0,"[0, 255, 0, 100]","[97, 255, 97]"
5666,8420e4dffffffff,20,0,0,"[0, 255, 0, 100]","[97, 255, 97]"
5667,8420e61ffffffff,908,0,0,"[0, 255, 0, 100]","[97, 255, 97]"
5668,8420e63ffffffff,176,0,0,"[0, 255, 0, 100]","[97, 255, 97]"
5669,8420e65ffffffff,18,0,0,"[0, 255, 0, 100]","[97, 255, 97]"
5670,8420e69ffffffff,191,0,0,"[0, 255, 0, 100]","[97, 255, 97]"
5671,8420e6bffffffff,192,0,0,"[0, 255, 0, 100]","[97, 255, 97]"
5672,8420e6dffffffff,68,0,0,"[0, 255, 0, 100]","[97, 255, 97]"
5673,8420e85ffffffff,200,0,0,"[0, 255, 0, 100]","[97, 255, 97]"
5674,8420e87ffffffff,85,0,0,"[0, 255, 0, 100]","[97, 255, 97]"
5675,8420e89ffffffff,35,0,0,"[0, 255, 0, 100]","[97, 255, 97]"
5676,8420ea3ffffffff,21,0,0,"[0, 255, 0, 100]","[97, 255, 97]"
5677,8420eb1ffffffff,68,0,0,"[0, 255, 0, 100]","[97, 255, 97]"
5678,8420eb3ffffffff,170,0,0,"[0, 255, 0, 100]","[97, 255, 97]"
5679,8420eb9ffffffff,156,0,0,"[0, 255, 0, 100]","[97, 255, 97]"
5680,8420ebbffffffff,175,0,0,"[0, 255, 0, 100]","[97, 255, 97]"
5681,8420ec3ffffffff,63,0,0,"[0, 255, 0, 100]","[97, 255, 97]"
5682,8420ec7ffffffff,16,0,0,"[0, 255, 0, 100]","[97, 255, 97]"
5683,8420ed3ffffffff,9,0,0,"[0, 255, 0, 100]","[97, 255, 97]"
5684,8420ed5ffffffff,47,0,0,"[0, 255, 0, 100]","[97, 255, 97]"
5685,8420ed7ffffffff,36,0,0,"[0, 255, 0, 100]","[97, 255, 97]"
5686,8420eddffffffff,26,0,0,"[0, 255, 0, 100]","[97, 255, 97]"
5687,8420ee1ffffffff,324,0,0,"[0, 255, 0, 100]","[97, 255, 97]"
5688,8420ee3ffffffff,206,0,0,"[0, 255, 0, 100]","[97, 255, 97]"
5689,8420eebffffffff,393,0,0,"[0, 255, 0, 100]","[97, 255, 97]"
5690,8420eedffffffff,293,0,0,"[0, 255, 0, 100]","[97, 255, 97]"
5691,8420f09ffffffff,7,0,0,"[0, 255, 0, 100]","[97, 255, 97]"
5692,8420f25ffffffff,189,0,0,"[0, 255, 0, 100]","[97, 255, 97]"
5693,8420f43ffffffff,1,0,0,"[0, 255, 0, 100]","[97, 255, 97]"
5694,8420f47ffffffff,12,0,0,"[0, 255, 0, 100]","[97, 255, 97]"
5695,842100dffffffff,152,0,0,"[0, 255, 0, 100]","[97, 255, 97]"
5696,8421013ffffffff,7,0,0,"[0, 255, 0, 100]","[97, 255, 97]"
5697,8421015ffffffff,8,0,0,"[0, 255, 0, 100]","[97, 255, 97]"
5698,8421017ffffffff,102,0,0,"[0, 255, 0, 100]","[97, 255, 97]"
5699,8421021ffffffff,48,0,0,"[0, 255, 0, 100]","[97, 255, 97]"
5700,8421023ffffffff,12,0,0,"[0, 255, 0, 100]","[97, 255, 97]"
5701,842102bffffffff,14,0,0,"[0, 255, 0, 100]","[97, 255, 97]"
5702,8421031ffffffff,59,0,0,"[0, 255, 0, 100]","[97, 255, 97]"
5703,8421037ffffffff,40,0,0,"[0, 255, 0, 100]","[97, 255, 97]"
5704,842103bffffffff,74,0,0,"[0, 255, 0, 100]","[97, 255, 97]"
5705,842103dffffffff,110,0,0,"[0, 255, 0, 100]","[97, 255, 97]"
5706,8421045ffffffff,23,0,0,"[0, 255, 0, 100]","[97, 255, 97]"
5707,8421047ffffffff,22,0,0,"[0, 255, 0, 100]","[97, 255, 97]"
5708,842104dffffffff,1,0,0,"[0, 255, 0, 100]","[97, 255, 97]"
5709,842106bffffffff,15,0,0,"[0, 255, 0, 100]","[97, 255, 97]"
5710,84210c1ffffffff,44,0,0,"[0, 255, 0, 100]","[97, 255, 97]"
5711,84210c3ffffffff,33,0,0,"[0, 255, 0, 100]","[97, 255, 97]"
5712,84210c5ffffffff,110,0,0,"[0, 255, 0, 100]","[97, 255, 97]"
5713,84210edffffffff,3,0,0,"[0, 255, 0, 100]","[97, 255, 97]"
5714,8421103ffffffff,18,0,0,"[0, 255, 0, 100]","[97, 255, 97]"
5715,8421109ffffffff,12,0,0,"[0, 255, 0, 100]","[97, 255, 97]"
5716,842110bffffffff,58,0,0,"[0, 255, 0, 100]","[97, 255, 97]"
5717,842110dffffffff,13,0,0,"[0, 255, 0, 100]","[97, 255, 97]"
5718,8421115ffffffff,23,0,0,"[0, 255, 0, 100]","[97, 255, 97]"
5719,8421119ffffffff,32,0,0,"[0, 255, 0, 100]","[97, 255, 97]"
5720,842111dffffffff,137,0,0,"[0, 255, 0, 100]","[97, 255, 97]"
5721,8421123ffffffff,12,0,0,"[0, 255, 0, 100]","[97, 255, 97]"
5722,8421125ffffffff,4,0,0,"[0, 255, 0, 100]","[97, 255, 97]"
5723,8421127ffffffff,2,0,0,"[0, 255, 0, 100]","[97, 255, 97]"
5724,8421129ffffffff,246,0,0,"[0, 255, 0, 100]","[97, 255, 97]"
5725,842112bffffffff,207,0,0,"[0, 255, 0, 100]","[97, 255, 97]"
5726,842112dffffffff,5,0,0,"[0, 255, 0, 100]","[97, 255, 97]"
5727,8421131ffffffff,105,0,0,"[0, 255, 0, 100]","[97, 255, 97]"
5728,8421133ffffffff,55,0,0,"[0, 255, 0, 100]","[97, 255, 97]"
5729,8421135ffffffff,79,0,0,"[0, 255, 0, 100]","[97, 255, 97]"
5730,8421139ffffffff,94,0,0,"[0, 255, 0, 100]","[97, 255, 97]"
5731,842113bffffffff,141,0,0,"[0, 255, 0, 100]","[97, 255, 97]"
5732,842113dffffffff,8,0,0,"[0, 255, 0, 100]","[97, 255, 97]"
5733,8421149ffffffff,3,0,0,"[0, 255, 0, 100]","[97, 255, 97]"
5734,842115dffffffff,90,0,0,"[0, 255, 0, 100]","[97, 255, 97]"
5735,8421165ffffffff,1,0,0,"[0, 255, 0, 100]","[97, 255, 97]"
5736,8421167ffffffff,69,0,0,"[0, 255, 0, 100]","[97, 255, 97]"
5737,8421189ffffffff,95,0,0,"[0, 255, 0, 100]","[97, 255, 97]"
5738,84211a9ffffffff,161,0,0,"[0, 255, 0, 100]","[97, 255, 97]"
5739,84211abffffffff,132,0,0,"[0, 255, 0, 100]","[97, 255, 97]"
5740,84211b1ffffffff,100,0,0,"[0, 255, 0, 100]","[97, 255, 97]"
5741,84211b3ffffffff,263,0,0,"[0, 255, 0, 100]","[97, 255, 97]"
5742,84211b9ffffffff,8,0,0,"[0, 255, 0, 100]","[97, 255, 97]"
5743,84211bbffffffff,78,0,0,"[0, 255, 0, 100]","[97, 255, 97]"
5744,84211bdffffffff,87,0,0,"[0, 255, 0, 100]","[97, 255, 97]"
5745,84211c1ffffffff,61,0,0,"[0, 255, 0, 100]","[97, 255, 97]"
5746,84211c3ffffffff,19,0,0,"[0, 255, 0, 100]","[97, 255, 97]"
5747,84211c9ffffffff,6,0,0,"[0, 255, 0, 100]","[97, 255, 97]"
5748,84211cbffffffff,142,0,0,"[0, 255, 0, 100]","[97, 255, 97]"
5749,84211cdffffffff,11,0,0,"[0, 255, 0, 100]","[97, 255, 97]"
5750,84211d1ffffffff,99,0,0,"[0, 255, 0, 100]","[97, 255, 97]"
5751,84211d3ffffffff,7,0,0,"[0, 255, 0, 100]","[97, 255, 97]"
5752,84211ddffffffff,151,0,0,"[0, 255, 0, 100]","[97, 255, 97]"
5753,84211e5ffffffff,170,0,0,"[0, 255, 0, 100]","[97, 255, 97]"
5754,84211e7ffffffff,133,0,0,"[0, 255, 0, 100]","[97, 255, 97]"
5755,8421209ffffffff,17,0,0,"[0, 255, 0, 100]","[97, 255, 97]"
5756,842120bffffffff,109,0,0,"[0, 255, 0, 100]","[97, 255, 97]"
5757,8421215ffffffff,72,0,0,"[0, 255, 0, 100]","[97, 255, 97]"
5758,8421217ffffffff,25,0,0,"[0, 255, 0, 100]","[97, 255, 97]"
5759,8421221ffffffff,5,0,0,"[0, 255, 0, 100]","[97, 255, 97]"
5760,8421223ffffffff,123,0,0,"[0, 255, 0, 100]","[97, 255, 97]"
5761,8421225ffffffff,53,0,0,"[0, 255, 0, 100]","[97, 255, 97]"
5762,842122bffffffff,27,0,0,"[0, 255, 0, 100]","[97, 255, 97]"
5763,8421235ffffffff,17,0,0,"[0, 255, 0, 100]","[97, 255, 97]"
5764,8421239ffffffff,35,0,0,"[0, 255, 0, 100]","[97, 255, 97]"
5765,842123dffffffff,12,0,0,"[0, 255, 0, 100]","[97, 255, 97]"
5766,8421257ffffffff,115,0,0,"[0, 255, 0, 100]","[97, 255, 97]"
5767,8421261ffffffff,8,0,0,"[0, 255, 0, 100]","[97, 255, 97]"
5768,8421263ffffffff,2,0,0,"[0, 255, 0, 100]","[97, 255, 97]"
5769,8421291ffffffff,46,0,0,"[0, 255, 0, 100]","[97, 255, 97]"
5770,8421295ffffffff,11,0,0,"[0, 255, 0, 100]","[97, 255, 97]"
5771,84212b5ffffffff,19,0,0,"[0, 255, 0, 100]","[97, 255, 97]"
5772,84212b9ffffffff,3,0,0,"[0, 255, 0, 100]","[97, 255, 97]"
5773,84212c1ffffffff,66,0,0,"[0, 255, 0, 100]","[97, 255, 97]"
5774,84212cbffffffff,3,0,0,"[0, 255, 0, 100]","[97, 255, 97]"
5775,84212d3ffffffff,15,0,0,"[0, 255, 0, 100]","[97, 255, 97]"
5776,84212d7ffffffff,74,0,0,"[0, 255, 0, 100]","[97, 255, 97]"
5777,84212d9ffffffff,84,0,0,"[0, 255, 0, 100]","[97, 255, 97]"
5778,84212dbffffffff,73,0,0,"[0, 255, 0, 100]","[97, 255, 97]"
5779,84212ddffffffff,146,0,0,"[0, 255, 0, 100]","[97, 255, 97]"
5780,8421303ffffffff,17,0,0,"[0, 255, 0, 100]","[97, 255, 97]"
5781,8421309ffffffff,63,0,0,"[0, 255, 0, 100]","[97, 255, 97]"
5782,8421311ffffffff,37,0,0,"[0, 255, 0, 100]","[97, 255, 97]"
5783,8421319ffffffff,15,0,0,"[0, 255, 0, 100]","[97, 255, 97]"
5784,842131dffffffff,43,0,0,"[0, 255, 0, 100]","[97, 255, 97]"
5785,8421331ffffffff,117,0,0,"[0, 255, 0, 100]","[97, 255, 97]"
5786,8421337ffffffff,107,0,0,"[0, 255, 0, 100]","[97, 255, 97]"
5787,8421339ffffffff,20,0,0,"[0, 255, 0, 100]","[97, 255, 97]"
5788,8421351ffffffff,20,0,0,"[0, 255, 0, 100]","[97, 255, 97]"
5789,8421353ffffffff,95,0,0,"[0, 255, 0, 100]","[97, 255, 97]"
5790,8421355ffffffff,60,0,0,"[0, 255, 0, 100]","[97, 255, 97]"
5791,8421357ffffffff,86,0,0,"[0, 255, 0, 100]","[97, 255, 97]"
5792,842135dffffffff,90,0,0,"[0, 255, 0, 100]","[97, 255, 97]"
5793,842136dffffffff,5,0,0,"[0, 255, 0, 100]","[97, 255, 97]"
5794,8421401ffffffff,90,0,0,"[0, 255, 0, 100]","[97, 255, 97]"
5795,8421403ffffffff,48,0,0,"[0, 255, 0, 100]","[97, 255, 97]"
5796,8421405ffffffff,94,0,0,"[0, 255, 0, 100]","[97, 255, 97]"
5797,8421451ffffffff,131,0,0,"[0, 255, 0, 100]","[97, 255, 97]"
5798,842145bffffffff,106,0,0,"[0, 255, 0, 100]","[97, 255, 97]"
5799,842145dffffffff,4,0,0,"[0, 255, 0, 100]","[97, 255, 97]"
5800,8421461ffffffff,2,0,0,"[0, 255, 0, 100]","[97, 255, 97]"
5801,8421463ffffffff,182,0,0,"[0, 255, 0, 100]","[97, 255, 97]"
5802,8421465ffffffff,78,0,0,"[0, 255, 0, 100]","[97, 255, 97]"
5803,8421483ffffffff,87,0,0,"[0, 255, 0, 100]","[97, 255, 97]"
5804,8421489ffffffff,55,0,0,"[0, 255, 0, 100]","[97, 255, 97]"
5805,842148bffffffff,60,0,0,"[0, 255, 0, 100]","[97, 255, 97]"
5806,842148dffffffff,17,0,0,"[0, 255, 0, 100]","[97, 255, 97]"
5807,8421499ffffffff,41,0,0,"[0, 255, 0, 100]","[97, 255, 97]"
5808,842149dffffffff,32,0,0,"[0, 255, 0, 100]","[97, 255, 97]"
5809,84214d7ffffffff,25,0,0,"[0, 255, 0, 100]","[97, 255, 97]"
5810,84214ebffffffff,4,0,0,"[0, 255, 0, 100]","[97, 255, 97]"
5811,8421511ffffffff,26,0,0,"[0, 255, 0, 100]","[97, 255, 97]"
5812,8421521ffffffff,89,0,0,"[0, 255, 0, 100]","[97, 255, 97]"
5813,8421525ffffffff,145,0,0,"[0, 255, 0, 100]","[97, 255, 97]"
5814,8421529ffffffff,14,0,0,"[0, 255, 0, 100]","[97, 255, 97]"
5815,842152bffffffff,104,0,0,"[0, 255, 0, 100]","[97, 255, 97]"
5816,8421531ffffffff,84,0,0,"[0, 255, 0, 100]","[97, 255, 97]"
5817,8421535ffffffff,90,0,0,"[0, 255, 0, 100]","[97, 255, 97]"
5818,8421537ffffffff,70,0,0,"[0, 255, 0, 100]","[97, 255, 97]"
5819,8421539ffffffff,257,0,0,"[0, 255, 0, 100]","[97, 255, 97]"
5820,842153dffffffff,61,0,0,"[0, 255, 0, 100]","[97, 255, 97]"
5821,8421547ffffffff,58,0,0,"[0, 255, 0, 100]","[97, 255, 97]"
5822,84215e5ffffffff,4,0,0,"[0, 255, 0, 100]","[97, 255, 97]"
5823,8421601ffffffff,4,0,0,"[0, 255, 0, 100]","[97, 255, 97]"
5824,8421605ffffffff,34,0,0,"[0, 255, 0, 100]","[97, 255, 97]"
5825,8421609ffffffff,20,0,0,"[0, 255, 0, 100]","[97, 255, 97]"
5826,8421629ffffffff,14,0,0,"[0, 255, 0, 100]","[97, 255, 97]"
5827,842162bffffffff,32,0,0,"[0, 255, 0, 100]","[97, 255, 97]"
5828,8421631ffffffff,21,0,0,"[0, 255, 0, 100]","[97, 255, 97]"
5829,8421633ffffffff,156,0,0,"[0, 255, 0, 100]","[97, 255, 97]"
5830,8421635ffffffff,27,0,0,"[0, 255, 0, 100]","[97, 255, 97]"
5831,8421637ffffffff,151,0,0,"[0, 255, 0, 100]","[97, 255, 97]"
5832,842163bffffffff,10,0,0,"[0, 255, 0, 100]","[97, 255, 97]"
5833,8421647ffffffff,60,0,0,"[0, 255, 0, 100]","[97, 255, 97]"
5834,8421661ffffffff,148,0,0,"[0, 255, 0, 100]","[97, 255, 97]"
5835,8421663ffffffff,81,0,0,"[0, 255, 0, 100]","[97, 255, 97]"
5836,842166dffffffff,19,0,0,"[0, 255, 0, 100]","[97, 255, 97]"
5837,8421689ffffffff,76,0,0,"[0, 255, 0, 100]","[97, 255, 97]"
5838,8421699ffffffff,24,0,0,"[0, 255, 0, 100]","[97, 255, 97]"
5839,842169bffffffff,171,0,0,"[0, 255, 0, 100]","[97, 255, 97]"
5840,84216a1ffffffff,160,0,0,"[0, 255, 0, 100]","[97, 255, 97]"
5841,84216a3ffffffff,4,0,0,"[0, 255, 0, 100]","[97, 255, 97]"
5842,84216a7ffffffff,13,0,0,"[0, 255, 0, 100]","[97, 255, 97]"
5843,84216a9ffffffff,39,0,0,"[0, 255, 0, 100]","[97, 255, 97]"
5844,84216abffffffff,15,0,0,"[0, 255, 0, 100]","[97, 255, 97]"
5845,84216adffffffff,107,0,0,"[0, 255, 0, 100]","[97, 255, 97]"
5846,84216b1ffffffff,1,0,0,"[0, 255, 0, 100]","[97, 255, 97]"
5847,84216bdffffffff,101,0,0,"[0, 255, 0, 100]","[97, 255, 97]"
5848,84216c1ffffffff,69,0,0,"[0, 255, 0, 100]","[97, 255, 97]"
5849,84216c7ffffffff,96,0,0,"[0, 255, 0, 100]","[97, 255, 97]"
5850,84216c9ffffffff,28,0,0,"[0, 255, 0, 100]","[97, 255, 97]"
5851,84216cbffffffff,36,0,0,"[0, 255, 0, 100]","[97, 255, 97]"
5852,84216cdffffffff,3,0,0,"[0, 255, 0, 100]","[97, 255, 97]"
5853,84216d9ffffffff,8,0,0,"[0, 255, 0, 100]","[97, 255, 97]"
5854,84216dbffffffff,88,0,0,"[0, 255, 0, 100]","[97, 255, 97]"
5855,84216ddffffffff,52,0,0,"[0, 255, 0, 100]","[97, 255, 97]"
5856,84216e5ffffffff,71,0,0,"[0, 255, 0, 100]","[97, 255, 97]"
5857,84216e7ffffffff,138,0,0,"[0, 255, 0, 100]","[97, 255, 97]"
5858,842175dffffffff,20,0,0,"[0, 255, 0, 100]","[97, 255, 97]"
5859,8421805ffffffff,3,0,0,"[0, 255, 0, 100]","[97, 255, 97]"
5860,8421807ffffffff,10,0,0,"[0, 255, 0, 100]","[97, 255, 97]"
5861,842180dffffffff,10,0,0,"[0, 255, 0, 100]","[97, 255, 97]"
5862,8421811ffffffff,5,0,0,"[0, 255, 0, 100]","[97, 255, 97]"
5863,8421815ffffffff,99,0,0,"[0, 255, 0, 100]","[97, 255, 97]"
5864,8421817ffffffff,207,0,0,"[0, 255, 0, 100]","[97, 255, 97]"
5865,8421819ffffffff,4,0,0,"[0, 255, 0, 100]","[97, 255, 97]"
5866,8421831ffffffff,18,0,0,"[0, 255, 0, 100]","[97, 255, 97]"
5867,8421839ffffffff,18,0,0,"[0, 255, 0, 100]","[97, 255, 97]"
5868,842183bffffffff,7,0,0,"[0, 255, 0, 100]","[97, 255, 97]"
5869,842183dffffffff,12,0,0,"[0, 255, 0, 100]","[97, 255, 97]"
5870,8421869ffffffff,6,0,0,"[0, 255, 0, 100]","[97, 255, 97]"
5871,842186bffffffff,19,0,0,"[0, 255, 0, 100]","[97, 255, 97]"
5872,8421881ffffffff,6,0,0,"[0, 255, 0, 100]","[97, 255, 97]"
5873,8421885ffffffff,1,0,0,"[0, 255, 0, 100]","[97, 255, 97]"
5874,8421889ffffffff,40,0,0,"[0, 255, 0, 100]","[97, 255, 97]"
5875,842188dffffffff,50,0,0,"[0, 255, 0, 100]","[97, 255, 97]"
5876,8421891ffffffff,144,0,0,"[0, 255, 0, 100]","[97, 255, 97]"
5877,8421893ffffffff,167,0,0,"[0, 255, 0, 100]","[97, 255, 97]"
5878,8421897ffffffff,32,0,0,"[0, 255, 0, 100]","[97, 255, 97]"
5879,842189bffffffff,2,0,0,"[0, 255, 0, 100]","[97, 255, 97]"
5880,842189dffffffff,8,0,0,"[0, 255, 0, 100]","[97, 255, 97]"
5881,84218a1ffffffff,14,0,0,"[0, 255, 0, 100]","[97, 255, 97]"
5882,84218a3ffffffff,40,0,0,"[0, 255, 0, 100]","[97, 255, 97]"
5883,84218a5ffffffff,35,0,0,"[0, 255, 0, 100]","[97, 255, 97]"
5884,84218a7ffffffff,2,0,0,"[0, 255, 0, 100]","[97, 255, 97]"
5885,84218a9ffffffff,41,0,0,"[0, 255, 0, 100]","[97, 255, 97]"
5886,84218abffffffff,8,0,0,"[0, 255, 0, 100]","[97, 255, 97]"
5887,84218adffffffff,47,0,0,"[0, 255, 0, 100]","[97, 255, 97]"
5888,84218b1ffffffff,59,0,0,"[0, 255, 0, 100]","[97, 255, 97]"
5889,84218b3ffffffff,80,0,0,"[0, 255, 0, 100]","[97, 255, 97]"
5890,84218b5ffffffff,76,0,0,"[0, 255, 0, 100]","[97, 255, 97]"
5891,84218bbffffffff,20,0,0,"[0, 255, 0, 100]","[97, 255, 97]"
5892,84218bdffffffff,57,0,0,"[0, 255, 0, 100]","[97, 255, 97]"
5893,84218c5ffffffff,2,0,0,"[0, 255, 0, 100]","[97, 255, 97]"
5894,84218c7ffffffff,8,0,0,"[0, 255, 0, 100]","[97, 255, 97]"
5895,84218e1ffffffff,32,0,0,"[0, 255, 0, 100]","[97, 255, 97]"
5896,84218e3ffffffff,99,0,0,"[0, 255, 0, 100]","[97, 255, 97]"
5897,84218e7ffffffff,4,0,0,"[0, 255, 0, 100]","[97, 255, 97]"
5898,84218e9ffffffff,34,0,0,"[0, 255, 0, 100]","[97, 255, 97]"
5899,84218ebffffffff,77,0,0,"[0, 255, 0, 100]","[97, 255, 97]"
5900,84218edffffffff,26,0,0,"[0, 255, 0, 100]","[97, 255, 97]"
5901,8421919ffffffff,14,0,0,"[0, 255, 0, 100]","[97, 255, 97]"
5902,842194bffffffff,2,0,0,"[0, 255, 0, 100]","[97, 255, 97]"
5903,8421951ffffffff,40,0,0,"[0, 255, 0, 100]","[97, 255, 97]"
5904,8421957ffffffff,44,0,0,"[0, 255, 0, 100]","[97, 255, 97]"
5905,842195dffffffff,23,0,0,"[0, 255, 0, 100]","[97, 255, 97]"
5906,8421981ffffffff,1,0,0,"[0, 255, 0, 100]","[97, 255, 97]"
5907,8421983ffffffff,63,0,0,"[0, 255, 0, 100]","[97, 255, 97]"
5908,8421987ffffffff,35,0,0,"[0, 255, 0, 100]","[97, 255, 97]"
5909,842198dffffffff,23,0,0,"[0, 255, 0, 100]","[97, 255, 97]"
5910,8421991ffffffff,16,0,0,"[0, 255, 0, 100]","[97, 255, 97]"
5911,8421995ffffffff,57,0,0,"[0, 255, 0, 100]","[97, 255, 97]"
5912,8421997ffffffff,8,0,0,"[0, 255, 0, 100]","[97, 255, 97]"
5913,842199dffffffff,16,0,0,"[0, 255, 0, 100]","[97, 255, 97]"
5914,84219a3ffffffff,32,0,0,"[0, 255, 0, 100]","[97, 255, 97]"
5915,84219adffffffff,2,0,0,"[0, 255, 0, 100]","[97, 255, 97]"
5916,84219b5ffffffff,4,0,0,"[0, 255, 0, 100]","[97, 255, 97]"
5917,84219b9ffffffff,28,0,0,"[0, 255, 0, 100]","[97, 255, 97]"
5918,84219bbffffffff,15,0,0,"[0, 255, 0, 100]","[97, 255, 97]"
5919,84219c7ffffffff,1,0,0,"[0, 255, 0, 100]","[97, 255, 97]"
5920,84219d3ffffffff,3,0,0,"[0, 255, 0, 100]","[97, 255, 97]"
5921,84219e3ffffffff,2,0,0,"[0, 255, 0, 100]","[97, 255, 97]"
5922,84219e5ffffffff,30,0,0,"[0, 255, 0, 100]","[97, 255, 97]"
5923,84219e7ffffffff,16,0,0,"[0, 255, 0, 100]","[97, 255, 97]"
5924,8421a59ffffffff,8,0,0,"[0, 255, 0, 100]","[97, 255, 97]"
5925,8421a83ffffffff,83,0,0,"[0, 255, 0, 100]","[97, 255, 97]"
5926,8421a89ffffffff,12,0,0,"[0, 255, 0, 100]","[97, 255, 97]"
5927,8421a8bffffffff,19,0,0,"[0, 255, 0, 100]","[97, 255, 97]"
5928,8421a95ffffffff,117,0,0,"[0, 255, 0, 100]","[97, 255, 97]"
5929,8421aa1ffffffff,15,0,0,"[0, 255, 0, 100]","[97, 255, 97]"
5930,8421aa9ffffffff,2,0,0,"[0, 255, 0, 100]","[97, 255, 97]"
5931,8421ab1ffffffff,8,0,0,"[0, 255, 0, 100]","[97, 255, 97]"
5932,8421ab3ffffffff,49,0,0,"[0, 255, 0, 100]","[97, 255, 97]"
5933,8421abbffffffff,123,0,0,"[0, 255, 0, 100]","[97, 255, 97]"
5934,8421ac1ffffffff,83,0,0,"[0, 255, 0, 100]","[97, 255, 97]"
5935,8421ac3ffffffff,65,0,0,"[0, 255, 0, 100]","[97, 255, 97]"
5936,8421acbffffffff,114,0,0,"[0, 255, 0, 100]","[97, 255, 97]"
5937,8421ad5ffffffff,122,0,0,"[0, 255, 0, 100]","[97, 255, 97]"
5938,8421ad7ffffffff,36,0,0,"[0, 255, 0, 100]","[97, 255, 97]"
5939,8421addffffffff,112,0,0,"[0, 255, 0, 100]","[97, 255, 97]"
5940,8421b01ffffffff,37,0,0,"[0, 255, 0, 100]","[97, 255, 97]"
5941,8421b03ffffffff,20,0,0,"[0, 255, 0, 100]","[97, 255, 97]"
5942,8421b09ffffffff,6,0,0,"[0, 255, 0, 100]","[97, 255, 97]"
5943,8421b0dffffffff,5,0,0,"[0, 255, 0, 100]","[97, 255, 97]"
5944,8421b15ffffffff,45,0,0,"[0, 255, 0, 100]","[97, 255, 97]"
5945,8421b17ffffffff,50,0,0,"[0, 255, 0, 100]","[97, 255, 97]"
5946,8421b39ffffffff,1,0,0,"[0, 255, 0, 100]","[97, 255, 97]"
5947,8421b47ffffffff,36,0,0,"[0, 255, 0, 100]","[97, 255, 97]"
5948,8421b65ffffffff,20,0,0,"[0, 255, 0, 100]","[97, 255, 97]"
5949,842200dffffffff,60,0,0,"[0, 255, 0, 100]","[97, 255, 97]"
5950,8422027ffffffff,60,0,0,"[0, 255, 0, 100]","[97, 255, 97]"
5951,842203dffffffff,2,0,0,"[0, 255, 0, 100]","[97, 255, 97]"
5952,8422061ffffffff,43,0,0,"[0, 255, 0, 100]","[97, 255, 97]"
5953,8422065ffffffff,137,0,0,"[0, 255, 0, 100]","[97, 255, 97]"
5954,842206bffffffff,118,0,0,"[0, 255, 0, 100]","[97, 255, 97]"
5955,8422089ffffffff,70,0,0,"[0, 255, 0, 100]","[97, 255, 97]"
5956,8422091ffffffff,30,0,0,"[0, 255, 0, 100]","[97, 255, 97]"
5957,842209bffffffff,135,0,0,"[0, 255, 0, 100]","[97, 255, 97]"
5958,84220b3ffffffff,1,0,0,"[0, 255, 0, 100]","[97, 255, 97]"
5959,84220b5ffffffff,39,0,0,"[0, 255, 0, 100]","[97, 255, 97]"
5960,84220b7ffffffff,22,0,0,"[0, 255, 0, 100]","[97, 255, 97]"
5961,84220c7ffffffff,15,0,0,"[0, 255, 0, 100]","[97, 255, 97]"
5962,84220d1ffffffff,42,0,0,"[0, 255, 0, 100]","[97, 255, 97]"
5963,84220d3ffffffff,46,0,0,"[0, 255, 0, 100]","[97, 255, 97]"
5964,84220d5ffffffff,42,0,0,"[0, 255, 0, 100]","[97, 255, 97]"
5965,84220ebffffffff,1,0,0,"[0, 255, 0, 100]","[97, 255, 97]"
5966,8422101ffffffff,6,0,0,"[0, 255, 0, 100]","[97, 255, 97]"
5967,8422103ffffffff,26,0,0,"[0, 255, 0, 100]","[97, 255, 97]"
5968,8422111ffffffff,41,0,0,"[0, 255, 0, 100]","[97, 255, 97]"
5969,842211bffffffff,92,0,0,"[0, 255, 0, 100]","[97, 255, 97]"
5970,842211dffffffff,121,0,0,"[0, 255, 0, 100]","[97, 255, 97]"
5971,8422127ffffffff,27,0,0,"[0, 255, 0, 100]","[97, 255, 97]"
5972,8422133ffffffff,172,0,0,"[0, 255, 0, 100]","[97, 255, 97]"
5973,8422157ffffffff,2,0,0,"[0, 255, 0, 100]","[97, 255, 97]"
5974,8422159ffffffff,109,0,0,"[0, 255, 0, 100]","[97, 255, 97]"
5975,8422189ffffffff,5,0,0,"[0, 255, 0, 100]","[97, 255, 97]"
5976,842218bffffffff,108,0,0,"[0, 255, 0, 100]","[97, 255, 97]"
5977,842218dffffffff,217,0,0,"[0, 255, 0, 100]","[97, 255, 97]"
5978,84221a1ffffffff,2,0,0,"[0, 255, 0, 100]","[97, 255, 97]"
5979,84221a3ffffffff,2,0,0,"[0, 255, 0, 100]","[97, 255, 97]"
5980,84221a9ffffffff,36,0,0,"[0, 255, 0, 100]","[97, 255, 97]"
5981,84221adffffffff,401,0,0,"[0, 255, 0, 100]","[97, 255, 97]"
5982,84221bdffffffff,1,0,0,"[0, 255, 0, 100]","[97, 255, 97]"
5983,84221d7ffffffff,1,0,0,"[0, 255, 0, 100]","[97, 255, 97]"
5984,84221e1ffffffff,171,0,0,"[0, 255, 0, 100]","[97, 255, 97]"
5985,84221e3ffffffff,155,0,0,"[0, 255, 0, 100]","[97, 255, 97]"
5986,84221e5ffffffff,44,0,0,"[0, 255, 0, 100]","[97, 255, 97]"
5987,84221e7ffffffff,40,0,0,"[0, 255, 0, 100]","[97, 255, 97]"
5988,84221ebffffffff,109,0,0,"[0, 255, 0, 100]","[97, 255, 97]"
5989,84221edffffffff,153,0,0,"[0, 255, 0, 100]","[97, 255, 97]"
5990,8422225ffffffff,82,0,0,"[0, 255, 0, 100]","[97, 255, 97]"
5991,8422253ffffffff,31,0,0,"[0, 255, 0, 100]","[97, 255, 97]"
5992,8422257ffffffff,7,0,0,"[0, 255, 0, 100]","[97, 255, 97]"
5993,8422319ffffffff,74,0,0,"[0, 255, 0, 100]","[97, 255, 97]"
5994,8422327ffffffff,7,0,0,"[0, 255, 0, 100]","[97, 255, 97]"
5995,8422337ffffffff,2,0,0,"[0, 255, 0, 100]","[97, 255, 97]"
5996,8422409ffffffff,152,0,0,"[0, 255, 0, 100]","[97, 255, 97]"
5997,8422447ffffffff,87,0,0,"[0, 255, 0, 100]","[97, 255, 97]"
5998,8422451ffffffff,132,0,0,"[0, 255, 0, 100]","[97, 255, 97]"
5999,8422453ffffffff,99,0,0,"[0, 255, 0, 100]","[97, 255, 97]"
6000,8422455ffffffff,169,0,0,"[0, 255, 0, 100]","[97, 255, 97]"
6001,8422461ffffffff,128,0,0,"[0, 255, 0, 100]","[97, 255, 97]"
6002,842246bffffffff,159,0,0,"[0, 255, 0, 100]","[97, 255, 97]"
6003,842246dffffffff,267,0,0,"[0, 255, 0, 100]","[97, 255, 97]"
6004,84224bbffffffff,7,0,0,"[0, 255, 0, 100]","[97, 255, 97]"
6005,8422527ffffffff,34,0,0,"[0, 255, 0, 100]","[97, 255, 97]"
6006,8422547ffffffff,5,0,0,"[0, 255, 0, 100]","[97, 255, 97]"
6007,8422549ffffffff,96,0,0,"[0, 255, 0, 100]","[97, 255, 97]"
6008,842254dffffffff,122,0,0,"[0, 255, 0, 100]","[97, 255, 97]"
6009,8422551ffffffff,27,0,0,"[0, 255, 0, 100]","[97, 255, 97]"
6010,8422555ffffffff,25,0,0,"[0, 255, 0, 100]","[97, 255, 97]"
6011,8422561ffffffff,177,0,0,"[0, 255, 0, 100]","[97, 255, 97]"
6012,8422565ffffffff,1,0,0,"[0, 255, 0, 100]","[97, 255, 97]"
6013,842256bffffffff,36,0,0,"[0, 255, 0, 100]","[97, 255, 97]"
6014,842256dffffffff,12,0,0,"[0, 255, 0, 100]","[97, 255, 97]"
6015,8422597ffffffff,103,0,0,"[0, 255, 0, 100]","[97, 255, 97]"
6016,84225a1ffffffff,11,0,0,"[0, 255, 0, 100]","[97, 255, 97]"
6017,84225a3ffffffff,28,0,0,"[0, 255, 0, 100]","[97, 255, 97]"
6018,84225a5ffffffff,64,0,0,"[0, 255, 0, 100]","[97, 255, 97]"
6019,84225a7ffffffff,299,0,0,"[0, 255, 0, 100]","[97, 255, 97]"
6020,84225adffffffff,20,0,0,"[0, 255, 0, 100]","[97, 255, 97]"
6021,84225b1ffffffff,156,0,0,"[0, 255, 0, 100]","[97, 255, 97]"
6022,84225b3ffffffff,35,0,0,"[0, 255, 0, 100]","[97, 255, 97]"
6023,84225b5ffffffff,148,0,0,"[0, 255, 0, 100]","[97, 255, 97]"
6024,84225b9ffffffff,15,0,0,"[0, 255, 0, 100]","[97, 255, 97]"
6025,84225bbffffffff,151,0,0,"[0, 255, 0, 100]","[97, 255, 97]"
6026,8422687ffffffff,18,0,0,"[0, 255, 0, 100]","[97, 255, 97]"
6027,8422689ffffffff,79,0,0,"[0, 255, 0, 100]","[97, 255, 97]"
6028,84226a9ffffffff,26,0,0,"[0, 255, 0, 100]","[97, 255, 97]"
6029,84226abffffffff,65,0,0,"[0, 255, 0, 100]","[97, 255, 97]"
6030,84226adffffffff,1,0,0,"[0, 255, 0, 100]","[97, 255, 97]"
6031,84226c7ffffffff,165,0,0,"[0, 255, 0, 100]","[97, 255, 97]"
6032,84226e1ffffffff,182,0,0,"[0, 255, 0, 100]","[97, 255, 97]"
6033,84226ebffffffff,178,0,0,"[0, 255, 0, 100]","[97, 255, 97]"
6034,84226edffffffff,16,0,0,"[0, 255, 0, 100]","[97, 255, 97]"
6035,8422703ffffffff,11,0,0,"[0, 255, 0, 100]","[97, 255, 97]"
6036,8422707ffffffff,244,0,0,"[0, 255, 0, 100]","[97, 255, 97]"
6037,842270dffffffff,12,0,0,"[0, 255, 0, 100]","[97, 255, 97]"
6038,8422711ffffffff,88,0,0,"[0, 255, 0, 100]","[97, 255, 97]"
6039,8422715ffffffff,111,0,0,"[0, 255, 0, 100]","[97, 255, 97]"
6040,842272bffffffff,30,0,0,"[0, 255, 0, 100]","[97, 255, 97]"
6041,8422733ffffffff,134,0,0,"[0, 255, 0, 100]","[97, 255, 97]"
6042,8422735ffffffff,319,0,0,"[0, 255, 0, 100]","[97, 255, 97]"
6043,8422737ffffffff,88,0,0,"[0, 255, 0, 100]","[97, 255, 97]"
6044,8422749ffffffff,54,0,0,"[0, 255, 0, 100]","[97, 255, 97]"
6045,842274dffffffff,7,0,0,"[0, 255, 0, 100]","[97, 255, 97]"
6046,8422757ffffffff,26,0,0,"[0, 255, 0, 100]","[97, 255, 97]"
6047,8422763ffffffff,12,0,0,"[0, 255, 0, 100]","[97, 255, 97]"
6048,8422809ffffffff,70,0,0,"[0, 255, 0, 100]","[97, 255, 97]"
6049,8422813ffffffff,26,0,0,"[0, 255, 0, 100]","[97, 255, 97]"
6050,8422815ffffffff,129,0,0,"[0, 255, 0, 100]","[97, 255, 97]"
6051,8422817ffffffff,79,0,0,"[0, 255, 0, 100]","[97, 255, 97]"
6052,8422827ffffffff,121,0,0,"[0, 255, 0, 100]","[97, 255, 97]"
6053,8422839ffffffff,46,0,0,"[0, 255, 0, 100]","[97, 255, 97]"
6054,8422855ffffffff,19,0,0,"[0, 255, 0, 100]","[97, 255, 97]"
6055,8422887ffffffff,79,0,0,"[0, 255, 0, 100]","[97, 255, 97]"
6056,8422891ffffffff,138,0,0,"[0, 255, 0, 100]","[97, 255, 97]"
6057,8422895ffffffff,204,0,0,"[0, 255, 0, 100]","[97, 255, 97]"
6058,84228a1ffffffff,2,0,0,"[0, 255, 0, 100]","[97, 255, 97]"
6059,84228b9ffffffff,146,0,0,"[0, 255, 0, 100]","[97, 255, 97]"
6060,84228bdffffffff,5,0,0,"[0, 255, 0, 100]","[97, 255, 97]"
6061,8422903ffffffff,163,0,0,"[0, 255, 0, 100]","[97, 255, 97]"
6062,8422907ffffffff,3,0,0,"[0, 255, 0, 100]","[97, 255, 97]"
6063,8422911ffffffff,111,0,0,"[0, 255, 0, 100]","[97, 255, 97]"
6064,8422913ffffffff,107,0,0,"[0, 255, 0, 100]","[97, 255, 97]"
6065,8422915ffffffff,162,0,0,"[0, 255, 0, 100]","[97, 255, 97]"
6066,8422919ffffffff,53,0,0,"[0, 255, 0, 100]","[97, 255, 97]"
6067,842291bffffffff,110,0,0,"[0, 255, 0, 100]","[97, 255, 97]"
6068,8422941ffffffff,50,0,0,"[0, 255, 0, 100]","[97, 255, 97]"
6069,8422945ffffffff,131,0,0,"[0, 255, 0, 100]","[97, 255, 97]"
6070,8422949ffffffff,183,0,0,"[0, 255, 0, 100]","[97, 255, 97]"
6071,842294bffffffff,51,0,0,"[0, 255, 0, 100]","[97, 255, 97]"
6072,842294dffffffff,256,0,0,"[0, 255, 0, 100]","[97, 255, 97]"
6073,8422969ffffffff,185,0,0,"[0, 255, 0, 100]","[97, 255, 97]"
6074,842296dffffffff,112,0,0,"[0, 255, 0, 100]","[97, 255, 97]"
6075,84229b1ffffffff,152,0,0,"[0, 255, 0, 100]","[97, 255, 97]"
6076,84229b5ffffffff,206,0,0,"[0, 255, 0, 100]","[97, 255, 97]"
6077,84229bbffffffff,86,0,0,"[0, 255, 0, 100]","[97, 255, 97]"
6078,84229c9ffffffff,248,0,0,"[0, 255, 0, 100]","[97, 255, 97]"
6079,84229cbffffffff,58,0,0,"[0, 255, 0, 100]","[97, 255, 97]"
6080,84229cdffffffff,43,0,0,"[0, 255, 0, 100]","[97, 255, 97]"
6081,8422a03ffffffff,1,0,0,"[0, 255, 0, 100]","[97, 255, 97]"
6082,8422a11ffffffff,206,0,0,"[0, 255, 0, 100]","[97, 255, 97]"
6083,8422a15ffffffff,4,0,0,"[0, 255, 0, 100]","[97, 255, 97]"
6084,8422a1bffffffff,170,0,0,"[0, 255, 0, 100]","[97, 255, 97]"
6085,8422a1dffffffff,51,0,0,"[0, 255, 0, 100]","[97, 255, 97]"
6086,8422a33ffffffff,212,0,0,"[0, 255, 0, 100]","[97, 255, 97]"
6087,8422a37ffffffff,43,0,0,"[0, 255, 0, 100]","[97, 255, 97]"
6088,8422a81ffffffff,33,0,0,"[0, 255, 0, 100]","[97, 255, 97]"
6089,8422a89ffffffff,135,0,0,"[0, 255, 0, 100]","[97, 255, 97]"
6090,8422a8dffffffff,153,0,0,"[0, 255, 0, 100]","[97, 255, 97]"
6091,8422aadffffffff,18,0,0,"[0, 255, 0, 100]","[97, 255, 97]"
6092,8422ab1ffffffff,44,0,0,"[0, 255, 0, 100]","[97, 255, 97]"
6093,8422abbffffffff,37,0,0,"[0, 255, 0, 100]","[97, 255, 97]"
6094,8422abdffffffff,32,0,0,"[0, 255, 0, 100]","[97, 255, 97]"
6095,8422ac3ffffffff,2,0,0,"[0, 255, 0, 100]","[97, 255, 97]"
6096,8422ac5ffffffff,163,0,0,"[0, 255, 0, 100]","[97, 255, 97]"
6097,8422ac7ffffffff,114,0,0,"[0, 255, 0, 100]","[97, 255, 97]"
6098,8422ac9ffffffff,27,0,0,"[0, 255, 0, 100]","[97, 255, 97]"
6099,8422acdffffffff,98,0,0,"[0, 255, 0, 100]","[97, 255, 97]"
6100,8422ad1ffffffff,353,0,0,"[0, 255, 0, 100]","[97, 255, 97]"
6101,8422ad3ffffffff,310,0,0,"[0, 255, 0, 100]","[97, 255, 97]"
6102,8422ad5ffffffff,137,0,0,"[0, 255, 0, 100]","[97, 255, 97]"
6103,8422ad9ffffffff,70,0,0,"[0, 255, 0, 100]","[97, 255, 97]"
6104,8422adbffffffff,69,0,0,"[0, 255, 0, 100]","[97, 255, 97]"
6105,8422ae3ffffffff,90,0,0,"[0, 255, 0, 100]","[97, 255, 97]"
6106,8422ae9ffffffff,369,0,0,"[0, 255, 0, 100]","[97, 255, 97]"
6107,8422aebffffffff,59,0,0,"[0, 255, 0, 100]","[97, 255, 97]"
6108,8422aedffffffff,287,0,0,"[0, 255, 0, 100]","[97, 255, 97]"
6109,8422b15ffffffff,3,0,0,"[0, 255, 0, 100]","[97, 255, 97]"
6110,8422b21ffffffff,51,0,0,"[0, 255, 0, 100]","[97, 255, 97]"
6111,8422b23ffffffff,6,0,0,"[0, 255, 0, 100]","[97, 255, 97]"
6112,8422b25ffffffff,43,0,0,"[0, 255, 0, 100]","[97, 255, 97]"
6113,8422b33ffffffff,49,0,0,"[0, 255, 0, 100]","[97, 255, 97]"
6114,8422b35ffffffff,45,0,0,"[0, 255, 0, 100]","[97, 255, 97]"
6115,8422b37ffffffff,151,0,0,"[0, 255, 0, 100]","[97, 255, 97]"
6116,8422b39ffffffff,93,0,0,"[0, 255, 0, 100]","[97, 255, 97]"
6117,8422b3dffffffff,88,0,0,"[0, 255, 0, 100]","[97, 255, 97]"
6118,8422c01ffffffff,2,0,0,"[0, 255, 0, 100]","[97, 255, 97]"
6119,8422c0bffffffff,96,0,0,"[0, 255, 0, 100]","[97, 255, 97]"
6120,8422c0dffffffff,106,0,0,"[0, 255, 0, 100]","[97, 255, 97]"
6121,8422c17ffffffff,126,0,0,"[0, 255, 0, 100]","[97, 255, 97]"
6122,8422c19ffffffff,41,0,0,"[0, 255, 0, 100]","[97, 255, 97]"
6123,8422c23ffffffff,7,0,0,"[0, 255, 0, 100]","[97, 255, 97]"
6124,8422c27ffffffff,74,0,0,"[0, 255, 0, 100]","[97, 255, 97]"
6125,8422c31ffffffff,1,0,0,"[0, 255, 0, 100]","[97, 255, 97]"
6126,8422c39ffffffff,33,0,0,"[0, 255, 0, 100]","[97, 255, 97]"
6127,8422c3bffffffff,78,0,0,"[0, 255, 0, 100]","[97, 255, 97]"
6128,8422c3dffffffff,6,0,0,"[0, 255, 0, 100]","[97, 255, 97]"
6129,8422c63ffffffff,48,0,0,"[0, 255, 0, 100]","[97, 255, 97]"
6130,8422c65ffffffff,146,0,0,"[0, 255, 0, 100]","[97, 255, 97]"
6131,8422c67ffffffff,38,0,0,"[0, 255, 0, 100]","[97, 255, 97]"
6132,8422c81ffffffff,2,0,0,"[0, 255, 0, 100]","[97, 255, 97]"
6133,8422c85ffffffff,171,0,0,"[0, 255, 0, 100]","[97, 255, 97]"
6134,8422c87ffffffff,35,0,0,"[0, 255, 0, 100]","[97, 255, 97]"
6135,8422ca9ffffffff,188,0,0,"[0, 255, 0, 100]","[97, 255, 97]"
6136,8422cadffffffff,45,0,0,"[0, 255, 0, 100]","[97, 255, 97]"
6137,8422cb1ffffffff,129,0,0,"[0, 255, 0, 100]","[97, 255, 97]"
6138,8422cb5ffffffff,148,0,0,"[0, 255, 0, 100]","[97, 255, 97]"
6139,8422cb7ffffffff,44,0,0,"[0, 255, 0, 100]","[97, 255, 97]"
6140,8422cbbffffffff,12,0,0,"[0, 255, 0, 100]","[97, 255, 97]"
6141,8422cc1ffffffff,99,0,0,"[0, 255, 0, 100]","[97, 255, 97]"
6142,8422cc3ffffffff,6,0,0,"[0, 255, 0, 100]","[97, 255, 97]"
6143,8422cc5ffffffff,61,0,0,"[0, 255, 0, 100]","[97, 255, 97]"
6144,8422ccbffffffff,121,0,0,"[0, 255, 0, 100]","[97, 255, 97]"
6145,8422cd9ffffffff,113,0,0,"[0, 255, 0, 100]","[97, 255, 97]"
6146,8422ce7ffffffff,6,0,0,"[0, 255, 0, 100]","[97, 255, 97]"
6147,8422d01ffffffff,197,0,0,"[0, 255, 0, 100]","[97, 255, 97]"
6148,8422d05ffffffff,279,0,0,"[0, 255, 0, 100]","[97, 255, 97]"
6149,8422d07ffffffff,52,0,0,"[0, 255, 0, 100]","[97, 255, 97]"
6150,8422d0bffffffff,108,0,0,"[0, 255, 0, 100]","[97, 255, 97]"
6151,8422d19ffffffff,4,0,0,"[0, 255, 0, 100]","[97, 255, 97]"
6152,8422d1bffffffff,59,0,0,"[0, 255, 0, 100]","[97, 255, 97]"
6153,8422d1dffffffff,2,0,0,"[0, 255, 0, 100]","[97, 255, 97]"
6154,8422d21ffffffff,10,0,0,"[0, 255, 0, 100]","[97, 255, 97]"
6155,8422d2bffffffff,142,0,0,"[0, 255, 0, 100]","[97, 255, 97]"
6156,8422d2dffffffff,9,0,0,"[0, 255, 0, 100]","[97, 255, 97]"
6157,8422d45ffffffff,56,0,0,"[0, 255, 0, 100]","[97, 255, 97]"
6158,8422d59ffffffff,25,0,0,"[0, 255, 0, 100]","[97, 255, 97]"
6159,8422d63ffffffff,5,0,0,"[0, 255, 0, 100]","[97, 255, 97]"
6160,8422e09ffffffff,26,0,0,"[0, 255, 0, 100]","[97, 255, 97]"
6161,8422e0bffffffff,148,0,0,"[0, 255, 0, 100]","[97, 255, 97]"
6162,8422e19ffffffff,96,0,0,"[0, 255, 0, 100]","[97, 255, 97]"
6163,8422e1bffffffff,104,0,0,"[0, 255, 0, 100]","[97, 255, 97]"
6164,8422e49ffffffff,99,0,0,"[0, 255, 0, 100]","[97, 255, 97]"
6165,8422e4bffffffff,34,0,0,"[0, 255, 0, 100]","[97, 255, 97]"
6166,8422e4dffffffff,13,0,0,"[0, 255, 0, 100]","[97, 255, 97]"
6167,8422e57ffffffff,29,0,0,"[0, 255, 0, 100]","[97, 255, 97]"
6168,8422e93ffffffff,230,0,0,"[0, 255, 0, 100]","[97, 255, 97]"
6169,8422e95ffffffff,53,0,0,"[0, 255, 0, 100]","[97, 255, 97]"
6170,8422e97ffffffff,200,0,0,"[0, 255, 0, 100]","[97, 255, 97]"
6171,8422e99ffffffff,2,0,0,"[0, 255, 0, 100]","[97, 255, 97]"
6172,8422ea5ffffffff,33,0,0,"[0, 255, 0, 100]","[97, 255, 97]"
6173,8422eb9ffffffff,7,0,0,"[0, 255, 0, 100]","[97, 255, 97]"
6174,8422ebbffffffff,28,0,0,"[0, 255, 0, 100]","[97, 255, 97]"
6175,8422ebdffffffff,27,0,0,"[0, 255, 0, 100]","[97, 255, 97]"
6176,8422ed3ffffffff,1,0,0,"[0, 255, 0, 100]","[97, 255, 97]"
6177,8422f03ffffffff,5,0,0,"[0, 255, 0, 100]","[97, 255, 97]"
6178,8422f43ffffffff,1,0,0,"[0, 255, 0, 100]","[97, 255, 97]"
6179,8422f45ffffffff,30,0,0,"[0, 255, 0, 100]","[97, 255, 97]"
6180,8422f47ffffffff,139,0,0,"[0, 255, 0, 100]","[97, 255, 97]"
6181,842300dffffffff,83,0,0,"[0, 255, 0, 100]","[97, 255, 97]"
6182,8423019ffffffff,1,0,0,"[0, 255, 0, 100]","[97, 255, 97]"
6183,8423043ffffffff,123,0,0,"[0, 255, 0, 100]","[97, 255, 97]"
6184,8423047ffffffff,80,0,0,"[0, 255, 0, 100]","[97, 255, 97]"
6185,8423055ffffffff,44,0,0,"[0, 255, 0, 100]","[97, 255, 97]"
6186,8423057ffffffff,1,0,0,"[0, 255, 0, 100]","[97, 255, 97]"
6187,842305bffffffff,101,0,0,"[0, 255, 0, 100]","[97, 255, 97]"
6188,8423061ffffffff,32,0,0,"[0, 255, 0, 100]","[97, 255, 97]"
6189,8423069ffffffff,57,0,0,"[0, 255, 0, 100]","[97, 255, 97]"
6190,842306bffffffff,113,0,0,"[0, 255, 0, 100]","[97, 255, 97]"
6191,842306dffffffff,7,0,0,"[0, 255, 0, 100]","[97, 255, 97]"
6192,8423081ffffffff,21,0,0,"[0, 255, 0, 100]","[97, 255, 97]"
6193,842308bffffffff,68,0,0,"[0, 255, 0, 100]","[97, 255, 97]"
6194,8423099ffffffff,138,0,0,"[0, 255, 0, 100]","[97, 255, 97]"
6195,842309bffffffff,54,0,0,"[0, 255, 0, 100]","[97, 255, 97]"
6196,842309dffffffff,1,0,0,"[0, 255, 0, 100]","[97, 255, 97]"
6197,84230a3ffffffff,45,0,0,"[0, 255, 0, 100]","[97, 255, 97]"
6198,84230bdffffffff,33,0,0,"[0, 255, 0, 100]","[97, 255, 97]"
6199,84230c5ffffffff,1,0,0,"[0, 255, 0, 100]","[97, 255, 97]"
6200,84230e1ffffffff,65,0,0,"[0, 255, 0, 100]","[97, 255, 97]"
6201,84230e5ffffffff,13,0,0,"[0, 255, 0, 100]","[97, 255, 97]"
6202,84230e9ffffffff,4,0,0,"[0, 255, 0, 100]","[97, 255, 97]"
6203,8423103ffffffff,94,0,0,"[0, 255, 0, 100]","[97, 255, 97]"
6204,8423111ffffffff,2,0,0,"[0, 255, 0, 100]","[97, 255, 97]"
6205,8423163ffffffff,1,0,0,"[0, 255, 0, 100]","[97, 255, 97]"
6206,8423189ffffffff,93,0,0,"[0, 255, 0, 100]","[97, 255, 97]"
6207,842318dffffffff,138,0,0,"[0, 255, 0, 100]","[97, 255, 97]"
6208,84231a1ffffffff,8,0,0,"[0, 255, 0, 100]","[97, 255, 97]"
6209,84231abffffffff,3,0,0,"[0, 255, 0, 100]","[97, 255, 97]"
6210,84231d5ffffffff,3,0,0,"[0, 255, 0, 100]","[97, 255, 97]"
6211,84231e3ffffffff,67,0,0,"[0, 255, 0, 100]","[97, 255, 97]"
6212,84231e7ffffffff,214,0,0,"[0, 255, 0, 100]","[97, 255, 97]"
6213,84231ebffffffff,5,0,0,"[0, 255, 0, 100]","[97, 255, 97]"
6214,8423201ffffffff,10,0,0,"[0, 255, 0, 100]","[97, 255, 97]"
6215,8423203ffffffff,191,0,0,"[0, 255, 0, 100]","[97, 255, 97]"
6216,8423219ffffffff,36,0,0,"[0, 255, 0, 100]","[97, 255, 97]"
6217,842321bffffffff,146,0,0,"[0, 255, 0, 100]","[97, 255, 97]"
6218,842321dffffffff,78,0,0,"[0, 255, 0, 100]","[97, 255, 97]"
6219,8423221ffffffff,27,0,0,"[0, 255, 0, 100]","[97, 255, 97]"
6220,8423225ffffffff,98,0,0,"[0, 255, 0, 100]","[97, 255, 97]"
6221,8423227ffffffff,76,0,0,"[0, 255, 0, 100]","[97, 255, 97]"
6222,8423231ffffffff,89,0,0,"[0, 255, 0, 100]","[97, 255, 97]"
6223,8423235ffffffff,17,0,0,"[0, 255, 0, 100]","[97, 255, 97]"
6224,8423283ffffffff,31,0,0,"[0, 255, 0, 100]","[97, 255, 97]"
6225,8423285ffffffff,59,0,0,"[0, 255, 0, 100]","[97, 255, 97]"
6226,842329dffffffff,4,0,0,"[0, 255, 0, 100]","[97, 255, 97]"
6227,84232a9ffffffff,106,0,0,"[0, 255, 0, 100]","[97, 255, 97]"
6228,84232adffffffff,47,0,0,"[0, 255, 0, 100]","[97, 255, 97]"
6229,84232c3ffffffff,75,0,0,"[0, 255, 0, 100]","[97, 255, 97]"
6230,84232c5ffffffff,54,0,0,"[0, 255, 0, 100]","[97, 255, 97]"
6231,84232c7ffffffff,6,0,0,"[0, 255, 0, 100]","[97, 255, 97]"
6232,84232d1ffffffff,2,0,0,"[0, 255, 0, 100]","[97, 255, 97]"
6233,84232dbffffffff,83,0,0,"[0, 255, 0, 100]","[97, 255, 97]"
6234,84232e9ffffffff,24,0,0,"[0, 255, 0, 100]","[97, 255, 97]"
6235,84232ebffffffff,34,0,0,"[0, 255, 0, 100]","[97, 255, 97]"
6236,84232edffffffff,102,0,0,"[0, 255, 0, 100]","[97, 255, 97]"
6237,8423303ffffffff,266,0,0,"[0, 255, 0, 100]","[97, 255, 97]"
6238,8423305ffffffff,34,0,0,"[0, 255, 0, 100]","[97, 255, 97]"
6239,8423307ffffffff,207,0,0,"[0, 255, 0, 100]","[97, 255, 97]"
6240,8423309ffffffff,18,0,0,"[0, 255, 0, 100]","[97, 255, 97]"
6241,8423311ffffffff,181,0,0,"[0, 255, 0, 100]","[97, 255, 97]"
6242,842331bffffffff,212,0,0,"[0, 255, 0, 100]","[97, 255, 97]"
6243,842331dffffffff,126,0,0,"[0, 255, 0, 100]","[97, 255, 97]"
6244,8423329ffffffff,165,0,0,"[0, 255, 0, 100]","[97, 255, 97]"
6245,842332bffffffff,61,0,0,"[0, 255, 0, 100]","[97, 255, 97]"
6246,842332dffffffff,116,0,0,"[0, 255, 0, 100]","[97, 255, 97]"
6247,8423353ffffffff,51,0,0,"[0, 255, 0, 100]","[97, 255, 97]"
6248,8423355ffffffff,136,0,0,"[0, 255, 0, 100]","[97, 255, 97]"
6249,8423357ffffffff,75,0,0,"[0, 255, 0, 100]","[97, 255, 97]"
6250,8423361ffffffff,29,0,0,"[0, 255, 0, 100]","[97, 255, 97]"
6251,842336dffffffff,103,0,0,"[0, 255, 0, 100]","[97, 255, 97]"
6252,8423425ffffffff,1,0,0,"[0, 255, 0, 100]","[97, 255, 97]"
6253,8423427ffffffff,17,0,0,"[0, 255, 0, 100]","[97, 255, 97]"
6254,8423441ffffffff,18,0,0,"[0, 255, 0, 100]","[97, 255, 97]"
6255,842344bffffffff,27,0,0,"[0, 255, 0, 100]","[97, 255, 97]"
6256,842345dffffffff,2,0,0,"[0, 255, 0, 100]","[97, 255, 97]"
6257,8423495ffffffff,65,0,0,"[0, 255, 0, 100]","[97, 255, 97]"
6258,84234a3ffffffff,182,0,0,"[0, 255, 0, 100]","[97, 255, 97]"
6259,84234a7ffffffff,73,0,0,"[0, 255, 0, 100]","[97, 255, 97]"
6260,84234b9ffffffff,40,0,0,"[0, 255, 0, 100]","[97, 255, 97]"
6261,84234bdffffffff,182,0,0,"[0, 255, 0, 100]","[97, 255, 97]"
6262,8423549ffffffff,35,0,0,"[0, 255, 0, 100]","[97, 255, 97]"
6263,84235a7ffffffff,11,0,0,"[0, 255, 0, 100]","[97, 255, 97]"
6264,84235b3ffffffff,5,0,0,"[0, 255, 0, 100]","[97, 255, 97]"
6265,84235b5ffffffff,6,0,0,"[0, 255, 0, 100]","[97, 255, 97]"
6266,84235b7ffffffff,58,0,0,"[0, 255, 0, 100]","[97, 255, 97]"
6267,8423601ffffffff,50,0,0,"[0, 255, 0, 100]","[97, 255, 97]"
6268,842360dffffffff,13,0,0,"[0, 255, 0, 100]","[97, 255, 97]"
6269,8423611ffffffff,1,0,0,"[0, 255, 0, 100]","[97, 255, 97]"
6270,842362dffffffff,2,0,0,"[0, 255, 0, 100]","[97, 255, 97]"
6271,8423631ffffffff,14,0,0,"[0, 255, 0, 100]","[97, 255, 97]"
6272,8423645ffffffff,1,0,0,"[0, 255, 0, 100]","[97, 255, 97]"
6273,8423689ffffffff,107,0,0,"[0, 255, 0, 100]","[97, 255, 97]"
6274,842368bffffffff,64,0,0,"[0, 255, 0, 100]","[97, 255, 97]"
6275,842368dffffffff,18,0,0,"[0, 255, 0, 100]","[97, 255, 97]"
6276,8423691ffffffff,51,0,0,"[0, 255, 0, 100]","[97, 255, 97]"
6277,8423693ffffffff,150,0,0,"[0, 255, 0, 100]","[97, 255, 97]"
6278,8423695ffffffff,2,0,0,"[0, 255, 0, 100]","[97, 255, 97]"
6279,8423697ffffffff,11,0,0,"[0, 255, 0, 100]","[97, 255, 97]"
6280,84236abffffffff,1,0,0,"[0, 255, 0, 100]","[97, 255, 97]"
6281,84236bdffffffff,8,0,0,"[0, 255, 0, 100]","[97, 255, 97]"
6282,84236c7ffffffff,51,0,0,"[0, 255, 0, 100]","[97, 255, 97]"
6283,84236c9ffffffff,4,0,0,"[0, 255, 0, 100]","[97, 255, 97]"
6284,8423727ffffffff,156,0,0,"[0, 255, 0, 100]","[97, 255, 97]"
6285,8423745ffffffff,35,0,0,"[0, 255, 0, 100]","[97, 255, 97]"
6286,8423751ffffffff,3,0,0,"[0, 255, 0, 100]","[97, 255, 97]"
6287,842375bffffffff,1,0,0,"[0, 255, 0, 100]","[97, 255, 97]"
6288,8423769ffffffff,16,0,0,"[0, 255, 0, 100]","[97, 255, 97]"
6289,842388bffffffff,5,0,0,"[0, 255, 0, 100]","[97, 255, 97]"
6290,8423899ffffffff,129,0,0,"[0, 255, 0, 100]","[97, 255, 97]"
6291,842389bffffffff,89,0,0,"[0, 255, 0, 100]","[97, 255, 97]"
6292,842389dffffffff,86,0,0,"[0, 255, 0, 100]","[97, 255, 97]"
6293,8423929ffffffff,19,0,0,"[0, 255, 0, 100]","[97, 255, 97]"
6294,842392dffffffff,207,0,0,"[0, 255, 0, 100]","[97, 255, 97]"
6295,8423a07ffffffff,1,0,0,"[0, 255, 0, 100]","[97, 255, 97]"
6296,8423a2bffffffff,38,0,0,"[0, 255, 0, 100]","[97, 255, 97]"
6297,8423a4bffffffff,28,0,0,"[0, 255, 0, 100]","[97, 255, 97]"
6298,8423a5dffffffff,15,0,0,"[0, 255, 0, 100]","[97, 255, 97]"
6299,8423adbffffffff,25,0,0,"[0, 255, 0, 100]","[97, 255, 97]"
6300,8424121ffffffff,13,0,0,"[0, 255, 0, 100]","[97, 255, 97]"
6301,8424123ffffffff,14,0,0,"[0, 255, 0, 100]","[97, 255, 97]"
6302,8424129ffffffff,47,0,0,"[0, 255, 0, 100]","[97, 255, 97]"
6303,842412bffffffff,15,0,0,"[0, 255, 0, 100]","[97, 255, 97]"
6304,842412dffffffff,7,0,0,"[0, 255, 0, 100]","[97, 255, 97]"
6305,8424131ffffffff,92,0,0,"[0, 255, 0, 100]","[97, 255, 97]"
6306,8424133ffffffff,36,0,0,"[0, 255, 0, 100]","[97, 255, 97]"
6307,8424139ffffffff,9,0,0,"[0, 255, 0, 100]","[97, 255, 97]"
6308,842413bffffffff,61,0,0,"[0, 255, 0, 100]","[97, 255, 97]"
6309,842413dffffffff,84,0,0,"[0, 255, 0, 100]","[97, 255, 97]"
6310,8424167ffffffff,9,0,0,"[0, 255, 0, 100]","[97, 255, 97]"
6311,84241a9ffffffff,2,0,0,"[0, 255, 0, 100]","[97, 255, 97]"
6312,84241abffffffff,12,0,0,"[0, 255, 0, 100]","[97, 255, 97]"
6313,84241b5ffffffff,101,0,0,"[0, 255, 0, 100]","[97, 255, 97]"
6314,84241bdffffffff,14,0,0,"[0, 255, 0, 100]","[97, 255, 97]"
6315,84241e1ffffffff,31,0,0,"[0, 255, 0, 100]","[97, 255, 97]"
6316,84241edffffffff,32,0,0,"[0, 255, 0, 100]","[97, 255, 97]"
6317,8424253ffffffff,91,0,0,"[0, 255, 0, 100]","[97, 255, 97]"
6318,8424259ffffffff,56,0,0,"[0, 255, 0, 100]","[97, 255, 97]"
6319,842425bffffffff,31,0,0,"[0, 255, 0, 100]","[97, 255, 97]"
6320,8424283ffffffff,72,0,0,"[0, 255, 0, 100]","[97, 255, 97]"
6321,8424289ffffffff,23,0,0,"[0, 255, 0, 100]","[97, 255, 97]"
6322,842428bffffffff,3,0,0,"[0, 255, 0, 100]","[97, 255, 97]"
6323,8424295ffffffff,21,0,0,"[0, 255, 0, 100]","[97, 255, 97]"
6324,84242cbffffffff,3,0,0,"[0, 255, 0, 100]","[97, 255, 97]"
6325,8424423ffffffff,9,0,0,"[0, 255, 0, 100]","[97, 255, 97]"
6326,8424435ffffffff,2,0,0,"[0, 255, 0, 100]","[97, 255, 97]"
6327,8424469ffffffff,15,0,0,"[0, 255, 0, 100]","[97, 255, 97]"
6328,842446bffffffff,7,0,0,"[0, 255, 0, 100]","[97, 255, 97]"
6329,8424481ffffffff,1,0,0,"[0, 255, 0, 100]","[97, 255, 97]"
6330,8424485ffffffff,20,0,0,"[0, 255, 0, 100]","[97, 255, 97]"
6331,84244a5ffffffff,53,0,0,"[0, 255, 0, 100]","[97, 255, 97]"
6332,84244abffffffff,120,0,0,"[0, 255, 0, 100]","[97, 255, 97]"
6333,84244adffffffff,60,0,0,"[0, 255, 0, 100]","[97, 255, 97]"
6334,8424585ffffffff,2,0,0,"[0, 255, 0, 100]","[97, 255, 97]"
6335,8424587ffffffff,25,0,0,"[0, 255, 0, 100]","[97, 255, 97]"
6336,8424595ffffffff,14,0,0,"[0, 255, 0, 100]","[97, 255, 97]"
6337,8424597ffffffff,24,0,0,"[0, 255, 0, 100]","[97, 255, 97]"
6338,842459dffffffff,169,0,0,"[0, 255, 0, 100]","[97, 255, 97]"
6339,84245a9ffffffff,55,0,0,"[0, 255, 0, 100]","[97, 255, 97]"
6340,84245abffffffff,133,0,0,"[0, 255, 0, 100]","[97, 255, 97]"
6341,84245b1ffffffff,18,0,0,"[0, 255, 0, 100]","[97, 255, 97]"
6342,84245b9ffffffff,8,0,0,"[0, 255, 0, 100]","[97, 255, 97]"
6343,84245bbffffffff,1,0,0,"[0, 255, 0, 100]","[97, 255, 97]"
6344,84245bdffffffff,42,0,0,"[0, 255, 0, 100]","[97, 255, 97]"
6345,84245d5ffffffff,6,0,0,"[0, 255, 0, 100]","[97, 255, 97]"
6346,84245d7ffffffff,10,0,0,"[0, 255, 0, 100]","[97, 255, 97]"
6347,84245ddffffffff,10,0,0,"[0, 255, 0, 100]","[97, 255, 97]"
6348,8424623ffffffff,91,0,0,"[0, 255, 0, 100]","[97, 255, 97]"
6349,8424629ffffffff,34,0,0,"[0, 255, 0, 100]","[97, 255, 97]"
6350,842462bffffffff,79,0,0,"[0, 255, 0, 100]","[97, 255, 97]"
6351,8424661ffffffff,2,0,0,"[0, 255, 0, 100]","[97, 255, 97]"
6352,842466dffffffff,1,0,0,"[0, 255, 0, 100]","[97, 255, 97]"
6353,8424703ffffffff,6,0,0,"[0, 255, 0, 100]","[97, 255, 97]"
6354,842470bffffffff,164,0,0,"[0, 255, 0, 100]","[97, 255, 97]"
6355,8424713ffffffff,3,0,0,"[0, 255, 0, 100]","[97, 255, 97]"
6356,8424719ffffffff,3,0,0,"[0, 255, 0, 100]","[97, 255, 97]"
6357,842472bffffffff,2,0,0,"[0, 255, 0, 100]","[97, 255, 97]"
6358,842473bffffffff,11,0,0,"[0, 255, 0, 100]","[97, 255, 97]"
6359,8424755ffffffff,137,0,0,"[0, 255, 0, 100]","[97, 255, 97]"
6360,8424757ffffffff,5,0,0,"[0, 255, 0, 100]","[97, 255, 97]"
6361,842475dffffffff,22,0,0,"[0, 255, 0, 100]","[97, 255, 97]"
6362,8424761ffffffff,89,0,0,"[0, 255, 0, 100]","[97, 255, 97]"
6363,8424767ffffffff,15,0,0,"[0, 255, 0, 100]","[97, 255, 97]"
6364,842476dffffffff,40,0,0,"[0, 255, 0, 100]","[97, 255, 97]"
6365,8424819ffffffff,7,0,0,"[0, 255, 0, 100]","[97, 255, 97]"
6366,8424853ffffffff,4,0,0,"[0, 255, 0, 100]","[97, 255, 97]"
6367,8424857ffffffff,10,0,0,"[0, 255, 0, 100]","[97, 255, 97]"
6368,84248c5ffffffff,1,0,0,"[0, 255, 0, 100]","[97, 255, 97]"
6369,84248c7ffffffff,7,0,0,"[0, 255, 0, 100]","[97, 255, 97]"
6370,8424a21ffffffff,1,0,0,"[0, 255, 0, 100]","[97, 255, 97]"
6371,8424a29ffffffff,25,0,0,"[0, 255, 0, 100]","[97, 255, 97]"
6372,8424a2bffffffff,36,0,0,"[0, 255, 0, 100]","[97, 255, 97]"
6373,8424a2dffffffff,3,0,0,"[0, 255, 0, 100]","[97, 255, 97]"
6374,8424a35ffffffff,16,0,0,"[0, 255, 0, 100]","[97, 255, 97]"
6375,8424a3dffffffff,19,0,0,"[0, 255, 0, 100]","[97, 255, 97]"
6376,8424a59ffffffff,133,0,0,"[0, 255, 0, 100]","[97, 255, 97]"
6377,8424a5bffffffff,22,0,0,"[0, 255, 0, 100]","[97, 255, 97]"
6378,8424a5dffffffff,23,0,0,"[0, 255, 0, 100]","[97, 255, 97]"
6379,8424a61ffffffff,57,0,0,"[0, 255, 0, 100]","[97, 255, 97]"
6380,8424a65ffffffff,3,0,0,"[0, 255, 0, 100]","[97, 255, 97]"
6381,8424a67ffffffff,29,0,0,"[0, 255, 0, 100]","[97, 255, 97]"
6382,8424a6dffffffff,71,0,0,"[0, 255, 0, 100]","[97, 255, 97]"
6383,8424aa5ffffffff,5,0,0,"[0, 255, 0, 100]","[97, 255, 97]"
6384,8424aa7ffffffff,2,0,0,"[0, 255, 0, 100]","[97, 255, 97]"
6385,8424b05ffffffff,18,0,0,"[0, 255, 0, 100]","[97, 255, 97]"
6386,8424b61ffffffff,106,0,0,"[0, 255, 0, 100]","[97, 255, 97]"
6387,8424b63ffffffff,66,0,0,"[0, 255, 0, 100]","[97, 255, 97]"
6388,8424b69ffffffff,78,0,0,"[0, 255, 0, 100]","[97, 255, 97]"
6389,8424b6bffffffff,46,0,0,"[0, 255, 0, 100]","[97, 255, 97]"
6390,8424c05ffffffff,27,0,0,"[0, 255, 0, 100]","[97, 255, 97]"
6391,8424c39ffffffff,1,0,0,"[0, 255, 0, 100]","[97, 255, 97]"
6392,8424c3bffffffff,43,0,0,"[0, 255, 0, 100]","[97, 255, 97]"
6393,8424c63ffffffff,7,0,0,"[0, 255, 0, 100]","[97, 255, 97]"
6394,8424c95ffffffff,20,0,0,"[0, 255, 0, 100]","[97, 255, 97]"
6395,8424c97ffffffff,8,0,0,"[0, 255, 0, 100]","[97, 255, 97]"
6396,8424cc3ffffffff,55,0,0,"[0, 255, 0, 100]","[97, 255, 97]"
6397,8424ccbffffffff,10,0,0,"[0, 255, 0, 100]","[97, 255, 97]"
6398,8424cd1ffffffff,53,0,0,"[0, 255, 0, 100]","[97, 255, 97]"
6399,8424cddffffffff,99,0,0,"[0, 255, 0, 100]","[97, 255, 97]"
6400,8424cedffffffff,4,0,0,"[0, 255, 0, 100]","[97, 255, 97]"
6401,8424d05ffffffff,23,0,0,"[0, 255, 0, 100]","[97, 255, 97]"
6402,8424e1dffffffff,2,0,0,"[0, 255, 0, 100]","[97, 255, 97]"
6403,8424e21ffffffff,5,0,0,"[0, 255, 0, 100]","[97, 255, 97]"
6404,8424e23ffffffff,5,0,0,"[0, 255, 0, 100]","[97, 255, 97]"
6405,8424e29ffffffff,34,0,0,"[0, 255, 0, 100]","[97, 255, 97]"
6406,8424e2dffffffff,10,0,0,"[0, 255, 0, 100]","[97, 255, 97]"
6407,8424e65ffffffff,16,0,0,"[0, 255, 0, 100]","[97, 255, 97]"
6408,8424e67ffffffff,21,0,0,"[0, 255, 0, 100]","[97, 255, 97]"
6409,8424e85ffffffff,8,0,0,"[0, 255, 0, 100]","[97, 255, 97]"
6410,8424ea9ffffffff,32,0,0,"[0, 255, 0, 100]","[97, 255, 97]"
6411,8424eabffffffff,2,0,0,"[0, 255, 0, 100]","[97, 255, 97]"
6412,8424ecbffffffff,31,0,0,"[0, 255, 0, 100]","[97, 255, 97]"
6413,8424eddffffffff,70,0,0,"[0, 255, 0, 100]","[97, 255, 97]"
6414,8424f4bffffffff,19,0,0,"[0, 255, 0, 100]","[97, 255, 97]"
6415,8424f5bffffffff,1,0,0,"[0, 255, 0, 100]","[97, 255, 97]"
6416,8425003ffffffff,2,0,0,"[0, 255, 0, 100]","[97, 255, 97]"
6417,8425009ffffffff,1,0,0,"[0, 255, 0, 100]","[97, 255, 97]"
6418,842500bffffffff,178,0,0,"[0, 255, 0, 100]","[97, 255, 97]"
6419,8425011ffffffff,90,0,0,"[0, 255, 0, 100]","[97, 255, 97]"
6420,8425015ffffffff,66,0,0,"[0, 255, 0, 100]","[97, 255, 97]"
6421,8425017ffffffff,295,0,0,"[0, 255, 0, 100]","[97, 255, 97]"
6422,842501dffffffff,264,0,0,"[0, 255, 0, 100]","[97, 255, 97]"
6423,8425043ffffffff,2,0,0,"[0, 255, 0, 100]","[97, 255, 97]"
6424,8425047ffffffff,218,0,0,"[0, 255, 0, 100]","[97, 255, 97]"
6425,8425049ffffffff,178,0,0,"[0, 255, 0, 100]","[97, 255, 97]"
6426,842504bffffffff,1,0,0,"[0, 255, 0, 100]","[97, 255, 97]"
6427,8425055ffffffff,67,0,0,"[0, 255, 0, 100]","[97, 255, 97]"
6428,8425057ffffffff,58,0,0,"[0, 255, 0, 100]","[97, 255, 97]"
6429,8425081ffffffff,21,0,0,"[0, 255, 0, 100]","[97, 255, 97]"
6430,8425087ffffffff,19,0,0,"[0, 255, 0, 100]","[97, 255, 97]"
6431,842508dffffffff,153,0,0,"[0, 255, 0, 100]","[97, 255, 97]"
6432,84250abffffffff,25,0,0,"[0, 255, 0, 100]","[97, 255, 97]"
6433,84250b1ffffffff,70,0,0,"[0, 255, 0, 100]","[97, 255, 97]"
6434,84250bbffffffff,20,0,0,"[0, 255, 0, 100]","[97, 255, 97]"
6435,84250bdffffffff,183,0,0,"[0, 255, 0, 100]","[97, 255, 97]"
6436,84250e1ffffffff,67,0,0,"[0, 255, 0, 100]","[97, 255, 97]"
6437,84250e9ffffffff,70,0,0,"[0, 255, 0, 100]","[97, 255, 97]"
6438,84250ebffffffff,52,0,0,"[0, 255, 0, 100]","[97, 255, 97]"
6439,84250edffffffff,22,0,0,"[0, 255, 0, 100]","[97, 255, 97]"
6440,8425119ffffffff,26,0,0,"[0, 255, 0, 100]","[97, 255, 97]"
6441,8425157ffffffff,77,0,0,"[0, 255, 0, 100]","[97, 255, 97]"
6442,84251a9ffffffff,30,0,0,"[0, 255, 0, 100]","[97, 255, 97]"
6443,84251e1ffffffff,4,0,0,"[0, 255, 0, 100]","[97, 255, 97]"
6444,84251e3ffffffff,117,0,0,"[0, 255, 0, 100]","[97, 255, 97]"
6445,8425221ffffffff,46,0,0,"[0, 255, 0, 100]","[97, 255, 97]"
6446,8425223ffffffff,102,0,0,"[0, 255, 0, 100]","[97, 255, 97]"
6447,8425225ffffffff,4,0,0,"[0, 255, 0, 100]","[97, 255, 97]"
6448,8425249ffffffff,173,0,0,"[0, 255, 0, 100]","[97, 255, 97]"
6449,842524bffffffff,2,0,0,"[0, 255, 0, 100]","[97, 255, 97]"
6450,8425261ffffffff,16,0,0,"[0, 255, 0, 100]","[97, 255, 97]"
6451,8425269ffffffff,80,0,0,"[0, 255, 0, 100]","[97, 255, 97]"
6452,8425283ffffffff,77,0,0,"[0, 255, 0, 100]","[97, 255, 97]"
6453,8425289ffffffff,105,0,0,"[0, 255, 0, 100]","[97, 255, 97]"
6454,8425293ffffffff,73,0,0,"[0, 255, 0, 100]","[97, 255, 97]"
6455,8425295ffffffff,71,0,0,"[0, 255, 0, 100]","[97, 255, 97]"
6456,84252b9ffffffff,12,0,0,"[0, 255, 0, 100]","[97, 255, 97]"
6457,84252bbffffffff,120,0,0,"[0, 255, 0, 100]","[97, 255, 97]"
6458,84252d9ffffffff,22,0,0,"[0, 255, 0, 100]","[97, 255, 97]"
6459,8425353ffffffff,132,0,0,"[0, 255, 0, 100]","[97, 255, 97]"
6460,8425359ffffffff,102,0,0,"[0, 255, 0, 100]","[97, 255, 97]"
6461,842535bffffffff,131,0,0,"[0, 255, 0, 100]","[97, 255, 97]"
6462,8425429ffffffff,4,0,0,"[0, 255, 0, 100]","[97, 255, 97]"
6463,842542dffffffff,3,0,0,"[0, 255, 0, 100]","[97, 255, 97]"
6464,8425441ffffffff,30,0,0,"[0, 255, 0, 100]","[97, 255, 97]"
6465,8425445ffffffff,3,0,0,"[0, 255, 0, 100]","[97, 255, 97]"
6466,8425449ffffffff,155,0,0,"[0, 255, 0, 100]","[97, 255, 97]"
6467,842544dffffffff,72,0,0,"[0, 255, 0, 100]","[97, 255, 97]"
6468,8425453ffffffff,62,0,0,"[0, 255, 0, 100]","[97, 255, 97]"
6469,8425467ffffffff,2,0,0,"[0, 255, 0, 100]","[97, 255, 97]"
6470,8425469ffffffff,29,0,0,"[0, 255, 0, 100]","[97, 255, 97]"
6471,8425535ffffffff,9,0,0,"[0, 255, 0, 100]","[97, 255, 97]"
6472,8425537ffffffff,33,0,0,"[0, 255, 0, 100]","[97, 255, 97]"
6473,8425549ffffffff,34,0,0,"[0, 255, 0, 100]","[97, 255, 97]"
6474,8425597ffffffff,3,0,0,"[0, 255, 0, 100]","[97, 255, 97]"
6475,8425601ffffffff,179,0,0,"[0, 255, 0, 100]","[97, 255, 97]"
6476,842560bffffffff,1,0,0,"[0, 255, 0, 100]","[97, 255, 97]"
6477,842562bffffffff,96,0,0,"[0, 255, 0, 100]","[97, 255, 97]"
6478,8425631ffffffff,1,0,0,"[0, 255, 0, 100]","[97, 255, 97]"
6479,8425635ffffffff,114,0,0,"[0, 255, 0, 100]","[97, 255, 97]"
6480,8425651ffffffff,11,0,0,"[0, 255, 0, 100]","[97, 255, 97]"
6481,8425659ffffffff,41,0,0,"[0, 255, 0, 100]","[97, 255, 97]"
6482,84256a1ffffffff,303,0,0,"[0, 255, 0, 100]","[97, 255, 97]"
6483,84256a3ffffffff,66,0,0,"[0, 255, 0, 100]","[97, 255, 97]"
6484,84256a5ffffffff,57,0,0,"[0, 255, 0, 100]","[97, 255, 97]"
6485,84256bdffffffff,4,0,0,"[0, 255, 0, 100]","[97, 255, 97]"
6486,84256e7ffffffff,3,0,0,"[0, 255, 0, 100]","[97, 255, 97]"
6487,8425701ffffffff,2,0,0,"[0, 255, 0, 100]","[97, 255, 97]"
6488,8425709ffffffff,18,0,0,"[0, 255, 0, 100]","[97, 255, 97]"
6489,842570dffffffff,34,0,0,"[0, 255, 0, 100]","[97, 255, 97]"
6490,8425715ffffffff,4,0,0,"[0, 255, 0, 100]","[97, 255, 97]"
6491,8425717ffffffff,471,0,0,"[0, 255, 0, 100]","[97, 255, 97]"
6492,8425723ffffffff,25,0,0,"[0, 255, 0, 100]","[97, 255, 97]"
6493,842573bffffffff,1,0,0,"[0, 255, 0, 100]","[97, 255, 97]"
6494,8425745ffffffff,137,0,0,"[0, 255, 0, 100]","[97, 255, 97]"
6495,8425747ffffffff,57,0,0,"[0, 255, 0, 100]","[97, 255, 97]"
6496,8425753ffffffff,22,0,0,"[0, 255, 0, 100]","[97, 255, 97]"
6497,842575dffffffff,49,0,0,"[0, 255, 0, 100]","[97, 255, 97]"
6498,8425761ffffffff,1,0,0,"[0, 255, 0, 100]","[97, 255, 97]"
6499,8425767ffffffff,4,0,0,"[0, 255, 0, 100]","[97, 255, 97]"
6500,8425769ffffffff,48,0,0,"[0, 255, 0, 100]","[97, 255, 97]"
6501,842576bffffffff,13,0,0,"[0, 255, 0, 100]","[97, 255, 97]"
6502,8425801ffffffff,25,0,0,"[0, 255, 0, 100]","[97, 255, 97]"
6503,8425803ffffffff,164,0,0,"[0, 255, 0, 100]","[97, 255, 97]"
6504,8425805ffffffff,242,0,0,"[0, 255, 0, 100]","[97, 255, 97]"
6505,8425807ffffffff,48,0,0,"[0, 255, 0, 100]","[97, 255, 97]"
6506,8425809ffffffff,117,0,0,"[0, 255, 0, 100]","[97, 255, 97]"
6507,842580bffffffff,133,0,0,"[0, 255, 0, 100]","[97, 255, 97]"
6508,842580dffffffff,156,0,0,"[0, 255, 0, 100]","[97, 255, 97]"
6509,8425811ffffffff,57,0,0,"[0, 255, 0, 100]","[97, 255, 97]"
6510,8425815ffffffff,3,0,0,"[0, 255, 0, 100]","[97, 255, 97]"
6511,8425817ffffffff,109,0,0,"[0, 255, 0, 100]","[97, 255, 97]"
6512,842581dffffffff,89,0,0,"[0, 255, 0, 100]","[97, 255, 97]"
6513,8425823ffffffff,26,0,0,"[0, 255, 0, 100]","[97, 255, 97]"
6514,8425829ffffffff,10,0,0,"[0, 255, 0, 100]","[97, 255, 97]"
6515,842582bffffffff,152,0,0,"[0, 255, 0, 100]","[97, 255, 97]"
6516,842582dffffffff,16,0,0,"[0, 255, 0, 100]","[97, 255, 97]"
6517,8425835ffffffff,44,0,0,"[0, 255, 0, 100]","[97, 255, 97]"
6518,8425839ffffffff,161,0,0,"[0, 255, 0, 100]","[97, 255, 97]"
6519,842583bffffffff,71,0,0,"[0, 255, 0, 100]","[97, 255, 97]"
6520,842583dffffffff,27,0,0,"[0, 255, 0, 100]","[97, 255, 97]"
6521,8425841ffffffff,111,0,0,"[0, 255, 0, 100]","[97, 255, 97]"
6522,8425843ffffffff,103,0,0,"[0, 255, 0, 100]","[97, 255, 97]"
6523,8425847ffffffff,9,0,0,"[0, 255, 0, 100]","[97, 255, 97]"
6524,8425849ffffffff,1,0,0,"[0, 255, 0, 100]","[97, 255, 97]"
6525,842584dffffffff,154,0,0,"[0, 255, 0, 100]","[97, 255, 97]"
6526,8425861ffffffff,78,0,0,"[0, 255, 0, 100]","[97, 255, 97]"
6527,8425863ffffffff,336,0,0,"[0, 255, 0, 100]","[97, 255, 97]"
6528,8425865ffffffff,15,0,0,"[0, 255, 0, 100]","[97, 255, 97]"
6529,8425869ffffffff,364,0,0,"[0, 255, 0, 100]","[97, 255, 97]"
6530,842586bffffffff,131,0,0,"[0, 255, 0, 100]","[97, 255, 97]"
6531,8425881ffffffff,36,0,0,"[0, 255, 0, 100]","[97, 255, 97]"
6532,8425885ffffffff,42,0,0,"[0, 255, 0, 100]","[97, 255, 97]"
6533,8425887ffffffff,73,0,0,"[0, 255, 0, 100]","[97, 255, 97]"
6534,842588dffffffff,209,0,0,"[0, 255, 0, 100]","[97, 255, 97]"
6535,84258a1ffffffff,40,0,0,"[0, 255, 0, 100]","[97, 255, 97]"
6536,84258a9ffffffff,42,0,0,"[0, 255, 0, 100]","[97, 255, 97]"
6537,84258b1ffffffff,37,0,0,"[0, 255, 0, 100]","[97, 255, 97]"
6538,84258b5ffffffff,55,0,0,"[0, 255, 0, 100]","[97, 255, 97]"
6539,84258b7ffffffff,15,0,0,"[0, 255, 0, 100]","[97, 255, 97]"
6540,84258bdffffffff,27,0,0,"[0, 255, 0, 100]","[97, 255, 97]"
6541,84258e1ffffffff,48,0,0,"[0, 255, 0, 100]","[97, 255, 97]"
6542,84258e3ffffffff,12,0,0,"[0, 255, 0, 100]","[97, 255, 97]"
6543,84258e7ffffffff,14,0,0,"[0, 255, 0, 100]","[97, 255, 97]"
6544,84258e9ffffffff,151,0,0,"[0, 255, 0, 100]","[97, 255, 97]"
6545,84258ebffffffff,241,0,0,"[0, 255, 0, 100]","[97, 255, 97]"
6546,84258edffffffff,58,0,0,"[0, 255, 0, 100]","[97, 255, 97]"
6547,8425925ffffffff,23,0,0,"[0, 255, 0, 100]","[97, 255, 97]"
6548,8425927ffffffff,13,0,0,"[0, 255, 0, 100]","[97, 255, 97]"
6549,842592dffffffff,11,0,0,"[0, 255, 0, 100]","[97, 255, 97]"
6550,842595bffffffff,53,0,0,"[0, 255, 0, 100]","[97, 255, 97]"
6551,8425983ffffffff,99,0,0,"[0, 255, 0, 100]","[97, 255, 97]"
6552,8425989ffffffff,14,0,0,"[0, 255, 0, 100]","[97, 255, 97]"
6553,842598bffffffff,128,0,0,"[0, 255, 0, 100]","[97, 255, 97]"
6554,8425995ffffffff,98,0,0,"[0, 255, 0, 100]","[97, 255, 97]"
6555,8425997ffffffff,40,0,0,"[0, 255, 0, 100]","[97, 255, 97]"
6556,842599dffffffff,24,0,0,"[0, 255, 0, 100]","[97, 255, 97]"
6557,84259b3ffffffff,16,0,0,"[0, 255, 0, 100]","[97, 255, 97]"
6558,84259b5ffffffff,23,0,0,"[0, 255, 0, 100]","[97, 255, 97]"
6559,84259b7ffffffff,89,0,0,"[0, 255, 0, 100]","[97, 255, 97]"
6560,84259bbffffffff,13,0,0,"[0, 255, 0, 100]","[97, 255, 97]"
6561,84259c1ffffffff,184,0,0,"[0, 255, 0, 100]","[97, 255, 97]"
6562,84259c3ffffffff,45,0,0,"[0, 255, 0, 100]","[97, 255, 97]"
6563,84259c7ffffffff,23,0,0,"[0, 255, 0, 100]","[97, 255, 97]"
6564,84259cbffffffff,131,0,0,"[0, 255, 0, 100]","[97, 255, 97]"
6565,84259d5ffffffff,28,0,0,"[0, 255, 0, 100]","[97, 255, 97]"
6566,84259ddffffffff,14,0,0,"[0, 255, 0, 100]","[97, 255, 97]"
6567,8425a27ffffffff,132,0,0,"[0, 255, 0, 100]","[97, 255, 97]"
6568,8425a41ffffffff,47,0,0,"[0, 255, 0, 100]","[97, 255, 97]"
6569,8425a4dffffffff,14,0,0,"[0, 255, 0, 100]","[97, 255, 97]"
6570,8425b01ffffffff,454,0,0,"[0, 255, 0, 100]","[97, 255, 97]"
6571,8425b03ffffffff,1538,0,0,"[0, 255, 0, 100]","[97, 255, 97]"
6572,8425b05ffffffff,798,0,0,"[0, 255, 0, 100]","[97, 255, 97]"
6573,8425b0bffffffff,15,0,0,"[0, 255, 0, 100]","[97, 255, 97]"
6574,8425b0dffffffff,66,0,0,"[0, 255, 0, 100]","[97, 255, 97]"
6575,8425b11ffffffff,116,0,0,"[0, 255, 0, 100]","[97, 255, 97]"
6576,8425b13ffffffff,83,0,0,"[0, 255, 0, 100]","[97, 255, 97]"
6577,8425b17ffffffff,222,0,0,"[0, 255, 0, 100]","[97, 255, 97]"
6578,8425b19ffffffff,193,0,0,"[0, 255, 0, 100]","[97, 255, 97]"
6579,8425b1bffffffff,109,0,0,"[0, 255, 0, 100]","[97, 255, 97]"
6580,8425b1dffffffff,543,0,0,"[0, 255, 0, 100]","[97, 255, 97]"
6581,8425b29ffffffff,85,0,0,"[0, 255, 0, 100]","[97, 255, 97]"
6582,8425b47ffffffff,2,0,0,"[0, 255, 0, 100]","[97, 255, 97]"
6583,8425b55ffffffff,228,0,0,"[0, 255, 0, 100]","[97, 255, 97]"
6584,8425b57ffffffff,284,0,0,"[0, 255, 0, 100]","[97, 255, 97]"
6585,8425b5dffffffff,31,0,0,"[0, 255, 0, 100]","[97, 255, 97]"
6586,8425b61ffffffff,5,0,0,"[0, 255, 0, 100]","[97, 255, 97]"
6587,8425b63ffffffff,93,0,0,"[0, 255, 0, 100]","[97, 255, 97]"
6588,8425b65ffffffff,206,0,0,"[0, 255, 0, 100]","[97, 255, 97]"
6589,8425b67ffffffff,62,0,0,"[0, 255, 0, 100]","[97, 255, 97]"
6590,8425b69ffffffff,1,0,0,"[0, 255, 0, 100]","[97, 255, 97]"
6591,8425b6bffffffff,88,0,0,"[0, 255, 0, 100]","[97, 255, 97]"
6592,8425b6dffffffff,18,0,0,"[0, 255, 0, 100]","[97, 255, 97]"
6593,8426009ffffffff,10,0,0,"[0, 255, 0, 100]","[97, 255, 97]"
6594,842600bffffffff,40,0,0,"[0, 255, 0, 100]","[97, 255, 97]"
6595,8426033ffffffff,9,0,0,"[0, 255, 0, 100]","[97, 255, 97]"
6596,8426045ffffffff,5,0,0,"[0, 255, 0, 100]","[97, 255, 97]"
6597,8426057ffffffff,140,0,0,"[0, 255, 0, 100]","[97, 255, 97]"
6598,8426059ffffffff,11,0,0,"[0, 255, 0, 100]","[97, 255, 97]"
6599,8426069ffffffff,1,0,0,"[0, 255, 0, 100]","[97, 255, 97]"
6600,8426085ffffffff,6,0,0,"[0, 255, 0, 100]","[97, 255, 97]"
6601,842608dffffffff,1,0,0,"[0, 255, 0, 100]","[97, 255, 97]"
6602,84260a7ffffffff,1,0,0,"[0, 255, 0, 100]","[97, 255, 97]"
6603,84260adffffffff,6,0,0,"[0, 255, 0, 100]","[97, 255, 97]"
6604,84260d1ffffffff,1,0,0,"[0, 255, 0, 100]","[97, 255, 97]"
6605,84260dbffffffff,1,0,0,"[0, 255, 0, 100]","[97, 255, 97]"
6606,842612dffffffff,5,0,0,"[0, 255, 0, 100]","[97, 255, 97]"
6607,8426143ffffffff,5,0,0,"[0, 255, 0, 100]","[97, 255, 97]"
6608,8426155ffffffff,9,0,0,"[0, 255, 0, 100]","[97, 255, 97]"
6609,842615dffffffff,36,0,0,"[0, 255, 0, 100]","[97, 255, 97]"
6610,8426167ffffffff,109,0,0,"[0, 255, 0, 100]","[97, 255, 97]"
6611,8426181ffffffff,24,0,0,"[0, 255, 0, 100]","[97, 255, 97]"
6612,842619bffffffff,6,0,0,"[0, 255, 0, 100]","[97, 255, 97]"
6613,842619dffffffff,1,0,0,"[0, 255, 0, 100]","[97, 255, 97]"
6614,84261b3ffffffff,1,0,0,"[0, 255, 0, 100]","[97, 255, 97]"
6615,84261b7ffffffff,20,0,0,"[0, 255, 0, 100]","[97, 255, 97]"
6616,84261c1ffffffff,4,0,0,"[0, 255, 0, 100]","[97, 255, 97]"
6617,84261ebffffffff,10,0,0,"[0, 255, 0, 100]","[97, 255, 97]"
6618,842621bffffffff,100,0,0,"[0, 255, 0, 100]","[97, 255, 97]"
6619,8426223ffffffff,43,0,0,"[0, 255, 0, 100]","[97, 255, 97]"
6620,8426233ffffffff,6,0,0,"[0, 255, 0, 100]","[97, 255, 97]"
6621,8426239ffffffff,4,0,0,"[0, 255, 0, 100]","[97, 255, 97]"
6622,8426247ffffffff,4,0,0,"[0, 255, 0, 100]","[97, 255, 97]"
6623,8426261ffffffff,19,0,0,"[0, 255, 0, 100]","[97, 255, 97]"
6624,8426269ffffffff,85,0,0,"[0, 255, 0, 100]","[97, 255, 97]"
6625,84262c5ffffffff,5,0,0,"[0, 255, 0, 100]","[97, 255, 97]"
6626,84262c7ffffffff,1,0,0,"[0, 255, 0, 100]","[97, 255, 97]"
6627,84262cdffffffff,221,2,0.009049774,"[255, 0, 0, 100]","[255, 0, 0]"
6628,84262e5ffffffff,4,0,0,"[0, 255, 0, 100]","[97, 255, 97]"
6629,8426301ffffffff,64,0,0,"[0, 255, 0, 100]","[97, 255, 97]"
6630,842630dffffffff,58,0,0,"[0, 255, 0, 100]","[97, 255, 97]"
6631,8426319ffffffff,1,0,0,"[0, 255, 0, 100]","[97, 255, 97]"
6632,842631bffffffff,11,0,0,"[0, 255, 0, 100]","[97, 255, 97]"
6633,8426325ffffffff,2,0,0,"[0, 255, 0, 100]","[97, 255, 97]"
6634,8426349ffffffff,3,0,0,"[0, 255, 0, 100]","[97, 255, 97]"
6635,842636bffffffff,1,0,0,"[0, 255, 0, 100]","[97, 255, 97]"
6636,842640dffffffff,1,0,0,"[0, 255, 0, 100]","[97, 255, 97]"
6637,84264b5ffffffff,16,0,0,"[0, 255, 0, 100]","[97, 255, 97]"
6638,84264d1ffffffff,2,0,0,"[0, 255, 0, 100]","[97, 255, 97]"
6639,8426505ffffffff,3,0,0,"[0, 255, 0, 100]","[97, 255, 97]"
6640,8426507ffffffff,1,0,0,"[0, 255, 0, 100]","[97, 255, 97]"
6641,8426521ffffffff,1,0,0,"[0, 255, 0, 100]","[97, 255, 97]"
6642,842652bffffffff,2,0,0,"[0, 255, 0, 100]","[97, 255, 97]"
6643,8426561ffffffff,58,0,0,"[0, 255, 0, 100]","[97, 255, 97]"
6644,8426565ffffffff,2,0,0,"[0, 255, 0, 100]","[97, 255, 97]"
6645,842659bffffffff,2,0,0,"[0, 255, 0, 100]","[97, 255, 97]"
6646,84265a3ffffffff,3,0,0,"[0, 255, 0, 100]","[97, 255, 97]"
6647,8426611ffffffff,5,0,0,"[0, 255, 0, 100]","[97, 255, 97]"
6648,8426613ffffffff,8,0,0,"[0, 255, 0, 100]","[97, 255, 97]"
6649,842661bffffffff,27,0,0,"[0, 255, 0, 100]","[97, 255, 97]"
6650,842664dffffffff,9,0,0,"[0, 255, 0, 100]","[97, 255, 97]"
6651,8426665ffffffff,70,0,0,"[0, 255, 0, 100]","[97, 255, 97]"
6652,8426681ffffffff,2,0,0,"[0, 255, 0, 100]","[97, 255, 97]"
6653,8426683ffffffff,2,0,0,"[0, 255, 0, 100]","[97, 255, 97]"
6654,842668bffffffff,46,0,0,"[0, 255, 0, 100]","[97, 255, 97]"
6655,8426691ffffffff,10,0,0,"[0, 255, 0, 100]","[97, 255, 97]"
6656,8426695ffffffff,15,0,0,"[0, 255, 0, 100]","[97, 255, 97]"
6657,8426699ffffffff,4,0,0,"[0, 255, 0, 100]","[97, 255, 97]"
6658,842669bffffffff,12,0,0,"[0, 255, 0, 100]","[97, 255, 97]"
6659,842669dffffffff,3,0,0,"[0, 255, 0, 100]","[97, 255, 97]"
6660,84266b3ffffffff,4,0,0,"[0, 255, 0, 100]","[97, 255, 97]"
6661,84266c3ffffffff,1,0,0,"[0, 255, 0, 100]","[97, 255, 97]"
6662,84266c5ffffffff,4,0,0,"[0, 255, 0, 100]","[97, 255, 97]"
6663,84266cbffffffff,11,0,0,"[0, 255, 0, 100]","[97, 255, 97]"
6664,84266d1ffffffff,2,0,0,"[0, 255, 0, 100]","[97, 255, 97]"
6665,84266d3ffffffff,75,0,0,"[0, 255, 0, 100]","[97, 255, 97]"
6666,84266d7ffffffff,1,0,0,"[0, 255, 0, 100]","[97, 255, 97]"
6667,84266ddffffffff,39,0,0,"[0, 255, 0, 100]","[97, 255, 97]"
6668,8426745ffffffff,7,0,0,"[0, 255, 0, 100]","[97, 255, 97]"
6669,8426747ffffffff,17,0,0,"[0, 255, 0, 100]","[97, 255, 97]"
6670,8426817ffffffff,4,0,0,"[0, 255, 0, 100]","[97, 255, 97]"
6671,842681bffffffff,6,0,0,"[0, 255, 0, 100]","[97, 255, 97]"
6672,842683bffffffff,7,0,0,"[0, 255, 0, 100]","[97, 255, 97]"
6673,8426841ffffffff,1,0,0,"[0, 255, 0, 100]","[97, 255, 97]"
6674,8426851ffffffff,50,0,0,"[0, 255, 0, 100]","[97, 255, 97]"
6675,842685bffffffff,6,0,0,"[0, 255, 0, 100]","[97, 255, 97]"
6676,8426869ffffffff,17,0,0,"[0, 255, 0, 100]","[97, 255, 97]"
6677,8426893ffffffff,16,0,0,"[0, 255, 0, 100]","[97, 255, 97]"
6678,8426897ffffffff,3,0,0,"[0, 255, 0, 100]","[97, 255, 97]"
6679,84268cdffffffff,4,0,0,"[0, 255, 0, 100]","[97, 255, 97]"
6680,84268d3ffffffff,14,0,0,"[0, 255, 0, 100]","[97, 255, 97]"
6681,84268d9ffffffff,17,0,0,"[0, 255, 0, 100]","[97, 255, 97]"
6682,84268e9ffffffff,2,0,0,"[0, 255, 0, 100]","[97, 255, 97]"
6683,84268edffffffff,8,0,0,"[0, 255, 0, 100]","[97, 255, 97]"
6684,8426907ffffffff,1,0,0,"[0, 255, 0, 100]","[97, 255, 97]"
6685,8426961ffffffff,8,0,0,"[0, 255, 0, 100]","[97, 255, 97]"
6686,8426991ffffffff,46,0,0,"[0, 255, 0, 100]","[97, 255, 97]"
6687,8426993ffffffff,29,0,0,"[0, 255, 0, 100]","[97, 255, 97]"
6688,8426997ffffffff,6,0,0,"[0, 255, 0, 100]","[97, 255, 97]"
6689,84269d1ffffffff,40,0,0,"[0, 255, 0, 100]","[97, 255, 97]"
6690,84269d5ffffffff,43,0,0,"[0, 255, 0, 100]","[97, 255, 97]"
6691,8426a05ffffffff,17,0,0,"[0, 255, 0, 100]","[97, 255, 97]"
6692,8426a07ffffffff,29,0,0,"[0, 255, 0, 100]","[97, 255, 97]"
6693,8426a43ffffffff,29,0,0,"[0, 255, 0, 100]","[97, 255, 97]"
6694,8426a5bffffffff,41,0,0,"[0, 255, 0, 100]","[97, 255, 97]"
6695,8426a5dffffffff,7,0,0,"[0, 255, 0, 100]","[97, 255, 97]"
6696,8426a9bffffffff,2,0,0,"[0, 255, 0, 100]","[97, 255, 97]"
6697,8426aa3ffffffff,87,0,0,"[0, 255, 0, 100]","[97, 255, 97]"
6698,8426aa7ffffffff,572,0,0,"[0, 255, 0, 100]","[97, 255, 97]"
6699,8426ab7ffffffff,89,0,0,"[0, 255, 0, 100]","[97, 255, 97]"
6700,8426abdffffffff,2,0,0,"[0, 255, 0, 100]","[97, 255, 97]"
6701,8426b61ffffffff,2,0,0,"[0, 255, 0, 100]","[97, 255, 97]"
6702,8426c03ffffffff,11,0,0,"[0, 255, 0, 100]","[97, 255, 97]"
6703,8426c07ffffffff,26,0,0,"[0, 255, 0, 100]","[97, 255, 97]"
6704,8426c11ffffffff,23,0,0,"[0, 255, 0, 100]","[97, 255, 97]"
6705,8426c19ffffffff,26,0,0,"[0, 255, 0, 100]","[97, 255, 97]"
6706,8426c1dffffffff,81,0,0,"[0, 255, 0, 100]","[97, 255, 97]"
6707,8426c23ffffffff,3,0,0,"[0, 255, 0, 100]","[97, 255, 97]"
6708,8426c33ffffffff,20,0,0,"[0, 255, 0, 100]","[97, 255, 97]"
6709,8426c43ffffffff,1,0,0,"[0, 255, 0, 100]","[97, 255, 97]"
6710,8426c4dffffffff,2,0,0,"[0, 255, 0, 100]","[97, 255, 97]"
6711,8426c81ffffffff,52,0,0,"[0, 255, 0, 100]","[97, 255, 97]"
6712,8426c83ffffffff,14,0,0,"[0, 255, 0, 100]","[97, 255, 97]"
6713,8426c85ffffffff,11,0,0,"[0, 255, 0, 100]","[97, 255, 97]"
6714,8426c87ffffffff,299,0,0,"[0, 255, 0, 100]","[97, 255, 97]"
6715,8426c8bffffffff,2,0,0,"[0, 255, 0, 100]","[97, 255, 97]"
6716,8426c93ffffffff,58,0,0,"[0, 255, 0, 100]","[97, 255, 97]"
6717,8426c99ffffffff,13,0,0,"[0, 255, 0, 100]","[97, 255, 97]"
6718,8426ca5ffffffff,11,0,0,"[0, 255, 0, 100]","[97, 255, 97]"
6719,8426ca9ffffffff,118,0,0,"[0, 255, 0, 100]","[97, 255, 97]"
6720,8426cabffffffff,20,0,0,"[0, 255, 0, 100]","[97, 255, 97]"
6721,8426cb3ffffffff,10,0,0,"[0, 255, 0, 100]","[97, 255, 97]"
6722,8426cbdffffffff,14,0,0,"[0, 255, 0, 100]","[97, 255, 97]"
6723,8426cd1ffffffff,1,0,0,"[0, 255, 0, 100]","[97, 255, 97]"
6724,8426cd3ffffffff,21,0,0,"[0, 255, 0, 100]","[97, 255, 97]"
6725,8426cdbffffffff,7,0,0,"[0, 255, 0, 100]","[97, 255, 97]"
6726,8426d03ffffffff,87,0,0,"[0, 255, 0, 100]","[97, 255, 97]"
6727,8426d0dffffffff,20,0,0,"[0, 255, 0, 100]","[97, 255, 97]"
6728,8426d15ffffffff,6,0,0,"[0, 255, 0, 100]","[97, 255, 97]"
6729,8426d1dffffffff,19,0,0,"[0, 255, 0, 100]","[97, 255, 97]"
6730,8426d2dffffffff,102,0,0,"[0, 255, 0, 100]","[97, 255, 97]"
6731,8426d39ffffffff,1,0,0,"[0, 255, 0, 100]","[97, 255, 97]"
6732,8426d49ffffffff,31,0,0,"[0, 255, 0, 100]","[97, 255, 97]"
6733,8426d93ffffffff,3,0,0,"[0, 255, 0, 100]","[97, 255, 97]"
6734,8426d99ffffffff,2,0,0,"[0, 255, 0, 100]","[97, 255, 97]"
6735,8426d9bffffffff,6,0,0,"[0, 255, 0, 100]","[97, 255, 97]"
6736,8426de7ffffffff,22,0,0,"[0, 255, 0, 100]","[97, 255, 97]"
6737,8426de9ffffffff,8,0,0,"[0, 255, 0, 100]","[97, 255, 97]"
6738,8426e09ffffffff,14,0,0,"[0, 255, 0, 100]","[97, 255, 97]"
6739,8426e19ffffffff,6,0,0,"[0, 255, 0, 100]","[97, 255, 97]"
6740,8426e1dffffffff,35,0,0,"[0, 255, 0, 100]","[97, 255, 97]"
6741,8426e39ffffffff,44,0,0,"[0, 255, 0, 100]","[97, 255, 97]"
6742,8426e3bffffffff,3,0,0,"[0, 255, 0, 100]","[97, 255, 97]"
6743,8426e3dffffffff,21,0,0,"[0, 255, 0, 100]","[97, 255, 97]"
6744,8426e41ffffffff,1,0,0,"[0, 255, 0, 100]","[97, 255, 97]"
6745,8426e43ffffffff,4,0,0,"[0, 255, 0, 100]","[97, 255, 97]"
6746,8426e45ffffffff,11,0,0,"[0, 255, 0, 100]","[97, 255, 97]"
6747,8426e47ffffffff,2,0,0,"[0, 255, 0, 100]","[97, 255, 97]"
6748,8426e8bffffffff,4,0,0,"[0, 255, 0, 100]","[97, 255, 97]"
6749,8426ea1ffffffff,1,0,0,"[0, 255, 0, 100]","[97, 255, 97]"
6750,8426ea3ffffffff,32,0,0,"[0, 255, 0, 100]","[97, 255, 97]"
6751,8426ea9ffffffff,6,0,0,"[0, 255, 0, 100]","[97, 255, 97]"
6752,8426eb7ffffffff,10,0,0,"[0, 255, 0, 100]","[97, 255, 97]"
6753,8426eb9ffffffff,3,0,0,"[0, 255, 0, 100]","[97, 255, 97]"
6754,8426ebdffffffff,9,0,0,"[0, 255, 0, 100]","[97, 255, 97]"
6755,8426ec1ffffffff,2,0,0,"[0, 255, 0, 100]","[97, 255, 97]"
6756,8426ec3ffffffff,2,0,0,"[0, 255, 0, 100]","[97, 255, 97]"
6757,8426ed5ffffffff,9,0,0,"[0, 255, 0, 100]","[97, 255, 97]"
6758,8426ed7ffffffff,1,0,0,"[0, 255, 0, 100]","[97, 255, 97]"
6759,8426ee1ffffffff,3,0,0,"[0, 255, 0, 100]","[97, 255, 97]"
6760,8426ee3ffffffff,1,0,0,"[0, 255, 0, 100]","[97, 255, 97]"
6761,8426ee9ffffffff,7,0,0,"[0, 255, 0, 100]","[97, 255, 97]"
6762,8426f07ffffffff,7,0,0,"[0, 255, 0, 100]","[97, 255, 97]"
6763,8426f27ffffffff,1,0,0,"[0, 255, 0, 100]","[97, 255, 97]"
6764,8426f2bffffffff,18,0,0,"[0, 255, 0, 100]","[97, 255, 97]"
6765,8426f3dffffffff,7,0,0,"[0, 255, 0, 100]","[97, 255, 97]"
6766,8426f4dffffffff,1,0,0,"[0, 255, 0, 100]","[97, 255, 97]"
6767,8426f55ffffffff,2,0,0,"[0, 255, 0, 100]","[97, 255, 97]"
6768,8427003ffffffff,1,0,0,"[0, 255, 0, 100]","[97, 255, 97]"
6769,8427013ffffffff,9,0,0,"[0, 255, 0, 100]","[97, 255, 97]"
6770,8427015ffffffff,54,0,0,"[0, 255, 0, 100]","[97, 255, 97]"
6771,8427017ffffffff,1,0,0,"[0, 255, 0, 100]","[97, 255, 97]"
6772,8427023ffffffff,1,0,0,"[0, 255, 0, 100]","[97, 255, 97]"
6773,842704bffffffff,6,0,0,"[0, 255, 0, 100]","[97, 255, 97]"
6774,8427051ffffffff,3,0,0,"[0, 255, 0, 100]","[97, 255, 97]"
6775,8427061ffffffff,10,0,0,"[0, 255, 0, 100]","[97, 255, 97]"
6776,8427069ffffffff,4,0,0,"[0, 255, 0, 100]","[97, 255, 97]"
6777,84270a1ffffffff,2,0,0,"[0, 255, 0, 100]","[97, 255, 97]"
6778,84270adffffffff,1,0,0,"[0, 255, 0, 100]","[97, 255, 97]"
6779,84270bdffffffff,1,0,0,"[0, 255, 0, 100]","[97, 255, 97]"
6780,84270e1ffffffff,29,0,0,"[0, 255, 0, 100]","[97, 255, 97]"
6781,84270edffffffff,74,0,0,"[0, 255, 0, 100]","[97, 255, 97]"
6782,842711bffffffff,2,0,0,"[0, 255, 0, 100]","[97, 255, 97]"
6783,8427121ffffffff,30,0,0,"[0, 255, 0, 100]","[97, 255, 97]"
6784,842712bffffffff,52,0,0,"[0, 255, 0, 100]","[97, 255, 97]"
6785,8427141ffffffff,13,0,0,"[0, 255, 0, 100]","[97, 255, 97]"
6786,8427149ffffffff,4,0,0,"[0, 255, 0, 100]","[97, 255, 97]"
6787,842714bffffffff,1,0,0,"[0, 255, 0, 100]","[97, 255, 97]"
6788,842714dffffffff,66,0,0,"[0, 255, 0, 100]","[97, 255, 97]"
6789,8427153ffffffff,5,0,0,"[0, 255, 0, 100]","[97, 255, 97]"
6790,842716dffffffff,1,0,0,"[0, 255, 0, 100]","[97, 255, 97]"
6791,8427199ffffffff,91,0,0,"[0, 255, 0, 100]","[97, 255, 97]"
6792,84271abffffffff,19,0,0,"[0, 255, 0, 100]","[97, 255, 97]"
6793,84271c3ffffffff,105,0,0,"[0, 255, 0, 100]","[97, 255, 97]"
6794,84271c7ffffffff,14,0,0,"[0, 255, 0, 100]","[97, 255, 97]"
6795,84271c9ffffffff,182,0,0,"[0, 255, 0, 100]","[97, 255, 97]"
6796,84271cbffffffff,11,0,0,"[0, 255, 0, 100]","[97, 255, 97]"
6797,84271cdffffffff,90,0,0,"[0, 255, 0, 100]","[97, 255, 97]"
6798,84271ddffffffff,6,0,0,"[0, 255, 0, 100]","[97, 255, 97]"
6799,8427221ffffffff,3,0,0,"[0, 255, 0, 100]","[97, 255, 97]"
6800,8427315ffffffff,2,0,0,"[0, 255, 0, 100]","[97, 255, 97]"
6801,8427345ffffffff,1,0,0,"[0, 255, 0, 100]","[97, 255, 97]"
6802,8427349ffffffff,1,0,0,"[0, 255, 0, 100]","[97, 255, 97]"
6803,842734dffffffff,4,0,0,"[0, 255, 0, 100]","[97, 255, 97]"
6804,842745bffffffff,4,0,0,"[0, 255, 0, 100]","[97, 255, 97]"
6805,8427483ffffffff,9,0,0,"[0, 255, 0, 100]","[97, 255, 97]"
6806,8427495ffffffff,7,0,0,"[0, 255, 0, 100]","[97, 255, 97]"
6807,84274b9ffffffff,6,0,0,"[0, 255, 0, 100]","[97, 255, 97]"
6808,84274d1ffffffff,25,0,0,"[0, 255, 0, 100]","[97, 255, 97]"
6809,84274d7ffffffff,16,0,0,"[0, 255, 0, 100]","[97, 255, 97]"
6810,84274ddffffffff,149,0,0,"[0, 255, 0, 100]","[97, 255, 97]"
6811,8427527ffffffff,63,0,0,"[0, 255, 0, 100]","[97, 255, 97]"
6812,8427587ffffffff,38,0,0,"[0, 255, 0, 100]","[97, 255, 97]"
6813,8427591ffffffff,250,0,0,"[0, 255, 0, 100]","[97, 255, 97]"
6814,8427593ffffffff,297,0,0,"[0, 255, 0, 100]","[97, 255, 97]"
6815,8427595ffffffff,32,0,0,"[0, 255, 0, 100]","[97, 255, 97]"
6816,8427597ffffffff,5,0,0,"[0, 255, 0, 100]","[97, 255, 97]"
6817,842759bffffffff,18,0,0,"[0, 255, 0, 100]","[97, 255, 97]"
6818,84275b9ffffffff,8,0,0,"[0, 255, 0, 100]","[97, 255, 97]"
6819,84275bbffffffff,14,0,0,"[0, 255, 0, 100]","[97, 255, 97]"
6820,84275bdffffffff,29,0,0,"[0, 255, 0, 100]","[97, 255, 97]"
6821,8427693ffffffff,51,0,0,"[0, 255, 0, 100]","[97, 255, 97]"
6822,84276d1ffffffff,36,0,0,"[0, 255, 0, 100]","[97, 255, 97]"
6823,84276d3ffffffff,11,0,0,"[0, 255, 0, 100]","[97, 255, 97]"
6824,84276d5ffffffff,58,0,0,"[0, 255, 0, 100]","[97, 255, 97]"
6825,8427801ffffffff,4,0,0,"[0, 255, 0, 100]","[97, 255, 97]"
6826,8427807ffffffff,1,0,0,"[0, 255, 0, 100]","[97, 255, 97]"
6827,8427825ffffffff,4,0,0,"[0, 255, 0, 100]","[97, 255, 97]"
6828,84278d5ffffffff,1,0,0,"[0, 255, 0, 100]","[97, 255, 97]"
6829,8427905ffffffff,19,0,0,"[0, 255, 0, 100]","[97, 255, 97]"
6830,8427909ffffffff,1,0,0,"[0, 255, 0, 100]","[97, 255, 97]"
6831,8427915ffffffff,14,0,0,"[0, 255, 0, 100]","[97, 255, 97]"
6832,8427921ffffffff,4,0,0,"[0, 255, 0, 100]","[97, 255, 97]"
6833,8427927ffffffff,9,0,0,"[0, 255, 0, 100]","[97, 255, 97]"
6834,8427929ffffffff,13,0,0,"[0, 255, 0, 100]","[97, 255, 97]"
6835,842792dffffffff,68,0,0,"[0, 255, 0, 100]","[97, 255, 97]"
6836,8427939ffffffff,1,0,0,"[0, 255, 0, 100]","[97, 255, 97]"
6837,8427953ffffffff,3,0,0,"[0, 255, 0, 100]","[97, 255, 97]"
6838,84279a9ffffffff,10,0,0,"[0, 255, 0, 100]","[97, 255, 97]"
6839,84279c3ffffffff,2,0,0,"[0, 255, 0, 100]","[97, 255, 97]"
6840,84279e3ffffffff,1,0,0,"[0, 255, 0, 100]","[97, 255, 97]"
6841,84279e7ffffffff,10,0,0,"[0, 255, 0, 100]","[97, 255, 97]"
6842,8427a01ffffffff,8,0,0,"[0, 255, 0, 100]","[97, 255, 97]"
6843,8427a05ffffffff,56,0,0,"[0, 255, 0, 100]","[97, 255, 97]"
6844,8427a4dffffffff,2,0,0,"[0, 255, 0, 100]","[97, 255, 97]"
6845,8427a59ffffffff,5,0,0,"[0, 255, 0, 100]","[97, 255, 97]"
6846,8427ad3ffffffff,4,0,0,"[0, 255, 0, 100]","[97, 255, 97]"
6847,8427ae5ffffffff,3,0,0,"[0, 255, 0, 100]","[97, 255, 97]"
6848,8427aedffffffff,8,0,0,"[0, 255, 0, 100]","[97, 255, 97]"
6849,8427b07ffffffff,1,0,0,"[0, 255, 0, 100]","[97, 255, 97]"
6850,8427b3bffffffff,1,0,0,"[0, 255, 0, 100]","[97, 255, 97]"
6851,8427b69ffffffff,4,0,0,"[0, 255, 0, 100]","[97, 255, 97]"
6852,8427b6dffffffff,1,0,0,"[0, 255, 0, 100]","[97, 255, 97]"
6853,8428005ffffffff,4,0,0,"[0, 255, 0, 100]","[97, 255, 97]"
6854,8428023ffffffff,4,0,0,"[0, 255, 0, 100]","[97, 255, 97]"
6855,8428029ffffffff,13,0,0,"[0, 255, 0, 100]","[97, 255, 97]"
6856,842802bffffffff,23,0,0,"[0, 255, 0, 100]","[97, 255, 97]"
6857,842802dffffffff,13,0,0,"[0, 255, 0, 100]","[97, 255, 97]"
6858,842803dffffffff,6,0,0,"[0, 255, 0, 100]","[97, 255, 97]"
6859,8428049ffffffff,50,0,0,"[0, 255, 0, 100]","[97, 255, 97]"
6860,842804bffffffff,112,0,0,"[0, 255, 0, 100]","[97, 255, 97]"
6861,842805dffffffff,68,0,0,"[0, 255, 0, 100]","[97, 255, 97]"
6862,8428061ffffffff,9,0,0,"[0, 255, 0, 100]","[97, 255, 97]"
6863,8428065ffffffff,49,0,0,"[0, 255, 0, 100]","[97, 255, 97]"
6864,8428067ffffffff,72,0,0,"[0, 255, 0, 100]","[97, 255, 97]"
6865,842806dffffffff,2,0,0,"[0, 255, 0, 100]","[97, 255, 97]"
6866,8428097ffffffff,23,0,0,"[0, 255, 0, 100]","[97, 255, 97]"
6867,84280a3ffffffff,6,0,0,"[0, 255, 0, 100]","[97, 255, 97]"
6868,84280a7ffffffff,14,0,0,"[0, 255, 0, 100]","[97, 255, 97]"
6869,84280bbffffffff,7,0,0,"[0, 255, 0, 100]","[97, 255, 97]"
6870,84280e9ffffffff,4,0,0,"[0, 255, 0, 100]","[97, 255, 97]"
6871,8428101ffffffff,159,0,0,"[0, 255, 0, 100]","[97, 255, 97]"
6872,8428103ffffffff,30,0,0,"[0, 255, 0, 100]","[97, 255, 97]"
6873,8428105ffffffff,22,0,0,"[0, 255, 0, 100]","[97, 255, 97]"
6874,8428107ffffffff,56,0,0,"[0, 255, 0, 100]","[97, 255, 97]"
6875,8428109ffffffff,54,0,0,"[0, 255, 0, 100]","[97, 255, 97]"
6876,8428111ffffffff,48,0,0,"[0, 255, 0, 100]","[97, 255, 97]"
6877,8428113ffffffff,23,0,0,"[0, 255, 0, 100]","[97, 255, 97]"
6878,8428115ffffffff,28,0,0,"[0, 255, 0, 100]","[97, 255, 97]"
6879,8428117ffffffff,19,0,0,"[0, 255, 0, 100]","[97, 255, 97]"
6880,842811bffffffff,5,0,0,"[0, 255, 0, 100]","[97, 255, 97]"
6881,8428121ffffffff,7,0,0,"[0, 255, 0, 100]","[97, 255, 97]"
6882,8428129ffffffff,3,0,0,"[0, 255, 0, 100]","[97, 255, 97]"
6883,8428131ffffffff,4,0,0,"[0, 255, 0, 100]","[97, 255, 97]"
6884,8428133ffffffff,14,0,0,"[0, 255, 0, 100]","[97, 255, 97]"
6885,8428137ffffffff,38,0,0,"[0, 255, 0, 100]","[97, 255, 97]"
6886,8428139ffffffff,7,0,0,"[0, 255, 0, 100]","[97, 255, 97]"
6887,842813bffffffff,39,0,0,"[0, 255, 0, 100]","[97, 255, 97]"
6888,842813dffffffff,12,0,0,"[0, 255, 0, 100]","[97, 255, 97]"
6889,8428147ffffffff,2,0,0,"[0, 255, 0, 100]","[97, 255, 97]"
6890,8428149ffffffff,10,0,0,"[0, 255, 0, 100]","[97, 255, 97]"
6891,842814bffffffff,99,0,0,"[0, 255, 0, 100]","[97, 255, 97]"
6892,8428151ffffffff,7,0,0,"[0, 255, 0, 100]","[97, 255, 97]"
6893,842815bffffffff,18,0,0,"[0, 255, 0, 100]","[97, 255, 97]"
6894,8428161ffffffff,2,0,0,"[0, 255, 0, 100]","[97, 255, 97]"
6895,8428163ffffffff,30,0,0,"[0, 255, 0, 100]","[97, 255, 97]"
6896,8428167ffffffff,5,0,0,"[0, 255, 0, 100]","[97, 255, 97]"
6897,8428169ffffffff,20,0,0,"[0, 255, 0, 100]","[97, 255, 97]"
6898,842816bffffffff,3,0,0,"[0, 255, 0, 100]","[97, 255, 97]"
6899,842816dffffffff,1,0,0,"[0, 255, 0, 100]","[97, 255, 97]"
6900,8428185ffffffff,12,0,0,"[0, 255, 0, 100]","[97, 255, 97]"
6901,84281a3ffffffff,37,0,0,"[0, 255, 0, 100]","[97, 255, 97]"
6902,84281a5ffffffff,15,0,0,"[0, 255, 0, 100]","[97, 255, 97]"
6903,84281a7ffffffff,9,0,0,"[0, 255, 0, 100]","[97, 255, 97]"
6904,84281abffffffff,44,0,0,"[0, 255, 0, 100]","[97, 255, 97]"
6905,84281b5ffffffff,162,0,0,"[0, 255, 0, 100]","[97, 255, 97]"
6906,84281c5ffffffff,3,0,0,"[0, 255, 0, 100]","[97, 255, 97]"
6907,84281e3ffffffff,17,0,0,"[0, 255, 0, 100]","[97, 255, 97]"
6908,84281e5ffffffff,11,0,0,"[0, 255, 0, 100]","[97, 255, 97]"
6909,84281e9ffffffff,18,0,0,"[0, 255, 0, 100]","[97, 255, 97]"
6910,84281ebffffffff,91,0,0,"[0, 255, 0, 100]","[97, 255, 97]"
6911,8428207ffffffff,1,0,0,"[0, 255, 0, 100]","[97, 255, 97]"
6912,8428221ffffffff,10,0,0,"[0, 255, 0, 100]","[97, 255, 97]"
6913,8428229ffffffff,39,0,0,"[0, 255, 0, 100]","[97, 255, 97]"
6914,842822bffffffff,53,0,0,"[0, 255, 0, 100]","[97, 255, 97]"
6915,842822dffffffff,28,0,0,"[0, 255, 0, 100]","[97, 255, 97]"
6916,8428247ffffffff,1,0,0,"[0, 255, 0, 100]","[97, 255, 97]"
6917,8428269ffffffff,21,0,0,"[0, 255, 0, 100]","[97, 255, 97]"
6918,84282d1ffffffff,3,0,0,"[0, 255, 0, 100]","[97, 255, 97]"
6919,84282d9ffffffff,109,0,0,"[0, 255, 0, 100]","[97, 255, 97]"
6920,84282ddffffffff,18,0,0,"[0, 255, 0, 100]","[97, 255, 97]"
6921,8428301ffffffff,12,0,0,"[0, 255, 0, 100]","[97, 255, 97]"
6922,8428303ffffffff,97,1,0.010309278,"[255, 0, 0, 100]","[255, 0, 0]"
6923,8428305ffffffff,22,0,0,"[0, 255, 0, 100]","[97, 255, 97]"
6924,8428307ffffffff,11,0,0,"[0, 255, 0, 100]","[97, 255, 97]"
6925,8428309ffffffff,2121,4,0.001885903,"[255, 0, 0, 100]","[255, 0, 0]"
6926,842830bffffffff,66,0,0,"[0, 255, 0, 100]","[97, 255, 97]"
6927,842830dffffffff,401,60,0.149625935,"[255, 0, 0, 100]","[255, 0, 0]"
6928,8428315ffffffff,18,0,0,"[0, 255, 0, 100]","[97, 255, 97]"
6929,842831dffffffff,47,0,0,"[0, 255, 0, 100]","[97, 255, 97]"
6930,8428321ffffffff,55,0,0,"[0, 255, 0, 100]","[97, 255, 97]"
6931,8428323ffffffff,228,0,0,"[0, 255, 0, 100]","[97, 255, 97]"
6932,8428325ffffffff,91,0,0,"[0, 255, 0, 100]","[97, 255, 97]"
6933,8428327ffffffff,11,0,0,"[0, 255, 0, 100]","[97, 255, 97]"
6934,8428329ffffffff,184,0,0,"[0, 255, 0, 100]","[97, 255, 97]"
6935,842832bffffffff,169,0,0,"[0, 255, 0, 100]","[97, 255, 97]"
6936,842832dffffffff,15,0,0,"[0, 255, 0, 100]","[97, 255, 97]"
6937,8428335ffffffff,60,0,0,"[0, 255, 0, 100]","[97, 255, 97]"
6938,8428337ffffffff,7,0,0,"[0, 255, 0, 100]","[97, 255, 97]"
6939,8428339ffffffff,8,0,0,"[0, 255, 0, 100]","[97, 255, 97]"
6940,8428341ffffffff,1,0,0,"[0, 255, 0, 100]","[97, 255, 97]"
6941,8428343ffffffff,685,17,0.024817518,"[255, 0, 0, 100]","[255, 0, 0]"
6942,8428345ffffffff,39,0,0,"[0, 255, 0, 100]","[97, 255, 97]"
6943,8428347ffffffff,1120,0,0,"[0, 255, 0, 100]","[97, 255, 97]"
6944,8428349ffffffff,14,0,0,"[0, 255, 0, 100]","[97, 255, 97]"
6945,842834dffffffff,13,0,0,"[0, 255, 0, 100]","[97, 255, 97]"
6946,8428351ffffffff,9,0,0,"[0, 255, 0, 100]","[97, 255, 97]"
6947,8428353ffffffff,1,0,0,"[0, 255, 0, 100]","[97, 255, 97]"
6948,8428359ffffffff,28,0,0,"[0, 255, 0, 100]","[97, 255, 97]"
6949,842835bffffffff,8,0,0,"[0, 255, 0, 100]","[97, 255, 97]"
6950,842835dffffffff,13,0,0,"[0, 255, 0, 100]","[97, 255, 97]"
6951,8428361ffffffff,290,0,0,"[0, 255, 0, 100]","[97, 255, 97]"
6952,8428363ffffffff,143,0,0,"[0, 255, 0, 100]","[97, 255, 97]"
6953,8428365ffffffff,60,0,0,"[0, 255, 0, 100]","[97, 255, 97]"
6954,8428367ffffffff,10,0,0,"[0, 255, 0, 100]","[97, 255, 97]"
6955,8428369ffffffff,15,0,0,"[0, 255, 0, 100]","[97, 255, 97]"
6956,842836bffffffff,221,1,0.004524887,"[255, 0, 0, 100]","[255, 0, 0]"
6957,8428451ffffffff,5,0,0,"[0, 255, 0, 100]","[97, 255, 97]"
6958,842845bffffffff,123,0,0,"[0, 255, 0, 100]","[97, 255, 97]"
6959,8428461ffffffff,110,0,0,"[0, 255, 0, 100]","[97, 255, 97]"
6960,8428465ffffffff,135,0,0,"[0, 255, 0, 100]","[97, 255, 97]"
6961,8428467ffffffff,33,0,0,"[0, 255, 0, 100]","[97, 255, 97]"
6962,842846dffffffff,21,0,0,"[0, 255, 0, 100]","[97, 255, 97]"
6963,8428503ffffffff,3,0,0,"[0, 255, 0, 100]","[97, 255, 97]"
6964,8428517ffffffff,20,0,0,"[0, 255, 0, 100]","[97, 255, 97]"
6965,8428519ffffffff,1,0,0,"[0, 255, 0, 100]","[97, 255, 97]"
6966,842851dffffffff,10,0,0,"[0, 255, 0, 100]","[97, 255, 97]"
6967,8428525ffffffff,10,0,0,"[0, 255, 0, 100]","[97, 255, 97]"
6968,842853bffffffff,9,0,0,"[0, 255, 0, 100]","[97, 255, 97]"
6969,8428551ffffffff,319,0,0,"[0, 255, 0, 100]","[97, 255, 97]"
6970,8428555ffffffff,37,0,0,"[0, 255, 0, 100]","[97, 255, 97]"
6971,8428559ffffffff,118,0,0,"[0, 255, 0, 100]","[97, 255, 97]"
6972,842855bffffffff,209,0,0,"[0, 255, 0, 100]","[97, 255, 97]"
6973,842855dffffffff,25,0,0,"[0, 255, 0, 100]","[97, 255, 97]"
6974,8428561ffffffff,32,0,0,"[0, 255, 0, 100]","[97, 255, 97]"
6975,8428563ffffffff,3,0,0,"[0, 255, 0, 100]","[97, 255, 97]"
6976,8428569ffffffff,5,0,0,"[0, 255, 0, 100]","[97, 255, 97]"
6977,842856dffffffff,29,0,0,"[0, 255, 0, 100]","[97, 255, 97]"
6978,8428583ffffffff,42,0,0,"[0, 255, 0, 100]","[97, 255, 97]"
6979,8428595ffffffff,163,0,0,"[0, 255, 0, 100]","[97, 255, 97]"
6980,8428597ffffffff,111,0,0,"[0, 255, 0, 100]","[97, 255, 97]"
6981,84285e9ffffffff,58,0,0,"[0, 255, 0, 100]","[97, 255, 97]"
6982,84285ebffffffff,8,0,0,"[0, 255, 0, 100]","[97, 255, 97]"
6983,84285edffffffff,3,0,0,"[0, 255, 0, 100]","[97, 255, 97]"
6984,8428621ffffffff,186,0,0,"[0, 255, 0, 100]","[97, 255, 97]"
6985,8428625ffffffff,293,0,0,"[0, 255, 0, 100]","[97, 255, 97]"
6986,8428629ffffffff,82,0,0,"[0, 255, 0, 100]","[97, 255, 97]"
6987,842862bffffffff,12,0,0,"[0, 255, 0, 100]","[97, 255, 97]"
6988,842865bffffffff,38,0,0,"[0, 255, 0, 100]","[97, 255, 97]"
6989,8428685ffffffff,15,0,0,"[0, 255, 0, 100]","[97, 255, 97]"
6990,8428687ffffffff,9,0,0,"[0, 255, 0, 100]","[97, 255, 97]"
6991,84286a9ffffffff,41,0,0,"[0, 255, 0, 100]","[97, 255, 97]"
6992,84286c3ffffffff,100,0,0,"[0, 255, 0, 100]","[97, 255, 97]"
6993,84286c7ffffffff,11,0,0,"[0, 255, 0, 100]","[97, 255, 97]"
6994,84286d1ffffffff,35,0,0,"[0, 255, 0, 100]","[97, 255, 97]"
6995,84286d5ffffffff,105,0,0,"[0, 255, 0, 100]","[97, 255, 97]"
6996,84286ddffffffff,45,0,0,"[0, 255, 0, 100]","[97, 255, 97]"
6997,84286e1ffffffff,36,0,0,"[0, 255, 0, 100]","[97, 255, 97]"
6998,84286e3ffffffff,142,0,0,"[0, 255, 0, 100]","[97, 255, 97]"
6999,84286e7ffffffff,250,0,0,"[0, 255, 0, 100]","[97, 255, 97]"
7000,84286ebffffffff,164,0,0,"[0, 255, 0, 100]","[97, 255, 97]"
7001,8428719ffffffff,89,0,0,"[0, 255, 0, 100]","[97, 255, 97]"
7002,8428733ffffffff,139,0,0,"[0, 255, 0, 100]","[97, 255, 97]"
7003,8428803ffffffff,4,0,0,"[0, 255, 0, 100]","[97, 255, 97]"
7004,8428805ffffffff,8,0,0,"[0, 255, 0, 100]","[97, 255, 97]"
7005,8428807ffffffff,13,0,0,"[0, 255, 0, 100]","[97, 255, 97]"
7006,8428811ffffffff,11,0,0,"[0, 255, 0, 100]","[97, 255, 97]"
7007,8428813ffffffff,1,0,0,"[0, 255, 0, 100]","[97, 255, 97]"
7008,8428817ffffffff,29,0,0,"[0, 255, 0, 100]","[97, 255, 97]"
7009,842881bffffffff,1,0,0,"[0, 255, 0, 100]","[97, 255, 97]"
7010,8428841ffffffff,10,0,0,"[0, 255, 0, 100]","[97, 255, 97]"
7011,8428843ffffffff,60,0,0,"[0, 255, 0, 100]","[97, 255, 97]"
7012,842884bffffffff,4,0,0,"[0, 255, 0, 100]","[97, 255, 97]"
7013,8428851ffffffff,2,0,0,"[0, 255, 0, 100]","[97, 255, 97]"
7014,8428855ffffffff,12,0,0,"[0, 255, 0, 100]","[97, 255, 97]"
7015,8428859ffffffff,6,0,0,"[0, 255, 0, 100]","[97, 255, 97]"
7016,842885dffffffff,1,0,0,"[0, 255, 0, 100]","[97, 255, 97]"
7017,8428867ffffffff,5,0,0,"[0, 255, 0, 100]","[97, 255, 97]"
7018,8428881ffffffff,9,0,0,"[0, 255, 0, 100]","[97, 255, 97]"
7019,8428887ffffffff,57,0,0,"[0, 255, 0, 100]","[97, 255, 97]"
7020,842888bffffffff,89,0,0,"[0, 255, 0, 100]","[97, 255, 97]"
7021,842888dffffffff,28,0,0,"[0, 255, 0, 100]","[97, 255, 97]"
7022,8428891ffffffff,30,0,0,"[0, 255, 0, 100]","[97, 255, 97]"
7023,8428893ffffffff,19,0,0,"[0, 255, 0, 100]","[97, 255, 97]"
7024,8428899ffffffff,104,0,0,"[0, 255, 0, 100]","[97, 255, 97]"
7025,842889bffffffff,167,0,0,"[0, 255, 0, 100]","[97, 255, 97]"
7026,842889dffffffff,8,0,0,"[0, 255, 0, 100]","[97, 255, 97]"
7027,84288adffffffff,20,0,0,"[0, 255, 0, 100]","[97, 255, 97]"
7028,84288b1ffffffff,3,0,0,"[0, 255, 0, 100]","[97, 255, 97]"
7029,84288b3ffffffff,3,0,0,"[0, 255, 0, 100]","[97, 255, 97]"
7030,84288b5ffffffff,6,0,0,"[0, 255, 0, 100]","[97, 255, 97]"
7031,84288b7ffffffff,34,0,0,"[0, 255, 0, 100]","[97, 255, 97]"
7032,84288b9ffffffff,21,0,0,"[0, 255, 0, 100]","[97, 255, 97]"
7033,84288bbffffffff,13,0,0,"[0, 255, 0, 100]","[97, 255, 97]"
7034,84288c3ffffffff,23,0,0,"[0, 255, 0, 100]","[97, 255, 97]"
7035,84288c7ffffffff,15,0,0,"[0, 255, 0, 100]","[97, 255, 97]"
7036,84288d3ffffffff,2,0,0,"[0, 255, 0, 100]","[97, 255, 97]"
7037,84288d5ffffffff,50,0,0,"[0, 255, 0, 100]","[97, 255, 97]"
7038,84288d7ffffffff,22,0,0,"[0, 255, 0, 100]","[97, 255, 97]"
7039,84288d9ffffffff,21,0,0,"[0, 255, 0, 100]","[97, 255, 97]"
7040,84288dbffffffff,8,0,0,"[0, 255, 0, 100]","[97, 255, 97]"
7041,84288ddffffffff,5,0,0,"[0, 255, 0, 100]","[97, 255, 97]"
7042,842890dffffffff,4,0,0,"[0, 255, 0, 100]","[97, 255, 97]"
7043,8428919ffffffff,15,0,0,"[0, 255, 0, 100]","[97, 255, 97]"
7044,8428923ffffffff,39,0,0,"[0, 255, 0, 100]","[97, 255, 97]"
7045,8428937ffffffff,6,0,0,"[0, 255, 0, 100]","[97, 255, 97]"
7046,842896bffffffff,5,0,0,"[0, 255, 0, 100]","[97, 255, 97]"
7047,8428985ffffffff,5,0,0,"[0, 255, 0, 100]","[97, 255, 97]"
7048,842898dffffffff,16,0,0,"[0, 255, 0, 100]","[97, 255, 97]"
7049,8428993ffffffff,10,0,0,"[0, 255, 0, 100]","[97, 255, 97]"
7050,8428995ffffffff,23,0,0,"[0, 255, 0, 100]","[97, 255, 97]"
7051,8428999ffffffff,6,0,0,"[0, 255, 0, 100]","[97, 255, 97]"
7052,842899bffffffff,3,0,0,"[0, 255, 0, 100]","[97, 255, 97]"
7053,84289a9ffffffff,1,0,0,"[0, 255, 0, 100]","[97, 255, 97]"
7054,84289adffffffff,21,0,0,"[0, 255, 0, 100]","[97, 255, 97]"
7055,84289b5ffffffff,1,0,0,"[0, 255, 0, 100]","[97, 255, 97]"
7056,84289b7ffffffff,25,0,0,"[0, 255, 0, 100]","[97, 255, 97]"
7057,84289c5ffffffff,5,0,0,"[0, 255, 0, 100]","[97, 255, 97]"
7058,84289d1ffffffff,1,0,0,"[0, 255, 0, 100]","[97, 255, 97]"
7059,84289d7ffffffff,2,0,0,"[0, 255, 0, 100]","[97, 255, 97]"
7060,84289d9ffffffff,1,0,0,"[0, 255, 0, 100]","[97, 255, 97]"
7061,84289dbffffffff,50,0,0,"[0, 255, 0, 100]","[97, 255, 97]"
7062,84289ebffffffff,4,0,0,"[0, 255, 0, 100]","[97, 255, 97]"
7063,8428a1dffffffff,3,0,0,"[0, 255, 0, 100]","[97, 255, 97]"
7064,8428a31ffffffff,11,0,0,"[0, 255, 0, 100]","[97, 255, 97]"
7065,8428a35ffffffff,1,0,0,"[0, 255, 0, 100]","[97, 255, 97]"
7066,8428a37ffffffff,1,0,0,"[0, 255, 0, 100]","[97, 255, 97]"
7067,8428a47ffffffff,2,0,0,"[0, 255, 0, 100]","[97, 255, 97]"
7068,8428a4dffffffff,3,0,0,"[0, 255, 0, 100]","[97, 255, 97]"
7069,8428a5bffffffff,6,0,0,"[0, 255, 0, 100]","[97, 255, 97]"
7070,8428a91ffffffff,144,0,0,"[0, 255, 0, 100]","[97, 255, 97]"
7071,8428a93ffffffff,57,0,0,"[0, 255, 0, 100]","[97, 255, 97]"
7072,8428a97ffffffff,18,0,0,"[0, 255, 0, 100]","[97, 255, 97]"
7073,8428a99ffffffff,19,0,0,"[0, 255, 0, 100]","[97, 255, 97]"
7074,8428a9bffffffff,8,0,0,"[0, 255, 0, 100]","[97, 255, 97]"
7075,8428a9dffffffff,13,0,0,"[0, 255, 0, 100]","[97, 255, 97]"
7076,8428aa1ffffffff,3,0,0,"[0, 255, 0, 100]","[97, 255, 97]"
7077,8428aa3ffffffff,4,0,0,"[0, 255, 0, 100]","[97, 255, 97]"
7078,8428acbffffffff,1,0,0,"[0, 255, 0, 100]","[97, 255, 97]"
7079,8428ad5ffffffff,73,0,0,"[0, 255, 0, 100]","[97, 255, 97]"
7080,8428ad7ffffffff,12,0,0,"[0, 255, 0, 100]","[97, 255, 97]"
7081,8428addffffffff,59,0,0,"[0, 255, 0, 100]","[97, 255, 97]"
7082,8428ae1ffffffff,7,0,0,"[0, 255, 0, 100]","[97, 255, 97]"
7083,8428ae3ffffffff,48,0,0,"[0, 255, 0, 100]","[97, 255, 97]"
7084,8428ae7ffffffff,4,0,0,"[0, 255, 0, 100]","[97, 255, 97]"
7085,8428ae9ffffffff,7,0,0,"[0, 255, 0, 100]","[97, 255, 97]"
7086,8428aebffffffff,2,0,0,"[0, 255, 0, 100]","[97, 255, 97]"
7087,8428aedffffffff,9,0,0,"[0, 255, 0, 100]","[97, 255, 97]"
7088,8428b07ffffffff,5,0,0,"[0, 255, 0, 100]","[97, 255, 97]"
7089,8428b17ffffffff,6,0,0,"[0, 255, 0, 100]","[97, 255, 97]"
7090,8428b35ffffffff,2,0,0,"[0, 255, 0, 100]","[97, 255, 97]"
7091,8428b37ffffffff,1,0,0,"[0, 255, 0, 100]","[97, 255, 97]"
7092,8428b39ffffffff,6,0,0,"[0, 255, 0, 100]","[97, 255, 97]"
7093,8428b3bffffffff,5,0,0,"[0, 255, 0, 100]","[97, 255, 97]"
7094,8428b59ffffffff,2,0,0,"[0, 255, 0, 100]","[97, 255, 97]"
7095,8428b5dffffffff,14,0,0,"[0, 255, 0, 100]","[97, 255, 97]"
7096,8428b69ffffffff,4,0,0,"[0, 255, 0, 100]","[97, 255, 97]"
7097,8428c25ffffffff,142,3,0.021126761,"[255, 0, 0, 100]","[255, 0, 0]"
7098,8428c27ffffffff,12,0,0,"[0, 255, 0, 100]","[97, 255, 97]"
7099,8428c35ffffffff,26,0,0,"[0, 255, 0, 100]","[97, 255, 97]"
7100,8428c41ffffffff,28,0,0,"[0, 255, 0, 100]","[97, 255, 97]"
7101,8428c4bffffffff,43,0,0,"[0, 255, 0, 100]","[97, 255, 97]"
7102,8428c61ffffffff,14,0,0,"[0, 255, 0, 100]","[97, 255, 97]"
7103,8428c65ffffffff,2,0,0,"[0, 255, 0, 100]","[97, 255, 97]"
7104,8428c69ffffffff,8,0,0,"[0, 255, 0, 100]","[97, 255, 97]"
7105,8428c6dffffffff,116,0,0,"[0, 255, 0, 100]","[97, 255, 97]"
7106,8428d01ffffffff,39,0,0,"[0, 255, 0, 100]","[97, 255, 97]"
7107,8428d03ffffffff,4,0,0,"[0, 255, 0, 100]","[97, 255, 97]"
7108,8428d07ffffffff,112,0,0,"[0, 255, 0, 100]","[97, 255, 97]"
7109,8428d09ffffffff,46,0,0,"[0, 255, 0, 100]","[97, 255, 97]"
7110,8428d0bffffffff,4951,147,0.029690972,"[255, 0, 0, 100]","[255, 0, 0]"
7111,8428d0dffffffff,91,0,0,"[0, 255, 0, 100]","[97, 255, 97]"
7112,8428d11ffffffff,255,7,0.02745098,"[255, 0, 0, 100]","[255, 0, 0]"
7113,8428d13ffffffff,187,0,0,"[0, 255, 0, 100]","[97, 255, 97]"
7114,8428d15ffffffff,159,0,0,"[0, 255, 0, 100]","[97, 255, 97]"
7115,8428d17ffffffff,167,0,0,"[0, 255, 0, 100]","[97, 255, 97]"
7116,8428d19ffffffff,14,0,0,"[0, 255, 0, 100]","[97, 255, 97]"
7117,8428d1bffffffff,102,0,0,"[0, 255, 0, 100]","[97, 255, 97]"
7118,8428d1dffffffff,80,0,0,"[0, 255, 0, 100]","[97, 255, 97]"
7119,8428d27ffffffff,25,0,0,"[0, 255, 0, 100]","[97, 255, 97]"
7120,8428d29ffffffff,24,0,0,"[0, 255, 0, 100]","[97, 255, 97]"
7121,8428d2dffffffff,166,0,0,"[0, 255, 0, 100]","[97, 255, 97]"
7122,8428d31ffffffff,28,0,0,"[0, 255, 0, 100]","[97, 255, 97]"
7123,8428d33ffffffff,40,0,0,"[0, 255, 0, 100]","[97, 255, 97]"
7124,8428d37ffffffff,78,0,0,"[0, 255, 0, 100]","[97, 255, 97]"
7125,8428d3bffffffff,73,0,0,"[0, 255, 0, 100]","[97, 255, 97]"
7126,8428d41ffffffff,3,0,0,"[0, 255, 0, 100]","[97, 255, 97]"
7127,8428d43ffffffff,161,0,0,"[0, 255, 0, 100]","[97, 255, 97]"
7128,8428d47ffffffff,95,0,0,"[0, 255, 0, 100]","[97, 255, 97]"
7129,8428d49ffffffff,59,0,0,"[0, 255, 0, 100]","[97, 255, 97]"
7130,8428d4bffffffff,196,0,0,"[0, 255, 0, 100]","[97, 255, 97]"
7131,8428d51ffffffff,643,222,0.34525661,"[0, 255, 0, 100]","[97, 255, 97]"
7132,8428d53ffffffff,16,0,0,"[0, 255, 0, 100]","[97, 255, 97]"
7133,8428d55ffffffff,1365,0,0,"[0, 255, 0, 100]","[97, 255, 97]"
7134,8428d57ffffffff,221,0,0,"[0, 255, 0, 100]","[97, 255, 97]"
7135,8428d59ffffffff,285,0,0,"[0, 255, 0, 100]","[97, 255, 97]"
7136,8428d5dffffffff,2969,0,0,"[0, 255, 0, 100]","[97, 255, 97]"
7137,8428d61ffffffff,13,0,0,"[0, 255, 0, 100]","[97, 255, 97]"
7138,8428d65ffffffff,60,0,0,"[0, 255, 0, 100]","[97, 255, 97]"
7139,8428d67ffffffff,38,0,0,"[0, 255, 0, 100]","[97, 255, 97]"
7140,8428d69ffffffff,13,0,0,"[0, 255, 0, 100]","[97, 255, 97]"
7141,8428d6bffffffff,3,0,0,"[0, 255, 0, 100]","[97, 255, 97]"
7142,8428d6dffffffff,46,0,0,"[0, 255, 0, 100]","[97, 255, 97]"
7143,8428d81ffffffff,6,0,0,"[0, 255, 0, 100]","[97, 255, 97]"
7144,8428d83ffffffff,15,0,0,"[0, 255, 0, 100]","[97, 255, 97]"
7145,8428d85ffffffff,57,0,0,"[0, 255, 0, 100]","[97, 255, 97]"
7146,8428d89ffffffff,174,0,0,"[0, 255, 0, 100]","[97, 255, 97]"
7147,8428d8bffffffff,20,0,0,"[0, 255, 0, 100]","[97, 255, 97]"
7148,8428d8dffffffff,8,0,0,"[0, 255, 0, 100]","[97, 255, 97]"
7149,8428d93ffffffff,11,0,0,"[0, 255, 0, 100]","[97, 255, 97]"
7150,8428d97ffffffff,27,0,0,"[0, 255, 0, 100]","[97, 255, 97]"
7151,8428d99ffffffff,198,0,0,"[0, 255, 0, 100]","[97, 255, 97]"
7152,8428da7ffffffff,29,0,0,"[0, 255, 0, 100]","[97, 255, 97]"
7153,8428dabffffffff,34,0,0,"[0, 255, 0, 100]","[97, 255, 97]"
7154,8428dadffffffff,48,0,0,"[0, 255, 0, 100]","[97, 255, 97]"
7155,8428dbdffffffff,2,0,0,"[0, 255, 0, 100]","[97, 255, 97]"
7156,8428dc1ffffffff,11,0,0,"[0, 255, 0, 100]","[97, 255, 97]"
7157,8428dc3ffffffff,12,0,0,"[0, 255, 0, 100]","[97, 255, 97]"
7158,8428dc5ffffffff,71,0,0,"[0, 255, 0, 100]","[97, 255, 97]"
7159,8428dc7ffffffff,11,0,0,"[0, 255, 0, 100]","[97, 255, 97]"
7160,8428dcbffffffff,138,0,0,"[0, 255, 0, 100]","[97, 255, 97]"
7161,8428dd5ffffffff,20,0,0,"[0, 255, 0, 100]","[97, 255, 97]"
7162,8428dd7ffffffff,186,0,0,"[0, 255, 0, 100]","[97, 255, 97]"
7163,8428dddffffffff,3,0,0,"[0, 255, 0, 100]","[97, 255, 97]"
7164,8428de1ffffffff,9,0,0,"[0, 255, 0, 100]","[97, 255, 97]"
7165,8428de3ffffffff,12,0,0,"[0, 255, 0, 100]","[97, 255, 97]"
7166,8428de5ffffffff,49,0,0,"[0, 255, 0, 100]","[97, 255, 97]"
7167,8428de7ffffffff,13,0,0,"[0, 255, 0, 100]","[97, 255, 97]"
7168,8428de9ffffffff,2409,0,0,"[0, 255, 0, 100]","[97, 255, 97]"
7169,8428debffffffff,229,0,0,"[0, 255, 0, 100]","[97, 255, 97]"
7170,8428dedffffffff,174,0,0,"[0, 255, 0, 100]","[97, 255, 97]"
7171,8428e11ffffffff,62,0,0,"[0, 255, 0, 100]","[97, 255, 97]"
7172,8428e19ffffffff,23,0,0,"[0, 255, 0, 100]","[97, 255, 97]"
7173,8428e31ffffffff,21,0,0,"[0, 255, 0, 100]","[97, 255, 97]"
7174,8428e35ffffffff,9,0,0,"[0, 255, 0, 100]","[97, 255, 97]"
7175,8428e41ffffffff,16,0,0,"[0, 255, 0, 100]","[97, 255, 97]"
7176,8428e49ffffffff,195,0,0,"[0, 255, 0, 100]","[97, 255, 97]"
7177,8428e4bffffffff,90,0,0,"[0, 255, 0, 100]","[97, 255, 97]"
7178,8428f01ffffffff,1721,0,0,"[0, 255, 0, 100]","[97, 255, 97]"
7179,8428f03ffffffff,575,11,0.019130435,"[255, 0, 0, 100]","[255, 0, 0]"
7180,8428f05ffffffff,47,0,0,"[0, 255, 0, 100]","[97, 255, 97]"
7181,8428f07ffffffff,284,0,0,"[0, 255, 0, 100]","[97, 255, 97]"
7182,8428f09ffffffff,237,0,0,"[0, 255, 0, 100]","[97, 255, 97]"
7183,8428f0bffffffff,115,0,0,"[0, 255, 0, 100]","[97, 255, 97]"
7184,8428f0dffffffff,175,0,0,"[0, 255, 0, 100]","[97, 255, 97]"
7185,8428f15ffffffff,4,0,0,"[0, 255, 0, 100]","[97, 255, 97]"
7186,8428f17ffffffff,22,0,0,"[0, 255, 0, 100]","[97, 255, 97]"
7187,8428f23ffffffff,5,0,0,"[0, 255, 0, 100]","[97, 255, 97]"
7188,8428f27ffffffff,4,0,0,"[0, 255, 0, 100]","[97, 255, 97]"
7189,8428f29ffffffff,7,0,0,"[0, 255, 0, 100]","[97, 255, 97]"
7190,8428f2bffffffff,13,0,0,"[0, 255, 0, 100]","[97, 255, 97]"
7191,8428f2dffffffff,15,0,0,"[0, 255, 0, 100]","[97, 255, 97]"
7192,8428f31ffffffff,100,0,0,"[0, 255, 0, 100]","[97, 255, 97]"
7193,8428f33ffffffff,5,0,0,"[0, 255, 0, 100]","[97, 255, 97]"
7194,8428f35ffffffff,42,0,0,"[0, 255, 0, 100]","[97, 255, 97]"
7195,8428f37ffffffff,305,1,0.003278689,"[255, 0, 0, 100]","[255, 0, 0]"
7196,8428f39ffffffff,229,0,0,"[0, 255, 0, 100]","[97, 255, 97]"
7197,8428f3dffffffff,34,0,0,"[0, 255, 0, 100]","[97, 255, 97]"
7198,8428f41ffffffff,17,0,0,"[0, 255, 0, 100]","[97, 255, 97]"
7199,8428f43ffffffff,65,0,0,"[0, 255, 0, 100]","[97, 255, 97]"
7200,8428f45ffffffff,92,0,0,"[0, 255, 0, 100]","[97, 255, 97]"
7201,8428f47ffffffff,2,0,0,"[0, 255, 0, 100]","[97, 255, 97]"
7202,8428f49ffffffff,19,0,0,"[0, 255, 0, 100]","[97, 255, 97]"
7203,8428f4bffffffff,85,0,0,"[0, 255, 0, 100]","[97, 255, 97]"
7204,8428f4dffffffff,26,0,0,"[0, 255, 0, 100]","[97, 255, 97]"
7205,8428f55ffffffff,2,0,0,"[0, 255, 0, 100]","[97, 255, 97]"
7206,8428f5dffffffff,11,0,0,"[0, 255, 0, 100]","[97, 255, 97]"
7207,8428f63ffffffff,213,0,0,"[0, 255, 0, 100]","[97, 255, 97]"
7208,8428f67ffffffff,237,0,0,"[0, 255, 0, 100]","[97, 255, 97]"
7209,8428f69ffffffff,46,0,0,"[0, 255, 0, 100]","[97, 255, 97]"
7210,8428f6bffffffff,75,0,0,"[0, 255, 0, 100]","[97, 255, 97]"
7211,8429001ffffffff,6,0,0,"[0, 255, 0, 100]","[97, 255, 97]"
7212,8429005ffffffff,4,0,0,"[0, 255, 0, 100]","[97, 255, 97]"
7213,8429009ffffffff,238,0,0,"[0, 255, 0, 100]","[97, 255, 97]"
7214,842900bffffffff,2,0,0,"[0, 255, 0, 100]","[97, 255, 97]"
7215,842900dffffffff,127,0,0,"[0, 255, 0, 100]","[97, 255, 97]"
7216,842901bffffffff,9,0,0,"[0, 255, 0, 100]","[97, 255, 97]"
7217,8429029ffffffff,48,0,0,"[0, 255, 0, 100]","[97, 255, 97]"
7218,842902dffffffff,256,0,0,"[0, 255, 0, 100]","[97, 255, 97]"
7219,8429049ffffffff,76,0,0,"[0, 255, 0, 100]","[97, 255, 97]"
7220,842904dffffffff,64,0,0,"[0, 255, 0, 100]","[97, 255, 97]"
7221,8429055ffffffff,49,0,0,"[0, 255, 0, 100]","[97, 255, 97]"
7222,8429063ffffffff,224,0,0,"[0, 255, 0, 100]","[97, 255, 97]"
7223,8429067ffffffff,132,0,0,"[0, 255, 0, 100]","[97, 255, 97]"
7224,842906dffffffff,5,0,0,"[0, 255, 0, 100]","[97, 255, 97]"
7225,842910bffffffff,8,0,0,"[0, 255, 0, 100]","[97, 255, 97]"
7226,842910dffffffff,14,0,0,"[0, 255, 0, 100]","[97, 255, 97]"
7227,8429117ffffffff,5,0,0,"[0, 255, 0, 100]","[97, 255, 97]"
7228,8429123ffffffff,2,0,0,"[0, 255, 0, 100]","[97, 255, 97]"
7229,8429125ffffffff,2,0,0,"[0, 255, 0, 100]","[97, 255, 97]"
7230,8429127ffffffff,16,0,0,"[0, 255, 0, 100]","[97, 255, 97]"
7231,8429131ffffffff,30,0,0,"[0, 255, 0, 100]","[97, 255, 97]"
7232,842913bffffffff,124,0,0,"[0, 255, 0, 100]","[97, 255, 97]"
7233,8429141ffffffff,39,0,0,"[0, 255, 0, 100]","[97, 255, 97]"
7234,842914bffffffff,2,0,0,"[0, 255, 0, 100]","[97, 255, 97]"
7235,8429153ffffffff,39,0,0,"[0, 255, 0, 100]","[97, 255, 97]"
7236,8429157ffffffff,26,0,0,"[0, 255, 0, 100]","[97, 255, 97]"
7237,842915bffffffff,63,0,0,"[0, 255, 0, 100]","[97, 255, 97]"
7238,842915dffffffff,1,0,0,"[0, 255, 0, 100]","[97, 255, 97]"
7239,8429163ffffffff,2,0,0,"[0, 255, 0, 100]","[97, 255, 97]"
7240,8429193ffffffff,14,0,0,"[0, 255, 0, 100]","[97, 255, 97]"
7241,8429197ffffffff,176,0,0,"[0, 255, 0, 100]","[97, 255, 97]"
7242,84291a1ffffffff,32,0,0,"[0, 255, 0, 100]","[97, 255, 97]"
7243,84291a3ffffffff,11,0,0,"[0, 255, 0, 100]","[97, 255, 97]"
7244,84291a7ffffffff,112,0,0,"[0, 255, 0, 100]","[97, 255, 97]"
7245,84291abffffffff,3,0,0,"[0, 255, 0, 100]","[97, 255, 97]"
7246,84291adffffffff,29,0,0,"[0, 255, 0, 100]","[97, 255, 97]"
7247,84291b1ffffffff,107,0,0,"[0, 255, 0, 100]","[97, 255, 97]"
7248,84291b3ffffffff,16,0,0,"[0, 255, 0, 100]","[97, 255, 97]"
7249,84291bbffffffff,118,0,0,"[0, 255, 0, 100]","[97, 255, 97]"
7250,84291bdffffffff,153,0,0,"[0, 255, 0, 100]","[97, 255, 97]"
7251,8429213ffffffff,295,0,0,"[0, 255, 0, 100]","[97, 255, 97]"
7252,8429217ffffffff,174,0,0,"[0, 255, 0, 100]","[97, 255, 97]"
7253,8429219ffffffff,92,0,0,"[0, 255, 0, 100]","[97, 255, 97]"
7254,8429223ffffffff,1,0,0,"[0, 255, 0, 100]","[97, 255, 97]"
7255,8429229ffffffff,1,0,0,"[0, 255, 0, 100]","[97, 255, 97]"
7256,8429231ffffffff,83,0,0,"[0, 255, 0, 100]","[97, 255, 97]"
7257,8429235ffffffff,162,0,0,"[0, 255, 0, 100]","[97, 255, 97]"
7258,842923bffffffff,8,0,0,"[0, 255, 0, 100]","[97, 255, 97]"
7259,8429253ffffffff,54,0,0,"[0, 255, 0, 100]","[97, 255, 97]"
7260,8429261ffffffff,6,0,0,"[0, 255, 0, 100]","[97, 255, 97]"
7261,8429265ffffffff,84,0,0,"[0, 255, 0, 100]","[97, 255, 97]"
7262,8429283ffffffff,4,0,0,"[0, 255, 0, 100]","[97, 255, 97]"
7263,84292a3ffffffff,204,0,0,"[0, 255, 0, 100]","[97, 255, 97]"
7264,84292a7ffffffff,147,0,0,"[0, 255, 0, 100]","[97, 255, 97]"
7265,84292bdffffffff,127,0,0,"[0, 255, 0, 100]","[97, 255, 97]"
7266,84292c9ffffffff,10,0,0,"[0, 255, 0, 100]","[97, 255, 97]"
7267,84292cdffffffff,34,0,0,"[0, 255, 0, 100]","[97, 255, 97]"
7268,84292d1ffffffff,47,0,0,"[0, 255, 0, 100]","[97, 255, 97]"
7269,84292d3ffffffff,292,0,0,"[0, 255, 0, 100]","[97, 255, 97]"
7270,84292d5ffffffff,35,0,0,"[0, 255, 0, 100]","[97, 255, 97]"
7271,84292d7ffffffff,128,0,0,"[0, 255, 0, 100]","[97, 255, 97]"
7272,84292dbffffffff,13,0,0,"[0, 255, 0, 100]","[97, 255, 97]"
7273,8429331ffffffff,35,0,0,"[0, 255, 0, 100]","[97, 255, 97]"
7274,8429337ffffffff,10,0,0,"[0, 255, 0, 100]","[97, 255, 97]"
7275,842935bffffffff,71,0,0,"[0, 255, 0, 100]","[97, 255, 97]"
7276,8429403ffffffff,20,0,0,"[0, 255, 0, 100]","[97, 255, 97]"
7277,8429407ffffffff,18,0,0,"[0, 255, 0, 100]","[97, 255, 97]"
7278,842940dffffffff,2,0,0,"[0, 255, 0, 100]","[97, 255, 97]"
7279,8429419ffffffff,10,0,0,"[0, 255, 0, 100]","[97, 255, 97]"
7280,842941dffffffff,6,0,0,"[0, 255, 0, 100]","[97, 255, 97]"
7281,842942bffffffff,4,0,0,"[0, 255, 0, 100]","[97, 255, 97]"
7282,8429439ffffffff,4,0,0,"[0, 255, 0, 100]","[97, 255, 97]"
7283,842943dffffffff,5,0,0,"[0, 255, 0, 100]","[97, 255, 97]"
7284,8429447ffffffff,19,0,0,"[0, 255, 0, 100]","[97, 255, 97]"
7285,8429461ffffffff,92,0,0,"[0, 255, 0, 100]","[97, 255, 97]"
7286,8429463ffffffff,12,0,0,"[0, 255, 0, 100]","[97, 255, 97]"
7287,8429465ffffffff,72,0,0,"[0, 255, 0, 100]","[97, 255, 97]"
7288,8429467ffffffff,20,0,0,"[0, 255, 0, 100]","[97, 255, 97]"
7289,842946bffffffff,43,0,0,"[0, 255, 0, 100]","[97, 255, 97]"
7290,8429483ffffffff,6,0,0,"[0, 255, 0, 100]","[97, 255, 97]"
7291,8429491ffffffff,43,0,0,"[0, 255, 0, 100]","[97, 255, 97]"
7292,8429495ffffffff,95,0,0,"[0, 255, 0, 100]","[97, 255, 97]"
7293,84294b9ffffffff,1,0,0,"[0, 255, 0, 100]","[97, 255, 97]"
7294,8429523ffffffff,98,0,0,"[0, 255, 0, 100]","[97, 255, 97]"
7295,8429527ffffffff,27,0,0,"[0, 255, 0, 100]","[97, 255, 97]"
7296,842953dffffffff,13,0,0,"[0, 255, 0, 100]","[97, 255, 97]"
7297,8429559ffffffff,19,0,0,"[0, 255, 0, 100]","[97, 255, 97]"
7298,842955bffffffff,35,0,0,"[0, 255, 0, 100]","[97, 255, 97]"
7299,842956bffffffff,7,0,0,"[0, 255, 0, 100]","[97, 255, 97]"
7300,8429651ffffffff,10,0,0,"[0, 255, 0, 100]","[97, 255, 97]"
7301,842965bffffffff,186,0,0,"[0, 255, 0, 100]","[97, 255, 97]"
7302,84296d9ffffffff,44,0,0,"[0, 255, 0, 100]","[97, 255, 97]"
7303,84296ddffffffff,2,0,0,"[0, 255, 0, 100]","[97, 255, 97]"
7304,8429805ffffffff,1,0,0,"[0, 255, 0, 100]","[97, 255, 97]"
7305,8429807ffffffff,7,0,0,"[0, 255, 0, 100]","[97, 255, 97]"
7306,8429809ffffffff,1,0,0,"[0, 255, 0, 100]","[97, 255, 97]"
7307,842980bffffffff,10,0,0,"[0, 255, 0, 100]","[97, 255, 97]"
7308,842980dffffffff,1,0,0,"[0, 255, 0, 100]","[97, 255, 97]"
7309,8429811ffffffff,1,0,0,"[0, 255, 0, 100]","[97, 255, 97]"
7310,8429813ffffffff,19,0,0,"[0, 255, 0, 100]","[97, 255, 97]"
7311,842981dffffffff,7,0,0,"[0, 255, 0, 100]","[97, 255, 97]"
7312,8429837ffffffff,17,0,0,"[0, 255, 0, 100]","[97, 255, 97]"
7313,8429845ffffffff,36,0,0,"[0, 255, 0, 100]","[97, 255, 97]"
7314,842984dffffffff,19,0,0,"[0, 255, 0, 100]","[97, 255, 97]"
7315,842986bffffffff,17,0,0,"[0, 255, 0, 100]","[97, 255, 97]"
7316,8429883ffffffff,112,0,0,"[0, 255, 0, 100]","[97, 255, 97]"
7317,842988dffffffff,2,0,0,"[0, 255, 0, 100]","[97, 255, 97]"
7318,8429891ffffffff,102,0,0,"[0, 255, 0, 100]","[97, 255, 97]"
7319,8429893ffffffff,32,0,0,"[0, 255, 0, 100]","[97, 255, 97]"
7320,8429899ffffffff,32,0,0,"[0, 255, 0, 100]","[97, 255, 97]"
7321,842989bffffffff,1,0,0,"[0, 255, 0, 100]","[97, 255, 97]"
7322,842989dffffffff,28,0,0,"[0, 255, 0, 100]","[97, 255, 97]"
7323,84298b9ffffffff,1,0,0,"[0, 255, 0, 100]","[97, 255, 97]"
7324,84298bbffffffff,4,0,0,"[0, 255, 0, 100]","[97, 255, 97]"
7325,84298c1ffffffff,41,0,0,"[0, 255, 0, 100]","[97, 255, 97]"
7326,84298c3ffffffff,31,0,0,"[0, 255, 0, 100]","[97, 255, 97]"
7327,84298c5ffffffff,10,0,0,"[0, 255, 0, 100]","[97, 255, 97]"
7328,84298c7ffffffff,5,0,0,"[0, 255, 0, 100]","[97, 255, 97]"
7329,84298c9ffffffff,1,0,0,"[0, 255, 0, 100]","[97, 255, 97]"
7330,84298d1ffffffff,41,0,0,"[0, 255, 0, 100]","[97, 255, 97]"
7331,84298d3ffffffff,36,0,0,"[0, 255, 0, 100]","[97, 255, 97]"
7332,84298d7ffffffff,2,0,0,"[0, 255, 0, 100]","[97, 255, 97]"
7333,84298d9ffffffff,25,0,0,"[0, 255, 0, 100]","[97, 255, 97]"
7334,84298dbffffffff,13,0,0,"[0, 255, 0, 100]","[97, 255, 97]"
7335,84298ddffffffff,3,0,0,"[0, 255, 0, 100]","[97, 255, 97]"
7336,84298e1ffffffff,3,0,0,"[0, 255, 0, 100]","[97, 255, 97]"
7337,84298ebffffffff,4,0,0,"[0, 255, 0, 100]","[97, 255, 97]"
7338,8429907ffffffff,20,0,0,"[0, 255, 0, 100]","[97, 255, 97]"
7339,8429933ffffffff,1,0,0,"[0, 255, 0, 100]","[97, 255, 97]"
7340,8429937ffffffff,4,0,0,"[0, 255, 0, 100]","[97, 255, 97]"
7341,8429939ffffffff,5,0,0,"[0, 255, 0, 100]","[97, 255, 97]"
7342,8429995ffffffff,12,0,0,"[0, 255, 0, 100]","[97, 255, 97]"
7343,84299b3ffffffff,1,0,0,"[0, 255, 0, 100]","[97, 255, 97]"
7344,84299cbffffffff,11,0,0,"[0, 255, 0, 100]","[97, 255, 97]"
7345,84299d9ffffffff,10,0,0,"[0, 255, 0, 100]","[97, 255, 97]"
7346,8429a01ffffffff,48,1,0.020833333,"[255, 0, 0, 100]","[255, 0, 0]"
7347,8429a03ffffffff,141,0,0,"[0, 255, 0, 100]","[97, 255, 97]"
7348,8429a05ffffffff,9,0,0,"[0, 255, 0, 100]","[97, 255, 97]"
7349,8429a07ffffffff,23,0,0,"[0, 255, 0, 100]","[97, 255, 97]"
7350,8429a09ffffffff,33,0,0,"[0, 255, 0, 100]","[97, 255, 97]"
7351,8429a0bffffffff,158,3,0.018987342,"[255, 0, 0, 100]","[255, 0, 0]"
7352,8429a0dffffffff,78,8,0.102564103,"[255, 0, 0, 100]","[255, 0, 0]"
7353,8429a11ffffffff,53,0,0,"[0, 255, 0, 100]","[97, 255, 97]"
7354,8429a13ffffffff,2,0,0,"[0, 255, 0, 100]","[97, 255, 97]"
7355,8429a15ffffffff,55,0,0,"[0, 255, 0, 100]","[97, 255, 97]"
7356,8429a19ffffffff,202,0,0,"[0, 255, 0, 100]","[97, 255, 97]"
7357,8429a1bffffffff,111,0,0,"[0, 255, 0, 100]","[97, 255, 97]"
7358,8429a1dffffffff,48,0,0,"[0, 255, 0, 100]","[97, 255, 97]"
7359,8429a23ffffffff,2,0,0,"[0, 255, 0, 100]","[97, 255, 97]"
7360,8429a29ffffffff,11,0,0,"[0, 255, 0, 100]","[97, 255, 97]"
7361,8429a33ffffffff,34,0,0,"[0, 255, 0, 100]","[97, 255, 97]"
7362,8429a39ffffffff,4,0,0,"[0, 255, 0, 100]","[97, 255, 97]"
7363,8429a3bffffffff,1,0,0,"[0, 255, 0, 100]","[97, 255, 97]"
7364,8429a3dffffffff,21,0,0,"[0, 255, 0, 100]","[97, 255, 97]"
7365,8429a41ffffffff,266,2,0.007518797,"[255, 0, 0, 100]","[255, 0, 0]"
7366,8429a43ffffffff,117,6,0.051282051,"[255, 0, 0, 100]","[255, 0, 0]"
7367,8429a45ffffffff,164,0,0,"[0, 255, 0, 100]","[97, 255, 97]"
7368,8429a47ffffffff,90,1,0.011111111,"[255, 0, 0, 100]","[255, 0, 0]"
7369,8429a49ffffffff,44,0,0,"[0, 255, 0, 100]","[97, 255, 97]"
7370,8429a4dffffffff,238,13,0.054621849,"[255, 0, 0, 100]","[255, 0, 0]"
7371,8429a51ffffffff,6,0,0,"[0, 255, 0, 100]","[97, 255, 97]"
7372,8429a53ffffffff,6,0,0,"[0, 255, 0, 100]","[97, 255, 97]"
7373,8429a55ffffffff,113,0,0,"[0, 255, 0, 100]","[97, 255, 97]"
7374,8429a57ffffffff,791,0,0,"[0, 255, 0, 100]","[97, 255, 97]"
7375,8429a5dffffffff,14,0,0,"[0, 255, 0, 100]","[97, 255, 97]"
7376,8429a61ffffffff,14,0,0,"[0, 255, 0, 100]","[97, 255, 97]"
7377,8429a63ffffffff,19,0,0,"[0, 255, 0, 100]","[97, 255, 97]"
7378,8429a65ffffffff,10,0,0,"[0, 255, 0, 100]","[97, 255, 97]"
7379,8429a67ffffffff,9,0,0,"[0, 255, 0, 100]","[97, 255, 97]"
7380,8429a6bffffffff,18,0,0,"[0, 255, 0, 100]","[97, 255, 97]"
7381,8429a81ffffffff,6,0,0,"[0, 255, 0, 100]","[97, 255, 97]"
7382,8429a83ffffffff,2,0,0,"[0, 255, 0, 100]","[97, 255, 97]"
7383,8429a85ffffffff,68,0,0,"[0, 255, 0, 100]","[97, 255, 97]"
7384,8429a87ffffffff,19,0,0,"[0, 255, 0, 100]","[97, 255, 97]"
7385,8429a89ffffffff,40,0,0,"[0, 255, 0, 100]","[97, 255, 97]"
7386,8429a8bffffffff,6,0,0,"[0, 255, 0, 100]","[97, 255, 97]"
7387,8429a91ffffffff,33,0,0,"[0, 255, 0, 100]","[97, 255, 97]"
7388,8429a93ffffffff,11,0,0,"[0, 255, 0, 100]","[97, 255, 97]"
7389,8429a97ffffffff,14,0,0,"[0, 255, 0, 100]","[97, 255, 97]"
7390,8429a99ffffffff,7,0,0,"[0, 255, 0, 100]","[97, 255, 97]"
7391,8429a9bffffffff,30,0,0,"[0, 255, 0, 100]","[97, 255, 97]"
7392,8429a9dffffffff,33,0,0,"[0, 255, 0, 100]","[97, 255, 97]"
7393,8429aa3ffffffff,1,0,0,"[0, 255, 0, 100]","[97, 255, 97]"
7394,8429aabffffffff,1,0,0,"[0, 255, 0, 100]","[97, 255, 97]"
7395,8429ab9ffffffff,181,0,0,"[0, 255, 0, 100]","[97, 255, 97]"
7396,8429abbffffffff,36,0,0,"[0, 255, 0, 100]","[97, 255, 97]"
7397,8429abdffffffff,6,0,0,"[0, 255, 0, 100]","[97, 255, 97]"
7398,8429ac1ffffffff,19,0,0,"[0, 255, 0, 100]","[97, 255, 97]"
7399,8429ac5ffffffff,106,0,0,"[0, 255, 0, 100]","[97, 255, 97]"
7400,8429ac7ffffffff,2,0,0,"[0, 255, 0, 100]","[97, 255, 97]"
7401,8429ac9ffffffff,32,0,0,"[0, 255, 0, 100]","[97, 255, 97]"
7402,8429acbffffffff,10,0,0,"[0, 255, 0, 100]","[97, 255, 97]"
7403,8429acdffffffff,100,0,0,"[0, 255, 0, 100]","[97, 255, 97]"
7404,8429ad1ffffffff,12,0,0,"[0, 255, 0, 100]","[97, 255, 97]"
7405,8429ad3ffffffff,34,0,0,"[0, 255, 0, 100]","[97, 255, 97]"
7406,8429ad5ffffffff,140,0,0,"[0, 255, 0, 100]","[97, 255, 97]"
7407,8429ad7ffffffff,79,0,0,"[0, 255, 0, 100]","[97, 255, 97]"
7408,8429addffffffff,5,0,0,"[0, 255, 0, 100]","[97, 255, 97]"
7409,8429ae3ffffffff,46,0,0,"[0, 255, 0, 100]","[97, 255, 97]"
7410,8429aebffffffff,20,0,0,"[0, 255, 0, 100]","[97, 255, 97]"
7411,8429b0dffffffff,1,0,0,"[0, 255, 0, 100]","[97, 255, 97]"
7412,8429b13ffffffff,7,0,0,"[0, 255, 0, 100]","[97, 255, 97]"
7413,8429b1dffffffff,2,0,0,"[0, 255, 0, 100]","[97, 255, 97]"
7414,8429b29ffffffff,1,0,0,"[0, 255, 0, 100]","[97, 255, 97]"
7415,8429b39ffffffff,1,0,0,"[0, 255, 0, 100]","[97, 255, 97]"
7416,8429b49ffffffff,27,0,0,"[0, 255, 0, 100]","[97, 255, 97]"
7417,8429b69ffffffff,25,0,0,"[0, 255, 0, 100]","[97, 255, 97]"
7418,842a0b1ffffffff,13,0,0,"[0, 255, 0, 100]","[97, 255, 97]"
7419,842a101ffffffff,130,3,0.023076923,"[255, 0, 0, 100]","[255, 0, 0]"
7420,842a103ffffffff,754,0,0,"[0, 255, 0, 100]","[97, 255, 97]"
7421,842a105ffffffff,23,0,0,"[0, 255, 0, 100]","[97, 255, 97]"
7422,842a107ffffffff,250,0,0,"[0, 255, 0, 100]","[97, 255, 97]"
7423,842a10bffffffff,2,0,0,"[0, 255, 0, 100]","[97, 255, 97]"
7424,842a10dffffffff,2,0,0,"[0, 255, 0, 100]","[97, 255, 97]"
7425,842a115ffffffff,1,0,0,"[0, 255, 0, 100]","[97, 255, 97]"
7426,842a121ffffffff,18,0,0,"[0, 255, 0, 100]","[97, 255, 97]"
7427,842a125ffffffff,28,0,0,"[0, 255, 0, 100]","[97, 255, 97]"
7428,842a129ffffffff,17,0,0,"[0, 255, 0, 100]","[97, 255, 97]"
7429,842a12bffffffff,3,0,0,"[0, 255, 0, 100]","[97, 255, 97]"
7430,842a12dffffffff,38,0,0,"[0, 255, 0, 100]","[97, 255, 97]"
7431,842a135ffffffff,21,0,0,"[0, 255, 0, 100]","[97, 255, 97]"
7432,842a137ffffffff,5,0,0,"[0, 255, 0, 100]","[97, 255, 97]"
7433,842a139ffffffff,31,0,0,"[0, 255, 0, 100]","[97, 255, 97]"
7434,842a13dffffffff,12,0,0,"[0, 255, 0, 100]","[97, 255, 97]"
7435,842a141ffffffff,9,0,0,"[0, 255, 0, 100]","[97, 255, 97]"
7436,842a143ffffffff,2,0,0,"[0, 255, 0, 100]","[97, 255, 97]"
7437,842a147ffffffff,4,0,0,"[0, 255, 0, 100]","[97, 255, 97]"
7438,842a149ffffffff,35,0,0,"[0, 255, 0, 100]","[97, 255, 97]"
7439,842a151ffffffff,451,0,0,"[0, 255, 0, 100]","[97, 255, 97]"
7440,842a155ffffffff,1,0,0,"[0, 255, 0, 100]","[97, 255, 97]"
7441,842a157ffffffff,1,0,0,"[0, 255, 0, 100]","[97, 255, 97]"
7442,842a159ffffffff,1,0,0,"[0, 255, 0, 100]","[97, 255, 97]"
7443,842a16bffffffff,6,0,0,"[0, 255, 0, 100]","[97, 255, 97]"
7444,842a1c1ffffffff,2,0,0,"[0, 255, 0, 100]","[97, 255, 97]"
7445,842a1c5ffffffff,3,0,0,"[0, 255, 0, 100]","[97, 255, 97]"
7446,842a1d5ffffffff,3,0,0,"[0, 255, 0, 100]","[97, 255, 97]"
7447,842a1e5ffffffff,20,0,0,"[0, 255, 0, 100]","[97, 255, 97]"
7448,842a201ffffffff,13,0,0,"[0, 255, 0, 100]","[97, 255, 97]"
7449,842a205ffffffff,7,0,0,"[0, 255, 0, 100]","[97, 255, 97]"
7450,842a209ffffffff,7,0,0,"[0, 255, 0, 100]","[97, 255, 97]"
7451,842a241ffffffff,25,0,0,"[0, 255, 0, 100]","[97, 255, 97]"
7452,842a245ffffffff,44,0,0,"[0, 255, 0, 100]","[97, 255, 97]"
7453,842a24dffffffff,14,0,0,"[0, 255, 0, 100]","[97, 255, 97]"
7454,842a251ffffffff,16,0,0,"[0, 255, 0, 100]","[97, 255, 97]"
7455,842a255ffffffff,4,0,0,"[0, 255, 0, 100]","[97, 255, 97]"
7456,842a259ffffffff,10,0,0,"[0, 255, 0, 100]","[97, 255, 97]"
7457,842a25bffffffff,3,0,0,"[0, 255, 0, 100]","[97, 255, 97]"
7458,842a261ffffffff,33,0,0,"[0, 255, 0, 100]","[97, 255, 97]"
7459,842a267ffffffff,26,0,0,"[0, 255, 0, 100]","[97, 255, 97]"
7460,842a26bffffffff,16,0,0,"[0, 255, 0, 100]","[97, 255, 97]"
7461,842a2e1ffffffff,17,0,0,"[0, 255, 0, 100]","[97, 255, 97]"
7462,842a2e9ffffffff,3,0,0,"[0, 255, 0, 100]","[97, 255, 97]"
7463,842a301ffffffff,88,0,0,"[0, 255, 0, 100]","[97, 255, 97]"
7464,842a303ffffffff,14,0,0,"[0, 255, 0, 100]","[97, 255, 97]"
7465,842a305ffffffff,127,0,0,"[0, 255, 0, 100]","[97, 255, 97]"
7466,842a307ffffffff,331,0,0,"[0, 255, 0, 100]","[97, 255, 97]"
7467,842a30bffffffff,21,0,0,"[0, 255, 0, 100]","[97, 255, 97]"
7468,842a30dffffffff,29,0,0,"[0, 255, 0, 100]","[97, 255, 97]"
7469,842a311ffffffff,2,0,0,"[0, 255, 0, 100]","[97, 255, 97]"
7470,842a313ffffffff,15,0,0,"[0, 255, 0, 100]","[97, 255, 97]"
7471,842a315ffffffff,18,0,0,"[0, 255, 0, 100]","[97, 255, 97]"
7472,842a317ffffffff,6,0,0,"[0, 255, 0, 100]","[97, 255, 97]"
7473,842a319ffffffff,11,0,0,"[0, 255, 0, 100]","[97, 255, 97]"
7474,842a31dffffffff,1,0,0,"[0, 255, 0, 100]","[97, 255, 97]"
7475,842a321ffffffff,19,0,0,"[0, 255, 0, 100]","[97, 255, 97]"
7476,842a325ffffffff,23,0,0,"[0, 255, 0, 100]","[97, 255, 97]"
7477,842a32bffffffff,84,0,0,"[0, 255, 0, 100]","[97, 255, 97]"
7478,842a32dffffffff,3,0,0,"[0, 255, 0, 100]","[97, 255, 97]"
7479,842a331ffffffff,14,0,0,"[0, 255, 0, 100]","[97, 255, 97]"
7480,842a339ffffffff,16,0,0,"[0, 255, 0, 100]","[97, 255, 97]"
7481,842a33bffffffff,1,0,0,"[0, 255, 0, 100]","[97, 255, 97]"
7482,842a33dffffffff,2,0,0,"[0, 255, 0, 100]","[97, 255, 97]"
7483,842a341ffffffff,13,0,0,"[0, 255, 0, 100]","[97, 255, 97]"
7484,842a345ffffffff,3,0,0,"[0, 255, 0, 100]","[97, 255, 97]"
7485,842a347ffffffff,1,0,0,"[0, 255, 0, 100]","[97, 255, 97]"
7486,842a349ffffffff,9,0,0,"[0, 255, 0, 100]","[97, 255, 97]"
7487,842a34dffffffff,16,0,0,"[0, 255, 0, 100]","[97, 255, 97]"
7488,842a353ffffffff,1,0,0,"[0, 255, 0, 100]","[97, 255, 97]"
7489,842a359ffffffff,7,0,0,"[0, 255, 0, 100]","[97, 255, 97]"
7490,842a40dffffffff,4,0,0,"[0, 255, 0, 100]","[97, 255, 97]"
7491,842a413ffffffff,1,0,0,"[0, 255, 0, 100]","[97, 255, 97]"
7492,842a419ffffffff,16,0,0,"[0, 255, 0, 100]","[97, 255, 97]"
7493,842a41dffffffff,4,0,0,"[0, 255, 0, 100]","[97, 255, 97]"
7494,842a4a1ffffffff,18,0,0,"[0, 255, 0, 100]","[97, 255, 97]"
7495,842a4c9ffffffff,12,0,0,"[0, 255, 0, 100]","[97, 255, 97]"
7496,842a4cdffffffff,21,0,0,"[0, 255, 0, 100]","[97, 255, 97]"
7497,842a569ffffffff,1,0,0,"[0, 255, 0, 100]","[97, 255, 97]"
7498,842a587ffffffff,1,0,0,"[0, 255, 0, 100]","[97, 255, 97]"
7499,842a589ffffffff,16,0,0,"[0, 255, 0, 100]","[97, 255, 97]"
7500,842a5a3ffffffff,1,0,0,"[0, 255, 0, 100]","[97, 255, 97]"
7501,842a5abffffffff,3,0,0,"[0, 255, 0, 100]","[97, 255, 97]"
7502,842a5bdffffffff,1,0,0,"[0, 255, 0, 100]","[97, 255, 97]"
7503,842a81bffffffff,5,0,0,"[0, 255, 0, 100]","[97, 255, 97]"
7504,842a825ffffffff,21,0,0,"[0, 255, 0, 100]","[97, 255, 97]"
7505,842a82dffffffff,10,0,0,"[0, 255, 0, 100]","[97, 255, 97]"
7506,842a833ffffffff,19,0,0,"[0, 255, 0, 100]","[97, 255, 97]"
7507,842a845ffffffff,170,0,0,"[0, 255, 0, 100]","[97, 255, 97]"
7508,842a849ffffffff,10,0,0,"[0, 255, 0, 100]","[97, 255, 97]"
7509,842a84dffffffff,23,0,0,"[0, 255, 0, 100]","[97, 255, 97]"
7510,842a85bffffffff,18,0,0,"[0, 255, 0, 100]","[97, 255, 97]"
7511,842a861ffffffff,36,0,0,"[0, 255, 0, 100]","[97, 255, 97]"
7512,842a86bffffffff,90,0,0,"[0, 255, 0, 100]","[97, 255, 97]"
7513,842a897ffffffff,6,0,0,"[0, 255, 0, 100]","[97, 255, 97]"
7514,842a8b3ffffffff,2,0,0,"[0, 255, 0, 100]","[97, 255, 97]"
7515,842a8bbffffffff,1,0,0,"[0, 255, 0, 100]","[97, 255, 97]"
7516,842a8c5ffffffff,56,0,0,"[0, 255, 0, 100]","[97, 255, 97]"
7517,842a8cdffffffff,27,0,0,"[0, 255, 0, 100]","[97, 255, 97]"
7518,842a8d3ffffffff,2,0,0,"[0, 255, 0, 100]","[97, 255, 97]"
7519,842a8dbffffffff,2,0,0,"[0, 255, 0, 100]","[97, 255, 97]"
7520,842a8e5ffffffff,32,0,0,"[0, 255, 0, 100]","[97, 255, 97]"
7521,842a8e9ffffffff,38,0,0,"[0, 255, 0, 100]","[97, 255, 97]"
7522,842a8edffffffff,25,0,0,"[0, 255, 0, 100]","[97, 255, 97]"
7523,842a905ffffffff,8,0,0,"[0, 255, 0, 100]","[97, 255, 97]"
7524,842a907ffffffff,30,0,0,"[0, 255, 0, 100]","[97, 255, 97]"
7525,842a90dffffffff,32,0,0,"[0, 255, 0, 100]","[97, 255, 97]"
7526,842a913ffffffff,4,0,0,"[0, 255, 0, 100]","[97, 255, 97]"
7527,842a91bffffffff,12,0,0,"[0, 255, 0, 100]","[97, 255, 97]"
7528,842a91dffffffff,3,0,0,"[0, 255, 0, 100]","[97, 255, 97]"
7529,842a933ffffffff,18,0,0,"[0, 255, 0, 100]","[97, 255, 97]"
7530,842a935ffffffff,33,0,0,"[0, 255, 0, 100]","[97, 255, 97]"
7531,842a937ffffffff,62,0,0,"[0, 255, 0, 100]","[97, 255, 97]"
7532,842a93dffffffff,1,0,0,"[0, 255, 0, 100]","[97, 255, 97]"
7533,842a953ffffffff,72,0,0,"[0, 255, 0, 100]","[97, 255, 97]"
7534,842a957ffffffff,41,0,0,"[0, 255, 0, 100]","[97, 255, 97]"
7535,842a969ffffffff,39,0,0,"[0, 255, 0, 100]","[97, 255, 97]"
7536,842a98bffffffff,53,0,0,"[0, 255, 0, 100]","[97, 255, 97]"
7537,842a9a5ffffffff,27,0,0,"[0, 255, 0, 100]","[97, 255, 97]"
7538,842a9abffffffff,3,0,0,"[0, 255, 0, 100]","[97, 255, 97]"
7539,842a9adffffffff,3,0,0,"[0, 255, 0, 100]","[97, 255, 97]"
7540,842a9bdffffffff,55,0,0,"[0, 255, 0, 100]","[97, 255, 97]"
7541,842a9d7ffffffff,5,0,0,"[0, 255, 0, 100]","[97, 255, 97]"
7542,842a9e5ffffffff,1,0,0,"[0, 255, 0, 100]","[97, 255, 97]"
7543,842a9ebffffffff,6,0,0,"[0, 255, 0, 100]","[97, 255, 97]"
7544,842a9edffffffff,8,0,0,"[0, 255, 0, 100]","[97, 255, 97]"
7545,842aa01ffffffff,177,0,0,"[0, 255, 0, 100]","[97, 255, 97]"
7546,842aa05ffffffff,1,0,0,"[0, 255, 0, 100]","[97, 255, 97]"
7547,842aa11ffffffff,8,0,0,"[0, 255, 0, 100]","[97, 255, 97]"
7548,842aa15ffffffff,13,0,0,"[0, 255, 0, 100]","[97, 255, 97]"
7549,842aa1bffffffff,37,0,0,"[0, 255, 0, 100]","[97, 255, 97]"
7550,842aa21ffffffff,33,0,0,"[0, 255, 0, 100]","[97, 255, 97]"
7551,842aa25ffffffff,4,0,0,"[0, 255, 0, 100]","[97, 255, 97]"
7552,842aa31ffffffff,16,0,0,"[0, 255, 0, 100]","[97, 255, 97]"
7553,842aa35ffffffff,22,0,0,"[0, 255, 0, 100]","[97, 255, 97]"
7554,842aa37ffffffff,4,0,0,"[0, 255, 0, 100]","[97, 255, 97]"
7555,842aa39ffffffff,29,0,0,"[0, 255, 0, 100]","[97, 255, 97]"
7556,842aa41ffffffff,38,0,0,"[0, 255, 0, 100]","[97, 255, 97]"
7557,842aa43ffffffff,10,0,0,"[0, 255, 0, 100]","[97, 255, 97]"
7558,842aa45ffffffff,19,0,0,"[0, 255, 0, 100]","[97, 255, 97]"
7559,842aa47ffffffff,44,0,0,"[0, 255, 0, 100]","[97, 255, 97]"
7560,842aa51ffffffff,18,0,0,"[0, 255, 0, 100]","[97, 255, 97]"
7561,842aa53ffffffff,2,0,0,"[0, 255, 0, 100]","[97, 255, 97]"
7562,842aa55ffffffff,42,0,0,"[0, 255, 0, 100]","[97, 255, 97]"
7563,842aa61ffffffff,29,0,0,"[0, 255, 0, 100]","[97, 255, 97]"
7564,842aa65ffffffff,20,0,0,"[0, 255, 0, 100]","[97, 255, 97]"
7565,842aa6dffffffff,38,0,0,"[0, 255, 0, 100]","[97, 255, 97]"
7566,842aa81ffffffff,11,0,0,"[0, 255, 0, 100]","[97, 255, 97]"
7567,842aa87ffffffff,80,0,0,"[0, 255, 0, 100]","[97, 255, 97]"
7568,842aa8dffffffff,38,0,0,"[0, 255, 0, 100]","[97, 255, 97]"
7569,842aa95ffffffff,8,0,0,"[0, 255, 0, 100]","[97, 255, 97]"
7570,842aaa7ffffffff,44,0,0,"[0, 255, 0, 100]","[97, 255, 97]"
7571,842aaa9ffffffff,10,0,0,"[0, 255, 0, 100]","[97, 255, 97]"
7572,842aaabffffffff,15,0,0,"[0, 255, 0, 100]","[97, 255, 97]"
7573,842aaadffffffff,13,0,0,"[0, 255, 0, 100]","[97, 255, 97]"
7574,842aab9ffffffff,2,0,0,"[0, 255, 0, 100]","[97, 255, 97]"
7575,842aac1ffffffff,3,0,0,"[0, 255, 0, 100]","[97, 255, 97]"
7576,842aac5ffffffff,10,0,0,"[0, 255, 0, 100]","[97, 255, 97]"
7577,842aac9ffffffff,3,0,0,"[0, 255, 0, 100]","[97, 255, 97]"
7578,842aacbffffffff,427,0,0,"[0, 255, 0, 100]","[97, 255, 97]"
7579,842aacdffffffff,9,0,0,"[0, 255, 0, 100]","[97, 255, 97]"
7580,842aad9ffffffff,1,0,0,"[0, 255, 0, 100]","[97, 255, 97]"
7581,842aae7ffffffff,34,0,0,"[0, 255, 0, 100]","[97, 255, 97]"
7582,842aae9ffffffff,21,0,0,"[0, 255, 0, 100]","[97, 255, 97]"
7583,842aaebffffffff,2,0,0,"[0, 255, 0, 100]","[97, 255, 97]"
7584,842aaedffffffff,2,0,0,"[0, 255, 0, 100]","[97, 255, 97]"
7585,842ab01ffffffff,49,0,0,"[0, 255, 0, 100]","[97, 255, 97]"
7586,842ab03ffffffff,37,0,0,"[0, 255, 0, 100]","[97, 255, 97]"
7587,842ab07ffffffff,73,0,0,"[0, 255, 0, 100]","[97, 255, 97]"
7588,842ab0bffffffff,19,0,0,"[0, 255, 0, 100]","[97, 255, 97]"
7589,842ab11ffffffff,135,0,0,"[0, 255, 0, 100]","[97, 255, 97]"
7590,842ab13ffffffff,88,0,0,"[0, 255, 0, 100]","[97, 255, 97]"
7591,842ab15ffffffff,154,0,0,"[0, 255, 0, 100]","[97, 255, 97]"
7592,842ab1dffffffff,45,0,0,"[0, 255, 0, 100]","[97, 255, 97]"
7593,842ab21ffffffff,4,0,0,"[0, 255, 0, 100]","[97, 255, 97]"
7594,842ab25ffffffff,87,0,0,"[0, 255, 0, 100]","[97, 255, 97]"
7595,842ab29ffffffff,4,0,0,"[0, 255, 0, 100]","[97, 255, 97]"
7596,842ab2dffffffff,82,0,0,"[0, 255, 0, 100]","[97, 255, 97]"
7597,842ab31ffffffff,52,0,0,"[0, 255, 0, 100]","[97, 255, 97]"
7598,842ab3bffffffff,7,0,0,"[0, 255, 0, 100]","[97, 255, 97]"
7599,842ab4dffffffff,3,0,0,"[0, 255, 0, 100]","[97, 255, 97]"
7600,842ab57ffffffff,19,0,0,"[0, 255, 0, 100]","[97, 255, 97]"
7601,842ab59ffffffff,1,0,0,"[0, 255, 0, 100]","[97, 255, 97]"
7602,842ac5dffffffff,18,0,0,"[0, 255, 0, 100]","[97, 255, 97]"
7603,842ad03ffffffff,17,0,0,"[0, 255, 0, 100]","[97, 255, 97]"
7604,842ad35ffffffff,68,0,0,"[0, 255, 0, 100]","[97, 255, 97]"
7605,842ad6dffffffff,41,0,0,"[0, 255, 0, 100]","[97, 255, 97]"
7606,842adb1ffffffff,10,0,0,"[0, 255, 0, 100]","[97, 255, 97]"
7607,842adbdffffffff,6,0,0,"[0, 255, 0, 100]","[97, 255, 97]"
7608,842ade7ffffffff,5,0,0,"[0, 255, 0, 100]","[97, 255, 97]"
7609,842af07ffffffff,62,0,0,"[0, 255, 0, 100]","[97, 255, 97]"
7610,842af29ffffffff,4,0,0,"[0, 255, 0, 100]","[97, 255, 97]"
7611,842af2dffffffff,12,0,0,"[0, 255, 0, 100]","[97, 255, 97]"
7612,842af45ffffffff,21,0,0,"[0, 255, 0, 100]","[97, 255, 97]"
7613,842af63ffffffff,60,0,0,"[0, 255, 0, 100]","[97, 255, 97]"
7614,842af69ffffffff,3,0,0,"[0, 255, 0, 100]","[97, 255, 97]"
7615,842af6bffffffff,31,0,0,"[0, 255, 0, 100]","[97, 255, 97]"
7616,842b001ffffffff,18,0,0,"[0, 255, 0, 100]","[97, 255, 97]"
7617,842b003ffffffff,2,0,0,"[0, 255, 0, 100]","[97, 255, 97]"
7618,842b007ffffffff,10,0,0,"[0, 255, 0, 100]","[97, 255, 97]"
7619,842b009ffffffff,16,0,0,"[0, 255, 0, 100]","[97, 255, 97]"
7620,842b011ffffffff,19,0,0,"[0, 255, 0, 100]","[97, 255, 97]"
7621,842b013ffffffff,53,0,0,"[0, 255, 0, 100]","[97, 255, 97]"
7622,842b015ffffffff,1,0,0,"[0, 255, 0, 100]","[97, 255, 97]"
7623,842b017ffffffff,19,0,0,"[0, 255, 0, 100]","[97, 255, 97]"
7624,842b01bffffffff,55,0,0,"[0, 255, 0, 100]","[97, 255, 97]"
7625,842b01dffffffff,7,0,0,"[0, 255, 0, 100]","[97, 255, 97]"
7626,842b027ffffffff,18,0,0,"[0, 255, 0, 100]","[97, 255, 97]"
7627,842b031ffffffff,3,0,0,"[0, 255, 0, 100]","[97, 255, 97]"
7628,842b041ffffffff,1,0,0,"[0, 255, 0, 100]","[97, 255, 97]"
7629,842b045ffffffff,22,0,0,"[0, 255, 0, 100]","[97, 255, 97]"
7630,842b049ffffffff,110,0,0,"[0, 255, 0, 100]","[97, 255, 97]"
7631,842b04dffffffff,57,0,0,"[0, 255, 0, 100]","[97, 255, 97]"
7632,842b053ffffffff,18,0,0,"[0, 255, 0, 100]","[97, 255, 97]"
7633,842b057ffffffff,5,0,0,"[0, 255, 0, 100]","[97, 255, 97]"
7634,842b05bffffffff,201,0,0,"[0, 255, 0, 100]","[97, 255, 97]"
7635,842b05dffffffff,118,0,0,"[0, 255, 0, 100]","[97, 255, 97]"
7636,842b06bffffffff,1,0,0,"[0, 255, 0, 100]","[97, 255, 97]"
7637,842b06dffffffff,17,0,0,"[0, 255, 0, 100]","[97, 255, 97]"
7638,842b081ffffffff,41,0,0,"[0, 255, 0, 100]","[97, 255, 97]"
7639,842b087ffffffff,91,0,0,"[0, 255, 0, 100]","[97, 255, 97]"
7640,842b089ffffffff,58,0,0,"[0, 255, 0, 100]","[97, 255, 97]"
7641,842b099ffffffff,12,0,0,"[0, 255, 0, 100]","[97, 255, 97]"
7642,842b0a1ffffffff,12,0,0,"[0, 255, 0, 100]","[97, 255, 97]"
7643,842b0a5ffffffff,2,0,0,"[0, 255, 0, 100]","[97, 255, 97]"
7644,842b0a9ffffffff,5,0,0,"[0, 255, 0, 100]","[97, 255, 97]"
7645,842b0abffffffff,46,0,0,"[0, 255, 0, 100]","[97, 255, 97]"
7646,842b0adffffffff,16,0,0,"[0, 255, 0, 100]","[97, 255, 97]"
7647,842b0bdffffffff,16,0,0,"[0, 255, 0, 100]","[97, 255, 97]"
7648,842b0c1ffffffff,7,0,0,"[0, 255, 0, 100]","[97, 255, 97]"
7649,842b0c3ffffffff,83,0,0,"[0, 255, 0, 100]","[97, 255, 97]"
7650,842b0c7ffffffff,44,0,0,"[0, 255, 0, 100]","[97, 255, 97]"
7651,842b0cbffffffff,31,0,0,"[0, 255, 0, 100]","[97, 255, 97]"
7652,842b0cdffffffff,78,0,0,"[0, 255, 0, 100]","[97, 255, 97]"
7653,842b0d3ffffffff,20,0,0,"[0, 255, 0, 100]","[97, 255, 97]"
7654,842b0d5ffffffff,87,0,0,"[0, 255, 0, 100]","[97, 255, 97]"
7655,842b0d7ffffffff,22,0,0,"[0, 255, 0, 100]","[97, 255, 97]"
7656,842b0d9ffffffff,72,0,0,"[0, 255, 0, 100]","[97, 255, 97]"
7657,842b0ddffffffff,83,0,0,"[0, 255, 0, 100]","[97, 255, 97]"
7658,842b0e1ffffffff,30,0,0,"[0, 255, 0, 100]","[97, 255, 97]"
7659,842b0e5ffffffff,33,0,0,"[0, 255, 0, 100]","[97, 255, 97]"
7660,842b0e7ffffffff,5,0,0,"[0, 255, 0, 100]","[97, 255, 97]"
7661,842b0e9ffffffff,4,0,0,"[0, 255, 0, 100]","[97, 255, 97]"
7662,842b0edffffffff,13,0,0,"[0, 255, 0, 100]","[97, 255, 97]"
7663,842b115ffffffff,8,0,0,"[0, 255, 0, 100]","[97, 255, 97]"
7664,842b117ffffffff,6,0,0,"[0, 255, 0, 100]","[97, 255, 97]"
7665,842b119ffffffff,3,0,0,"[0, 255, 0, 100]","[97, 255, 97]"
7666,842b11dffffffff,22,0,0,"[0, 255, 0, 100]","[97, 255, 97]"
7667,842b127ffffffff,9,0,0,"[0, 255, 0, 100]","[97, 255, 97]"
7668,842b129ffffffff,2,0,0,"[0, 255, 0, 100]","[97, 255, 97]"
7669,842b131ffffffff,38,0,0,"[0, 255, 0, 100]","[97, 255, 97]"
7670,842b133ffffffff,4,0,0,"[0, 255, 0, 100]","[97, 255, 97]"
7671,842b139ffffffff,28,0,0,"[0, 255, 0, 100]","[97, 255, 97]"
7672,842b13bffffffff,27,0,0,"[0, 255, 0, 100]","[97, 255, 97]"
7673,842b157ffffffff,1,0,0,"[0, 255, 0, 100]","[97, 255, 97]"
7674,842b159ffffffff,2,0,0,"[0, 255, 0, 100]","[97, 255, 97]"
7675,842b15bffffffff,7,0,0,"[0, 255, 0, 100]","[97, 255, 97]"
7676,842b161ffffffff,11,0,0,"[0, 255, 0, 100]","[97, 255, 97]"
7677,842b163ffffffff,8,0,0,"[0, 255, 0, 100]","[97, 255, 97]"
7678,842b165ffffffff,1,0,0,"[0, 255, 0, 100]","[97, 255, 97]"
7679,842b16bffffffff,3,0,0,"[0, 255, 0, 100]","[97, 255, 97]"
7680,842b183ffffffff,1,0,0,"[0, 255, 0, 100]","[97, 255, 97]"
7681,842b185ffffffff,8,0,0,"[0, 255, 0, 100]","[97, 255, 97]"
7682,842b18dffffffff,7,0,0,"[0, 255, 0, 100]","[97, 255, 97]"
7683,842b191ffffffff,118,0,0,"[0, 255, 0, 100]","[97, 255, 97]"
7684,842b197ffffffff,89,0,0,"[0, 255, 0, 100]","[97, 255, 97]"
7685,842b199ffffffff,18,0,0,"[0, 255, 0, 100]","[97, 255, 97]"
7686,842b1a3ffffffff,20,0,0,"[0, 255, 0, 100]","[97, 255, 97]"
7687,842b1a5ffffffff,16,0,0,"[0, 255, 0, 100]","[97, 255, 97]"
7688,842b1a7ffffffff,1,1,1,"[0, 255, 0, 100]","[97, 255, 97]"
7689,842b1a9ffffffff,110,0,0,"[0, 255, 0, 100]","[97, 255, 97]"
7690,842b1abffffffff,22,0,0,"[0, 255, 0, 100]","[97, 255, 97]"
7691,842b1bbffffffff,11,0,0,"[0, 255, 0, 100]","[97, 255, 97]"
7692,842b1c3ffffffff,3,0,0,"[0, 255, 0, 100]","[97, 255, 97]"
7693,842b1cbffffffff,80,0,0,"[0, 255, 0, 100]","[97, 255, 97]"
7694,842b1d3ffffffff,1,0,0,"[0, 255, 0, 100]","[97, 255, 97]"
7695,842b1d9ffffffff,4,0,0,"[0, 255, 0, 100]","[97, 255, 97]"
7696,842b1dbffffffff,4,0,0,"[0, 255, 0, 100]","[97, 255, 97]"
7697,842b1e3ffffffff,6,0,0,"[0, 255, 0, 100]","[97, 255, 97]"
7698,842b1e5ffffffff,20,0,0,"[0, 255, 0, 100]","[97, 255, 97]"
7699,842b1edffffffff,15,0,0,"[0, 255, 0, 100]","[97, 255, 97]"
7700,842b203ffffffff,13,0,0,"[0, 255, 0, 100]","[97, 255, 97]"
7701,842b207ffffffff,197,0,0,"[0, 255, 0, 100]","[97, 255, 97]"
7702,842b20dffffffff,2,0,0,"[0, 255, 0, 100]","[97, 255, 97]"
7703,842b215ffffffff,5,0,0,"[0, 255, 0, 100]","[97, 255, 97]"
7704,842b217ffffffff,17,0,0,"[0, 255, 0, 100]","[97, 255, 97]"
7705,842b219ffffffff,4,0,0,"[0, 255, 0, 100]","[97, 255, 97]"
7706,842b21dffffffff,87,0,0,"[0, 255, 0, 100]","[97, 255, 97]"
7707,842b223ffffffff,43,0,0,"[0, 255, 0, 100]","[97, 255, 97]"
7708,842b225ffffffff,5,0,0,"[0, 255, 0, 100]","[97, 255, 97]"
7709,842b227ffffffff,63,0,0,"[0, 255, 0, 100]","[97, 255, 97]"
7710,842b229ffffffff,18,0,0,"[0, 255, 0, 100]","[97, 255, 97]"
7711,842b22dffffffff,23,0,0,"[0, 255, 0, 100]","[97, 255, 97]"
7712,842b235ffffffff,5,0,0,"[0, 255, 0, 100]","[97, 255, 97]"
7713,842b237ffffffff,92,0,0,"[0, 255, 0, 100]","[97, 255, 97]"
7714,842b23dffffffff,304,0,0,"[0, 255, 0, 100]","[97, 255, 97]"
7715,842b241ffffffff,2,0,0,"[0, 255, 0, 100]","[97, 255, 97]"
7716,842b249ffffffff,83,0,0,"[0, 255, 0, 100]","[97, 255, 97]"
7717,842b251ffffffff,95,0,0,"[0, 255, 0, 100]","[97, 255, 97]"
7718,842b253ffffffff,5,0,0,"[0, 255, 0, 100]","[97, 255, 97]"
7719,842b257ffffffff,29,0,0,"[0, 255, 0, 100]","[97, 255, 97]"
7720,842b259ffffffff,122,0,0,"[0, 255, 0, 100]","[97, 255, 97]"
7721,842b25bffffffff,112,0,0,"[0, 255, 0, 100]","[97, 255, 97]"
7722,842b261ffffffff,5,0,0,"[0, 255, 0, 100]","[97, 255, 97]"
7723,842b263ffffffff,19,0,0,"[0, 255, 0, 100]","[97, 255, 97]"
7724,842b267ffffffff,28,0,0,"[0, 255, 0, 100]","[97, 255, 97]"
7725,842b281ffffffff,7,0,0,"[0, 255, 0, 100]","[97, 255, 97]"
7726,842b285ffffffff,17,0,0,"[0, 255, 0, 100]","[97, 255, 97]"
7727,842b287ffffffff,52,0,0,"[0, 255, 0, 100]","[97, 255, 97]"
7728,842b289ffffffff,49,0,0,"[0, 255, 0, 100]","[97, 255, 97]"
7729,842b28dffffffff,39,0,0,"[0, 255, 0, 100]","[97, 255, 97]"
7730,842b291ffffffff,43,0,0,"[0, 255, 0, 100]","[97, 255, 97]"
7731,842b295ffffffff,121,0,0,"[0, 255, 0, 100]","[97, 255, 97]"
7732,842b297ffffffff,2,0,0,"[0, 255, 0, 100]","[97, 255, 97]"
7733,842b299ffffffff,13,0,0,"[0, 255, 0, 100]","[97, 255, 97]"
7734,842b29dffffffff,8,0,0,"[0, 255, 0, 100]","[97, 255, 97]"
7735,842b2a3ffffffff,90,0,0,"[0, 255, 0, 100]","[97, 255, 97]"
7736,842b2a5ffffffff,86,0,0,"[0, 255, 0, 100]","[97, 255, 97]"
7737,842b2a7ffffffff,11,0,0,"[0, 255, 0, 100]","[97, 255, 97]"
7738,842b2a9ffffffff,23,0,0,"[0, 255, 0, 100]","[97, 255, 97]"
7739,842b2abffffffff,65,0,0,"[0, 255, 0, 100]","[97, 255, 97]"
7740,842b2adffffffff,71,0,0,"[0, 255, 0, 100]","[97, 255, 97]"
7741,842b2b3ffffffff,28,0,0,"[0, 255, 0, 100]","[97, 255, 97]"
7742,842b2b5ffffffff,9,0,0,"[0, 255, 0, 100]","[97, 255, 97]"
7743,842b2b9ffffffff,2,0,0,"[0, 255, 0, 100]","[97, 255, 97]"
7744,842b2bbffffffff,19,0,0,"[0, 255, 0, 100]","[97, 255, 97]"
7745,842b2bdffffffff,19,0,0,"[0, 255, 0, 100]","[97, 255, 97]"
7746,842b2c1ffffffff,85,0,0,"[0, 255, 0, 100]","[97, 255, 97]"
7747,842b2c3ffffffff,144,0,0,"[0, 255, 0, 100]","[97, 255, 97]"
7748,842b2c5ffffffff,29,0,0,"[0, 255, 0, 100]","[97, 255, 97]"
7749,842b2c7ffffffff,58,0,0,"[0, 255, 0, 100]","[97, 255, 97]"
7750,842b2c9ffffffff,36,0,0,"[0, 255, 0, 100]","[97, 255, 97]"
7751,842b2cbffffffff,168,0,0,"[0, 255, 0, 100]","[97, 255, 97]"
7752,842b2d3ffffffff,13,0,0,"[0, 255, 0, 100]","[97, 255, 97]"
7753,842b2d5ffffffff,3,0,0,"[0, 255, 0, 100]","[97, 255, 97]"
7754,842b2d9ffffffff,7,0,0,"[0, 255, 0, 100]","[97, 255, 97]"
7755,842b2dbffffffff,35,0,0,"[0, 255, 0, 100]","[97, 255, 97]"
7756,842b2ddffffffff,46,0,0,"[0, 255, 0, 100]","[97, 255, 97]"
7757,842b2e1ffffffff,122,0,0,"[0, 255, 0, 100]","[97, 255, 97]"
7758,842b2e3ffffffff,26,0,0,"[0, 255, 0, 100]","[97, 255, 97]"
7759,842b2e5ffffffff,149,0,0,"[0, 255, 0, 100]","[97, 255, 97]"
7760,842b2e9ffffffff,94,0,0,"[0, 255, 0, 100]","[97, 255, 97]"
7761,842b2ebffffffff,6,0,0,"[0, 255, 0, 100]","[97, 255, 97]"
7762,842b2edffffffff,160,0,0,"[0, 255, 0, 100]","[97, 255, 97]"
7763,842b305ffffffff,10,0,0,"[0, 255, 0, 100]","[97, 255, 97]"
7764,842b30bffffffff,7,0,0,"[0, 255, 0, 100]","[97, 255, 97]"
7765,842b30dffffffff,45,0,0,"[0, 255, 0, 100]","[97, 255, 97]"
7766,842b311ffffffff,63,0,0,"[0, 255, 0, 100]","[97, 255, 97]"
7767,842b317ffffffff,4,0,0,"[0, 255, 0, 100]","[97, 255, 97]"
7768,842b319ffffffff,2,0,0,"[0, 255, 0, 100]","[97, 255, 97]"
7769,842b31dffffffff,142,0,0,"[0, 255, 0, 100]","[97, 255, 97]"
7770,842b325ffffffff,23,0,0,"[0, 255, 0, 100]","[97, 255, 97]"
7771,842b333ffffffff,4,0,0,"[0, 255, 0, 100]","[97, 255, 97]"
7772,842b33bffffffff,3,0,0,"[0, 255, 0, 100]","[97, 255, 97]"
7773,842b347ffffffff,36,0,0,"[0, 255, 0, 100]","[97, 255, 97]"
7774,842b351ffffffff,38,0,0,"[0, 255, 0, 100]","[97, 255, 97]"
7775,842b355ffffffff,3,0,0,"[0, 255, 0, 100]","[97, 255, 97]"
7776,842b357ffffffff,75,0,0,"[0, 255, 0, 100]","[97, 255, 97]"
7777,842b359ffffffff,9,0,0,"[0, 255, 0, 100]","[97, 255, 97]"
7778,842b35dffffffff,86,0,0,"[0, 255, 0, 100]","[97, 255, 97]"
7779,842b361ffffffff,26,0,0,"[0, 255, 0, 100]","[97, 255, 97]"
7780,842b363ffffffff,1,0,0,"[0, 255, 0, 100]","[97, 255, 97]"
7781,842b367ffffffff,5,0,0,"[0, 255, 0, 100]","[97, 255, 97]"
7782,842b36bffffffff,12,0,0,"[0, 255, 0, 100]","[97, 255, 97]"
7783,842b491ffffffff,2,0,0,"[0, 255, 0, 100]","[97, 255, 97]"
7784,842b49dffffffff,9,0,0,"[0, 255, 0, 100]","[97, 255, 97]"
7785,842b549ffffffff,3,0,0,"[0, 255, 0, 100]","[97, 255, 97]"
7786,842b591ffffffff,3,0,0,"[0, 255, 0, 100]","[97, 255, 97]"
7787,842b5cbffffffff,5,0,0,"[0, 255, 0, 100]","[97, 255, 97]"
7788,842b617ffffffff,65,0,0,"[0, 255, 0, 100]","[97, 255, 97]"
7789,842b619ffffffff,11,0,0,"[0, 255, 0, 100]","[97, 255, 97]"
7790,842b623ffffffff,30,0,0,"[0, 255, 0, 100]","[97, 255, 97]"
7791,842b627ffffffff,1,0,0,"[0, 255, 0, 100]","[97, 255, 97]"
7792,842b653ffffffff,16,0,0,"[0, 255, 0, 100]","[97, 255, 97]"
7793,842b6edffffffff,48,0,0,"[0, 255, 0, 100]","[97, 255, 97]"
7794,842b745ffffffff,10,0,0,"[0, 255, 0, 100]","[97, 255, 97]"
7795,842b74dffffffff,3,0,0,"[0, 255, 0, 100]","[97, 255, 97]"
7796,842b751ffffffff,9,0,0,"[0, 255, 0, 100]","[97, 255, 97]"
7797,842b753ffffffff,9,0,0,"[0, 255, 0, 100]","[97, 255, 97]"
7798,842b755ffffffff,4,0,0,"[0, 255, 0, 100]","[97, 255, 97]"
7799,842b759ffffffff,1,0,0,"[0, 255, 0, 100]","[97, 255, 97]"
7800,842b75bffffffff,15,0,0,"[0, 255, 0, 100]","[97, 255, 97]"
7801,842b75dffffffff,2,0,0,"[0, 255, 0, 100]","[97, 255, 97]"
7802,842b80dffffffff,4,0,0,"[0, 255, 0, 100]","[97, 255, 97]"
7803,842b811ffffffff,31,0,0,"[0, 255, 0, 100]","[97, 255, 97]"
7804,842b817ffffffff,16,0,0,"[0, 255, 0, 100]","[97, 255, 97]"
7805,842b819ffffffff,7,0,0,"[0, 255, 0, 100]","[97, 255, 97]"
7806,842b81bffffffff,10,0,0,"[0, 255, 0, 100]","[97, 255, 97]"
7807,842b81dffffffff,2,0,0,"[0, 255, 0, 100]","[97, 255, 97]"
7808,842b825ffffffff,1,0,0,"[0, 255, 0, 100]","[97, 255, 97]"
7809,842b82dffffffff,54,0,0,"[0, 255, 0, 100]","[97, 255, 97]"
7810,842b831ffffffff,1,0,0,"[0, 255, 0, 100]","[97, 255, 97]"
7811,842b833ffffffff,3,0,0,"[0, 255, 0, 100]","[97, 255, 97]"
7812,842b83bffffffff,5,0,0,"[0, 255, 0, 100]","[97, 255, 97]"
7813,842b855ffffffff,1,0,0,"[0, 255, 0, 100]","[97, 255, 97]"
7814,842b85bffffffff,88,0,0,"[0, 255, 0, 100]","[97, 255, 97]"
7815,842b85dffffffff,2,0,0,"[0, 255, 0, 100]","[97, 255, 97]"
7816,842b883ffffffff,11,0,0,"[0, 255, 0, 100]","[97, 255, 97]"
7817,842b887ffffffff,8,0,0,"[0, 255, 0, 100]","[97, 255, 97]"
7818,842b891ffffffff,35,0,0,"[0, 255, 0, 100]","[97, 255, 97]"
7819,842b895ffffffff,5,0,0,"[0, 255, 0, 100]","[97, 255, 97]"
7820,842b897ffffffff,1,0,0,"[0, 255, 0, 100]","[97, 255, 97]"
7821,842b8a3ffffffff,50,0,0,"[0, 255, 0, 100]","[97, 255, 97]"
7822,842b8b1ffffffff,31,0,0,"[0, 255, 0, 100]","[97, 255, 97]"
7823,842b8b7ffffffff,22,0,0,"[0, 255, 0, 100]","[97, 255, 97]"
7824,842b8bbffffffff,36,0,0,"[0, 255, 0, 100]","[97, 255, 97]"
7825,842b8cbffffffff,5,0,0,"[0, 255, 0, 100]","[97, 255, 97]"
7826,842b8d7ffffffff,1,0,0,"[0, 255, 0, 100]","[97, 255, 97]"
7827,842b8dbffffffff,1,0,0,"[0, 255, 0, 100]","[97, 255, 97]"
7828,842b8e5ffffffff,5,0,0,"[0, 255, 0, 100]","[97, 255, 97]"
7829,842b915ffffffff,21,0,0,"[0, 255, 0, 100]","[97, 255, 97]"
7830,842b95bffffffff,19,0,0,"[0, 255, 0, 100]","[97, 255, 97]"
7831,842b965ffffffff,1,0,0,"[0, 255, 0, 100]","[97, 255, 97]"
7832,842b993ffffffff,1,0,0,"[0, 255, 0, 100]","[97, 255, 97]"
7833,842b99dffffffff,4,0,0,"[0, 255, 0, 100]","[97, 255, 97]"
7834,842b9a3ffffffff,90,0,0,"[0, 255, 0, 100]","[97, 255, 97]"
7835,842b9b5ffffffff,5,0,0,"[0, 255, 0, 100]","[97, 255, 97]"
7836,842b9b9ffffffff,20,0,0,"[0, 255, 0, 100]","[97, 255, 97]"
7837,842b9bdffffffff,57,0,0,"[0, 255, 0, 100]","[97, 255, 97]"
7838,842b9c1ffffffff,148,0,0,"[0, 255, 0, 100]","[97, 255, 97]"
7839,842b9c7ffffffff,6,0,0,"[0, 255, 0, 100]","[97, 255, 97]"
7840,842b9d3ffffffff,1,0,0,"[0, 255, 0, 100]","[97, 255, 97]"
7841,842b9edffffffff,92,0,0,"[0, 255, 0, 100]","[97, 255, 97]"
7842,842ba19ffffffff,81,0,0,"[0, 255, 0, 100]","[97, 255, 97]"
7843,842ba27ffffffff,5,0,0,"[0, 255, 0, 100]","[97, 255, 97]"
7844,842ba51ffffffff,10,0,0,"[0, 255, 0, 100]","[97, 255, 97]"
7845,842ba67ffffffff,22,0,0,"[0, 255, 0, 100]","[97, 255, 97]"
7846,842ba69ffffffff,7,0,0,"[0, 255, 0, 100]","[97, 255, 97]"
7847,842ba81ffffffff,6,0,0,"[0, 255, 0, 100]","[97, 255, 97]"
7848,842ba85ffffffff,14,0,0,"[0, 255, 0, 100]","[97, 255, 97]"
7849,842ba89ffffffff,22,0,0,"[0, 255, 0, 100]","[97, 255, 97]"
7850,842ba93ffffffff,1,0,0,"[0, 255, 0, 100]","[97, 255, 97]"
7851,842baa1ffffffff,15,0,0,"[0, 255, 0, 100]","[97, 255, 97]"
7852,842baa5ffffffff,120,0,0,"[0, 255, 0, 100]","[97, 255, 97]"
7853,842baa7ffffffff,6,0,0,"[0, 255, 0, 100]","[97, 255, 97]"
7854,842baa9ffffffff,4,0,0,"[0, 255, 0, 100]","[97, 255, 97]"
7855,842baadffffffff,3,3,1,"[0, 255, 0, 100]","[97, 255, 97]"
7856,842bac5ffffffff,5,0,0,"[0, 255, 0, 100]","[97, 255, 97]"
7857,842bac7ffffffff,1,0,0,"[0, 255, 0, 100]","[97, 255, 97]"
7858,842bac9ffffffff,8,0,0,"[0, 255, 0, 100]","[97, 255, 97]"
7859,842bacbffffffff,23,0,0,"[0, 255, 0, 100]","[97, 255, 97]"
7860,842bad1ffffffff,2,0,0,"[0, 255, 0, 100]","[97, 255, 97]"
7861,842bad9ffffffff,24,0,0,"[0, 255, 0, 100]","[97, 255, 97]"
7862,842badbffffffff,66,0,0,"[0, 255, 0, 100]","[97, 255, 97]"
7863,842baddffffffff,4,0,0,"[0, 255, 0, 100]","[97, 255, 97]"
7864,842bae5ffffffff,38,0,0,"[0, 255, 0, 100]","[97, 255, 97]"
7865,842bb1bffffffff,3,0,0,"[0, 255, 0, 100]","[97, 255, 97]"
7866,842bb21ffffffff,11,0,0,"[0, 255, 0, 100]","[97, 255, 97]"
7867,842bb27ffffffff,9,0,0,"[0, 255, 0, 100]","[97, 255, 97]"
7868,842bb29ffffffff,30,0,0,"[0, 255, 0, 100]","[97, 255, 97]"
7869,842bb2bffffffff,1,0,0,"[0, 255, 0, 100]","[97, 255, 97]"
7870,842bb57ffffffff,11,0,0,"[0, 255, 0, 100]","[97, 255, 97]"
7871,842c00bffffffff,10,0,0,"[0, 255, 0, 100]","[97, 255, 97]"
7872,842c083ffffffff,16,0,0,"[0, 255, 0, 100]","[97, 255, 97]"
7873,842c0b1ffffffff,9,0,0,"[0, 255, 0, 100]","[97, 255, 97]"
7874,842c0b3ffffffff,1,0,0,"[0, 255, 0, 100]","[97, 255, 97]"
7875,842c0b9ffffffff,1,0,0,"[0, 255, 0, 100]","[97, 255, 97]"
7876,842c0bdffffffff,7,0,0,"[0, 255, 0, 100]","[97, 255, 97]"
7877,842c0c1ffffffff,7,0,0,"[0, 255, 0, 100]","[97, 255, 97]"
7878,842c0c3ffffffff,10,0,0,"[0, 255, 0, 100]","[97, 255, 97]"
7879,842c0cbffffffff,8,0,0,"[0, 255, 0, 100]","[97, 255, 97]"
7880,842c0d9ffffffff,1,0,0,"[0, 255, 0, 100]","[97, 255, 97]"
7881,842c0dbffffffff,2,0,0,"[0, 255, 0, 100]","[97, 255, 97]"
7882,842c181ffffffff,2,0,0,"[0, 255, 0, 100]","[97, 255, 97]"
7883,842c18dffffffff,1,0,0,"[0, 255, 0, 100]","[97, 255, 97]"
7884,842c1a3ffffffff,5,0,0,"[0, 255, 0, 100]","[97, 255, 97]"
7885,842c1b5ffffffff,1,0,0,"[0, 255, 0, 100]","[97, 255, 97]"
7886,842c1bdffffffff,13,0,0,"[0, 255, 0, 100]","[97, 255, 97]"
7887,842c215ffffffff,1,0,0,"[0, 255, 0, 100]","[97, 255, 97]"
7888,842c217ffffffff,5,0,0,"[0, 255, 0, 100]","[97, 255, 97]"
7889,842c221ffffffff,16,0,0,"[0, 255, 0, 100]","[97, 255, 97]"
7890,842c223ffffffff,72,0,0,"[0, 255, 0, 100]","[97, 255, 97]"
7891,842c227ffffffff,1,0,0,"[0, 255, 0, 100]","[97, 255, 97]"
7892,842c253ffffffff,5,0,0,"[0, 255, 0, 100]","[97, 255, 97]"
7893,842c285ffffffff,1,0,0,"[0, 255, 0, 100]","[97, 255, 97]"
7894,842c2a1ffffffff,1,0,0,"[0, 255, 0, 100]","[97, 255, 97]"
7895,842c2a5ffffffff,3,0,0,"[0, 255, 0, 100]","[97, 255, 97]"
7896,842c2dbffffffff,2,0,0,"[0, 255, 0, 100]","[97, 255, 97]"
7897,842c2e5ffffffff,6,0,0,"[0, 255, 0, 100]","[97, 255, 97]"
7898,842c2edffffffff,5,0,0,"[0, 255, 0, 100]","[97, 255, 97]"
7899,842c351ffffffff,8,2,0.25,"[255, 0, 0, 100]","[255, 0, 0]"
7900,842c359ffffffff,53,1,0.018867925,"[255, 0, 0, 100]","[255, 0, 0]"
7901,842c405ffffffff,3,0,0,"[0, 255, 0, 100]","[97, 255, 97]"
7902,842c407ffffffff,3,0,0,"[0, 255, 0, 100]","[97, 255, 97]"
7903,842c40dffffffff,8,0,0,"[0, 255, 0, 100]","[97, 255, 97]"
7904,842c411ffffffff,2,0,0,"[0, 255, 0, 100]","[97, 255, 97]"
7905,842c415ffffffff,1,0,0,"[0, 255, 0, 100]","[97, 255, 97]"
7906,842c427ffffffff,13,0,0,"[0, 255, 0, 100]","[97, 255, 97]"
7907,842c429ffffffff,21,0,0,"[0, 255, 0, 100]","[97, 255, 97]"
7908,842c42bffffffff,26,0,0,"[0, 255, 0, 100]","[97, 255, 97]"
7909,842c43bffffffff,22,0,0,"[0, 255, 0, 100]","[97, 255, 97]"
7910,842c441ffffffff,1,0,0,"[0, 255, 0, 100]","[97, 255, 97]"
7911,842c443ffffffff,14,0,0,"[0, 255, 0, 100]","[97, 255, 97]"
7912,842c453ffffffff,15,0,0,"[0, 255, 0, 100]","[97, 255, 97]"
7913,842c467ffffffff,8,0,0,"[0, 255, 0, 100]","[97, 255, 97]"
7914,842c4a1ffffffff,57,0,0,"[0, 255, 0, 100]","[97, 255, 97]"
7915,842c4a3ffffffff,27,0,0,"[0, 255, 0, 100]","[97, 255, 97]"
7916,842c4a9ffffffff,207,0,0,"[0, 255, 0, 100]","[97, 255, 97]"
7917,842c4abffffffff,218,0,0,"[0, 255, 0, 100]","[97, 255, 97]"
7918,842c4adffffffff,5,0,0,"[0, 255, 0, 100]","[97, 255, 97]"
7919,842c4b1ffffffff,9,0,0,"[0, 255, 0, 100]","[97, 255, 97]"
7920,842c4b3ffffffff,2,0,0,"[0, 255, 0, 100]","[97, 255, 97]"
7921,842c4bdffffffff,92,0,0,"[0, 255, 0, 100]","[97, 255, 97]"
7922,842c4e1ffffffff,60,0,0,"[0, 255, 0, 100]","[97, 255, 97]"
7923,842c4e7ffffffff,20,0,0,"[0, 255, 0, 100]","[97, 255, 97]"
7924,842c4edffffffff,25,0,0,"[0, 255, 0, 100]","[97, 255, 97]"
7925,842c509ffffffff,23,0,0,"[0, 255, 0, 100]","[97, 255, 97]"
7926,842c519ffffffff,1,0,0,"[0, 255, 0, 100]","[97, 255, 97]"
7927,842c525ffffffff,17,0,0,"[0, 255, 0, 100]","[97, 255, 97]"
7928,842c527ffffffff,47,0,0,"[0, 255, 0, 100]","[97, 255, 97]"
7929,842c529ffffffff,4,0,0,"[0, 255, 0, 100]","[97, 255, 97]"
7930,842c545ffffffff,39,0,0,"[0, 255, 0, 100]","[97, 255, 97]"
7931,842c547ffffffff,4,0,0,"[0, 255, 0, 100]","[97, 255, 97]"
7932,842c549ffffffff,30,0,0,"[0, 255, 0, 100]","[97, 255, 97]"
7933,842c54dffffffff,35,0,0,"[0, 255, 0, 100]","[97, 255, 97]"
7934,842c555ffffffff,93,0,0,"[0, 255, 0, 100]","[97, 255, 97]"
7935,842c557ffffffff,16,0,0,"[0, 255, 0, 100]","[97, 255, 97]"
7936,842c567ffffffff,18,0,0,"[0, 255, 0, 100]","[97, 255, 97]"
7937,842c5d1ffffffff,46,0,0,"[0, 255, 0, 100]","[97, 255, 97]"
7938,842c5dbffffffff,4,0,0,"[0, 255, 0, 100]","[97, 255, 97]"
7939,842c5ddffffffff,100,0,0,"[0, 255, 0, 100]","[97, 255, 97]"
7940,842c605ffffffff,4,0,0,"[0, 255, 0, 100]","[97, 255, 97]"
7941,842c60dffffffff,7,0,0,"[0, 255, 0, 100]","[97, 255, 97]"
7942,842c621ffffffff,14,0,0,"[0, 255, 0, 100]","[97, 255, 97]"
7943,842c625ffffffff,2,0,0,"[0, 255, 0, 100]","[97, 255, 97]"
7944,842c627ffffffff,25,0,0,"[0, 255, 0, 100]","[97, 255, 97]"
7945,842c629ffffffff,1,0,0,"[0, 255, 0, 100]","[97, 255, 97]"
7946,842c62bffffffff,7,0,0,"[0, 255, 0, 100]","[97, 255, 97]"
7947,842c633ffffffff,24,0,0,"[0, 255, 0, 100]","[97, 255, 97]"
7948,842c641ffffffff,9,0,0,"[0, 255, 0, 100]","[97, 255, 97]"
7949,842c645ffffffff,4,0,0,"[0, 255, 0, 100]","[97, 255, 97]"
7950,842c649ffffffff,12,0,0,"[0, 255, 0, 100]","[97, 255, 97]"
7951,842c663ffffffff,1,0,0,"[0, 255, 0, 100]","[97, 255, 97]"
7952,842c66bffffffff,3,0,0,"[0, 255, 0, 100]","[97, 255, 97]"
7953,842c681ffffffff,6,0,0,"[0, 255, 0, 100]","[97, 255, 97]"
7954,842c689ffffffff,20,0,0,"[0, 255, 0, 100]","[97, 255, 97]"
7955,842c68bffffffff,21,0,0,"[0, 255, 0, 100]","[97, 255, 97]"
7956,842c68dffffffff,24,0,0,"[0, 255, 0, 100]","[97, 255, 97]"
7957,842c6a9ffffffff,24,0,0,"[0, 255, 0, 100]","[97, 255, 97]"
7958,842c6adffffffff,5,0,0,"[0, 255, 0, 100]","[97, 255, 97]"
7959,842c6b1ffffffff,18,0,0,"[0, 255, 0, 100]","[97, 255, 97]"
7960,842c6b3ffffffff,20,0,0,"[0, 255, 0, 100]","[97, 255, 97]"
7961,842c6b7ffffffff,20,0,0,"[0, 255, 0, 100]","[97, 255, 97]"
7962,842c6bbffffffff,53,0,0,"[0, 255, 0, 100]","[97, 255, 97]"
7963,842c6bdffffffff,1,0,0,"[0, 255, 0, 100]","[97, 255, 97]"
7964,842c6d1ffffffff,4,0,0,"[0, 255, 0, 100]","[97, 255, 97]"
7965,842c6d3ffffffff,31,0,0,"[0, 255, 0, 100]","[97, 255, 97]"
7966,842c6d7ffffffff,61,0,0,"[0, 255, 0, 100]","[97, 255, 97]"
7967,842c6dbffffffff,9,0,0,"[0, 255, 0, 100]","[97, 255, 97]"
7968,842c709ffffffff,19,0,0,"[0, 255, 0, 100]","[97, 255, 97]"
7969,842c70dffffffff,3,0,0,"[0, 255, 0, 100]","[97, 255, 97]"
7970,842c715ffffffff,9,0,0,"[0, 255, 0, 100]","[97, 255, 97]"
7971,842c719ffffffff,3,0,0,"[0, 255, 0, 100]","[97, 255, 97]"
7972,842c71bffffffff,42,0,0,"[0, 255, 0, 100]","[97, 255, 97]"
7973,842c71dffffffff,1,0,0,"[0, 255, 0, 100]","[97, 255, 97]"
7974,842c731ffffffff,38,0,0,"[0, 255, 0, 100]","[97, 255, 97]"
7975,842c733ffffffff,5,0,0,"[0, 255, 0, 100]","[97, 255, 97]"
7976,842c739ffffffff,5,0,0,"[0, 255, 0, 100]","[97, 255, 97]"
7977,842c73bffffffff,18,0,0,"[0, 255, 0, 100]","[97, 255, 97]"
7978,842c73dffffffff,2,0,0,"[0, 255, 0, 100]","[97, 255, 97]"
7979,842c747ffffffff,14,0,0,"[0, 255, 0, 100]","[97, 255, 97]"
7980,842c74dffffffff,13,1,0.076923077,"[255, 0, 0, 100]","[255, 0, 0]"
7981,842c751ffffffff,10,0,0,"[0, 255, 0, 100]","[97, 255, 97]"
7982,842c75bffffffff,15,0,0,"[0, 255, 0, 100]","[97, 255, 97]"
7983,842c761ffffffff,16,0,0,"[0, 255, 0, 100]","[97, 255, 97]"
7984,842c763ffffffff,29,0,0,"[0, 255, 0, 100]","[97, 255, 97]"
7985,842c767ffffffff,4,0,0,"[0, 255, 0, 100]","[97, 255, 97]"
7986,842c76bffffffff,9,0,0,"[0, 255, 0, 100]","[97, 255, 97]"
7987,842c80dffffffff,1,0,0,"[0, 255, 0, 100]","[97, 255, 97]"
7988,842c825ffffffff,1,0,0,"[0, 255, 0, 100]","[97, 255, 97]"
7989,842c82dffffffff,3,0,0,"[0, 255, 0, 100]","[97, 255, 97]"
7990,842c841ffffffff,18,0,0,"[0, 255, 0, 100]","[97, 255, 97]"
7991,842c843ffffffff,3,0,0,"[0, 255, 0, 100]","[97, 255, 97]"
7992,842c847ffffffff,55,0,0,"[0, 255, 0, 100]","[97, 255, 97]"
7993,842c867ffffffff,1,0,0,"[0, 255, 0, 100]","[97, 255, 97]"
7994,842c891ffffffff,28,0,0,"[0, 255, 0, 100]","[97, 255, 97]"
7995,842c899ffffffff,35,0,0,"[0, 255, 0, 100]","[97, 255, 97]"
7996,842c89bffffffff,5,0,0,"[0, 255, 0, 100]","[97, 255, 97]"
7997,842c8b7ffffffff,15,0,0,"[0, 255, 0, 100]","[97, 255, 97]"
7998,842c8cbffffffff,13,0,0,"[0, 255, 0, 100]","[97, 255, 97]"
7999,842c91bffffffff,23,0,0,"[0, 255, 0, 100]","[97, 255, 97]"
8000,842c925ffffffff,78,0,0,"[0, 255, 0, 100]","[97, 255, 97]"
8001,842c927ffffffff,6,0,0,"[0, 255, 0, 100]","[97, 255, 97]"
8002,842c92dffffffff,4,0,0,"[0, 255, 0, 100]","[97, 255, 97]"
8003,842c931ffffffff,25,0,0,"[0, 255, 0, 100]","[97, 255, 97]"
8004,842c933ffffffff,143,0,0,"[0, 255, 0, 100]","[97, 255, 97]"
8005,842c937ffffffff,1,0,0,"[0, 255, 0, 100]","[97, 255, 97]"
8006,842c93bffffffff,10,0,0,"[0, 255, 0, 100]","[97, 255, 97]"
8007,842c961ffffffff,24,0,0,"[0, 255, 0, 100]","[97, 255, 97]"
8008,842c967ffffffff,54,0,0,"[0, 255, 0, 100]","[97, 255, 97]"
8009,842c969ffffffff,8,0,0,"[0, 255, 0, 100]","[97, 255, 97]"
8010,842c9a5ffffffff,1,0,0,"[0, 255, 0, 100]","[97, 255, 97]"
8011,842c9e5ffffffff,3,0,0,"[0, 255, 0, 100]","[97, 255, 97]"
8012,842ca11ffffffff,1,0,0,"[0, 255, 0, 100]","[97, 255, 97]"
8013,842ca17ffffffff,8,0,0,"[0, 255, 0, 100]","[97, 255, 97]"
8014,842ca1dffffffff,6,0,0,"[0, 255, 0, 100]","[97, 255, 97]"
8015,842ca2bffffffff,10,0,0,"[0, 255, 0, 100]","[97, 255, 97]"
8016,842ca3bffffffff,32,0,0,"[0, 255, 0, 100]","[97, 255, 97]"
8017,842cb51ffffffff,41,0,0,"[0, 255, 0, 100]","[97, 255, 97]"
8018,842cb59ffffffff,21,0,0,"[0, 255, 0, 100]","[97, 255, 97]"
8019,842cc81ffffffff,13,0,0,"[0, 255, 0, 100]","[97, 255, 97]"
8020,842cc8bffffffff,1,0,0,"[0, 255, 0, 100]","[97, 255, 97]"
8021,842cc8dffffffff,3,0,0,"[0, 255, 0, 100]","[97, 255, 97]"
8022,842ccbbffffffff,94,0,0,"[0, 255, 0, 100]","[97, 255, 97]"
8023,842cd91ffffffff,3,0,0,"[0, 255, 0, 100]","[97, 255, 97]"
8024,842cd93ffffffff,7,0,0,"[0, 255, 0, 100]","[97, 255, 97]"
8025,842cd95ffffffff,12,0,0,"[0, 255, 0, 100]","[97, 255, 97]"
8026,842cda1ffffffff,12,0,0,"[0, 255, 0, 100]","[97, 255, 97]"
8027,842cdb5ffffffff,2,0,0,"[0, 255, 0, 100]","[97, 255, 97]"
8028,842cdb9ffffffff,51,0,0,"[0, 255, 0, 100]","[97, 255, 97]"
8029,842cdc3ffffffff,33,0,0,"[0, 255, 0, 100]","[97, 255, 97]"
8030,842cdcdffffffff,1,0,0,"[0, 255, 0, 100]","[97, 255, 97]"
8031,842cdd5ffffffff,59,0,0,"[0, 255, 0, 100]","[97, 255, 97]"
8032,842cdd7ffffffff,4,0,0,"[0, 255, 0, 100]","[97, 255, 97]"
8033,842ce01ffffffff,2,0,0,"[0, 255, 0, 100]","[97, 255, 97]"
8034,842ce05ffffffff,4,0,0,"[0, 255, 0, 100]","[97, 255, 97]"
8035,842ce13ffffffff,10,0,0,"[0, 255, 0, 100]","[97, 255, 97]"
8036,842ce19ffffffff,19,0,0,"[0, 255, 0, 100]","[97, 255, 97]"
8037,842ce1bffffffff,1,0,0,"[0, 255, 0, 100]","[97, 255, 97]"
8038,842ce21ffffffff,30,0,0,"[0, 255, 0, 100]","[97, 255, 97]"
8039,842ce29ffffffff,1,0,0,"[0, 255, 0, 100]","[97, 255, 97]"
8040,842ce2bffffffff,19,0,0,"[0, 255, 0, 100]","[97, 255, 97]"
8041,842ce53ffffffff,73,0,0,"[0, 255, 0, 100]","[97, 255, 97]"
8042,842ce59ffffffff,198,0,0,"[0, 255, 0, 100]","[97, 255, 97]"
8043,842ce5bffffffff,45,0,0,"[0, 255, 0, 100]","[97, 255, 97]"
8044,842ce81ffffffff,7,0,0,"[0, 255, 0, 100]","[97, 255, 97]"
8045,842ce8dffffffff,42,0,0,"[0, 255, 0, 100]","[97, 255, 97]"
8046,842ceb1ffffffff,12,0,0,"[0, 255, 0, 100]","[97, 255, 97]"
8047,842ceb3ffffffff,108,0,0,"[0, 255, 0, 100]","[97, 255, 97]"
8048,842cebbffffffff,13,0,0,"[0, 255, 0, 100]","[97, 255, 97]"
8049,842cec7ffffffff,46,0,0,"[0, 255, 0, 100]","[97, 255, 97]"
8050,842cecbffffffff,17,0,0,"[0, 255, 0, 100]","[97, 255, 97]"
8051,842cecdffffffff,17,0,0,"[0, 255, 0, 100]","[97, 255, 97]"
8052,842ced5ffffffff,3,0,0,"[0, 255, 0, 100]","[97, 255, 97]"
8053,842ceddffffffff,81,0,0,"[0, 255, 0, 100]","[97, 255, 97]"
8054,842cf01ffffffff,19,0,0,"[0, 255, 0, 100]","[97, 255, 97]"
8055,842cf07ffffffff,25,0,0,"[0, 255, 0, 100]","[97, 255, 97]"
8056,842cf0bffffffff,15,0,0,"[0, 255, 0, 100]","[97, 255, 97]"
8057,842cf25ffffffff,38,0,0,"[0, 255, 0, 100]","[97, 255, 97]"
8058,842cf57ffffffff,2,0,0,"[0, 255, 0, 100]","[97, 255, 97]"
8059,842cf63ffffffff,1,0,0,"[0, 255, 0, 100]","[97, 255, 97]"
8060,842d025ffffffff,48,0,0,"[0, 255, 0, 100]","[97, 255, 97]"
8061,842d02dffffffff,5,0,0,"[0, 255, 0, 100]","[97, 255, 97]"
8062,842d033ffffffff,2,2,1,"[0, 255, 0, 100]","[97, 255, 97]"
8063,842d03bffffffff,4,4,1,"[0, 255, 0, 100]","[97, 255, 97]"
8064,842d067ffffffff,3,0,0,"[0, 255, 0, 100]","[97, 255, 97]"
8065,842d113ffffffff,40,0,0,"[0, 255, 0, 100]","[97, 255, 97]"
8066,842d115ffffffff,58,0,0,"[0, 255, 0, 100]","[97, 255, 97]"
8067,842d117ffffffff,8,0,0,"[0, 255, 0, 100]","[97, 255, 97]"
8068,842d139ffffffff,44,0,0,"[0, 255, 0, 100]","[97, 255, 97]"
8069,842d165ffffffff,4,2,0.5,"[0, 255, 0, 100]","[97, 255, 97]"
8070,842d185ffffffff,1,0,0,"[0, 255, 0, 100]","[97, 255, 97]"
8071,842d191ffffffff,2,2,1,"[0, 255, 0, 100]","[97, 255, 97]"
8072,842d193ffffffff,1,0,0,"[0, 255, 0, 100]","[97, 255, 97]"
8073,842d1c1ffffffff,3,0,0,"[0, 255, 0, 100]","[97, 255, 97]"
8074,842d1c7ffffffff,1,0,0,"[0, 255, 0, 100]","[97, 255, 97]"
8075,842d1cdffffffff,8,0,0,"[0, 255, 0, 100]","[97, 255, 97]"
8076,842d1d5ffffffff,3,0,0,"[0, 255, 0, 100]","[97, 255, 97]"
8077,842d1ddffffffff,5,0,0,"[0, 255, 0, 100]","[97, 255, 97]"
8078,842d1e3ffffffff,4,2,0.5,"[0, 255, 0, 100]","[97, 255, 97]"
8079,842d1e9ffffffff,47,0,0,"[0, 255, 0, 100]","[97, 255, 97]"
8080,842d1ebffffffff,13,0,0,"[0, 255, 0, 100]","[97, 255, 97]"
8081,842d351ffffffff,1,0,0,"[0, 255, 0, 100]","[97, 255, 97]"
8082,842d48bffffffff,143,0,0,"[0, 255, 0, 100]","[97, 255, 97]"
8083,842d4a3ffffffff,7,0,0,"[0, 255, 0, 100]","[97, 255, 97]"
8084,842d4bdffffffff,7,1,0.142857143,"[255, 0, 0, 100]","[255, 0, 0]"
8085,842d533ffffffff,22,0,0,"[0, 255, 0, 100]","[97, 255, 97]"
8086,842d835ffffffff,2,2,1,"[0, 255, 0, 100]","[97, 255, 97]"
8087,842d9cbffffffff,38,38,1,"[0, 255, 0, 100]","[97, 255, 97]"
8088,842d9d1ffffffff,5,0,0,"[0, 255, 0, 100]","[97, 255, 97]"
8089,842d9ddffffffff,6,0,0,"[0, 255, 0, 100]","[97, 255, 97]"
8090,842da25ffffffff,3,0,0,"[0, 255, 0, 100]","[97, 255, 97]"
8091,842da6bffffffff,3,0,0,"[0, 255, 0, 100]","[97, 255, 97]"
8092,842db05ffffffff,20,3,0.15,"[255, 0, 0, 100]","[255, 0, 0]"
8093,842db09ffffffff,1,0,0,"[0, 255, 0, 100]","[97, 255, 97]"
8094,842db0dffffffff,15,0,0,"[0, 255, 0, 100]","[97, 255, 97]"
8095,842db3dffffffff,14,0,0,"[0, 255, 0, 100]","[97, 255, 97]"
8096,842db59ffffffff,7,0,0,"[0, 255, 0, 100]","[97, 255, 97]"
8097,842e001ffffffff,56,0,0,"[0, 255, 0, 100]","[97, 255, 97]"
8098,842e003ffffffff,9,0,0,"[0, 255, 0, 100]","[97, 255, 97]"
8099,842e009ffffffff,3,0,0,"[0, 255, 0, 100]","[97, 255, 97]"
8100,842e00dffffffff,83,0,0,"[0, 255, 0, 100]","[97, 255, 97]"
8101,842e011ffffffff,26,0,0,"[0, 255, 0, 100]","[97, 255, 97]"
8102,842e01bffffffff,21,0,0,"[0, 255, 0, 100]","[97, 255, 97]"
8103,842e059ffffffff,10,0,0,"[0, 255, 0, 100]","[97, 255, 97]"
8104,842e063ffffffff,110,0,0,"[0, 255, 0, 100]","[97, 255, 97]"
8105,842e067ffffffff,12,0,0,"[0, 255, 0, 100]","[97, 255, 97]"
8106,842e081ffffffff,1,0,0,"[0, 255, 0, 100]","[97, 255, 97]"
8107,842e087ffffffff,22,0,0,"[0, 255, 0, 100]","[97, 255, 97]"
8108,842e08bffffffff,7,0,0,"[0, 255, 0, 100]","[97, 255, 97]"
8109,842e091ffffffff,4,0,0,"[0, 255, 0, 100]","[97, 255, 97]"
8110,842e09dffffffff,24,0,0,"[0, 255, 0, 100]","[97, 255, 97]"
8111,842e0a1ffffffff,10,0,0,"[0, 255, 0, 100]","[97, 255, 97]"
8112,842e0a3ffffffff,20,0,0,"[0, 255, 0, 100]","[97, 255, 97]"
8113,842e0a5ffffffff,7,0,0,"[0, 255, 0, 100]","[97, 255, 97]"
8114,842e0abffffffff,8,0,0,"[0, 255, 0, 100]","[97, 255, 97]"
8115,842e0b9ffffffff,2,0,0,"[0, 255, 0, 100]","[97, 255, 97]"
8116,842e0bdffffffff,59,0,0,"[0, 255, 0, 100]","[97, 255, 97]"
8117,842e0c3ffffffff,4,0,0,"[0, 255, 0, 100]","[97, 255, 97]"
8118,842e0c5ffffffff,8,0,0,"[0, 255, 0, 100]","[97, 255, 97]"
8119,842e0cbffffffff,18,0,0,"[0, 255, 0, 100]","[97, 255, 97]"
8120,842e141ffffffff,11,0,0,"[0, 255, 0, 100]","[97, 255, 97]"
8121,842e145ffffffff,100,0,0,"[0, 255, 0, 100]","[97, 255, 97]"
8122,842e147ffffffff,7,0,0,"[0, 255, 0, 100]","[97, 255, 97]"
8123,842e151ffffffff,13,0,0,"[0, 255, 0, 100]","[97, 255, 97]"
8124,842e15bffffffff,77,0,0,"[0, 255, 0, 100]","[97, 255, 97]"
8125,842e161ffffffff,52,0,0,"[0, 255, 0, 100]","[97, 255, 97]"
8126,842e165ffffffff,25,0,0,"[0, 255, 0, 100]","[97, 255, 97]"
8127,842e169ffffffff,26,0,0,"[0, 255, 0, 100]","[97, 255, 97]"
8128,842e16bffffffff,107,0,0,"[0, 255, 0, 100]","[97, 255, 97]"
8129,842e193ffffffff,1,0,0,"[0, 255, 0, 100]","[97, 255, 97]"
8130,842e1b5ffffffff,11,0,0,"[0, 255, 0, 100]","[97, 255, 97]"
8131,842e1bdffffffff,65,0,0,"[0, 255, 0, 100]","[97, 255, 97]"
8132,842e1e1ffffffff,18,0,0,"[0, 255, 0, 100]","[97, 255, 97]"
8133,842e1e7ffffffff,28,0,0,"[0, 255, 0, 100]","[97, 255, 97]"
8134,842e201ffffffff,11,0,0,"[0, 255, 0, 100]","[97, 255, 97]"
8135,842e205ffffffff,83,0,0,"[0, 255, 0, 100]","[97, 255, 97]"
8136,842e211ffffffff,46,0,0,"[0, 255, 0, 100]","[97, 255, 97]"
8137,842e215ffffffff,27,0,0,"[0, 255, 0, 100]","[97, 255, 97]"
8138,842e21bffffffff,6,0,0,"[0, 255, 0, 100]","[97, 255, 97]"
8139,842e21dffffffff,9,0,0,"[0, 255, 0, 100]","[97, 255, 97]"
8140,842e223ffffffff,137,57,0.416058394,"[0, 255, 0, 100]","[97, 255, 97]"
8141,842e225ffffffff,5,0,0,"[0, 255, 0, 100]","[97, 255, 97]"
8142,842e227ffffffff,64,9,0.140625,"[255, 0, 0, 100]","[255, 0, 0]"
8143,842e239ffffffff,27,0,0,"[0, 255, 0, 100]","[97, 255, 97]"
8144,842e23dffffffff,91,15,0.164835165,"[255, 0, 0, 100]","[255, 0, 0]"
8145,842e263ffffffff,37,0,0,"[0, 255, 0, 100]","[97, 255, 97]"
8146,842e281ffffffff,3,0,0,"[0, 255, 0, 100]","[97, 255, 97]"
8147,842e283ffffffff,51,0,0,"[0, 255, 0, 100]","[97, 255, 97]"
8148,842e285ffffffff,3,0,0,"[0, 255, 0, 100]","[97, 255, 97]"
8149,842e295ffffffff,6,0,0,"[0, 255, 0, 100]","[97, 255, 97]"
8150,842e2b7ffffffff,45,0,0,"[0, 255, 0, 100]","[97, 255, 97]"
8151,842e2b9ffffffff,15,0,0,"[0, 255, 0, 100]","[97, 255, 97]"
8152,842e2c5ffffffff,7,0,0,"[0, 255, 0, 100]","[97, 255, 97]"
8153,842e2d5ffffffff,14,0,0,"[0, 255, 0, 100]","[97, 255, 97]"
8154,842e2e3ffffffff,18,0,0,"[0, 255, 0, 100]","[97, 255, 97]"
8155,842e2e5ffffffff,3,0,0,"[0, 255, 0, 100]","[97, 255, 97]"
8156,842e2e7ffffffff,4,0,0,"[0, 255, 0, 100]","[97, 255, 97]"
8157,842e2e9ffffffff,2,0,0,"[0, 255, 0, 100]","[97, 255, 97]"
8158,842e303ffffffff,61,0,0,"[0, 255, 0, 100]","[97, 255, 97]"
8159,842e307ffffffff,90,0,0,"[0, 255, 0, 100]","[97, 255, 97]"
8160,842e31dffffffff,35,0,0,"[0, 255, 0, 100]","[97, 255, 97]"
8161,842e321ffffffff,66,0,0,"[0, 255, 0, 100]","[97, 255, 97]"
8162,842e325ffffffff,1,0,0,"[0, 255, 0, 100]","[97, 255, 97]"
8163,842e329ffffffff,4,0,0,"[0, 255, 0, 100]","[97, 255, 97]"
8164,842e32bffffffff,77,0,0,"[0, 255, 0, 100]","[97, 255, 97]"
8165,842e32dffffffff,10,0,0,"[0, 255, 0, 100]","[97, 255, 97]"
8166,842e341ffffffff,1,0,0,"[0, 255, 0, 100]","[97, 255, 97]"
8167,842e34bffffffff,32,0,0,"[0, 255, 0, 100]","[97, 255, 97]"
8168,842e35dffffffff,26,0,0,"[0, 255, 0, 100]","[97, 255, 97]"
8169,842e405ffffffff,5,0,0,"[0, 255, 0, 100]","[97, 255, 97]"
8170,842e45bffffffff,1,0,0,"[0, 255, 0, 100]","[97, 255, 97]"
8171,842e601ffffffff,45,0,0,"[0, 255, 0, 100]","[97, 255, 97]"
8172,842e603ffffffff,142,0,0,"[0, 255, 0, 100]","[97, 255, 97]"
8173,842e609ffffffff,57,0,0,"[0, 255, 0, 100]","[97, 255, 97]"
8174,842e60dffffffff,52,0,0,"[0, 255, 0, 100]","[97, 255, 97]"
8175,842e617ffffffff,52,0,0,"[0, 255, 0, 100]","[97, 255, 97]"
8176,842e61bffffffff,14,0,0,"[0, 255, 0, 100]","[97, 255, 97]"
8177,842e61dffffffff,26,0,0,"[0, 255, 0, 100]","[97, 255, 97]"
8178,842e641ffffffff,22,0,0,"[0, 255, 0, 100]","[97, 255, 97]"
8179,842e645ffffffff,1,0,0,"[0, 255, 0, 100]","[97, 255, 97]"
8180,842e649ffffffff,7,0,0,"[0, 255, 0, 100]","[97, 255, 97]"
8181,842e64bffffffff,1,0,0,"[0, 255, 0, 100]","[97, 255, 97]"
8182,842e64dffffffff,21,0,0,"[0, 255, 0, 100]","[97, 255, 97]"
8183,842e65bffffffff,3,0,0,"[0, 255, 0, 100]","[97, 255, 97]"
8184,842e661ffffffff,22,0,0,"[0, 255, 0, 100]","[97, 255, 97]"
8185,842e663ffffffff,125,0,0,"[0, 255, 0, 100]","[97, 255, 97]"
8186,842e66bffffffff,18,0,0,"[0, 255, 0, 100]","[97, 255, 97]"
8187,842e687ffffffff,6,0,0,"[0, 255, 0, 100]","[97, 255, 97]"
8188,842e6a1ffffffff,34,0,0,"[0, 255, 0, 100]","[97, 255, 97]"
8189,842e6a3ffffffff,1,0,0,"[0, 255, 0, 100]","[97, 255, 97]"
8190,842e6b1ffffffff,29,0,0,"[0, 255, 0, 100]","[97, 255, 97]"
8191,842e6cdffffffff,2,0,0,"[0, 255, 0, 100]","[97, 255, 97]"
8192,842e6d7ffffffff,2,0,0,"[0, 255, 0, 100]","[97, 255, 97]"
8193,842e6ddffffffff,1,0,0,"[0, 255, 0, 100]","[97, 255, 97]"
8194,842e705ffffffff,5,0,0,"[0, 255, 0, 100]","[97, 255, 97]"
8195,842e70dffffffff,1,0,0,"[0, 255, 0, 100]","[97, 255, 97]"
8196,842e729ffffffff,21,19,0.904761905,"[0, 255, 0, 100]","[97, 255, 97]"
8197,842e757ffffffff,3,0,0,"[0, 255, 0, 100]","[97, 255, 97]"
8198,842e767ffffffff,40,0,0,"[0, 255, 0, 100]","[97, 255, 97]"
8199,842e881ffffffff,2,0,0,"[0, 255, 0, 100]","[97, 255, 97]"
8200,842e889ffffffff,90,0,0,"[0, 255, 0, 100]","[97, 255, 97]"
8201,842ea49ffffffff,151,0,0,"[0, 255, 0, 100]","[97, 255, 97]"
8202,842ea4dffffffff,275,0,0,"[0, 255, 0, 100]","[97, 255, 97]"
8203,842ea59ffffffff,100,0,0,"[0, 255, 0, 100]","[97, 255, 97]"
8204,842ea5dffffffff,2,0,0,"[0, 255, 0, 100]","[97, 255, 97]"
8205,842ea69ffffffff,55,0,0,"[0, 255, 0, 100]","[97, 255, 97]"
8206,842ea6dffffffff,111,0,0,"[0, 255, 0, 100]","[97, 255, 97]"
8207,842ea8bffffffff,45,0,0,"[0, 255, 0, 100]","[97, 255, 97]"
8208,842ea9dffffffff,16,0,0,"[0, 255, 0, 100]","[97, 255, 97]"
8209,842ead5ffffffff,14,0,0,"[0, 255, 0, 100]","[97, 255, 97]"
8210,842eae1ffffffff,12,0,0,"[0, 255, 0, 100]","[97, 255, 97]"
8211,842eae9ffffffff,7,0,0,"[0, 255, 0, 100]","[97, 255, 97]"
8212,842eb49ffffffff,196,0,0,"[0, 255, 0, 100]","[97, 255, 97]"
8213,842eb4dffffffff,217,0,0,"[0, 255, 0, 100]","[97, 255, 97]"
8214,842ed21ffffffff,1,0,0,"[0, 255, 0, 100]","[97, 255, 97]"
8215,842ed51ffffffff,41,0,0,"[0, 255, 0, 100]","[97, 255, 97]"
8216,842ed55ffffffff,60,0,0,"[0, 255, 0, 100]","[97, 255, 97]"
8217,842f023ffffffff,19,0,0,"[0, 255, 0, 100]","[97, 255, 97]"
8218,842f025ffffffff,27,0,0,"[0, 255, 0, 100]","[97, 255, 97]"
8219,842f033ffffffff,5,0,0,"[0, 255, 0, 100]","[97, 255, 97]"
8220,842f035ffffffff,269,0,0,"[0, 255, 0, 100]","[97, 255, 97]"
8221,842f037ffffffff,143,0,0,"[0, 255, 0, 100]","[97, 255, 97]"
8222,842f0e3ffffffff,61,0,0,"[0, 255, 0, 100]","[97, 255, 97]"
8223,842f0e5ffffffff,42,0,0,"[0, 255, 0, 100]","[97, 255, 97]"
8224,842f0e7ffffffff,111,0,0,"[0, 255, 0, 100]","[97, 255, 97]"
8225,842f103ffffffff,13,0,0,"[0, 255, 0, 100]","[97, 255, 97]"
8226,842f107ffffffff,41,0,0,"[0, 255, 0, 100]","[97, 255, 97]"
8227,842f145ffffffff,121,0,0,"[0, 255, 0, 100]","[97, 255, 97]"
8228,842f147ffffffff,7,0,0,"[0, 255, 0, 100]","[97, 255, 97]"
8229,842f153ffffffff,157,0,0,"[0, 255, 0, 100]","[97, 255, 97]"
8230,842f155ffffffff,14,0,0,"[0, 255, 0, 100]","[97, 255, 97]"
8231,842f157ffffffff,209,0,0,"[0, 255, 0, 100]","[97, 255, 97]"
8232,842f185ffffffff,38,26,0.684210526,"[0, 255, 0, 100]","[97, 255, 97]"
8233,842f1e3ffffffff,117,58,0.495726496,"[0, 255, 0, 100]","[97, 255, 97]"
8234,842f1e5ffffffff,107,0,0,"[0, 255, 0, 100]","[97, 255, 97]"
8235,842f1e7ffffffff,135,33,0.244444444,"[255, 0, 0, 100]","[255, 0, 0]"
8236,842f351ffffffff,33,0,0,"[0, 255, 0, 100]","[97, 255, 97]"
8237,842f353ffffffff,67,0,0,"[0, 255, 0, 100]","[97, 255, 97]"
8238,842f361ffffffff,1,0,0,"[0, 255, 0, 100]","[97, 255, 97]"
8239,842f483ffffffff,20,0,0,"[0, 255, 0, 100]","[97, 255, 97]"
8240,842f4a1ffffffff,7,0,0,"[0, 255, 0, 100]","[97, 255, 97]"
8241,842f4a9ffffffff,14,0,0,"[0, 255, 0, 100]","[97, 255, 97]"
8242,842f4adffffffff,35,0,0,"[0, 255, 0, 100]","[97, 255, 97]"
8243,842f521ffffffff,6,0,0,"[0, 255, 0, 100]","[97, 255, 97]"
8244,842f523ffffffff,35,0,0,"[0, 255, 0, 100]","[97, 255, 97]"
8245,842f533ffffffff,2,0,0,"[0, 255, 0, 100]","[97, 255, 97]"
8246,842f583ffffffff,5,0,0,"[0, 255, 0, 100]","[97, 255, 97]"
8247,842f587ffffffff,9,0,0,"[0, 255, 0, 100]","[97, 255, 97]"
8248,842f58dffffffff,3,0,0,"[0, 255, 0, 100]","[97, 255, 97]"
8249,842f591ffffffff,3,0,0,"[0, 255, 0, 100]","[97, 255, 97]"
8250,842f5a1ffffffff,14,0,0,"[0, 255, 0, 100]","[97, 255, 97]"
8251,842f5a5ffffffff,2,0,0,"[0, 255, 0, 100]","[97, 255, 97]"
8252,842f5abffffffff,208,0,0,"[0, 255, 0, 100]","[97, 255, 97]"
8253,842f5adffffffff,278,0,0,"[0, 255, 0, 100]","[97, 255, 97]"
8254,842f5b5ffffffff,14,0,0,"[0, 255, 0, 100]","[97, 255, 97]"
8255,842f5b9ffffffff,3,0,0,"[0, 255, 0, 100]","[97, 255, 97]"
8256,842f5bdffffffff,4,0,0,"[0, 255, 0, 100]","[97, 255, 97]"
8257,842f5d3ffffffff,1,0,0,"[0, 255, 0, 100]","[97, 255, 97]"
8258,842f5e5ffffffff,3,0,0,"[0, 255, 0, 100]","[97, 255, 97]"
8259,842f6cbffffffff,80,0,0,"[0, 255, 0, 100]","[97, 255, 97]"
8260,842f6ddffffffff,10,0,0,"[0, 255, 0, 100]","[97, 255, 97]"
8261,842f805ffffffff,139,0,0,"[0, 255, 0, 100]","[97, 255, 97]"
8262,842f807ffffffff,30,0,0,"[0, 255, 0, 100]","[97, 255, 97]"
8263,842f809ffffffff,8,0,0,"[0, 255, 0, 100]","[97, 255, 97]"
8264,842f829ffffffff,72,0,0,"[0, 255, 0, 100]","[97, 255, 97]"
8265,842f82dffffffff,118,0,0,"[0, 255, 0, 100]","[97, 255, 97]"
8266,842f833ffffffff,11,0,0,"[0, 255, 0, 100]","[97, 255, 97]"
8267,842f837ffffffff,21,0,0,"[0, 255, 0, 100]","[97, 255, 97]"
8268,842f839ffffffff,6,0,0,"[0, 255, 0, 100]","[97, 255, 97]"
8269,842f855ffffffff,2,0,0,"[0, 255, 0, 100]","[97, 255, 97]"
8270,842f881ffffffff,89,0,0,"[0, 255, 0, 100]","[97, 255, 97]"
8271,842f885ffffffff,197,105,0.532994924,"[0, 255, 0, 100]","[97, 255, 97]"
8272,842f887ffffffff,11,0,0,"[0, 255, 0, 100]","[97, 255, 97]"
8273,842f88bffffffff,65,0,0,"[0, 255, 0, 100]","[97, 255, 97]"
8274,842f8a9ffffffff,87,50,0.574712644,"[0, 255, 0, 100]","[97, 255, 97]"
8275,842f8adffffffff,8,0,0,"[0, 255, 0, 100]","[97, 255, 97]"
8276,842f8b5ffffffff,1,0,0,"[0, 255, 0, 100]","[97, 255, 97]"
8277,842f8b7ffffffff,49,0,0,"[0, 255, 0, 100]","[97, 255, 97]"
8278,842f8d3ffffffff,19,0,0,"[0, 255, 0, 100]","[97, 255, 97]"
8279,842f8d7ffffffff,72,0,0,"[0, 255, 0, 100]","[97, 255, 97]"
8280,842f8e3ffffffff,9,8,0.888888889,"[0, 255, 0, 100]","[97, 255, 97]"
8281,842f8e7ffffffff,19,14,0.736842105,"[0, 255, 0, 100]","[97, 255, 97]"
8282,842f989ffffffff,117,0,0,"[0, 255, 0, 100]","[97, 255, 97]"
8283,842f98dffffffff,50,0,0,"[0, 255, 0, 100]","[97, 255, 97]"
8284,842f993ffffffff,127,0,0,"[0, 255, 0, 100]","[97, 255, 97]"
8285,842f9a1ffffffff,135,0,0,"[0, 255, 0, 100]","[97, 255, 97]"
8286,842f9a3ffffffff,13,0,0,"[0, 255, 0, 100]","[97, 255, 97]"
8287,842f9a5ffffffff,84,0,0,"[0, 255, 0, 100]","[97, 255, 97]"
8288,842f9a9ffffffff,82,0,0,"[0, 255, 0, 100]","[97, 255, 97]"
8289,842f9abffffffff,92,0,0,"[0, 255, 0, 100]","[97, 255, 97]"
8290,842f9adffffffff,51,0,0,"[0, 255, 0, 100]","[97, 255, 97]"
8291,842f9b1ffffffff,2,0,0,"[0, 255, 0, 100]","[97, 255, 97]"
8292,842f9b3ffffffff,29,0,0,"[0, 255, 0, 100]","[97, 255, 97]"
8293,842f9b5ffffffff,196,0,0,"[0, 255, 0, 100]","[97, 255, 97]"
8294,842f9b7ffffffff,13,0,0,"[0, 255, 0, 100]","[97, 255, 97]"
8295,842f9bbffffffff,18,0,0,"[0, 255, 0, 100]","[97, 255, 97]"
8296,842f9bdffffffff,52,0,0,"[0, 255, 0, 100]","[97, 255, 97]"
8297,842f9d1ffffffff,236,0,0,"[0, 255, 0, 100]","[97, 255, 97]"
8298,842f9d5ffffffff,167,0,0,"[0, 255, 0, 100]","[97, 255, 97]"
8299,842f9dbffffffff,118,0,0,"[0, 255, 0, 100]","[97, 255, 97]"
8300,842f9e1ffffffff,3,0,0,"[0, 255, 0, 100]","[97, 255, 97]"
8301,842f9e5ffffffff,49,0,0,"[0, 255, 0, 100]","[97, 255, 97]"
8302,842f9e7ffffffff,5,0,0,"[0, 255, 0, 100]","[97, 255, 97]"
8303,842fa05ffffffff,42,0,0,"[0, 255, 0, 100]","[97, 255, 97]"
8304,842fa0dffffffff,1,0,0,"[0, 255, 0, 100]","[97, 255, 97]"
8305,842fa11ffffffff,41,0,0,"[0, 255, 0, 100]","[97, 255, 97]"
8306,842fa1bffffffff,64,0,0,"[0, 255, 0, 100]","[97, 255, 97]"
8307,842fa41ffffffff,11,10,0.909090909,"[0, 255, 0, 100]","[97, 255, 97]"
8308,842fa49ffffffff,33,0,0,"[0, 255, 0, 100]","[97, 255, 97]"
8309,842fa4bffffffff,23,23,1,"[0, 255, 0, 100]","[97, 255, 97]"
8310,842fa61ffffffff,37,0,0,"[0, 255, 0, 100]","[97, 255, 97]"
8311,842fa6bffffffff,94,0,0,"[0, 255, 0, 100]","[97, 255, 97]"
8312,842fac9ffffffff,34,0,0,"[0, 255, 0, 100]","[97, 255, 97]"
8313,842facdffffffff,54,0,0,"[0, 255, 0, 100]","[97, 255, 97]"
8314,842fadbffffffff,11,0,0,"[0, 255, 0, 100]","[97, 255, 97]"
8315,842faddffffffff,7,0,0,"[0, 255, 0, 100]","[97, 255, 97]"
8316,842fb41ffffffff,8,0,0,"[0, 255, 0, 100]","[97, 255, 97]"
8317,842fb4dffffffff,5,0,0,"[0, 255, 0, 100]","[97, 255, 97]"
8318,843002dffffffff,14,0,0,"[0, 255, 0, 100]","[97, 255, 97]"
8319,8430063ffffffff,115,0,0,"[0, 255, 0, 100]","[97, 255, 97]"
8320,8430103ffffffff,1,0,0,"[0, 255, 0, 100]","[97, 255, 97]"
8321,8430145ffffffff,35,0,0,"[0, 255, 0, 100]","[97, 255, 97]"
8322,8430151ffffffff,21,0,0,"[0, 255, 0, 100]","[97, 255, 97]"
8323,8430153ffffffff,1,0,0,"[0, 255, 0, 100]","[97, 255, 97]"
8324,8430155ffffffff,12,0,0,"[0, 255, 0, 100]","[97, 255, 97]"
8325,843015bffffffff,3,0,0,"[0, 255, 0, 100]","[97, 255, 97]"
8326,84301a5ffffffff,42,0,0,"[0, 255, 0, 100]","[97, 255, 97]"
8327,8430209ffffffff,5,0,0,"[0, 255, 0, 100]","[97, 255, 97]"
8328,8430251ffffffff,122,0,0,"[0, 255, 0, 100]","[97, 255, 97]"
8329,8430255ffffffff,64,0,0,"[0, 255, 0, 100]","[97, 255, 97]"
8330,843025dffffffff,10,0,0,"[0, 255, 0, 100]","[97, 255, 97]"
8331,8430351ffffffff,21,0,0,"[0, 255, 0, 100]","[97, 255, 97]"
8332,843035dffffffff,54,0,0,"[0, 255, 0, 100]","[97, 255, 97]"
8333,8430821ffffffff,2,0,0,"[0, 255, 0, 100]","[97, 255, 97]"
8334,8430865ffffffff,13,0,0,"[0, 255, 0, 100]","[97, 255, 97]"
8335,84308a5ffffffff,8,0,0,"[0, 255, 0, 100]","[97, 255, 97]"
8336,84308adffffffff,1,0,0,"[0, 255, 0, 100]","[97, 255, 97]"
8337,8430903ffffffff,2,0,0,"[0, 255, 0, 100]","[97, 255, 97]"
8338,8430905ffffffff,30,0,0,"[0, 255, 0, 100]","[97, 255, 97]"
8339,8430907ffffffff,38,0,0,"[0, 255, 0, 100]","[97, 255, 97]"
8340,8430911ffffffff,2,0,0,"[0, 255, 0, 100]","[97, 255, 97]"
8341,8430913ffffffff,7,0,0,"[0, 255, 0, 100]","[97, 255, 97]"
8342,8430915ffffffff,123,0,0,"[0, 255, 0, 100]","[97, 255, 97]"
8343,8430917ffffffff,14,0,0,"[0, 255, 0, 100]","[97, 255, 97]"
8344,8430919ffffffff,5,0,0,"[0, 255, 0, 100]","[97, 255, 97]"
8345,8430929ffffffff,8,0,0,"[0, 255, 0, 100]","[97, 255, 97]"
8346,8430931ffffffff,5,0,0,"[0, 255, 0, 100]","[97, 255, 97]"
8347,8430981ffffffff,19,0,0,"[0, 255, 0, 100]","[97, 255, 97]"
8348,8430983ffffffff,9,0,0,"[0, 255, 0, 100]","[97, 255, 97]"
8349,8430987ffffffff,28,0,0,"[0, 255, 0, 100]","[97, 255, 97]"
8350,843098dffffffff,18,0,0,"[0, 255, 0, 100]","[97, 255, 97]"
8351,8430993ffffffff,16,0,0,"[0, 255, 0, 100]","[97, 255, 97]"
8352,84309a5ffffffff,9,0,0,"[0, 255, 0, 100]","[97, 255, 97]"
8353,84309a7ffffffff,56,0,0,"[0, 255, 0, 100]","[97, 255, 97]"
8354,84309b7ffffffff,5,0,0,"[0, 255, 0, 100]","[97, 255, 97]"
8355,84309bbffffffff,255,0,0,"[0, 255, 0, 100]","[97, 255, 97]"
8356,84309c7ffffffff,24,0,0,"[0, 255, 0, 100]","[97, 255, 97]"
8357,84309e1ffffffff,1,0,0,"[0, 255, 0, 100]","[97, 255, 97]"
8358,84309ebffffffff,2,0,0,"[0, 255, 0, 100]","[97, 255, 97]"
8359,8430a1bffffffff,69,0,0,"[0, 255, 0, 100]","[97, 255, 97]"
8360,8430a2dffffffff,31,0,0,"[0, 255, 0, 100]","[97, 255, 97]"
8361,8430a31ffffffff,12,0,0,"[0, 255, 0, 100]","[97, 255, 97]"
8362,8430a49ffffffff,8,0,0,"[0, 255, 0, 100]","[97, 255, 97]"
8363,8430a61ffffffff,11,0,0,"[0, 255, 0, 100]","[97, 255, 97]"
8364,8430a67ffffffff,21,0,0,"[0, 255, 0, 100]","[97, 255, 97]"
8365,8430a69ffffffff,54,0,0,"[0, 255, 0, 100]","[97, 255, 97]"
8366,8430a6bffffffff,15,0,0,"[0, 255, 0, 100]","[97, 255, 97]"
8367,8430aa9ffffffff,36,0,0,"[0, 255, 0, 100]","[97, 255, 97]"
8368,8430aadffffffff,4,0,0,"[0, 255, 0, 100]","[97, 255, 97]"
8369,8430ad3ffffffff,10,0,0,"[0, 255, 0, 100]","[97, 255, 97]"
8370,8430ae7ffffffff,13,0,0,"[0, 255, 0, 100]","[97, 255, 97]"
8371,8430b11ffffffff,30,0,0,"[0, 255, 0, 100]","[97, 255, 97]"
8372,8430b19ffffffff,47,0,0,"[0, 255, 0, 100]","[97, 255, 97]"
8373,8430b51ffffffff,5,0,0,"[0, 255, 0, 100]","[97, 255, 97]"
8374,8430b59ffffffff,15,0,0,"[0, 255, 0, 100]","[97, 255, 97]"
8375,8430c41ffffffff,6,0,0,"[0, 255, 0, 100]","[97, 255, 97]"
8376,8430c45ffffffff,24,0,0,"[0, 255, 0, 100]","[97, 255, 97]"
8377,8430c67ffffffff,14,0,0,"[0, 255, 0, 100]","[97, 255, 97]"
8378,8430d21ffffffff,5,0,0,"[0, 255, 0, 100]","[97, 255, 97]"
8379,8430e07ffffffff,1,0,0,"[0, 255, 0, 100]","[97, 255, 97]"
8380,8430e09ffffffff,160,0,0,"[0, 255, 0, 100]","[97, 255, 97]"
8381,8430e0dffffffff,5,0,0,"[0, 255, 0, 100]","[97, 255, 97]"
8382,8430e23ffffffff,18,0,0,"[0, 255, 0, 100]","[97, 255, 97]"
8383,8430e27ffffffff,2,0,0,"[0, 255, 0, 100]","[97, 255, 97]"
8384,8430e2bffffffff,17,0,0,"[0, 255, 0, 100]","[97, 255, 97]"
8385,8430e39ffffffff,6,0,0,"[0, 255, 0, 100]","[97, 255, 97]"
8386,8430e3dffffffff,22,0,0,"[0, 255, 0, 100]","[97, 255, 97]"
8387,8430eb9ffffffff,13,0,0,"[0, 255, 0, 100]","[97, 255, 97]"
8388,8430f1bffffffff,4,0,0,"[0, 255, 0, 100]","[97, 255, 97]"
8389,84310ebffffffff,33,0,0,"[0, 255, 0, 100]","[97, 255, 97]"
8390,8431167ffffffff,37,0,0,"[0, 255, 0, 100]","[97, 255, 97]"
8391,8431295ffffffff,1,0,0,"[0, 255, 0, 100]","[97, 255, 97]"
8392,84312b1ffffffff,24,0,0,"[0, 255, 0, 100]","[97, 255, 97]"
8393,84312bbffffffff,72,0,0,"[0, 255, 0, 100]","[97, 255, 97]"
8394,84316c9ffffffff,456,0,0,"[0, 255, 0, 100]","[97, 255, 97]"
8395,8431763ffffffff,7,0,0,"[0, 255, 0, 100]","[97, 255, 97]"
8396,843176bffffffff,2,0,0,"[0, 255, 0, 100]","[97, 255, 97]"
8397,8431805ffffffff,71,0,0,"[0, 255, 0, 100]","[97, 255, 97]"
8398,8431811ffffffff,27,0,0,"[0, 255, 0, 100]","[97, 255, 97]"
8399,8431813ffffffff,146,0,0,"[0, 255, 0, 100]","[97, 255, 97]"
8400,8431819ffffffff,133,0,0,"[0, 255, 0, 100]","[97, 255, 97]"
8401,843181bffffffff,254,0,0,"[0, 255, 0, 100]","[97, 255, 97]"
8402,8431821ffffffff,4,0,0,"[0, 255, 0, 100]","[97, 255, 97]"
8403,8431823ffffffff,2,0,0,"[0, 255, 0, 100]","[97, 255, 97]"
8404,843182bffffffff,20,0,0,"[0, 255, 0, 100]","[97, 255, 97]"
8405,8431849ffffffff,3,0,0,"[0, 255, 0, 100]","[97, 255, 97]"
8406,843184bffffffff,97,0,0,"[0, 255, 0, 100]","[97, 255, 97]"
8407,8431859ffffffff,20,0,0,"[0, 255, 0, 100]","[97, 255, 97]"
8408,843185bffffffff,34,0,0,"[0, 255, 0, 100]","[97, 255, 97]"
8409,8431863ffffffff,4,0,0,"[0, 255, 0, 100]","[97, 255, 97]"
8410,8431889ffffffff,17,0,0,"[0, 255, 0, 100]","[97, 255, 97]"
8411,843188bffffffff,57,0,0,"[0, 255, 0, 100]","[97, 255, 97]"
8412,8431893ffffffff,8,0,0,"[0, 255, 0, 100]","[97, 255, 97]"
8413,84318a5ffffffff,60,0,0,"[0, 255, 0, 100]","[97, 255, 97]"
8414,84318adffffffff,1,0,0,"[0, 255, 0, 100]","[97, 255, 97]"
8415,84318b5ffffffff,4,0,0,"[0, 255, 0, 100]","[97, 255, 97]"
8416,84318c1ffffffff,77,0,0,"[0, 255, 0, 100]","[97, 255, 97]"
8417,84318c3ffffffff,228,0,0,"[0, 255, 0, 100]","[97, 255, 97]"
8418,84318c7ffffffff,18,0,0,"[0, 255, 0, 100]","[97, 255, 97]"
8419,84318c9ffffffff,92,0,0,"[0, 255, 0, 100]","[97, 255, 97]"
8420,84318cdffffffff,13,0,0,"[0, 255, 0, 100]","[97, 255, 97]"
8421,84318d3ffffffff,9,0,0,"[0, 255, 0, 100]","[97, 255, 97]"
8422,84318d5ffffffff,27,0,0,"[0, 255, 0, 100]","[97, 255, 97]"
8423,84318e9ffffffff,35,0,0,"[0, 255, 0, 100]","[97, 255, 97]"
8424,84318ebffffffff,1,0,0,"[0, 255, 0, 100]","[97, 255, 97]"
8425,8431901ffffffff,64,0,0,"[0, 255, 0, 100]","[97, 255, 97]"
8426,8431907ffffffff,5,0,0,"[0, 255, 0, 100]","[97, 255, 97]"
8427,8431909ffffffff,56,0,0,"[0, 255, 0, 100]","[97, 255, 97]"
8428,843190bffffffff,31,0,0,"[0, 255, 0, 100]","[97, 255, 97]"
8429,8431935ffffffff,5,0,0,"[0, 255, 0, 100]","[97, 255, 97]"
8430,843193dffffffff,5,0,0,"[0, 255, 0, 100]","[97, 255, 97]"
8431,8431943ffffffff,32,0,0,"[0, 255, 0, 100]","[97, 255, 97]"
8432,8431947ffffffff,2,0,0,"[0, 255, 0, 100]","[97, 255, 97]"
8433,8431955ffffffff,2,0,0,"[0, 255, 0, 100]","[97, 255, 97]"
8434,8431983ffffffff,99,0,0,"[0, 255, 0, 100]","[97, 255, 97]"
8435,8431985ffffffff,54,0,0,"[0, 255, 0, 100]","[97, 255, 97]"
8436,8431987ffffffff,6,0,0,"[0, 255, 0, 100]","[97, 255, 97]"
8437,8431993ffffffff,18,0,0,"[0, 255, 0, 100]","[97, 255, 97]"
8438,843199bffffffff,1,0,0,"[0, 255, 0, 100]","[97, 255, 97]"
8439,84319a9ffffffff,31,0,0,"[0, 255, 0, 100]","[97, 255, 97]"
8440,84319c1ffffffff,57,0,0,"[0, 255, 0, 100]","[97, 255, 97]"
8441,84319c3ffffffff,105,0,0,"[0, 255, 0, 100]","[97, 255, 97]"
8442,84319c7ffffffff,9,0,0,"[0, 255, 0, 100]","[97, 255, 97]"
8443,84319c9ffffffff,19,0,0,"[0, 255, 0, 100]","[97, 255, 97]"
8444,84319cbffffffff,22,0,0,"[0, 255, 0, 100]","[97, 255, 97]"
8445,84319e3ffffffff,12,0,0,"[0, 255, 0, 100]","[97, 255, 97]"
8446,84319e7ffffffff,55,0,0,"[0, 255, 0, 100]","[97, 255, 97]"
8447,8431a09ffffffff,67,0,0,"[0, 255, 0, 100]","[97, 255, 97]"
8448,8431a0bffffffff,8,0,0,"[0, 255, 0, 100]","[97, 255, 97]"
8449,8431a13ffffffff,86,0,0,"[0, 255, 0, 100]","[97, 255, 97]"
8450,8431a19ffffffff,84,0,0,"[0, 255, 0, 100]","[97, 255, 97]"
8451,8431a1dffffffff,43,0,0,"[0, 255, 0, 100]","[97, 255, 97]"
8452,8431a25ffffffff,17,0,0,"[0, 255, 0, 100]","[97, 255, 97]"
8453,8431a27ffffffff,4,0,0,"[0, 255, 0, 100]","[97, 255, 97]"
8454,8431a37ffffffff,38,0,0,"[0, 255, 0, 100]","[97, 255, 97]"
8455,8431a47ffffffff,7,0,0,"[0, 255, 0, 100]","[97, 255, 97]"
8456,8431a57ffffffff,50,0,0,"[0, 255, 0, 100]","[97, 255, 97]"
8457,8431a65ffffffff,217,0,0,"[0, 255, 0, 100]","[97, 255, 97]"
8458,8431a6dffffffff,154,0,0,"[0, 255, 0, 100]","[97, 255, 97]"
8459,8431aa1ffffffff,505,0,0,"[0, 255, 0, 100]","[97, 255, 97]"
8460,8431aa5ffffffff,17,0,0,"[0, 255, 0, 100]","[97, 255, 97]"
8461,8431aa7ffffffff,217,0,0,"[0, 255, 0, 100]","[97, 255, 97]"
8462,8431aa9ffffffff,42,0,0,"[0, 255, 0, 100]","[97, 255, 97]"
8463,8431aadffffffff,1,0,0,"[0, 255, 0, 100]","[97, 255, 97]"
8464,8431ac5ffffffff,46,0,0,"[0, 255, 0, 100]","[97, 255, 97]"
8465,8431ac7ffffffff,45,0,0,"[0, 255, 0, 100]","[97, 255, 97]"
8466,8431ae3ffffffff,53,0,0,"[0, 255, 0, 100]","[97, 255, 97]"
8467,8431ae7ffffffff,8,0,0,"[0, 255, 0, 100]","[97, 255, 97]"
8468,8431aebffffffff,1,0,0,"[0, 255, 0, 100]","[97, 255, 97]"
8469,8431b07ffffffff,37,0,0,"[0, 255, 0, 100]","[97, 255, 97]"
8470,8431b09ffffffff,2,0,0,"[0, 255, 0, 100]","[97, 255, 97]"
8471,8431b19ffffffff,8,0,0,"[0, 255, 0, 100]","[97, 255, 97]"
8472,8431b1bffffffff,38,0,0,"[0, 255, 0, 100]","[97, 255, 97]"
8473,8431b2bffffffff,26,0,0,"[0, 255, 0, 100]","[97, 255, 97]"
8474,8431b31ffffffff,2,0,0,"[0, 255, 0, 100]","[97, 255, 97]"
8475,8431b35ffffffff,1,0,0,"[0, 255, 0, 100]","[97, 255, 97]"
8476,8431b3dffffffff,49,0,0,"[0, 255, 0, 100]","[97, 255, 97]"
8477,8431b43ffffffff,1,0,0,"[0, 255, 0, 100]","[97, 255, 97]"
8478,8431b47ffffffff,19,0,0,"[0, 255, 0, 100]","[97, 255, 97]"
8479,8431b5bffffffff,67,0,0,"[0, 255, 0, 100]","[97, 255, 97]"
8480,8432025ffffffff,240,0,0,"[0, 255, 0, 100]","[97, 255, 97]"
8481,8432027ffffffff,22,0,0,"[0, 255, 0, 100]","[97, 255, 97]"
8482,8432049ffffffff,92,0,0,"[0, 255, 0, 100]","[97, 255, 97]"
8483,8432067ffffffff,175,0,0,"[0, 255, 0, 100]","[97, 255, 97]"
8484,8432087ffffffff,8,0,0,"[0, 255, 0, 100]","[97, 255, 97]"
8485,8432095ffffffff,16,0,0,"[0, 255, 0, 100]","[97, 255, 97]"
8486,8432097ffffffff,123,0,0,"[0, 255, 0, 100]","[97, 255, 97]"
8487,84320a1ffffffff,41,0,0,"[0, 255, 0, 100]","[97, 255, 97]"
8488,84320abffffffff,195,0,0,"[0, 255, 0, 100]","[97, 255, 97]"
8489,84320b1ffffffff,56,0,0,"[0, 255, 0, 100]","[97, 255, 97]"
8490,84320bdffffffff,136,0,0,"[0, 255, 0, 100]","[97, 255, 97]"
8491,84320c1ffffffff,1,0,0,"[0, 255, 0, 100]","[97, 255, 97]"
8492,8432105ffffffff,25,0,0,"[0, 255, 0, 100]","[97, 255, 97]"
8493,8432107ffffffff,221,0,0,"[0, 255, 0, 100]","[97, 255, 97]"
8494,8432113ffffffff,30,0,0,"[0, 255, 0, 100]","[97, 255, 97]"
8495,8432115ffffffff,111,0,0,"[0, 255, 0, 100]","[97, 255, 97]"
8496,8432117ffffffff,204,0,0,"[0, 255, 0, 100]","[97, 255, 97]"
8497,8432119ffffffff,93,0,0,"[0, 255, 0, 100]","[97, 255, 97]"
8498,8432129ffffffff,130,0,0,"[0, 255, 0, 100]","[97, 255, 97]"
8499,843212bffffffff,152,0,0,"[0, 255, 0, 100]","[97, 255, 97]"
8500,843212dffffffff,64,0,0,"[0, 255, 0, 100]","[97, 255, 97]"
8501,8432137ffffffff,4,0,0,"[0, 255, 0, 100]","[97, 255, 97]"
8502,8432139ffffffff,149,0,0,"[0, 255, 0, 100]","[97, 255, 97]"
8503,8432157ffffffff,1,0,0,"[0, 255, 0, 100]","[97, 255, 97]"
8504,8432159ffffffff,104,0,0,"[0, 255, 0, 100]","[97, 255, 97]"
8505,843215bffffffff,161,0,0,"[0, 255, 0, 100]","[97, 255, 97]"
8506,84321b7ffffffff,19,0,0,"[0, 255, 0, 100]","[97, 255, 97]"
8507,84321c1ffffffff,54,0,0,"[0, 255, 0, 100]","[97, 255, 97]"
8508,84321c3ffffffff,202,0,0,"[0, 255, 0, 100]","[97, 255, 97]"
8509,84321c5ffffffff,54,0,0,"[0, 255, 0, 100]","[97, 255, 97]"
8510,84321c7ffffffff,68,0,0,"[0, 255, 0, 100]","[97, 255, 97]"
8511,84321d1ffffffff,66,0,0,"[0, 255, 0, 100]","[97, 255, 97]"
8512,84321d5ffffffff,27,0,0,"[0, 255, 0, 100]","[97, 255, 97]"
8513,84321e5ffffffff,264,0,0,"[0, 255, 0, 100]","[97, 255, 97]"
8514,84321e7ffffffff,7,0,0,"[0, 255, 0, 100]","[97, 255, 97]"
8515,8432211ffffffff,117,0,0,"[0, 255, 0, 100]","[97, 255, 97]"
8516,8432213ffffffff,218,0,0,"[0, 255, 0, 100]","[97, 255, 97]"
8517,8432227ffffffff,57,0,0,"[0, 255, 0, 100]","[97, 255, 97]"
8518,8432229ffffffff,45,0,0,"[0, 255, 0, 100]","[97, 255, 97]"
8519,843222dffffffff,106,0,0,"[0, 255, 0, 100]","[97, 255, 97]"
8520,843229dffffffff,20,0,0,"[0, 255, 0, 100]","[97, 255, 97]"
8521,84322b1ffffffff,33,33,1,"[0, 255, 0, 100]","[97, 255, 97]"
8522,84322b9ffffffff,1,1,1,"[0, 255, 0, 100]","[97, 255, 97]"
8523,84322bbffffffff,9,9,1,"[0, 255, 0, 100]","[97, 255, 97]"
8524,84322c5ffffffff,27,0,0,"[0, 255, 0, 100]","[97, 255, 97]"
8525,84322d3ffffffff,52,0,0,"[0, 255, 0, 100]","[97, 255, 97]"
8526,843235bffffffff,5,0,0,"[0, 255, 0, 100]","[97, 255, 97]"
8527,8432405ffffffff,23,0,0,"[0, 255, 0, 100]","[97, 255, 97]"
8528,843240dffffffff,6,0,0,"[0, 255, 0, 100]","[97, 255, 97]"
8529,8432425ffffffff,77,0,0,"[0, 255, 0, 100]","[97, 255, 97]"
8530,8432445ffffffff,148,148,1,"[0, 255, 0, 100]","[97, 255, 97]"
8531,8432449ffffffff,44,0,0,"[0, 255, 0, 100]","[97, 255, 97]"
8532,8432459ffffffff,5,0,0,"[0, 255, 0, 100]","[97, 255, 97]"
8533,8432463ffffffff,2,0,0,"[0, 255, 0, 100]","[97, 255, 97]"
8534,8432483ffffffff,2,0,0,"[0, 255, 0, 100]","[97, 255, 97]"
8535,8432485ffffffff,40,0,0,"[0, 255, 0, 100]","[97, 255, 97]"
8536,8432487ffffffff,1,0,0,"[0, 255, 0, 100]","[97, 255, 97]"
8537,8432493ffffffff,89,0,0,"[0, 255, 0, 100]","[97, 255, 97]"
8538,8432495ffffffff,1,0,0,"[0, 255, 0, 100]","[97, 255, 97]"
8539,8432497ffffffff,16,0,0,"[0, 255, 0, 100]","[97, 255, 97]"
8540,84324a3ffffffff,30,0,0,"[0, 255, 0, 100]","[97, 255, 97]"
8541,84324a5ffffffff,9,0,0,"[0, 255, 0, 100]","[97, 255, 97]"
8542,84324a7ffffffff,24,0,0,"[0, 255, 0, 100]","[97, 255, 97]"
8543,84324b5ffffffff,32,0,0,"[0, 255, 0, 100]","[97, 255, 97]"
8544,84324b7ffffffff,51,0,0,"[0, 255, 0, 100]","[97, 255, 97]"
8545,84324b9ffffffff,13,0,0,"[0, 255, 0, 100]","[97, 255, 97]"
8546,84324bbffffffff,48,0,0,"[0, 255, 0, 100]","[97, 255, 97]"
8547,84324bdffffffff,77,0,0,"[0, 255, 0, 100]","[97, 255, 97]"
8548,84324e3ffffffff,33,0,0,"[0, 255, 0, 100]","[97, 255, 97]"
8549,84324e7ffffffff,66,0,0,"[0, 255, 0, 100]","[97, 255, 97]"
8550,8432507ffffffff,154,0,0,"[0, 255, 0, 100]","[97, 255, 97]"
8551,8432515ffffffff,81,0,0,"[0, 255, 0, 100]","[97, 255, 97]"
8552,8432517ffffffff,22,0,0,"[0, 255, 0, 100]","[97, 255, 97]"
8553,8432519ffffffff,4,0,0,"[0, 255, 0, 100]","[97, 255, 97]"
8554,8432523ffffffff,6,0,0,"[0, 255, 0, 100]","[97, 255, 97]"
8555,8432527ffffffff,98,0,0,"[0, 255, 0, 100]","[97, 255, 97]"
8556,8432529ffffffff,92,0,0,"[0, 255, 0, 100]","[97, 255, 97]"
8557,843252bffffffff,94,0,0,"[0, 255, 0, 100]","[97, 255, 97]"
8558,843252dffffffff,70,0,0,"[0, 255, 0, 100]","[97, 255, 97]"
8559,8432537ffffffff,14,0,0,"[0, 255, 0, 100]","[97, 255, 97]"
8560,8432539ffffffff,36,0,0,"[0, 255, 0, 100]","[97, 255, 97]"
8561,8432545ffffffff,45,0,0,"[0, 255, 0, 100]","[97, 255, 97]"
8562,84325a5ffffffff,105,0,0,"[0, 255, 0, 100]","[97, 255, 97]"
8563,84325d7ffffffff,4,0,0,"[0, 255, 0, 100]","[97, 255, 97]"
8564,8432607ffffffff,1,0,0,"[0, 255, 0, 100]","[97, 255, 97]"
8565,8432615ffffffff,10,0,0,"[0, 255, 0, 100]","[97, 255, 97]"
8566,8432617ffffffff,4,0,0,"[0, 255, 0, 100]","[97, 255, 97]"
8567,8432623ffffffff,35,0,0,"[0, 255, 0, 100]","[97, 255, 97]"
8568,8432627ffffffff,6,0,0,"[0, 255, 0, 100]","[97, 255, 97]"
8569,8432635ffffffff,36,0,0,"[0, 255, 0, 100]","[97, 255, 97]"
8570,8432637ffffffff,7,0,0,"[0, 255, 0, 100]","[97, 255, 97]"
8571,8432639ffffffff,1,0,0,"[0, 255, 0, 100]","[97, 255, 97]"
8572,843263bffffffff,33,0,0,"[0, 255, 0, 100]","[97, 255, 97]"
8573,84326a1ffffffff,2,0,0,"[0, 255, 0, 100]","[97, 255, 97]"
8574,84326adffffffff,64,0,0,"[0, 255, 0, 100]","[97, 255, 97]"
8575,8432707ffffffff,43,0,0,"[0, 255, 0, 100]","[97, 255, 97]"
8576,8432709ffffffff,49,0,0,"[0, 255, 0, 100]","[97, 255, 97]"
8577,8432713ffffffff,34,34,1,"[0, 255, 0, 100]","[97, 255, 97]"
8578,8432717ffffffff,31,31,1,"[0, 255, 0, 100]","[97, 255, 97]"
8579,843271bffffffff,7,0,0,"[0, 255, 0, 100]","[97, 255, 97]"
8580,843272bffffffff,129,0,0,"[0, 255, 0, 100]","[97, 255, 97]"
8581,8432739ffffffff,51,0,0,"[0, 255, 0, 100]","[97, 255, 97]"
8582,843273dffffffff,3,0,0,"[0, 255, 0, 100]","[97, 255, 97]"
8583,8432747ffffffff,53,0,0,"[0, 255, 0, 100]","[97, 255, 97]"
8584,8432835ffffffff,77,0,0,"[0, 255, 0, 100]","[97, 255, 97]"
8585,8432837ffffffff,25,0,0,"[0, 255, 0, 100]","[97, 255, 97]"
8586,84328b3ffffffff,2,0,0,"[0, 255, 0, 100]","[97, 255, 97]"
8587,8432949ffffffff,9,0,0,"[0, 255, 0, 100]","[97, 255, 97]"
8588,843294dffffffff,1,0,0,"[0, 255, 0, 100]","[97, 255, 97]"
8589,8432987ffffffff,2,0,0,"[0, 255, 0, 100]","[97, 255, 97]"
8590,84329abffffffff,8,0,0,"[0, 255, 0, 100]","[97, 255, 97]"
8591,84329b3ffffffff,351,0,0,"[0, 255, 0, 100]","[97, 255, 97]"
8592,84329b5ffffffff,194,0,0,"[0, 255, 0, 100]","[97, 255, 97]"
8593,84329b7ffffffff,250,0,0,"[0, 255, 0, 100]","[97, 255, 97]"
8594,84329c9ffffffff,172,0,0,"[0, 255, 0, 100]","[97, 255, 97]"
8595,84329cbffffffff,51,0,0,"[0, 255, 0, 100]","[97, 255, 97]"
8596,84329cdffffffff,71,0,0,"[0, 255, 0, 100]","[97, 255, 97]"
8597,8432a1bffffffff,2,0,0,"[0, 255, 0, 100]","[97, 255, 97]"
8598,8432a43ffffffff,155,0,0,"[0, 255, 0, 100]","[97, 255, 97]"
8599,8432a47ffffffff,18,0,0,"[0, 255, 0, 100]","[97, 255, 97]"
8600,8432a55ffffffff,186,0,0,"[0, 255, 0, 100]","[97, 255, 97]"
8601,8432a93ffffffff,209,0,0,"[0, 255, 0, 100]","[97, 255, 97]"
8602,8432a95ffffffff,14,0,0,"[0, 255, 0, 100]","[97, 255, 97]"
8603,8432a97ffffffff,114,0,0,"[0, 255, 0, 100]","[97, 255, 97]"
8604,8432aa1ffffffff,161,0,0,"[0, 255, 0, 100]","[97, 255, 97]"
8605,8432aabffffffff,217,0,0,"[0, 255, 0, 100]","[97, 255, 97]"
8606,8432aadffffffff,9,0,0,"[0, 255, 0, 100]","[97, 255, 97]"
8607,8432abdffffffff,1,0,0,"[0, 255, 0, 100]","[97, 255, 97]"
8608,8432ac9ffffffff,153,0,0,"[0, 255, 0, 100]","[97, 255, 97]"
8609,8432acdffffffff,87,0,0,"[0, 255, 0, 100]","[97, 255, 97]"
8610,8432ad9ffffffff,110,0,0,"[0, 255, 0, 100]","[97, 255, 97]"
8611,8432b4dffffffff,1,0,0,"[0, 255, 0, 100]","[97, 255, 97]"
8612,8432c27ffffffff,6,0,0,"[0, 255, 0, 100]","[97, 255, 97]"
8613,8432d03ffffffff,48,0,0,"[0, 255, 0, 100]","[97, 255, 97]"
8614,8432d07ffffffff,2,0,0,"[0, 255, 0, 100]","[97, 255, 97]"
8615,8432d09ffffffff,3,0,0,"[0, 255, 0, 100]","[97, 255, 97]"
8616,8432d0dffffffff,123,0,0,"[0, 255, 0, 100]","[97, 255, 97]"
8617,8432d11ffffffff,101,0,0,"[0, 255, 0, 100]","[97, 255, 97]"
8618,8432d15ffffffff,58,0,0,"[0, 255, 0, 100]","[97, 255, 97]"
8619,8432d1bffffffff,146,0,0,"[0, 255, 0, 100]","[97, 255, 97]"
8620,8432d1dffffffff,1,0,0,"[0, 255, 0, 100]","[97, 255, 97]"
8621,8432d27ffffffff,126,0,0,"[0, 255, 0, 100]","[97, 255, 97]"
8622,8432d61ffffffff,83,0,0,"[0, 255, 0, 100]","[97, 255, 97]"
8623,8432d6bffffffff,80,0,0,"[0, 255, 0, 100]","[97, 255, 97]"
8624,8432d6dffffffff,72,0,0,"[0, 255, 0, 100]","[97, 255, 97]"
8625,8432dc9ffffffff,10,0,0,"[0, 255, 0, 100]","[97, 255, 97]"
8626,8432dcdffffffff,90,0,0,"[0, 255, 0, 100]","[97, 255, 97]"
8627,8432dd1ffffffff,34,0,0,"[0, 255, 0, 100]","[97, 255, 97]"
8628,8432ddbffffffff,4,0,0,"[0, 255, 0, 100]","[97, 255, 97]"
8629,8432e13ffffffff,77,0,0,"[0, 255, 0, 100]","[97, 255, 97]"
8630,8432e17ffffffff,4,0,0,"[0, 255, 0, 100]","[97, 255, 97]"
8631,8432e1bffffffff,65,0,0,"[0, 255, 0, 100]","[97, 255, 97]"
8632,8432e41ffffffff,4,0,0,"[0, 255, 0, 100]","[97, 255, 97]"
8633,8432e51ffffffff,1,0,0,"[0, 255, 0, 100]","[97, 255, 97]"
8634,8432e5dffffffff,2,0,0,"[0, 255, 0, 100]","[97, 255, 97]"
8635,8432ed7ffffffff,156,0,0,"[0, 255, 0, 100]","[97, 255, 97]"
8636,8432ed9ffffffff,6,0,0,"[0, 255, 0, 100]","[97, 255, 97]"
8637,8432f0bffffffff,70,0,0,"[0, 255, 0, 100]","[97, 255, 97]"
8638,8432f0dffffffff,3,0,0,"[0, 255, 0, 100]","[97, 255, 97]"
8639,8432f1dffffffff,5,0,0,"[0, 255, 0, 100]","[97, 255, 97]"
8640,8432f4dffffffff,62,0,0,"[0, 255, 0, 100]","[97, 255, 97]"
8641,8432f57ffffffff,13,0,0,"[0, 255, 0, 100]","[97, 255, 97]"
8642,8432f59ffffffff,18,0,0,"[0, 255, 0, 100]","[97, 255, 97]"
8643,8433005ffffffff,13,0,0,"[0, 255, 0, 100]","[97, 255, 97]"
8644,8433025ffffffff,49,0,0,"[0, 255, 0, 100]","[97, 255, 97]"
8645,8433029ffffffff,6,0,0,"[0, 255, 0, 100]","[97, 255, 97]"
8646,843302bffffffff,80,0,0,"[0, 255, 0, 100]","[97, 255, 97]"
8647,8433065ffffffff,112,0,0,"[0, 255, 0, 100]","[97, 255, 97]"
8648,84330a3ffffffff,51,0,0,"[0, 255, 0, 100]","[97, 255, 97]"
8649,84330b5ffffffff,155,0,0,"[0, 255, 0, 100]","[97, 255, 97]"
8650,8433151ffffffff,27,0,0,"[0, 255, 0, 100]","[97, 255, 97]"
8651,8433153ffffffff,177,0,0,"[0, 255, 0, 100]","[97, 255, 97]"
8652,8433191ffffffff,24,0,0,"[0, 255, 0, 100]","[97, 255, 97]"
8653,8433193ffffffff,62,0,0,"[0, 255, 0, 100]","[97, 255, 97]"
8654,8433199ffffffff,11,0,0,"[0, 255, 0, 100]","[97, 255, 97]"
8655,843319bffffffff,105,0,0,"[0, 255, 0, 100]","[97, 255, 97]"
8656,8433329ffffffff,2,0,0,"[0, 255, 0, 100]","[97, 255, 97]"
8657,843332dffffffff,5,0,0,"[0, 255, 0, 100]","[97, 255, 97]"
8658,8433333ffffffff,7,0,0,"[0, 255, 0, 100]","[97, 255, 97]"
8659,8433367ffffffff,28,0,0,"[0, 255, 0, 100]","[97, 255, 97]"
8660,8433537ffffffff,5,0,0,"[0, 255, 0, 100]","[97, 255, 97]"
8661,84335a5ffffffff,37,0,0,"[0, 255, 0, 100]","[97, 255, 97]"
8662,84335a7ffffffff,49,0,0,"[0, 255, 0, 100]","[97, 255, 97]"
8663,84335a9ffffffff,11,0,0,"[0, 255, 0, 100]","[97, 255, 97]"
8664,84335abffffffff,107,0,0,"[0, 255, 0, 100]","[97, 255, 97]"
8665,84335bdffffffff,15,0,0,"[0, 255, 0, 100]","[97, 255, 97]"
8666,8433831ffffffff,6,0,0,"[0, 255, 0, 100]","[97, 255, 97]"
8667,843383bffffffff,29,0,0,"[0, 255, 0, 100]","[97, 255, 97]"
8668,8433841ffffffff,110,0,0,"[0, 255, 0, 100]","[97, 255, 97]"
8669,8433845ffffffff,195,0,0,"[0, 255, 0, 100]","[97, 255, 97]"
8670,843384bffffffff,1,0,0,"[0, 255, 0, 100]","[97, 255, 97]"
8671,8433869ffffffff,34,0,0,"[0, 255, 0, 100]","[97, 255, 97]"
8672,8433897ffffffff,8,0,0,"[0, 255, 0, 100]","[97, 255, 97]"
8673,84338bbffffffff,131,0,0,"[0, 255, 0, 100]","[97, 255, 97]"
8674,84338cdffffffff,41,0,0,"[0, 255, 0, 100]","[97, 255, 97]"
8675,8433937ffffffff,3,0,0,"[0, 255, 0, 100]","[97, 255, 97]"
8676,843398dffffffff,2,0,0,"[0, 255, 0, 100]","[97, 255, 97]"
8677,84339bdffffffff,10,0,0,"[0, 255, 0, 100]","[97, 255, 97]"
8678,84339e1ffffffff,140,0,0,"[0, 255, 0, 100]","[97, 255, 97]"
8679,84339e5ffffffff,110,0,0,"[0, 255, 0, 100]","[97, 255, 97]"
8680,8433b11ffffffff,1,0,0,"[0, 255, 0, 100]","[97, 255, 97]"
8681,8433b19ffffffff,1,0,0,"[0, 255, 0, 100]","[97, 255, 97]"
8682,8433b1bffffffff,4,0,0,"[0, 255, 0, 100]","[97, 255, 97]"
8683,8434001ffffffff,128,0,0,"[0, 255, 0, 100]","[97, 255, 97]"
8684,8434007ffffffff,38,0,0,"[0, 255, 0, 100]","[97, 255, 97]"
8685,843400bffffffff,25,0,0,"[0, 255, 0, 100]","[97, 255, 97]"
8686,8434035ffffffff,6,0,0,"[0, 255, 0, 100]","[97, 255, 97]"
8687,8434051ffffffff,34,0,0,"[0, 255, 0, 100]","[97, 255, 97]"
8688,8434055ffffffff,128,0,0,"[0, 255, 0, 100]","[97, 255, 97]"
8689,8434083ffffffff,15,0,0,"[0, 255, 0, 100]","[97, 255, 97]"
8690,8434087ffffffff,6,0,0,"[0, 255, 0, 100]","[97, 255, 97]"
8691,84340b1ffffffff,5,0,0,"[0, 255, 0, 100]","[97, 255, 97]"
8692,84340b5ffffffff,153,0,0,"[0, 255, 0, 100]","[97, 255, 97]"
8693,8434135ffffffff,171,0,0,"[0, 255, 0, 100]","[97, 255, 97]"
8694,8434151ffffffff,3,0,0,"[0, 255, 0, 100]","[97, 255, 97]"
8695,8434157ffffffff,22,0,0,"[0, 255, 0, 100]","[97, 255, 97]"
8696,843415bffffffff,21,0,0,"[0, 255, 0, 100]","[97, 255, 97]"
8697,8434243ffffffff,24,0,0,"[0, 255, 0, 100]","[97, 255, 97]"
8698,8434247ffffffff,20,0,0,"[0, 255, 0, 100]","[97, 255, 97]"
8699,8434261ffffffff,11,0,0,"[0, 255, 0, 100]","[97, 255, 97]"
8700,8434267ffffffff,134,0,0,"[0, 255, 0, 100]","[97, 255, 97]"
8701,8434269ffffffff,39,0,0,"[0, 255, 0, 100]","[97, 255, 97]"
8702,843426bffffffff,1,0,0,"[0, 255, 0, 100]","[97, 255, 97]"
8703,843430bffffffff,2,0,0,"[0, 255, 0, 100]","[97, 255, 97]"
8704,8434321ffffffff,11,0,0,"[0, 255, 0, 100]","[97, 255, 97]"
8705,8434327ffffffff,123,0,0,"[0, 255, 0, 100]","[97, 255, 97]"
8706,8434345ffffffff,3,0,0,"[0, 255, 0, 100]","[97, 255, 97]"
8707,8434353ffffffff,2,0,0,"[0, 255, 0, 100]","[97, 255, 97]"
8708,8434359ffffffff,101,0,0,"[0, 255, 0, 100]","[97, 255, 97]"
8709,8434369ffffffff,117,0,0,"[0, 255, 0, 100]","[97, 255, 97]"
8710,8434411ffffffff,457,0,0,"[0, 255, 0, 100]","[97, 255, 97]"
8711,8434413ffffffff,86,0,0,"[0, 255, 0, 100]","[97, 255, 97]"
8712,8434415ffffffff,7,0,0,"[0, 255, 0, 100]","[97, 255, 97]"
8713,8434417ffffffff,227,0,0,"[0, 255, 0, 100]","[97, 255, 97]"
8714,8434419ffffffff,409,0,0,"[0, 255, 0, 100]","[97, 255, 97]"
8715,843441bffffffff,130,0,0,"[0, 255, 0, 100]","[97, 255, 97]"
8716,8434453ffffffff,123,0,0,"[0, 255, 0, 100]","[97, 255, 97]"
8717,843445bffffffff,132,0,0,"[0, 255, 0, 100]","[97, 255, 97]"
8718,8434485ffffffff,129,0,0,"[0, 255, 0, 100]","[97, 255, 97]"
8719,843448dffffffff,272,0,0,"[0, 255, 0, 100]","[97, 255, 97]"
8720,8434495ffffffff,8,0,0,"[0, 255, 0, 100]","[97, 255, 97]"
8721,8434497ffffffff,29,0,0,"[0, 255, 0, 100]","[97, 255, 97]"
8722,84344b5ffffffff,106,0,0,"[0, 255, 0, 100]","[97, 255, 97]"
8723,84344bbffffffff,22,0,0,"[0, 255, 0, 100]","[97, 255, 97]"
8724,84344bdffffffff,84,0,0,"[0, 255, 0, 100]","[97, 255, 97]"
8725,84344c1ffffffff,222,0,0,"[0, 255, 0, 100]","[97, 255, 97]"
8726,84344c3ffffffff,35,0,0,"[0, 255, 0, 100]","[97, 255, 97]"
8727,84344c5ffffffff,274,0,0,"[0, 255, 0, 100]","[97, 255, 97]"
8728,84344c7ffffffff,273,0,0,"[0, 255, 0, 100]","[97, 255, 97]"
8729,84344c9ffffffff,2,0,0,"[0, 255, 0, 100]","[97, 255, 97]"
8730,84344cbffffffff,19,0,0,"[0, 255, 0, 100]","[97, 255, 97]"
8731,84344cdffffffff,10,0,0,"[0, 255, 0, 100]","[97, 255, 97]"
8732,84344e9ffffffff,68,0,0,"[0, 255, 0, 100]","[97, 255, 97]"
8733,84344edffffffff,3,0,0,"[0, 255, 0, 100]","[97, 255, 97]"
8734,8434611ffffffff,98,0,0,"[0, 255, 0, 100]","[97, 255, 97]"
8735,8434617ffffffff,65,0,0,"[0, 255, 0, 100]","[97, 255, 97]"
8736,8434619ffffffff,218,0,0,"[0, 255, 0, 100]","[97, 255, 97]"
8737,8434635ffffffff,3,0,0,"[0, 255, 0, 100]","[97, 255, 97]"
8738,8434653ffffffff,210,0,0,"[0, 255, 0, 100]","[97, 255, 97]"
8739,8434659ffffffff,17,0,0,"[0, 255, 0, 100]","[97, 255, 97]"
8740,843465bffffffff,38,0,0,"[0, 255, 0, 100]","[97, 255, 97]"
8741,843466bffffffff,2,0,0,"[0, 255, 0, 100]","[97, 255, 97]"
8742,8434685ffffffff,205,0,0,"[0, 255, 0, 100]","[97, 255, 97]"
8743,843468dffffffff,109,0,0,"[0, 255, 0, 100]","[97, 255, 97]"
8744,8434691ffffffff,119,0,0,"[0, 255, 0, 100]","[97, 255, 97]"
8745,8434693ffffffff,63,0,0,"[0, 255, 0, 100]","[97, 255, 97]"
8746,8434697ffffffff,227,0,0,"[0, 255, 0, 100]","[97, 255, 97]"
8747,8434699ffffffff,10,0,0,"[0, 255, 0, 100]","[97, 255, 97]"
8748,843469bffffffff,2,0,0,"[0, 255, 0, 100]","[97, 255, 97]"
8749,84346a5ffffffff,31,0,0,"[0, 255, 0, 100]","[97, 255, 97]"
8750,84346b1ffffffff,10,0,0,"[0, 255, 0, 100]","[97, 255, 97]"
8751,84346b5ffffffff,1,0,0,"[0, 255, 0, 100]","[97, 255, 97]"
8752,84346b7ffffffff,1,0,0,"[0, 255, 0, 100]","[97, 255, 97]"
8753,84346bdffffffff,3,0,0,"[0, 255, 0, 100]","[97, 255, 97]"
8754,84346c5ffffffff,2,0,0,"[0, 255, 0, 100]","[97, 255, 97]"
8755,84346c7ffffffff,134,0,0,"[0, 255, 0, 100]","[97, 255, 97]"
8756,84346e5ffffffff,279,0,0,"[0, 255, 0, 100]","[97, 255, 97]"
8757,84346ebffffffff,27,0,0,"[0, 255, 0, 100]","[97, 255, 97]"
8758,84346edffffffff,236,0,0,"[0, 255, 0, 100]","[97, 255, 97]"
8759,843470dffffffff,94,0,0,"[0, 255, 0, 100]","[97, 255, 97]"
8760,8434741ffffffff,141,0,0,"[0, 255, 0, 100]","[97, 255, 97]"
8761,8434747ffffffff,71,0,0,"[0, 255, 0, 100]","[97, 255, 97]"
8762,8434749ffffffff,87,0,0,"[0, 255, 0, 100]","[97, 255, 97]"
8763,843484bffffffff,38,0,0,"[0, 255, 0, 100]","[97, 255, 97]"
8764,8434a15ffffffff,1,0,0,"[0, 255, 0, 100]","[97, 255, 97]"
8765,8434a31ffffffff,132,0,0,"[0, 255, 0, 100]","[97, 255, 97]"
8766,8434a35ffffffff,189,0,0,"[0, 255, 0, 100]","[97, 255, 97]"
8767,8434a39ffffffff,1,0,0,"[0, 255, 0, 100]","[97, 255, 97]"
8768,8434a93ffffffff,128,0,0,"[0, 255, 0, 100]","[97, 255, 97]"
8769,8434a97ffffffff,234,0,0,"[0, 255, 0, 100]","[97, 255, 97]"
8770,8434ac1ffffffff,189,0,0,"[0, 255, 0, 100]","[97, 255, 97]"
8771,8434ac7ffffffff,76,0,0,"[0, 255, 0, 100]","[97, 255, 97]"
8772,8434acbffffffff,155,0,0,"[0, 255, 0, 100]","[97, 255, 97]"
8773,8434aedffffffff,38,0,0,"[0, 255, 0, 100]","[97, 255, 97]"
8774,8434b07ffffffff,14,0,0,"[0, 255, 0, 100]","[97, 255, 97]"
8775,8434c41ffffffff,122,0,0,"[0, 255, 0, 100]","[97, 255, 97]"
8776,8434c49ffffffff,54,0,0,"[0, 255, 0, 100]","[97, 255, 97]"
8777,8434cc5ffffffff,1,0,0,"[0, 255, 0, 100]","[97, 255, 97]"
8778,8434e23ffffffff,226,0,0,"[0, 255, 0, 100]","[97, 255, 97]"
8779,8434e2bffffffff,12,0,0,"[0, 255, 0, 100]","[97, 255, 97]"
8780,8434e41ffffffff,90,0,0,"[0, 255, 0, 100]","[97, 255, 97]"
8781,8434e43ffffffff,61,0,0,"[0, 255, 0, 100]","[97, 255, 97]"
8782,8434e47ffffffff,1,0,0,"[0, 255, 0, 100]","[97, 255, 97]"
8783,8434e4bffffffff,45,0,0,"[0, 255, 0, 100]","[97, 255, 97]"
8784,8434f6dffffffff,17,0,0,"[0, 255, 0, 100]","[97, 255, 97]"
8785,843500bffffffff,129,0,0,"[0, 255, 0, 100]","[97, 255, 97]"
8786,8435011ffffffff,28,0,0,"[0, 255, 0, 100]","[97, 255, 97]"
8787,8435013ffffffff,24,0,0,"[0, 255, 0, 100]","[97, 255, 97]"
8788,8435015ffffffff,52,0,0,"[0, 255, 0, 100]","[97, 255, 97]"
8789,843501bffffffff,40,0,0,"[0, 255, 0, 100]","[97, 255, 97]"
8790,843502dffffffff,18,0,0,"[0, 255, 0, 100]","[97, 255, 97]"
8791,8435051ffffffff,92,0,0,"[0, 255, 0, 100]","[97, 255, 97]"
8792,8435055ffffffff,34,0,0,"[0, 255, 0, 100]","[97, 255, 97]"
8793,8435059ffffffff,23,0,0,"[0, 255, 0, 100]","[97, 255, 97]"
8794,8435097ffffffff,38,0,0,"[0, 255, 0, 100]","[97, 255, 97]"
8795,843509dffffffff,8,0,0,"[0, 255, 0, 100]","[97, 255, 97]"
8796,84350a1ffffffff,14,0,0,"[0, 255, 0, 100]","[97, 255, 97]"
8797,84350a3ffffffff,95,0,0,"[0, 255, 0, 100]","[97, 255, 97]"
8798,84350a7ffffffff,89,0,0,"[0, 255, 0, 100]","[97, 255, 97]"
8799,84350bbffffffff,74,0,0,"[0, 255, 0, 100]","[97, 255, 97]"
8800,84350bdffffffff,2,0,0,"[0, 255, 0, 100]","[97, 255, 97]"
8801,84350c3ffffffff,5,0,0,"[0, 255, 0, 100]","[97, 255, 97]"
8802,84350cbffffffff,5,0,0,"[0, 255, 0, 100]","[97, 255, 97]"
8803,84350cdffffffff,66,0,0,"[0, 255, 0, 100]","[97, 255, 97]"
8804,84350e5ffffffff,2,0,0,"[0, 255, 0, 100]","[97, 255, 97]"
8805,8435109ffffffff,22,0,0,"[0, 255, 0, 100]","[97, 255, 97]"
8806,8435111ffffffff,15,0,0,"[0, 255, 0, 100]","[97, 255, 97]"
8807,8435113ffffffff,134,0,0,"[0, 255, 0, 100]","[97, 255, 97]"
8808,8435117ffffffff,6,0,0,"[0, 255, 0, 100]","[97, 255, 97]"
8809,843511bffffffff,84,0,0,"[0, 255, 0, 100]","[97, 255, 97]"
8810,8435125ffffffff,148,0,0,"[0, 255, 0, 100]","[97, 255, 97]"
8811,8435133ffffffff,28,0,0,"[0, 255, 0, 100]","[97, 255, 97]"
8812,8435143ffffffff,7,0,0,"[0, 255, 0, 100]","[97, 255, 97]"
8813,8435149ffffffff,63,0,0,"[0, 255, 0, 100]","[97, 255, 97]"
8814,843514bffffffff,82,0,0,"[0, 255, 0, 100]","[97, 255, 97]"
8815,8435153ffffffff,81,0,0,"[0, 255, 0, 100]","[97, 255, 97]"
8816,8435155ffffffff,137,0,0,"[0, 255, 0, 100]","[97, 255, 97]"
8817,8435159ffffffff,170,0,0,"[0, 255, 0, 100]","[97, 255, 97]"
8818,843515dffffffff,123,0,0,"[0, 255, 0, 100]","[97, 255, 97]"
8819,8435161ffffffff,110,0,0,"[0, 255, 0, 100]","[97, 255, 97]"
8820,8435165ffffffff,79,0,0,"[0, 255, 0, 100]","[97, 255, 97]"
8821,8435169ffffffff,22,0,0,"[0, 255, 0, 100]","[97, 255, 97]"
8822,843516bffffffff,26,0,0,"[0, 255, 0, 100]","[97, 255, 97]"
8823,843516dffffffff,6,0,0,"[0, 255, 0, 100]","[97, 255, 97]"
8824,8435183ffffffff,61,0,0,"[0, 255, 0, 100]","[97, 255, 97]"
8825,8435191ffffffff,63,0,0,"[0, 255, 0, 100]","[97, 255, 97]"
8826,843519bffffffff,160,0,0,"[0, 255, 0, 100]","[97, 255, 97]"
8827,843519dffffffff,110,0,0,"[0, 255, 0, 100]","[97, 255, 97]"
8828,84351a3ffffffff,6,0,0,"[0, 255, 0, 100]","[97, 255, 97]"
8829,84351a5ffffffff,76,0,0,"[0, 255, 0, 100]","[97, 255, 97]"
8830,84351a7ffffffff,162,0,0,"[0, 255, 0, 100]","[97, 255, 97]"
8831,84351b5ffffffff,283,0,0,"[0, 255, 0, 100]","[97, 255, 97]"
8832,84351b7ffffffff,2,0,0,"[0, 255, 0, 100]","[97, 255, 97]"
8833,84351cdffffffff,2,0,0,"[0, 255, 0, 100]","[97, 255, 97]"
8834,84351d3ffffffff,101,0,0,"[0, 255, 0, 100]","[97, 255, 97]"
8835,84351d7ffffffff,54,0,0,"[0, 255, 0, 100]","[97, 255, 97]"
8836,84351dbffffffff,6,0,0,"[0, 255, 0, 100]","[97, 255, 97]"
8837,84351edffffffff,130,0,0,"[0, 255, 0, 100]","[97, 255, 97]"
8838,8435207ffffffff,42,0,0,"[0, 255, 0, 100]","[97, 255, 97]"
8839,8435213ffffffff,168,0,0,"[0, 255, 0, 100]","[97, 255, 97]"
8840,8435217ffffffff,15,0,0,"[0, 255, 0, 100]","[97, 255, 97]"
8841,843521bffffffff,23,0,0,"[0, 255, 0, 100]","[97, 255, 97]"
8842,8435223ffffffff,27,0,0,"[0, 255, 0, 100]","[97, 255, 97]"
8843,8435227ffffffff,1,0,0,"[0, 255, 0, 100]","[97, 255, 97]"
8844,843523dffffffff,24,0,0,"[0, 255, 0, 100]","[97, 255, 97]"
8845,8435241ffffffff,80,0,0,"[0, 255, 0, 100]","[97, 255, 97]"
8846,8435243ffffffff,185,0,0,"[0, 255, 0, 100]","[97, 255, 97]"
8847,8435245ffffffff,30,0,0,"[0, 255, 0, 100]","[97, 255, 97]"
8848,843524bffffffff,60,0,0,"[0, 255, 0, 100]","[97, 255, 97]"
8849,8435251ffffffff,105,0,0,"[0, 255, 0, 100]","[97, 255, 97]"
8850,8435253ffffffff,17,0,0,"[0, 255, 0, 100]","[97, 255, 97]"
8851,8435255ffffffff,9,0,0,"[0, 255, 0, 100]","[97, 255, 97]"
8852,843525dffffffff,38,0,0,"[0, 255, 0, 100]","[97, 255, 97]"
8853,8435269ffffffff,48,0,0,"[0, 255, 0, 100]","[97, 255, 97]"
8854,84352d9ffffffff,1,0,0,"[0, 255, 0, 100]","[97, 255, 97]"
8855,84352e5ffffffff,27,0,0,"[0, 255, 0, 100]","[97, 255, 97]"
8856,84352edffffffff,133,0,0,"[0, 255, 0, 100]","[97, 255, 97]"
8857,8435301ffffffff,74,0,0,"[0, 255, 0, 100]","[97, 255, 97]"
8858,8435305ffffffff,26,0,0,"[0, 255, 0, 100]","[97, 255, 97]"
8859,8435307ffffffff,27,0,0,"[0, 255, 0, 100]","[97, 255, 97]"
8860,8435311ffffffff,85,0,0,"[0, 255, 0, 100]","[97, 255, 97]"
8861,8435315ffffffff,46,0,0,"[0, 255, 0, 100]","[97, 255, 97]"
8862,8435331ffffffff,77,0,0,"[0, 255, 0, 100]","[97, 255, 97]"
8863,8435333ffffffff,47,0,0,"[0, 255, 0, 100]","[97, 255, 97]"
8864,843533bffffffff,48,0,0,"[0, 255, 0, 100]","[97, 255, 97]"
8865,8435343ffffffff,7,0,0,"[0, 255, 0, 100]","[97, 255, 97]"
8866,843534dffffffff,3,0,0,"[0, 255, 0, 100]","[97, 255, 97]"
8867,8435363ffffffff,49,0,0,"[0, 255, 0, 100]","[97, 255, 97]"
8868,8435367ffffffff,15,0,0,"[0, 255, 0, 100]","[97, 255, 97]"
8869,843536bffffffff,3,0,0,"[0, 255, 0, 100]","[97, 255, 97]"
8870,8435411ffffffff,173,0,0,"[0, 255, 0, 100]","[97, 255, 97]"
8871,8435417ffffffff,172,0,0,"[0, 255, 0, 100]","[97, 255, 97]"
8872,8435419ffffffff,53,0,0,"[0, 255, 0, 100]","[97, 255, 97]"
8873,843543bffffffff,16,0,0,"[0, 255, 0, 100]","[97, 255, 97]"
8874,8435449ffffffff,5,0,0,"[0, 255, 0, 100]","[97, 255, 97]"
8875,843549bffffffff,19,0,0,"[0, 255, 0, 100]","[97, 255, 97]"
8876,84354bdffffffff,1,0,0,"[0, 255, 0, 100]","[97, 255, 97]"
8877,84354edffffffff,7,0,0,"[0, 255, 0, 100]","[97, 255, 97]"
8878,8435513ffffffff,58,0,0,"[0, 255, 0, 100]","[97, 255, 97]"
8879,8435517ffffffff,117,0,0,"[0, 255, 0, 100]","[97, 255, 97]"
8880,8435533ffffffff,117,0,0,"[0, 255, 0, 100]","[97, 255, 97]"
8881,843553bffffffff,34,0,0,"[0, 255, 0, 100]","[97, 255, 97]"
8882,84355e7ffffffff,2,0,0,"[0, 255, 0, 100]","[97, 255, 97]"
8883,84355edffffffff,20,0,0,"[0, 255, 0, 100]","[97, 255, 97]"
8884,843565bffffffff,23,0,0,"[0, 255, 0, 100]","[97, 255, 97]"
8885,8435699ffffffff,12,0,0,"[0, 255, 0, 100]","[97, 255, 97]"
8886,84356a9ffffffff,28,0,0,"[0, 255, 0, 100]","[97, 255, 97]"
8887,84356c1ffffffff,2,0,0,"[0, 255, 0, 100]","[97, 255, 97]"
8888,84356d7ffffffff,9,0,0,"[0, 255, 0, 100]","[97, 255, 97]"
8889,84356dbffffffff,159,0,0,"[0, 255, 0, 100]","[97, 255, 97]"
8890,8435735ffffffff,6,0,0,"[0, 255, 0, 100]","[97, 255, 97]"
8891,8435833ffffffff,78,0,0,"[0, 255, 0, 100]","[97, 255, 97]"
8892,8435837ffffffff,11,0,0,"[0, 255, 0, 100]","[97, 255, 97]"
8893,8435865ffffffff,11,0,0,"[0, 255, 0, 100]","[97, 255, 97]"
8894,843586dffffffff,18,0,0,"[0, 255, 0, 100]","[97, 255, 97]"
8895,8435887ffffffff,34,0,0,"[0, 255, 0, 100]","[97, 255, 97]"
8896,843589bffffffff,26,0,0,"[0, 255, 0, 100]","[97, 255, 97]"
8897,84358abffffffff,28,0,0,"[0, 255, 0, 100]","[97, 255, 97]"
8898,84358c1ffffffff,132,0,0,"[0, 255, 0, 100]","[97, 255, 97]"
8899,84358c5ffffffff,96,0,0,"[0, 255, 0, 100]","[97, 255, 97]"
8900,84358c7ffffffff,61,0,0,"[0, 255, 0, 100]","[97, 255, 97]"
8901,84358cbffffffff,118,0,0,"[0, 255, 0, 100]","[97, 255, 97]"
8902,84358ebffffffff,18,0,0,"[0, 255, 0, 100]","[97, 255, 97]"
8903,84358edffffffff,25,0,0,"[0, 255, 0, 100]","[97, 255, 97]"
8904,843590bffffffff,78,0,0,"[0, 255, 0, 100]","[97, 255, 97]"
8905,8435927ffffffff,4,0,0,"[0, 255, 0, 100]","[97, 255, 97]"
8906,843594bffffffff,4,0,0,"[0, 255, 0, 100]","[97, 255, 97]"
8907,84359c1ffffffff,100,0,0,"[0, 255, 0, 100]","[97, 255, 97]"
8908,84359c5ffffffff,1,0,0,"[0, 255, 0, 100]","[97, 255, 97]"
8909,84359cbffffffff,37,0,0,"[0, 255, 0, 100]","[97, 255, 97]"
8910,8435a01ffffffff,41,0,0,"[0, 255, 0, 100]","[97, 255, 97]"
8911,8435a05ffffffff,4,0,0,"[0, 255, 0, 100]","[97, 255, 97]"
8912,8435a15ffffffff,82,0,0,"[0, 255, 0, 100]","[97, 255, 97]"
8913,8435a19ffffffff,2,0,0,"[0, 255, 0, 100]","[97, 255, 97]"
8914,8435a27ffffffff,26,0,0,"[0, 255, 0, 100]","[97, 255, 97]"
8915,8435a3bffffffff,15,0,0,"[0, 255, 0, 100]","[97, 255, 97]"
8916,8435a4bffffffff,12,0,0,"[0, 255, 0, 100]","[97, 255, 97]"
8917,8435a5bffffffff,36,0,0,"[0, 255, 0, 100]","[97, 255, 97]"
8918,8435a91ffffffff,35,0,0,"[0, 255, 0, 100]","[97, 255, 97]"
8919,8435a9bffffffff,80,0,0,"[0, 255, 0, 100]","[97, 255, 97]"
8920,8435b01ffffffff,3,0,0,"[0, 255, 0, 100]","[97, 255, 97]"
8921,8435b03ffffffff,5,0,0,"[0, 255, 0, 100]","[97, 255, 97]"
8922,8435b07ffffffff,24,0,0,"[0, 255, 0, 100]","[97, 255, 97]"
8923,8435b0bffffffff,91,0,0,"[0, 255, 0, 100]","[97, 255, 97]"
8924,8435b11ffffffff,146,0,0,"[0, 255, 0, 100]","[97, 255, 97]"
8925,8435b15ffffffff,79,0,0,"[0, 255, 0, 100]","[97, 255, 97]"
8926,8435b19ffffffff,92,0,0,"[0, 255, 0, 100]","[97, 255, 97]"
8927,8435b1bffffffff,203,0,0,"[0, 255, 0, 100]","[97, 255, 97]"
8928,8435b1dffffffff,156,0,0,"[0, 255, 0, 100]","[97, 255, 97]"
8929,8435b39ffffffff,7,0,0,"[0, 255, 0, 100]","[97, 255, 97]"
8930,8435b5bffffffff,3,0,0,"[0, 255, 0, 100]","[97, 255, 97]"
8931,8435b61ffffffff,29,0,0,"[0, 255, 0, 100]","[97, 255, 97]"
8932,8435b65ffffffff,73,0,0,"[0, 255, 0, 100]","[97, 255, 97]"
8933,8435b67ffffffff,12,0,0,"[0, 255, 0, 100]","[97, 255, 97]"
8934,8435b6bffffffff,7,0,0,"[0, 255, 0, 100]","[97, 255, 97]"
8935,8436035ffffffff,101,0,0,"[0, 255, 0, 100]","[97, 255, 97]"
8936,843603dffffffff,1,0,0,"[0, 255, 0, 100]","[97, 255, 97]"
8937,8436041ffffffff,158,0,0,"[0, 255, 0, 100]","[97, 255, 97]"
8938,843604bffffffff,57,0,0,"[0, 255, 0, 100]","[97, 255, 97]"
8939,843604dffffffff,36,0,0,"[0, 255, 0, 100]","[97, 255, 97]"
8940,8436183ffffffff,45,0,0,"[0, 255, 0, 100]","[97, 255, 97]"
8941,8436187ffffffff,21,0,0,"[0, 255, 0, 100]","[97, 255, 97]"
8942,843618bffffffff,129,0,0,"[0, 255, 0, 100]","[97, 255, 97]"
8943,84361a3ffffffff,213,0,0,"[0, 255, 0, 100]","[97, 255, 97]"
8944,84361a7ffffffff,264,0,0,"[0, 255, 0, 100]","[97, 255, 97]"
8945,84361abffffffff,130,0,0,"[0, 255, 0, 100]","[97, 255, 97]"
8946,8436209ffffffff,92,0,0,"[0, 255, 0, 100]","[97, 255, 97]"
8947,843620dffffffff,101,0,0,"[0, 255, 0, 100]","[97, 255, 97]"
8948,8436221ffffffff,182,0,0,"[0, 255, 0, 100]","[97, 255, 97]"
8949,8436223ffffffff,42,0,0,"[0, 255, 0, 100]","[97, 255, 97]"
8950,8436225ffffffff,115,0,0,"[0, 255, 0, 100]","[97, 255, 97]"
8951,8436237ffffffff,81,0,0,"[0, 255, 0, 100]","[97, 255, 97]"
8952,843623dffffffff,114,0,0,"[0, 255, 0, 100]","[97, 255, 97]"
8953,8436243ffffffff,107,0,0,"[0, 255, 0, 100]","[97, 255, 97]"
8954,8436247ffffffff,75,0,0,"[0, 255, 0, 100]","[97, 255, 97]"
8955,8436249ffffffff,11,0,0,"[0, 255, 0, 100]","[97, 255, 97]"
8956,843624bffffffff,186,0,0,"[0, 255, 0, 100]","[97, 255, 97]"
8957,8436251ffffffff,135,0,0,"[0, 255, 0, 100]","[97, 255, 97]"
8958,8436253ffffffff,17,0,0,"[0, 255, 0, 100]","[97, 255, 97]"
8959,8436255ffffffff,80,0,0,"[0, 255, 0, 100]","[97, 255, 97]"
8960,843625bffffffff,15,0,0,"[0, 255, 0, 100]","[97, 255, 97]"
8961,8436261ffffffff,126,0,0,"[0, 255, 0, 100]","[97, 255, 97]"
8962,843626bffffffff,292,0,0,"[0, 255, 0, 100]","[97, 255, 97]"
8963,843626dffffffff,117,0,0,"[0, 255, 0, 100]","[97, 255, 97]"
8964,8436287ffffffff,53,0,0,"[0, 255, 0, 100]","[97, 255, 97]"
8965,84362abffffffff,16,0,0,"[0, 255, 0, 100]","[97, 255, 97]"
8966,84362d1ffffffff,78,0,0,"[0, 255, 0, 100]","[97, 255, 97]"
8967,84362d9ffffffff,89,0,0,"[0, 255, 0, 100]","[97, 255, 97]"
8968,84362dbffffffff,7,0,0,"[0, 255, 0, 100]","[97, 255, 97]"
8969,8436307ffffffff,120,0,0,"[0, 255, 0, 100]","[97, 255, 97]"
8970,8436315ffffffff,2,0,0,"[0, 255, 0, 100]","[97, 255, 97]"
8971,8436329ffffffff,170,0,0,"[0, 255, 0, 100]","[97, 255, 97]"
8972,843632bffffffff,192,0,0,"[0, 255, 0, 100]","[97, 255, 97]"
8973,843632dffffffff,11,0,0,"[0, 255, 0, 100]","[97, 255, 97]"
8974,8436339ffffffff,105,0,0,"[0, 255, 0, 100]","[97, 255, 97]"
8975,8436349ffffffff,66,0,0,"[0, 255, 0, 100]","[97, 255, 97]"
8976,8436353ffffffff,1,0,0,"[0, 255, 0, 100]","[97, 255, 97]"
8977,8436369ffffffff,12,0,0,"[0, 255, 0, 100]","[97, 255, 97]"
8978,843636dffffffff,31,0,0,"[0, 255, 0, 100]","[97, 255, 97]"
8979,8436405ffffffff,87,0,0,"[0, 255, 0, 100]","[97, 255, 97]"
8980,8436425ffffffff,19,0,0,"[0, 255, 0, 100]","[97, 255, 97]"
8981,8436429ffffffff,36,0,0,"[0, 255, 0, 100]","[97, 255, 97]"
8982,8436469ffffffff,1,0,0,"[0, 255, 0, 100]","[97, 255, 97]"
8983,8436487ffffffff,42,0,0,"[0, 255, 0, 100]","[97, 255, 97]"
8984,84364b3ffffffff,7,0,0,"[0, 255, 0, 100]","[97, 255, 97]"
8985,84364b7ffffffff,97,0,0,"[0, 255, 0, 100]","[97, 255, 97]"
8986,8436503ffffffff,46,0,0,"[0, 255, 0, 100]","[97, 255, 97]"
8987,8436507ffffffff,1,0,0,"[0, 255, 0, 100]","[97, 255, 97]"
8988,8436519ffffffff,153,0,0,"[0, 255, 0, 100]","[97, 255, 97]"
8989,843651dffffffff,92,0,0,"[0, 255, 0, 100]","[97, 255, 97]"
8990,8436523ffffffff,86,0,0,"[0, 255, 0, 100]","[97, 255, 97]"
8991,8436527ffffffff,132,0,0,"[0, 255, 0, 100]","[97, 255, 97]"
8992,843653dffffffff,127,0,0,"[0, 255, 0, 100]","[97, 255, 97]"
8993,8436553ffffffff,13,0,0,"[0, 255, 0, 100]","[97, 255, 97]"
8994,843655dffffffff,22,0,0,"[0, 255, 0, 100]","[97, 255, 97]"
8995,84365a3ffffffff,88,0,0,"[0, 255, 0, 100]","[97, 255, 97]"
8996,84365a7ffffffff,181,0,0,"[0, 255, 0, 100]","[97, 255, 97]"
8997,84365b9ffffffff,112,0,0,"[0, 255, 0, 100]","[97, 255, 97]"
8998,84365bdffffffff,130,0,0,"[0, 255, 0, 100]","[97, 255, 97]"
8999,84365e7ffffffff,1,0,0,"[0, 255, 0, 100]","[97, 255, 97]"
9000,843660bffffffff,8,0,0,"[0, 255, 0, 100]","[97, 255, 97]"
9001,8436653ffffffff,29,0,0,"[0, 255, 0, 100]","[97, 255, 97]"
9002,8436657ffffffff,136,0,0,"[0, 255, 0, 100]","[97, 255, 97]"
9003,8436665ffffffff,19,0,0,"[0, 255, 0, 100]","[97, 255, 97]"
9004,843666dffffffff,7,0,0,"[0, 255, 0, 100]","[97, 255, 97]"
9005,8436683ffffffff,5,0,0,"[0, 255, 0, 100]","[97, 255, 97]"
9006,8436699ffffffff,213,0,0,"[0, 255, 0, 100]","[97, 255, 97]"
9007,843669dffffffff,164,0,0,"[0, 255, 0, 100]","[97, 255, 97]"
9008,84366cdffffffff,8,0,0,"[0, 255, 0, 100]","[97, 255, 97]"
9009,8436813ffffffff,126,0,0,"[0, 255, 0, 100]","[97, 255, 97]"
9010,8436817ffffffff,40,0,0,"[0, 255, 0, 100]","[97, 255, 97]"
9011,8436833ffffffff,13,0,0,"[0, 255, 0, 100]","[97, 255, 97]"
9012,8436837ffffffff,50,0,0,"[0, 255, 0, 100]","[97, 255, 97]"
9013,8436889ffffffff,2,0,0,"[0, 255, 0, 100]","[97, 255, 97]"
9014,8436893ffffffff,13,0,0,"[0, 255, 0, 100]","[97, 255, 97]"
9015,8436897ffffffff,129,0,0,"[0, 255, 0, 100]","[97, 255, 97]"
9016,84368a1ffffffff,70,0,0,"[0, 255, 0, 100]","[97, 255, 97]"
9017,84368a3ffffffff,20,0,0,"[0, 255, 0, 100]","[97, 255, 97]"
9018,84368a7ffffffff,86,0,0,"[0, 255, 0, 100]","[97, 255, 97]"
9019,84368bbffffffff,15,0,0,"[0, 255, 0, 100]","[97, 255, 97]"
9020,84368c3ffffffff,17,0,0,"[0, 255, 0, 100]","[97, 255, 97]"
9021,84368d9ffffffff,55,0,0,"[0, 255, 0, 100]","[97, 255, 97]"
9022,84368ddffffffff,64,0,0,"[0, 255, 0, 100]","[97, 255, 97]"
9023,84368edffffffff,6,0,0,"[0, 255, 0, 100]","[97, 255, 97]"
9024,8436989ffffffff,5,0,0,"[0, 255, 0, 100]","[97, 255, 97]"
9025,843698dffffffff,38,0,0,"[0, 255, 0, 100]","[97, 255, 97]"
9026,843699bffffffff,2,0,0,"[0, 255, 0, 100]","[97, 255, 97]"
9027,843699dffffffff,7,0,0,"[0, 255, 0, 100]","[97, 255, 97]"
9028,8436a93ffffffff,228,0,0,"[0, 255, 0, 100]","[97, 255, 97]"
9029,8436a97ffffffff,72,0,0,"[0, 255, 0, 100]","[97, 255, 97]"
9030,8436c13ffffffff,27,0,0,"[0, 255, 0, 100]","[97, 255, 97]"
9031,8436c19ffffffff,39,0,0,"[0, 255, 0, 100]","[97, 255, 97]"
9032,8436c1dffffffff,36,0,0,"[0, 255, 0, 100]","[97, 255, 97]"
9033,8436c45ffffffff,100,0,0,"[0, 255, 0, 100]","[97, 255, 97]"
9034,8436c53ffffffff,6,0,0,"[0, 255, 0, 100]","[97, 255, 97]"
9035,8436c69ffffffff,116,0,0,"[0, 255, 0, 100]","[97, 255, 97]"
9036,8436c89ffffffff,111,0,0,"[0, 255, 0, 100]","[97, 255, 97]"
9037,8436c8dffffffff,243,0,0,"[0, 255, 0, 100]","[97, 255, 97]"
9038,8436cc3ffffffff,47,0,0,"[0, 255, 0, 100]","[97, 255, 97]"
9039,8436cd1ffffffff,9,0,0,"[0, 255, 0, 100]","[97, 255, 97]"
9040,8436cd5ffffffff,28,0,0,"[0, 255, 0, 100]","[97, 255, 97]"
9041,8436cd9ffffffff,165,0,0,"[0, 255, 0, 100]","[97, 255, 97]"
9042,8436cdbffffffff,35,0,0,"[0, 255, 0, 100]","[97, 255, 97]"
9043,8436cddffffffff,3,0,0,"[0, 255, 0, 100]","[97, 255, 97]"
9044,8436ce3ffffffff,103,0,0,"[0, 255, 0, 100]","[97, 255, 97]"
9045,8436ce7ffffffff,144,0,0,"[0, 255, 0, 100]","[97, 255, 97]"
9046,8436d19ffffffff,32,0,0,"[0, 255, 0, 100]","[97, 255, 97]"
9047,8436d43ffffffff,106,0,0,"[0, 255, 0, 100]","[97, 255, 97]"
9048,8436d47ffffffff,541,0,0,"[0, 255, 0, 100]","[97, 255, 97]"
9049,8436d49ffffffff,98,0,0,"[0, 255, 0, 100]","[97, 255, 97]"
9050,8436d4dffffffff,86,0,0,"[0, 255, 0, 100]","[97, 255, 97]"
9051,8436d59ffffffff,5,0,0,"[0, 255, 0, 100]","[97, 255, 97]"
9052,8436d63ffffffff,81,0,0,"[0, 255, 0, 100]","[97, 255, 97]"
9053,8436d67ffffffff,51,0,0,"[0, 255, 0, 100]","[97, 255, 97]"
9054,8436d6bffffffff,320,0,0,"[0, 255, 0, 100]","[97, 255, 97]"
9055,8436d81ffffffff,29,0,0,"[0, 255, 0, 100]","[97, 255, 97]"
9056,8436d85ffffffff,4,0,0,"[0, 255, 0, 100]","[97, 255, 97]"
9057,8436d89ffffffff,195,0,0,"[0, 255, 0, 100]","[97, 255, 97]"
9058,8436d8dffffffff,95,0,0,"[0, 255, 0, 100]","[97, 255, 97]"
9059,8436da9ffffffff,32,0,0,"[0, 255, 0, 100]","[97, 255, 97]"
9060,8436dadffffffff,289,0,0,"[0, 255, 0, 100]","[97, 255, 97]"
9061,8436dd1ffffffff,320,0,0,"[0, 255, 0, 100]","[97, 255, 97]"
9062,8436dd5ffffffff,398,0,0,"[0, 255, 0, 100]","[97, 255, 97]"
9063,8436ddbffffffff,240,0,0,"[0, 255, 0, 100]","[97, 255, 97]"
9064,8436de3ffffffff,19,0,0,"[0, 255, 0, 100]","[97, 255, 97]"
9065,8436de7ffffffff,8,0,0,"[0, 255, 0, 100]","[97, 255, 97]"
9066,8436e01ffffffff,5,0,0,"[0, 255, 0, 100]","[97, 255, 97]"
9067,8436e0bffffffff,21,0,0,"[0, 255, 0, 100]","[97, 255, 97]"
9068,8436e1bffffffff,45,0,0,"[0, 255, 0, 100]","[97, 255, 97]"
9069,8436e2bffffffff,26,0,0,"[0, 255, 0, 100]","[97, 255, 97]"
9070,8436e3bffffffff,8,0,0,"[0, 255, 0, 100]","[97, 255, 97]"
9071,8436e53ffffffff,27,0,0,"[0, 255, 0, 100]","[97, 255, 97]"
9072,8436e57ffffffff,33,0,0,"[0, 255, 0, 100]","[97, 255, 97]"
9073,8436e91ffffffff,17,0,0,"[0, 255, 0, 100]","[97, 255, 97]"
9074,8436e9bffffffff,17,0,0,"[0, 255, 0, 100]","[97, 255, 97]"
9075,8436eb1ffffffff,2,0,0,"[0, 255, 0, 100]","[97, 255, 97]"
9076,8436eb5ffffffff,109,0,0,"[0, 255, 0, 100]","[97, 255, 97]"
9077,8436ebdffffffff,2,0,0,"[0, 255, 0, 100]","[97, 255, 97]"
9078,8436f11ffffffff,6,0,0,"[0, 255, 0, 100]","[97, 255, 97]"
9079,8436f1dffffffff,70,0,0,"[0, 255, 0, 100]","[97, 255, 97]"
9080,8436f23ffffffff,12,0,0,"[0, 255, 0, 100]","[97, 255, 97]"
9081,8436f27ffffffff,69,0,0,"[0, 255, 0, 100]","[97, 255, 97]"
9082,8436f33ffffffff,20,0,0,"[0, 255, 0, 100]","[97, 255, 97]"
9083,8436f39ffffffff,88,0,0,"[0, 255, 0, 100]","[97, 255, 97]"
9084,8436f4dffffffff,40,0,0,"[0, 255, 0, 100]","[97, 255, 97]"
9085,8437017ffffffff,6,0,0,"[0, 255, 0, 100]","[97, 255, 97]"
9086,84370a3ffffffff,17,0,0,"[0, 255, 0, 100]","[97, 255, 97]"
9087,84370a7ffffffff,103,0,0,"[0, 255, 0, 100]","[97, 255, 97]"
9088,84370b5ffffffff,7,0,0,"[0, 255, 0, 100]","[97, 255, 97]"
9089,84370e5ffffffff,199,0,0,"[0, 255, 0, 100]","[97, 255, 97]"
9090,84370edffffffff,175,0,0,"[0, 255, 0, 100]","[97, 255, 97]"
9091,8437103ffffffff,1,0,0,"[0, 255, 0, 100]","[97, 255, 97]"
9092,8437111ffffffff,5,0,0,"[0, 255, 0, 100]","[97, 255, 97]"
9093,8437115ffffffff,97,0,0,"[0, 255, 0, 100]","[97, 255, 97]"
9094,8437129ffffffff,135,0,0,"[0, 255, 0, 100]","[97, 255, 97]"
9095,8437167ffffffff,123,0,0,"[0, 255, 0, 100]","[97, 255, 97]"
9096,843719bffffffff,30,0,0,"[0, 255, 0, 100]","[97, 255, 97]"
9097,84371a7ffffffff,145,0,0,"[0, 255, 0, 100]","[97, 255, 97]"
9098,84371b3ffffffff,209,0,0,"[0, 255, 0, 100]","[97, 255, 97]"
9099,84371b5ffffffff,34,0,0,"[0, 255, 0, 100]","[97, 255, 97]"
9100,84371b7ffffffff,5,0,0,"[0, 255, 0, 100]","[97, 255, 97]"
9101,84371c3ffffffff,13,0,0,"[0, 255, 0, 100]","[97, 255, 97]"
9102,84371d1ffffffff,145,0,0,"[0, 255, 0, 100]","[97, 255, 97]"
9103,84371d5ffffffff,53,0,0,"[0, 255, 0, 100]","[97, 255, 97]"
9104,84371d7ffffffff,3,0,0,"[0, 255, 0, 100]","[97, 255, 97]"
9105,84371d9ffffffff,25,0,0,"[0, 255, 0, 100]","[97, 255, 97]"
9106,84371ddffffffff,30,0,0,"[0, 255, 0, 100]","[97, 255, 97]"
9107,8437249ffffffff,14,0,0,"[0, 255, 0, 100]","[97, 255, 97]"
9108,843724dffffffff,205,0,0,"[0, 255, 0, 100]","[97, 255, 97]"
9109,8437251ffffffff,10,0,0,"[0, 255, 0, 100]","[97, 255, 97]"
9110,843725bffffffff,97,0,0,"[0, 255, 0, 100]","[97, 255, 97]"
9111,8437405ffffffff,342,0,0,"[0, 255, 0, 100]","[97, 255, 97]"
9112,843740dffffffff,11,0,0,"[0, 255, 0, 100]","[97, 255, 97]"
9113,8437417ffffffff,27,0,0,"[0, 255, 0, 100]","[97, 255, 97]"
9114,8437421ffffffff,215,0,0,"[0, 255, 0, 100]","[97, 255, 97]"
9115,8437425ffffffff,535,0,0,"[0, 255, 0, 100]","[97, 255, 97]"
9116,8437427ffffffff,82,0,0,"[0, 255, 0, 100]","[97, 255, 97]"
9117,8437429ffffffff,157,0,0,"[0, 255, 0, 100]","[97, 255, 97]"
9118,8437431ffffffff,175,0,0,"[0, 255, 0, 100]","[97, 255, 97]"
9119,8437433ffffffff,97,0,0,"[0, 255, 0, 100]","[97, 255, 97]"
9120,8437435ffffffff,72,0,0,"[0, 255, 0, 100]","[97, 255, 97]"
9121,8437437ffffffff,134,0,0,"[0, 255, 0, 100]","[97, 255, 97]"
9122,843743bffffffff,194,0,0,"[0, 255, 0, 100]","[97, 255, 97]"
9123,843744bffffffff,8,0,0,"[0, 255, 0, 100]","[97, 255, 97]"
9124,8437459ffffffff,16,0,0,"[0, 255, 0, 100]","[97, 255, 97]"
9125,843745dffffffff,85,0,0,"[0, 255, 0, 100]","[97, 255, 97]"
9126,84374e9ffffffff,3,0,0,"[0, 255, 0, 100]","[97, 255, 97]"
9127,8437503ffffffff,3,0,0,"[0, 255, 0, 100]","[97, 255, 97]"
9128,8437505ffffffff,53,0,0,"[0, 255, 0, 100]","[97, 255, 97]"
9129,8437507ffffffff,7,0,0,"[0, 255, 0, 100]","[97, 255, 97]"
9130,8437511ffffffff,128,0,0,"[0, 255, 0, 100]","[97, 255, 97]"
9131,843751bffffffff,171,0,0,"[0, 255, 0, 100]","[97, 255, 97]"
9132,843751dffffffff,122,0,0,"[0, 255, 0, 100]","[97, 255, 97]"
9133,8437529ffffffff,9,0,0,"[0, 255, 0, 100]","[97, 255, 97]"
9134,843752bffffffff,2,0,0,"[0, 255, 0, 100]","[97, 255, 97]"
9135,843752dffffffff,73,0,0,"[0, 255, 0, 100]","[97, 255, 97]"
9136,8437587ffffffff,4,0,0,"[0, 255, 0, 100]","[97, 255, 97]"
9137,8437595ffffffff,8,0,0,"[0, 255, 0, 100]","[97, 255, 97]"
9138,84375a1ffffffff,81,0,0,"[0, 255, 0, 100]","[97, 255, 97]"
9139,84375a5ffffffff,2,0,0,"[0, 255, 0, 100]","[97, 255, 97]"
9140,84375a9ffffffff,15,0,0,"[0, 255, 0, 100]","[97, 255, 97]"
9141,84375abffffffff,87,0,0,"[0, 255, 0, 100]","[97, 255, 97]"
9142,84375adffffffff,96,0,0,"[0, 255, 0, 100]","[97, 255, 97]"
9143,84375b9ffffffff,8,0,0,"[0, 255, 0, 100]","[97, 255, 97]"
9144,84375c3ffffffff,137,0,0,"[0, 255, 0, 100]","[97, 255, 97]"
9145,84375c9ffffffff,188,0,0,"[0, 255, 0, 100]","[97, 255, 97]"
9146,84375d5ffffffff,54,0,0,"[0, 255, 0, 100]","[97, 255, 97]"
9147,84375ddffffffff,227,0,0,"[0, 255, 0, 100]","[97, 255, 97]"
9148,84375e1ffffffff,97,0,0,"[0, 255, 0, 100]","[97, 255, 97]"
9149,84375e5ffffffff,73,0,0,"[0, 255, 0, 100]","[97, 255, 97]"
9150,84375e9ffffffff,25,0,0,"[0, 255, 0, 100]","[97, 255, 97]"
9151,84375edffffffff,1,0,0,"[0, 255, 0, 100]","[97, 255, 97]"
9152,8437685ffffffff,106,0,0,"[0, 255, 0, 100]","[97, 255, 97]"
9153,8437687ffffffff,12,0,0,"[0, 255, 0, 100]","[97, 255, 97]"
9154,8437689ffffffff,63,0,0,"[0, 255, 0, 100]","[97, 255, 97]"
9155,843768dffffffff,199,0,0,"[0, 255, 0, 100]","[97, 255, 97]"
9156,8437699ffffffff,61,0,0,"[0, 255, 0, 100]","[97, 255, 97]"
9157,84376a1ffffffff,106,0,0,"[0, 255, 0, 100]","[97, 255, 97]"
9158,84376a3ffffffff,83,0,0,"[0, 255, 0, 100]","[97, 255, 97]"
9159,84376a5ffffffff,20,0,0,"[0, 255, 0, 100]","[97, 255, 97]"
9160,84376a9ffffffff,187,0,0,"[0, 255, 0, 100]","[97, 255, 97]"
9161,84376bdffffffff,130,0,0,"[0, 255, 0, 100]","[97, 255, 97]"
9162,84376c9ffffffff,11,0,0,"[0, 255, 0, 100]","[97, 255, 97]"
9163,84376d3ffffffff,3,0,0,"[0, 255, 0, 100]","[97, 255, 97]"
9164,8437805ffffffff,1,0,0,"[0, 255, 0, 100]","[97, 255, 97]"
9165,8437813ffffffff,137,0,0,"[0, 255, 0, 100]","[97, 255, 97]"
9166,843781bffffffff,151,0,0,"[0, 255, 0, 100]","[97, 255, 97]"
9167,8437829ffffffff,42,0,0,"[0, 255, 0, 100]","[97, 255, 97]"
9168,8437833ffffffff,5,0,0,"[0, 255, 0, 100]","[97, 255, 97]"
9169,8437843ffffffff,123,0,0,"[0, 255, 0, 100]","[97, 255, 97]"
9170,8437845ffffffff,96,0,0,"[0, 255, 0, 100]","[97, 255, 97]"
9171,8437847ffffffff,152,0,0,"[0, 255, 0, 100]","[97, 255, 97]"
9172,8437853ffffffff,3,0,0,"[0, 255, 0, 100]","[97, 255, 97]"
9173,8437855ffffffff,66,0,0,"[0, 255, 0, 100]","[97, 255, 97]"
9174,8437859ffffffff,11,0,0,"[0, 255, 0, 100]","[97, 255, 97]"
9175,843785bffffffff,1,0,0,"[0, 255, 0, 100]","[97, 255, 97]"
9176,8437869ffffffff,111,0,0,"[0, 255, 0, 100]","[97, 255, 97]"
9177,84378c7ffffffff,1,0,0,"[0, 255, 0, 100]","[97, 255, 97]"
9178,84378c9ffffffff,34,0,0,"[0, 255, 0, 100]","[97, 255, 97]"
9179,84378e9ffffffff,134,0,0,"[0, 255, 0, 100]","[97, 255, 97]"
9180,84378ebffffffff,83,0,0,"[0, 255, 0, 100]","[97, 255, 97]"
9181,84378edffffffff,265,0,0,"[0, 255, 0, 100]","[97, 255, 97]"
9182,843790bffffffff,156,0,0,"[0, 255, 0, 100]","[97, 255, 97]"
9183,843791dffffffff,7,0,0,"[0, 255, 0, 100]","[97, 255, 97]"
9184,8437a11ffffffff,1,0,0,"[0, 255, 0, 100]","[97, 255, 97]"
9185,8437a23ffffffff,326,0,0,"[0, 255, 0, 100]","[97, 255, 97]"
9186,8437a25ffffffff,137,0,0,"[0, 255, 0, 100]","[97, 255, 97]"
9187,8437a27ffffffff,429,0,0,"[0, 255, 0, 100]","[97, 255, 97]"
9188,8437a31ffffffff,246,0,0,"[0, 255, 0, 100]","[97, 255, 97]"
9189,8437a33ffffffff,99,0,0,"[0, 255, 0, 100]","[97, 255, 97]"
9190,8437a35ffffffff,246,0,0,"[0, 255, 0, 100]","[97, 255, 97]"
9191,8437a59ffffffff,7,0,0,"[0, 255, 0, 100]","[97, 255, 97]"
9192,8437a5bffffffff,166,0,0,"[0, 255, 0, 100]","[97, 255, 97]"
9193,8437a81ffffffff,17,0,0,"[0, 255, 0, 100]","[97, 255, 97]"
9194,8437a89ffffffff,99,0,0,"[0, 255, 0, 100]","[97, 255, 97]"
9195,8437a8bffffffff,26,0,0,"[0, 255, 0, 100]","[97, 255, 97]"
9196,8437a8dffffffff,247,0,0,"[0, 255, 0, 100]","[97, 255, 97]"
9197,8437a99ffffffff,110,0,0,"[0, 255, 0, 100]","[97, 255, 97]"
9198,8437a9bffffffff,131,0,0,"[0, 255, 0, 100]","[97, 255, 97]"
9199,8437aa1ffffffff,87,0,0,"[0, 255, 0, 100]","[97, 255, 97]"
9200,8437aa5ffffffff,193,0,0,"[0, 255, 0, 100]","[97, 255, 97]"
9201,8437aadffffffff,1,0,0,"[0, 255, 0, 100]","[97, 255, 97]"
9202,8437ab1ffffffff,121,0,0,"[0, 255, 0, 100]","[97, 255, 97]"
9203,8437ab3ffffffff,162,0,0,"[0, 255, 0, 100]","[97, 255, 97]"
9204,8437ab5ffffffff,206,0,0,"[0, 255, 0, 100]","[97, 255, 97]"
9205,8437abbffffffff,71,0,0,"[0, 255, 0, 100]","[97, 255, 97]"
9206,8437aebffffffff,27,0,0,"[0, 255, 0, 100]","[97, 255, 97]"
9207,8437aedffffffff,1,0,0,"[0, 255, 0, 100]","[97, 255, 97]"
9208,8437b07ffffffff,30,0,0,"[0, 255, 0, 100]","[97, 255, 97]"
9209,8437b09ffffffff,31,0,0,"[0, 255, 0, 100]","[97, 255, 97]"
9210,8437b0dffffffff,103,0,0,"[0, 255, 0, 100]","[97, 255, 97]"
9211,8437b13ffffffff,68,0,0,"[0, 255, 0, 100]","[97, 255, 97]"
9212,8437b15ffffffff,130,0,0,"[0, 255, 0, 100]","[97, 255, 97]"
9213,8437b17ffffffff,270,0,0,"[0, 255, 0, 100]","[97, 255, 97]"
9214,8437b2bffffffff,60,0,0,"[0, 255, 0, 100]","[97, 255, 97]"
9215,8437b2dffffffff,3,0,0,"[0, 255, 0, 100]","[97, 255, 97]"
9216,8437b39ffffffff,66,0,0,"[0, 255, 0, 100]","[97, 255, 97]"
9217,8437b3bffffffff,102,0,0,"[0, 255, 0, 100]","[97, 255, 97]"
9218,8437b61ffffffff,45,0,0,"[0, 255, 0, 100]","[97, 255, 97]"
9219,8437b6bffffffff,3,0,0,"[0, 255, 0, 100]","[97, 255, 97]"
9220,8438019ffffffff,1,0,0,"[0, 255, 0, 100]","[97, 255, 97]"
9221,843801bffffffff,2,0,0,"[0, 255, 0, 100]","[97, 255, 97]"
9222,8438031ffffffff,15,0,0,"[0, 255, 0, 100]","[97, 255, 97]"
9223,8438035ffffffff,20,0,0,"[0, 255, 0, 100]","[97, 255, 97]"
9224,8438037ffffffff,2,0,0,"[0, 255, 0, 100]","[97, 255, 97]"
9225,843803bffffffff,3,0,0,"[0, 255, 0, 100]","[97, 255, 97]"
9226,843803dffffffff,11,0,0,"[0, 255, 0, 100]","[97, 255, 97]"
9227,8438069ffffffff,2,0,0,"[0, 255, 0, 100]","[97, 255, 97]"
9228,843806bffffffff,5,0,0,"[0, 255, 0, 100]","[97, 255, 97]"
9229,8438091ffffffff,3,0,0,"[0, 255, 0, 100]","[97, 255, 97]"
9230,84380b5ffffffff,13,0,0,"[0, 255, 0, 100]","[97, 255, 97]"
9231,84380b7ffffffff,8,0,0,"[0, 255, 0, 100]","[97, 255, 97]"
9232,84380edffffffff,1,0,0,"[0, 255, 0, 100]","[97, 255, 97]"
9233,84381cdffffffff,24,0,0,"[0, 255, 0, 100]","[97, 255, 97]"
9234,84381d1ffffffff,44,0,0,"[0, 255, 0, 100]","[97, 255, 97]"
9235,84381dbffffffff,9,0,0,"[0, 255, 0, 100]","[97, 255, 97]"
9236,8438213ffffffff,6,0,0,"[0, 255, 0, 100]","[97, 255, 97]"
9237,8438233ffffffff,47,0,0,"[0, 255, 0, 100]","[97, 255, 97]"
9238,8438243ffffffff,2,0,0,"[0, 255, 0, 100]","[97, 255, 97]"
9239,8438249ffffffff,12,0,0,"[0, 255, 0, 100]","[97, 255, 97]"
9240,8438259ffffffff,111,0,0,"[0, 255, 0, 100]","[97, 255, 97]"
9241,843825dffffffff,7,0,0,"[0, 255, 0, 100]","[97, 255, 97]"
9242,8438269ffffffff,6,0,0,"[0, 255, 0, 100]","[97, 255, 97]"
9243,843826dffffffff,145,0,0,"[0, 255, 0, 100]","[97, 255, 97]"
9244,8438299ffffffff,14,0,0,"[0, 255, 0, 100]","[97, 255, 97]"
9245,843829bffffffff,2,0,0,"[0, 255, 0, 100]","[97, 255, 97]"
9246,84382a5ffffffff,1,0,0,"[0, 255, 0, 100]","[97, 255, 97]"
9247,84382e1ffffffff,10,0,0,"[0, 255, 0, 100]","[97, 255, 97]"
9248,84382e5ffffffff,10,0,0,"[0, 255, 0, 100]","[97, 255, 97]"
9249,84382e9ffffffff,21,0,0,"[0, 255, 0, 100]","[97, 255, 97]"
9250,8438359ffffffff,13,0,0,"[0, 255, 0, 100]","[97, 255, 97]"
9251,8438361ffffffff,6,0,0,"[0, 255, 0, 100]","[97, 255, 97]"
9252,843836bffffffff,14,0,0,"[0, 255, 0, 100]","[97, 255, 97]"
9253,8438517ffffffff,28,0,0,"[0, 255, 0, 100]","[97, 255, 97]"
9254,843856dffffffff,5,0,0,"[0, 255, 0, 100]","[97, 255, 97]"
9255,8438607ffffffff,3,0,0,"[0, 255, 0, 100]","[97, 255, 97]"
9256,8438621ffffffff,17,0,0,"[0, 255, 0, 100]","[97, 255, 97]"
9257,8438627ffffffff,1,0,0,"[0, 255, 0, 100]","[97, 255, 97]"
9258,8438663ffffffff,2,0,0,"[0, 255, 0, 100]","[97, 255, 97]"
9259,8438859ffffffff,31,0,0,"[0, 255, 0, 100]","[97, 255, 97]"
9260,843888bffffffff,4,0,0,"[0, 255, 0, 100]","[97, 255, 97]"
9261,84388d7ffffffff,58,0,0,"[0, 255, 0, 100]","[97, 255, 97]"
9262,84389b3ffffffff,39,0,0,"[0, 255, 0, 100]","[97, 255, 97]"
9263,8438a85ffffffff,23,0,0,"[0, 255, 0, 100]","[97, 255, 97]"
9264,8438a97ffffffff,20,0,0,"[0, 255, 0, 100]","[97, 255, 97]"
9265,8438aa9ffffffff,60,0,0,"[0, 255, 0, 100]","[97, 255, 97]"
9266,8438ae7ffffffff,8,0,0,"[0, 255, 0, 100]","[97, 255, 97]"
9267,8438b03ffffffff,1,0,0,"[0, 255, 0, 100]","[97, 255, 97]"
9268,8438b11ffffffff,67,0,0,"[0, 255, 0, 100]","[97, 255, 97]"
9269,8438b13ffffffff,4,0,0,"[0, 255, 0, 100]","[97, 255, 97]"
9270,8438b15ffffffff,79,0,0,"[0, 255, 0, 100]","[97, 255, 97]"
9271,8438b2dffffffff,87,0,0,"[0, 255, 0, 100]","[97, 255, 97]"
9272,8438b6dffffffff,4,0,0,"[0, 255, 0, 100]","[97, 255, 97]"
9273,8438c29ffffffff,53,0,0,"[0, 255, 0, 100]","[97, 255, 97]"
9274,8438cbbffffffff,135,0,0,"[0, 255, 0, 100]","[97, 255, 97]"
9275,8438cc5ffffffff,34,0,0,"[0, 255, 0, 100]","[97, 255, 97]"
9276,8438ccdffffffff,15,0,0,"[0, 255, 0, 100]","[97, 255, 97]"
9277,8438cd9ffffffff,4,0,0,"[0, 255, 0, 100]","[97, 255, 97]"
9278,8438d25ffffffff,1,0,0,"[0, 255, 0, 100]","[97, 255, 97]"
9279,8438d2dffffffff,2,0,0,"[0, 255, 0, 100]","[97, 255, 97]"
9280,8438da9ffffffff,1,0,0,"[0, 255, 0, 100]","[97, 255, 97]"
9281,8438e0bffffffff,6,0,0,"[0, 255, 0, 100]","[97, 255, 97]"
9282,8438e47ffffffff,3,0,0,"[0, 255, 0, 100]","[97, 255, 97]"
9283,8438e49ffffffff,16,0,0,"[0, 255, 0, 100]","[97, 255, 97]"
9284,8438e57ffffffff,1,0,0,"[0, 255, 0, 100]","[97, 255, 97]"
9285,8438eb3ffffffff,12,0,0,"[0, 255, 0, 100]","[97, 255, 97]"
9286,8438f69ffffffff,7,0,0,"[0, 255, 0, 100]","[97, 255, 97]"
9287,8438f6dffffffff,58,0,0,"[0, 255, 0, 100]","[97, 255, 97]"
9288,8439001ffffffff,26,0,0,"[0, 255, 0, 100]","[97, 255, 97]"
9289,8439003ffffffff,139,0,0,"[0, 255, 0, 100]","[97, 255, 97]"
9290,843900bffffffff,18,0,0,"[0, 255, 0, 100]","[97, 255, 97]"
9291,8439011ffffffff,76,0,0,"[0, 255, 0, 100]","[97, 255, 97]"
9292,8439019ffffffff,23,0,0,"[0, 255, 0, 100]","[97, 255, 97]"
9293,843901dffffffff,146,0,0,"[0, 255, 0, 100]","[97, 255, 97]"
9294,8439025ffffffff,12,0,0,"[0, 255, 0, 100]","[97, 255, 97]"
9295,8439033ffffffff,64,0,0,"[0, 255, 0, 100]","[97, 255, 97]"
9296,8439035ffffffff,33,0,0,"[0, 255, 0, 100]","[97, 255, 97]"
9297,8439037ffffffff,100,0,0,"[0, 255, 0, 100]","[97, 255, 97]"
9298,8439043ffffffff,1,0,0,"[0, 255, 0, 100]","[97, 255, 97]"
9299,8439047ffffffff,5,0,0,"[0, 255, 0, 100]","[97, 255, 97]"
9300,8439049ffffffff,12,0,0,"[0, 255, 0, 100]","[97, 255, 97]"
9301,8439051ffffffff,15,0,0,"[0, 255, 0, 100]","[97, 255, 97]"
9302,8439053ffffffff,33,0,0,"[0, 255, 0, 100]","[97, 255, 97]"
9303,8439057ffffffff,23,0,0,"[0, 255, 0, 100]","[97, 255, 97]"
9304,8439065ffffffff,5,0,0,"[0, 255, 0, 100]","[97, 255, 97]"
9305,8439067ffffffff,7,0,0,"[0, 255, 0, 100]","[97, 255, 97]"
9306,843908dffffffff,13,0,0,"[0, 255, 0, 100]","[97, 255, 97]"
9307,843909bffffffff,1,0,0,"[0, 255, 0, 100]","[97, 255, 97]"
9308,84390a1ffffffff,5,0,0,"[0, 255, 0, 100]","[97, 255, 97]"
9309,84390a3ffffffff,19,0,0,"[0, 255, 0, 100]","[97, 255, 97]"
9310,84390a5ffffffff,4,0,0,"[0, 255, 0, 100]","[97, 255, 97]"
9311,84390a7ffffffff,2,0,0,"[0, 255, 0, 100]","[97, 255, 97]"
9312,84390a9ffffffff,127,0,0,"[0, 255, 0, 100]","[97, 255, 97]"
9313,84390adffffffff,2,0,0,"[0, 255, 0, 100]","[97, 255, 97]"
9314,84390b5ffffffff,3,0,0,"[0, 255, 0, 100]","[97, 255, 97]"
9315,84390b9ffffffff,43,0,0,"[0, 255, 0, 100]","[97, 255, 97]"
9316,84390c1ffffffff,116,0,0,"[0, 255, 0, 100]","[97, 255, 97]"
9317,84390c3ffffffff,10,0,0,"[0, 255, 0, 100]","[97, 255, 97]"
9318,84390c5ffffffff,6,0,0,"[0, 255, 0, 100]","[97, 255, 97]"
9319,84390c9ffffffff,3,0,0,"[0, 255, 0, 100]","[97, 255, 97]"
9320,84390cbffffffff,889,0,0,"[0, 255, 0, 100]","[97, 255, 97]"
9321,84390cdffffffff,26,0,0,"[0, 255, 0, 100]","[97, 255, 97]"
9322,84390d5ffffffff,2,0,0,"[0, 255, 0, 100]","[97, 255, 97]"
9323,84390d9ffffffff,12,0,0,"[0, 255, 0, 100]","[97, 255, 97]"
9324,84390dbffffffff,1,0,0,"[0, 255, 0, 100]","[97, 255, 97]"
9325,84390ddffffffff,6,0,0,"[0, 255, 0, 100]","[97, 255, 97]"
9326,84390e9ffffffff,10,0,0,"[0, 255, 0, 100]","[97, 255, 97]"
9327,84390ebffffffff,2,0,0,"[0, 255, 0, 100]","[97, 255, 97]"
9328,84390edffffffff,27,0,0,"[0, 255, 0, 100]","[97, 255, 97]"
9329,8439115ffffffff,1,0,0,"[0, 255, 0, 100]","[97, 255, 97]"
9330,8439119ffffffff,14,0,0,"[0, 255, 0, 100]","[97, 255, 97]"
9331,8439121ffffffff,30,0,0,"[0, 255, 0, 100]","[97, 255, 97]"
9332,8439123ffffffff,54,0,0,"[0, 255, 0, 100]","[97, 255, 97]"
9333,8439125ffffffff,87,0,0,"[0, 255, 0, 100]","[97, 255, 97]"
9334,8439127ffffffff,83,0,0,"[0, 255, 0, 100]","[97, 255, 97]"
9335,8439133ffffffff,5,0,0,"[0, 255, 0, 100]","[97, 255, 97]"
9336,8439141ffffffff,70,0,0,"[0, 255, 0, 100]","[97, 255, 97]"
9337,8439145ffffffff,3,0,0,"[0, 255, 0, 100]","[97, 255, 97]"
9338,843914bffffffff,25,0,0,"[0, 255, 0, 100]","[97, 255, 97]"
9339,843914dffffffff,4,0,0,"[0, 255, 0, 100]","[97, 255, 97]"
9340,8439159ffffffff,32,0,0,"[0, 255, 0, 100]","[97, 255, 97]"
9341,8439169ffffffff,50,0,0,"[0, 255, 0, 100]","[97, 255, 97]"
9342,8439181ffffffff,1,0,0,"[0, 255, 0, 100]","[97, 255, 97]"
9343,8439183ffffffff,140,0,0,"[0, 255, 0, 100]","[97, 255, 97]"
9344,8439189ffffffff,3,0,0,"[0, 255, 0, 100]","[97, 255, 97]"
9345,843918bffffffff,6,0,0,"[0, 255, 0, 100]","[97, 255, 97]"
9346,843918dffffffff,8,0,0,"[0, 255, 0, 100]","[97, 255, 97]"
9347,8439195ffffffff,62,0,0,"[0, 255, 0, 100]","[97, 255, 97]"
9348,84391b9ffffffff,43,0,0,"[0, 255, 0, 100]","[97, 255, 97]"
9349,84391bbffffffff,82,0,0,"[0, 255, 0, 100]","[97, 255, 97]"
9350,84391c1ffffffff,4,0,0,"[0, 255, 0, 100]","[97, 255, 97]"
9351,84391c3ffffffff,8,0,0,"[0, 255, 0, 100]","[97, 255, 97]"
9352,84391c7ffffffff,115,0,0,"[0, 255, 0, 100]","[97, 255, 97]"
9353,84391c9ffffffff,125,0,0,"[0, 255, 0, 100]","[97, 255, 97]"
9354,84391cbffffffff,45,0,0,"[0, 255, 0, 100]","[97, 255, 97]"
9355,84391cdffffffff,77,0,0,"[0, 255, 0, 100]","[97, 255, 97]"
9356,84391d1ffffffff,41,0,0,"[0, 255, 0, 100]","[97, 255, 97]"
9357,84391d3ffffffff,10,0,0,"[0, 255, 0, 100]","[97, 255, 97]"
9358,84391e3ffffffff,46,0,0,"[0, 255, 0, 100]","[97, 255, 97]"
9359,84391e5ffffffff,21,0,0,"[0, 255, 0, 100]","[97, 255, 97]"
9360,84391ebffffffff,2,0,0,"[0, 255, 0, 100]","[97, 255, 97]"
9361,8439201ffffffff,1,0,0,"[0, 255, 0, 100]","[97, 255, 97]"
9362,8439209ffffffff,7,0,0,"[0, 255, 0, 100]","[97, 255, 97]"
9363,843920dffffffff,58,0,0,"[0, 255, 0, 100]","[97, 255, 97]"
9364,8439215ffffffff,1,0,0,"[0, 255, 0, 100]","[97, 255, 97]"
9365,8439217ffffffff,22,0,0,"[0, 255, 0, 100]","[97, 255, 97]"
9366,8439221ffffffff,166,0,0,"[0, 255, 0, 100]","[97, 255, 97]"
9367,8439223ffffffff,42,0,0,"[0, 255, 0, 100]","[97, 255, 97]"
9368,8439225ffffffff,56,0,0,"[0, 255, 0, 100]","[97, 255, 97]"
9369,8439227ffffffff,39,0,0,"[0, 255, 0, 100]","[97, 255, 97]"
9370,843922dffffffff,141,0,0,"[0, 255, 0, 100]","[97, 255, 97]"
9371,843923bffffffff,14,0,0,"[0, 255, 0, 100]","[97, 255, 97]"
9372,8439267ffffffff,9,0,0,"[0, 255, 0, 100]","[97, 255, 97]"
9373,8439283ffffffff,93,0,0,"[0, 255, 0, 100]","[97, 255, 97]"
9374,8439289ffffffff,1,0,0,"[0, 255, 0, 100]","[97, 255, 97]"
9375,843928bffffffff,34,0,0,"[0, 255, 0, 100]","[97, 255, 97]"
9376,8439297ffffffff,1,0,0,"[0, 255, 0, 100]","[97, 255, 97]"
9377,8439299ffffffff,12,0,0,"[0, 255, 0, 100]","[97, 255, 97]"
9378,843929dffffffff,2,0,0,"[0, 255, 0, 100]","[97, 255, 97]"
9379,84392a9ffffffff,53,0,0,"[0, 255, 0, 100]","[97, 255, 97]"
9380,84392abffffffff,14,0,0,"[0, 255, 0, 100]","[97, 255, 97]"
9381,84392b1ffffffff,15,0,0,"[0, 255, 0, 100]","[97, 255, 97]"
9382,84392b7ffffffff,26,0,0,"[0, 255, 0, 100]","[97, 255, 97]"
9383,84392bbffffffff,1,0,0,"[0, 255, 0, 100]","[97, 255, 97]"
9384,84392c7ffffffff,10,0,0,"[0, 255, 0, 100]","[97, 255, 97]"
9385,84392e1ffffffff,126,0,0,"[0, 255, 0, 100]","[97, 255, 97]"
9386,84392e3ffffffff,73,0,0,"[0, 255, 0, 100]","[97, 255, 97]"
9387,84392e5ffffffff,4,0,0,"[0, 255, 0, 100]","[97, 255, 97]"
9388,84392e9ffffffff,31,0,0,"[0, 255, 0, 100]","[97, 255, 97]"
9389,84392ebffffffff,20,0,0,"[0, 255, 0, 100]","[97, 255, 97]"
9390,84392edffffffff,53,0,0,"[0, 255, 0, 100]","[97, 255, 97]"
9391,8439307ffffffff,117,0,0,"[0, 255, 0, 100]","[97, 255, 97]"
9392,843930bffffffff,63,0,0,"[0, 255, 0, 100]","[97, 255, 97]"
9393,8439311ffffffff,82,0,0,"[0, 255, 0, 100]","[97, 255, 97]"
9394,8439313ffffffff,1,0,0,"[0, 255, 0, 100]","[97, 255, 97]"
9395,8439315ffffffff,8,0,0,"[0, 255, 0, 100]","[97, 255, 97]"
9396,843931dffffffff,85,0,0,"[0, 255, 0, 100]","[97, 255, 97]"
9397,8439329ffffffff,1,0,0,"[0, 255, 0, 100]","[97, 255, 97]"
9398,843932bffffffff,183,0,0,"[0, 255, 0, 100]","[97, 255, 97]"
9399,8439333ffffffff,22,0,0,"[0, 255, 0, 100]","[97, 255, 97]"
9400,8439335ffffffff,60,0,0,"[0, 255, 0, 100]","[97, 255, 97]"
9401,8439337ffffffff,77,0,0,"[0, 255, 0, 100]","[97, 255, 97]"
9402,8439339ffffffff,124,0,0,"[0, 255, 0, 100]","[97, 255, 97]"
9403,8439355ffffffff,10,0,0,"[0, 255, 0, 100]","[97, 255, 97]"
9404,8439357ffffffff,14,0,0,"[0, 255, 0, 100]","[97, 255, 97]"
9405,843935bffffffff,11,0,0,"[0, 255, 0, 100]","[97, 255, 97]"
9406,8439369ffffffff,21,0,0,"[0, 255, 0, 100]","[97, 255, 97]"
9407,8439447ffffffff,9,0,0,"[0, 255, 0, 100]","[97, 255, 97]"
9408,843945dffffffff,24,0,0,"[0, 255, 0, 100]","[97, 255, 97]"
9409,8439461ffffffff,4,0,0,"[0, 255, 0, 100]","[97, 255, 97]"
9410,843946bffffffff,4,0,0,"[0, 255, 0, 100]","[97, 255, 97]"
9411,84394e9ffffffff,4,0,0,"[0, 255, 0, 100]","[97, 255, 97]"
9412,8439541ffffffff,12,0,0,"[0, 255, 0, 100]","[97, 255, 97]"
9413,843954dffffffff,25,0,0,"[0, 255, 0, 100]","[97, 255, 97]"
9414,8439567ffffffff,61,0,0,"[0, 255, 0, 100]","[97, 255, 97]"
9415,8439569ffffffff,45,0,0,"[0, 255, 0, 100]","[97, 255, 97]"
9416,8439581ffffffff,2,0,0,"[0, 255, 0, 100]","[97, 255, 97]"
9417,84395a3ffffffff,3,0,0,"[0, 255, 0, 100]","[97, 255, 97]"
9418,84395a7ffffffff,11,0,0,"[0, 255, 0, 100]","[97, 255, 97]"
9419,84395bbffffffff,3,0,0,"[0, 255, 0, 100]","[97, 255, 97]"
9420,84395c1ffffffff,15,0,0,"[0, 255, 0, 100]","[97, 255, 97]"
9421,84395c9ffffffff,22,0,0,"[0, 255, 0, 100]","[97, 255, 97]"
9422,84395cbffffffff,6,0,0,"[0, 255, 0, 100]","[97, 255, 97]"
9423,8439703ffffffff,11,0,0,"[0, 255, 0, 100]","[97, 255, 97]"
9424,8439711ffffffff,2,0,0,"[0, 255, 0, 100]","[97, 255, 97]"
9425,8439715ffffffff,3,0,0,"[0, 255, 0, 100]","[97, 255, 97]"
9426,8439717ffffffff,9,0,0,"[0, 255, 0, 100]","[97, 255, 97]"
9427,843972bffffffff,3,0,0,"[0, 255, 0, 100]","[97, 255, 97]"
9428,8439745ffffffff,7,0,0,"[0, 255, 0, 100]","[97, 255, 97]"
9429,843974dffffffff,15,0,0,"[0, 255, 0, 100]","[97, 255, 97]"
9430,8439751ffffffff,3,0,0,"[0, 255, 0, 100]","[97, 255, 97]"
9431,8439765ffffffff,16,0,0,"[0, 255, 0, 100]","[97, 255, 97]"
9432,8439821ffffffff,10,0,0,"[0, 255, 0, 100]","[97, 255, 97]"
9433,8439825ffffffff,13,0,0,"[0, 255, 0, 100]","[97, 255, 97]"
9434,843983bffffffff,10,0,0,"[0, 255, 0, 100]","[97, 255, 97]"
9435,8439851ffffffff,4,0,0,"[0, 255, 0, 100]","[97, 255, 97]"
9436,8439853ffffffff,1,0,0,"[0, 255, 0, 100]","[97, 255, 97]"
9437,8439855ffffffff,7,0,0,"[0, 255, 0, 100]","[97, 255, 97]"
9438,8439959ffffffff,1,0,0,"[0, 255, 0, 100]","[97, 255, 97]"
9439,843995dffffffff,30,0,0,"[0, 255, 0, 100]","[97, 255, 97]"
9440,843996dffffffff,6,0,0,"[0, 255, 0, 100]","[97, 255, 97]"
9441,8439a19ffffffff,35,0,0,"[0, 255, 0, 100]","[97, 255, 97]"
9442,8439a1bffffffff,84,0,0,"[0, 255, 0, 100]","[97, 255, 97]"
9443,8439a51ffffffff,3,0,0,"[0, 255, 0, 100]","[97, 255, 97]"
9444,8439a53ffffffff,4,0,0,"[0, 255, 0, 100]","[97, 255, 97]"
9445,8439a59ffffffff,1,0,0,"[0, 255, 0, 100]","[97, 255, 97]"
9446,8439a69ffffffff,19,0,0,"[0, 255, 0, 100]","[97, 255, 97]"
9447,8439a6dffffffff,64,0,0,"[0, 255, 0, 100]","[97, 255, 97]"
9448,8439a91ffffffff,91,0,0,"[0, 255, 0, 100]","[97, 255, 97]"
9449,8439a95ffffffff,68,0,0,"[0, 255, 0, 100]","[97, 255, 97]"
9450,8439aa1ffffffff,119,0,0,"[0, 255, 0, 100]","[97, 255, 97]"
9451,8439aa3ffffffff,54,0,0,"[0, 255, 0, 100]","[97, 255, 97]"
9452,8439abdffffffff,1,0,0,"[0, 255, 0, 100]","[97, 255, 97]"
9453,8439ad9ffffffff,1,0,0,"[0, 255, 0, 100]","[97, 255, 97]"
9454,8439b01ffffffff,18,0,0,"[0, 255, 0, 100]","[97, 255, 97]"
9455,8439b19ffffffff,1,0,0,"[0, 255, 0, 100]","[97, 255, 97]"
9456,8439b1dffffffff,4,0,0,"[0, 255, 0, 100]","[97, 255, 97]"
9457,8439b31ffffffff,105,0,0,"[0, 255, 0, 100]","[97, 255, 97]"
9458,8439b35ffffffff,210,0,0,"[0, 255, 0, 100]","[97, 255, 97]"
9459,8439b3bffffffff,18,0,0,"[0, 255, 0, 100]","[97, 255, 97]"
9460,8439b43ffffffff,51,0,0,"[0, 255, 0, 100]","[97, 255, 97]"
9461,8439b47ffffffff,189,0,0,"[0, 255, 0, 100]","[97, 255, 97]"
9462,8439b5dffffffff,1,0,0,"[0, 255, 0, 100]","[97, 255, 97]"
9463,8439b61ffffffff,179,0,0,"[0, 255, 0, 100]","[97, 255, 97]"
9464,8439b63ffffffff,2,0,0,"[0, 255, 0, 100]","[97, 255, 97]"
9465,8439b65ffffffff,13,0,0,"[0, 255, 0, 100]","[97, 255, 97]"
9466,8439b67ffffffff,9,0,0,"[0, 255, 0, 100]","[97, 255, 97]"
9467,8439b6bffffffff,252,0,0,"[0, 255, 0, 100]","[97, 255, 97]"
9468,843a031ffffffff,10,0,0,"[0, 255, 0, 100]","[97, 255, 97]"
9469,843a035ffffffff,220,0,0,"[0, 255, 0, 100]","[97, 255, 97]"
9470,843a053ffffffff,2,0,0,"[0, 255, 0, 100]","[97, 255, 97]"
9471,843a0a5ffffffff,14,0,0,"[0, 255, 0, 100]","[97, 255, 97]"
9472,843a0c1ffffffff,14,0,0,"[0, 255, 0, 100]","[97, 255, 97]"
9473,843a0cdffffffff,26,0,0,"[0, 255, 0, 100]","[97, 255, 97]"
9474,843a117ffffffff,38,0,0,"[0, 255, 0, 100]","[97, 255, 97]"
9475,843a1cbffffffff,1,0,0,"[0, 255, 0, 100]","[97, 255, 97]"
9476,843a209ffffffff,9,0,0,"[0, 255, 0, 100]","[97, 255, 97]"
9477,843a229ffffffff,20,0,0,"[0, 255, 0, 100]","[97, 255, 97]"
9478,843a22dffffffff,2,0,0,"[0, 255, 0, 100]","[97, 255, 97]"
9479,843a243ffffffff,87,0,0,"[0, 255, 0, 100]","[97, 255, 97]"
9480,843a25dffffffff,1,0,0,"[0, 255, 0, 100]","[97, 255, 97]"
9481,843a2a5ffffffff,2,0,0,"[0, 255, 0, 100]","[97, 255, 97]"
9482,843a2a9ffffffff,10,0,0,"[0, 255, 0, 100]","[97, 255, 97]"
9483,843a2adffffffff,67,0,0,"[0, 255, 0, 100]","[97, 255, 97]"
9484,843a433ffffffff,18,0,0,"[0, 255, 0, 100]","[97, 255, 97]"
9485,843a43bffffffff,1,0,0,"[0, 255, 0, 100]","[97, 255, 97]"
9486,843a455ffffffff,9,0,0,"[0, 255, 0, 100]","[97, 255, 97]"
9487,843a499ffffffff,32,0,0,"[0, 255, 0, 100]","[97, 255, 97]"
9488,843a4d7ffffffff,40,0,0,"[0, 255, 0, 100]","[97, 255, 97]"
9489,843a4e9ffffffff,2,0,0,"[0, 255, 0, 100]","[97, 255, 97]"
9490,843a4edffffffff,59,0,0,"[0, 255, 0, 100]","[97, 255, 97]"
9491,843a5e9ffffffff,4,0,0,"[0, 255, 0, 100]","[97, 255, 97]"
9492,843a625ffffffff,113,0,0,"[0, 255, 0, 100]","[97, 255, 97]"
9493,843a62dffffffff,21,0,0,"[0, 255, 0, 100]","[97, 255, 97]"
9494,843a631ffffffff,3,0,0,"[0, 255, 0, 100]","[97, 255, 97]"
9495,843a669ffffffff,44,0,0,"[0, 255, 0, 100]","[97, 255, 97]"
9496,843a66dffffffff,12,0,0,"[0, 255, 0, 100]","[97, 255, 97]"
9497,843a685ffffffff,86,0,0,"[0, 255, 0, 100]","[97, 255, 97]"
9498,843a68dffffffff,46,0,0,"[0, 255, 0, 100]","[97, 255, 97]"
9499,843a6a9ffffffff,33,0,0,"[0, 255, 0, 100]","[97, 255, 97]"
9500,843a6c1ffffffff,22,0,0,"[0, 255, 0, 100]","[97, 255, 97]"
9501,843a6c5ffffffff,19,0,0,"[0, 255, 0, 100]","[97, 255, 97]"
9502,843a6cdffffffff,11,0,0,"[0, 255, 0, 100]","[97, 255, 97]"
9503,843a6d1ffffffff,2,0,0,"[0, 255, 0, 100]","[97, 255, 97]"
9504,843a6d5ffffffff,156,0,0,"[0, 255, 0, 100]","[97, 255, 97]"
9505,843a6e9ffffffff,3,0,0,"[0, 255, 0, 100]","[97, 255, 97]"
9506,843aa8dffffffff,62,0,0,"[0, 255, 0, 100]","[97, 255, 97]"
9507,843aae3ffffffff,28,0,0,"[0, 255, 0, 100]","[97, 255, 97]"
9508,843ac93ffffffff,24,0,0,"[0, 255, 0, 100]","[97, 255, 97]"
9509,843ad23ffffffff,2,0,0,"[0, 255, 0, 100]","[97, 255, 97]"
9510,843ad27ffffffff,1,0,0,"[0, 255, 0, 100]","[97, 255, 97]"
9511,843af55ffffffff,103,0,0,"[0, 255, 0, 100]","[97, 255, 97]"
9512,843af5dffffffff,104,0,0,"[0, 255, 0, 100]","[97, 255, 97]"
9513,843b015ffffffff,1,0,0,"[0, 255, 0, 100]","[97, 255, 97]"
9514,843b093ffffffff,1,0,0,"[0, 255, 0, 100]","[97, 255, 97]"
9515,843b0c3ffffffff,37,0,0,"[0, 255, 0, 100]","[97, 255, 97]"
9516,843b0cbffffffff,89,0,0,"[0, 255, 0, 100]","[97, 255, 97]"
9517,843b11bffffffff,2,0,0,"[0, 255, 0, 100]","[97, 255, 97]"
9518,843b145ffffffff,30,0,0,"[0, 255, 0, 100]","[97, 255, 97]"
9519,843b165ffffffff,7,0,0,"[0, 255, 0, 100]","[97, 255, 97]"
9520,843b169ffffffff,11,0,0,"[0, 255, 0, 100]","[97, 255, 97]"
9521,843b191ffffffff,9,0,0,"[0, 255, 0, 100]","[97, 255, 97]"
9522,843b195ffffffff,14,0,0,"[0, 255, 0, 100]","[97, 255, 97]"
9523,843b1cdffffffff,1,0,0,"[0, 255, 0, 100]","[97, 255, 97]"
9524,843b239ffffffff,6,0,0,"[0, 255, 0, 100]","[97, 255, 97]"
9525,843b23dffffffff,67,0,0,"[0, 255, 0, 100]","[97, 255, 97]"
9526,843b2b7ffffffff,78,0,0,"[0, 255, 0, 100]","[97, 255, 97]"
9527,843b2c7ffffffff,8,0,0,"[0, 255, 0, 100]","[97, 255, 97]"
9528,843b2e1ffffffff,35,0,0,"[0, 255, 0, 100]","[97, 255, 97]"
9529,843b2e5ffffffff,23,0,0,"[0, 255, 0, 100]","[97, 255, 97]"
9530,843b2ebffffffff,109,0,0,"[0, 255, 0, 100]","[97, 255, 97]"
9531,843b2edffffffff,45,0,0,"[0, 255, 0, 100]","[97, 255, 97]"
9532,843b349ffffffff,84,0,0,"[0, 255, 0, 100]","[97, 255, 97]"
9533,843b34bffffffff,21,0,0,"[0, 255, 0, 100]","[97, 255, 97]"
9534,843b359ffffffff,26,0,0,"[0, 255, 0, 100]","[97, 255, 97]"
9535,843b35bffffffff,6,0,0,"[0, 255, 0, 100]","[97, 255, 97]"
9536,843b369ffffffff,8,0,0,"[0, 255, 0, 100]","[97, 255, 97]"
9537,843b461ffffffff,7,0,0,"[0, 255, 0, 100]","[97, 255, 97]"
9538,843b465ffffffff,23,0,0,"[0, 255, 0, 100]","[97, 255, 97]"
9539,843b467ffffffff,23,0,0,"[0, 255, 0, 100]","[97, 255, 97]"
9540,843b493ffffffff,26,0,0,"[0, 255, 0, 100]","[97, 255, 97]"
9541,843b49bffffffff,4,0,0,"[0, 255, 0, 100]","[97, 255, 97]"
9542,843b4c9ffffffff,46,0,0,"[0, 255, 0, 100]","[97, 255, 97]"
9543,843b51bffffffff,14,0,0,"[0, 255, 0, 100]","[97, 255, 97]"
9544,843b523ffffffff,18,0,0,"[0, 255, 0, 100]","[97, 255, 97]"
9545,843b53dffffffff,77,0,0,"[0, 255, 0, 100]","[97, 255, 97]"
9546,843b549ffffffff,2,0,0,"[0, 255, 0, 100]","[97, 255, 97]"
9547,843b54dffffffff,26,0,0,"[0, 255, 0, 100]","[97, 255, 97]"
9548,843b55bffffffff,5,0,0,"[0, 255, 0, 100]","[97, 255, 97]"
9549,843b565ffffffff,26,0,0,"[0, 255, 0, 100]","[97, 255, 97]"
9550,843b593ffffffff,7,0,0,"[0, 255, 0, 100]","[97, 255, 97]"
9551,843b61dffffffff,121,0,0,"[0, 255, 0, 100]","[97, 255, 97]"
9552,843b653ffffffff,10,0,0,"[0, 255, 0, 100]","[97, 255, 97]"
9553,843b657ffffffff,124,0,0,"[0, 255, 0, 100]","[97, 255, 97]"
9554,843b6b5ffffffff,124,0,0,"[0, 255, 0, 100]","[97, 255, 97]"
9555,843b6b9ffffffff,12,0,0,"[0, 255, 0, 100]","[97, 255, 97]"
9556,843b6bdffffffff,11,0,0,"[0, 255, 0, 100]","[97, 255, 97]"
9557,843b713ffffffff,12,0,0,"[0, 255, 0, 100]","[97, 255, 97]"
9558,843b837ffffffff,36,0,0,"[0, 255, 0, 100]","[97, 255, 97]"
9559,843b8b5ffffffff,12,0,0,"[0, 255, 0, 100]","[97, 255, 97]"
9560,843b8d1ffffffff,9,0,0,"[0, 255, 0, 100]","[97, 255, 97]"
9561,843b8d7ffffffff,52,0,0,"[0, 255, 0, 100]","[97, 255, 97]"
9562,843b9ddffffffff,27,0,0,"[0, 255, 0, 100]","[97, 255, 97]"
9563,843bab5ffffffff,63,0,0,"[0, 255, 0, 100]","[97, 255, 97]"
9564,843bb43ffffffff,3,0,0,"[0, 255, 0, 100]","[97, 255, 97]"
9565,843bb51ffffffff,36,0,0,"[0, 255, 0, 100]","[97, 255, 97]"
9566,843bb55ffffffff,20,0,0,"[0, 255, 0, 100]","[97, 255, 97]"
9567,843c029ffffffff,1,0,0,"[0, 255, 0, 100]","[97, 255, 97]"
9568,843c065ffffffff,1,0,0,"[0, 255, 0, 100]","[97, 255, 97]"
9569,843c09bffffffff,194,0,0,"[0, 255, 0, 100]","[97, 255, 97]"
9570,843c121ffffffff,1,0,0,"[0, 255, 0, 100]","[97, 255, 97]"
9571,843c123ffffffff,123,0,0,"[0, 255, 0, 100]","[97, 255, 97]"
9572,843c129ffffffff,2,0,0,"[0, 255, 0, 100]","[97, 255, 97]"
9573,843c12bffffffff,41,0,0,"[0, 255, 0, 100]","[97, 255, 97]"
9574,843c12dffffffff,13,0,0,"[0, 255, 0, 100]","[97, 255, 97]"
9575,843c133ffffffff,3,0,0,"[0, 255, 0, 100]","[97, 255, 97]"
9576,843c135ffffffff,94,0,0,"[0, 255, 0, 100]","[97, 255, 97]"
9577,843c137ffffffff,46,0,0,"[0, 255, 0, 100]","[97, 255, 97]"
9578,843c161ffffffff,6,0,0,"[0, 255, 0, 100]","[97, 255, 97]"
9579,843c163ffffffff,100,0,0,"[0, 255, 0, 100]","[97, 255, 97]"
9580,843c165ffffffff,45,0,0,"[0, 255, 0, 100]","[97, 255, 97]"
9581,843c167ffffffff,73,0,0,"[0, 255, 0, 100]","[97, 255, 97]"
9582,843c169ffffffff,19,0,0,"[0, 255, 0, 100]","[97, 255, 97]"
9583,843c16bffffffff,38,0,0,"[0, 255, 0, 100]","[97, 255, 97]"
9584,843c16dffffffff,34,0,0,"[0, 255, 0, 100]","[97, 255, 97]"
9585,843c1a1ffffffff,20,0,0,"[0, 255, 0, 100]","[97, 255, 97]"
9586,843c1a3ffffffff,37,0,0,"[0, 255, 0, 100]","[97, 255, 97]"
9587,843c1a7ffffffff,36,0,0,"[0, 255, 0, 100]","[97, 255, 97]"
9588,843c1e5ffffffff,9,0,0,"[0, 255, 0, 100]","[97, 255, 97]"
9589,843c1edffffffff,3,0,0,"[0, 255, 0, 100]","[97, 255, 97]"
9590,843c421ffffffff,3,0,0,"[0, 255, 0, 100]","[97, 255, 97]"
9591,843c42bffffffff,20,0,0,"[0, 255, 0, 100]","[97, 255, 97]"
9592,843c465ffffffff,7,0,0,"[0, 255, 0, 100]","[97, 255, 97]"
9593,843c541ffffffff,35,0,0,"[0, 255, 0, 100]","[97, 255, 97]"
9594,843c543ffffffff,18,0,0,"[0, 255, 0, 100]","[97, 255, 97]"
9595,843c549ffffffff,1,0,0,"[0, 255, 0, 100]","[97, 255, 97]"
9596,843c54dffffffff,52,0,0,"[0, 255, 0, 100]","[97, 255, 97]"
9597,843c55bffffffff,61,0,0,"[0, 255, 0, 100]","[97, 255, 97]"
9598,843c683ffffffff,6,0,0,"[0, 255, 0, 100]","[97, 255, 97]"
9599,843c733ffffffff,8,0,0,"[0, 255, 0, 100]","[97, 255, 97]"
9600,843c827ffffffff,6,0,0,"[0, 255, 0, 100]","[97, 255, 97]"
9601,843c833ffffffff,111,0,0,"[0, 255, 0, 100]","[97, 255, 97]"
9602,843c83bffffffff,17,0,0,"[0, 255, 0, 100]","[97, 255, 97]"
9603,843c841ffffffff,17,0,0,"[0, 255, 0, 100]","[97, 255, 97]"
9604,843c843ffffffff,4,0,0,"[0, 255, 0, 100]","[97, 255, 97]"
9605,843c845ffffffff,30,0,0,"[0, 255, 0, 100]","[97, 255, 97]"
9606,843c84dffffffff,16,0,0,"[0, 255, 0, 100]","[97, 255, 97]"
9607,843c851ffffffff,72,0,0,"[0, 255, 0, 100]","[97, 255, 97]"
9608,843c853ffffffff,15,0,0,"[0, 255, 0, 100]","[97, 255, 97]"
9609,843c855ffffffff,82,0,0,"[0, 255, 0, 100]","[97, 255, 97]"
9610,843c857ffffffff,4,0,0,"[0, 255, 0, 100]","[97, 255, 97]"
9611,843c86bffffffff,14,0,0,"[0, 255, 0, 100]","[97, 255, 97]"
9612,843c885ffffffff,18,0,0,"[0, 255, 0, 100]","[97, 255, 97]"
9613,843c891ffffffff,12,0,0,"[0, 255, 0, 100]","[97, 255, 97]"
9614,843c893ffffffff,93,0,0,"[0, 255, 0, 100]","[97, 255, 97]"
9615,843c899ffffffff,4,0,0,"[0, 255, 0, 100]","[97, 255, 97]"
9616,843c8c9ffffffff,20,0,0,"[0, 255, 0, 100]","[97, 255, 97]"
9617,843c8d1ffffffff,101,0,0,"[0, 255, 0, 100]","[97, 255, 97]"
9618,843c8d3ffffffff,66,0,0,"[0, 255, 0, 100]","[97, 255, 97]"
9619,843c8d9ffffffff,119,0,0,"[0, 255, 0, 100]","[97, 255, 97]"
9620,843c8e3ffffffff,1,0,0,"[0, 255, 0, 100]","[97, 255, 97]"
9621,843c8e5ffffffff,79,0,0,"[0, 255, 0, 100]","[97, 255, 97]"
9622,843c8ebffffffff,41,0,0,"[0, 255, 0, 100]","[97, 255, 97]"
9623,843c8edffffffff,1,0,0,"[0, 255, 0, 100]","[97, 255, 97]"
9624,843c907ffffffff,6,0,0,"[0, 255, 0, 100]","[97, 255, 97]"
9625,843c931ffffffff,1,0,0,"[0, 255, 0, 100]","[97, 255, 97]"
9626,843c933ffffffff,5,0,0,"[0, 255, 0, 100]","[97, 255, 97]"
9627,843c935ffffffff,26,0,0,"[0, 255, 0, 100]","[97, 255, 97]"
9628,843c937ffffffff,3,0,0,"[0, 255, 0, 100]","[97, 255, 97]"
9629,843c93dffffffff,16,0,0,"[0, 255, 0, 100]","[97, 255, 97]"
9630,843c961ffffffff,2,0,0,"[0, 255, 0, 100]","[97, 255, 97]"
9631,843c963ffffffff,7,0,0,"[0, 255, 0, 100]","[97, 255, 97]"
9632,843c969ffffffff,7,0,0,"[0, 255, 0, 100]","[97, 255, 97]"
9633,843c96bffffffff,6,0,0,"[0, 255, 0, 100]","[97, 255, 97]"
9634,843c989ffffffff,3,0,0,"[0, 255, 0, 100]","[97, 255, 97]"
9635,843c99dffffffff,42,0,0,"[0, 255, 0, 100]","[97, 255, 97]"
9636,843c9b7ffffffff,5,0,0,"[0, 255, 0, 100]","[97, 255, 97]"
9637,843c9c1ffffffff,119,0,0,"[0, 255, 0, 100]","[97, 255, 97]"
9638,843c9c7ffffffff,32,0,0,"[0, 255, 0, 100]","[97, 255, 97]"
9639,843c9c9ffffffff,15,0,0,"[0, 255, 0, 100]","[97, 255, 97]"
9640,843c9cdffffffff,44,0,0,"[0, 255, 0, 100]","[97, 255, 97]"
9641,843c9d1ffffffff,32,0,0,"[0, 255, 0, 100]","[97, 255, 97]"
9642,843c9d3ffffffff,17,0,0,"[0, 255, 0, 100]","[97, 255, 97]"
9643,843c9d5ffffffff,171,0,0,"[0, 255, 0, 100]","[97, 255, 97]"
9644,843c9d7ffffffff,122,0,0,"[0, 255, 0, 100]","[97, 255, 97]"
9645,843c9dbffffffff,118,0,0,"[0, 255, 0, 100]","[97, 255, 97]"
9646,843c9e5ffffffff,3,0,0,"[0, 255, 0, 100]","[97, 255, 97]"
9647,843ca27ffffffff,8,0,0,"[0, 255, 0, 100]","[97, 255, 97]"
9648,843ca4bffffffff,16,0,0,"[0, 255, 0, 100]","[97, 255, 97]"
9649,843ca5dffffffff,4,0,0,"[0, 255, 0, 100]","[97, 255, 97]"
9650,843ca65ffffffff,3,0,0,"[0, 255, 0, 100]","[97, 255, 97]"
9651,843ca6dffffffff,8,0,0,"[0, 255, 0, 100]","[97, 255, 97]"
9652,843ca8bffffffff,94,0,0,"[0, 255, 0, 100]","[97, 255, 97]"
9653,843ca91ffffffff,59,0,0,"[0, 255, 0, 100]","[97, 255, 97]"
9654,843ca95ffffffff,36,0,0,"[0, 255, 0, 100]","[97, 255, 97]"
9655,843ca97ffffffff,52,0,0,"[0, 255, 0, 100]","[97, 255, 97]"
9656,843ca9dffffffff,195,0,0,"[0, 255, 0, 100]","[97, 255, 97]"
9657,843caa3ffffffff,19,0,0,"[0, 255, 0, 100]","[97, 255, 97]"
9658,843caa7ffffffff,50,0,0,"[0, 255, 0, 100]","[97, 255, 97]"
9659,843caa9ffffffff,101,0,0,"[0, 255, 0, 100]","[97, 255, 97]"
9660,843caabffffffff,29,0,0,"[0, 255, 0, 100]","[97, 255, 97]"
9661,843cab1ffffffff,68,0,0,"[0, 255, 0, 100]","[97, 255, 97]"
9662,843cab3ffffffff,126,0,0,"[0, 255, 0, 100]","[97, 255, 97]"
9663,843cab5ffffffff,5,0,0,"[0, 255, 0, 100]","[97, 255, 97]"
9664,843cabdffffffff,133,0,0,"[0, 255, 0, 100]","[97, 255, 97]"
9665,843cac3ffffffff,14,0,0,"[0, 255, 0, 100]","[97, 255, 97]"
9666,843cac7ffffffff,1,0,0,"[0, 255, 0, 100]","[97, 255, 97]"
9667,843cac9ffffffff,122,0,0,"[0, 255, 0, 100]","[97, 255, 97]"
9668,843cacbffffffff,107,0,0,"[0, 255, 0, 100]","[97, 255, 97]"
9669,843cad5ffffffff,10,0,0,"[0, 255, 0, 100]","[97, 255, 97]"
9670,843cad7ffffffff,4,0,0,"[0, 255, 0, 100]","[97, 255, 97]"
9671,843caddffffffff,7,0,0,"[0, 255, 0, 100]","[97, 255, 97]"
9672,843cae3ffffffff,2,0,0,"[0, 255, 0, 100]","[97, 255, 97]"
9673,843cae5ffffffff,12,0,0,"[0, 255, 0, 100]","[97, 255, 97]"
9674,843cae7ffffffff,142,0,0,"[0, 255, 0, 100]","[97, 255, 97]"
9675,843cb01ffffffff,1,0,0,"[0, 255, 0, 100]","[97, 255, 97]"
9676,843cb07ffffffff,3,0,0,"[0, 255, 0, 100]","[97, 255, 97]"
9677,843cb0bffffffff,22,0,0,"[0, 255, 0, 100]","[97, 255, 97]"
9678,843cb11ffffffff,1,0,0,"[0, 255, 0, 100]","[97, 255, 97]"
9679,843cb13ffffffff,48,0,0,"[0, 255, 0, 100]","[97, 255, 97]"
9680,843cb19ffffffff,7,0,0,"[0, 255, 0, 100]","[97, 255, 97]"
9681,843cb1bffffffff,12,0,0,"[0, 255, 0, 100]","[97, 255, 97]"
9682,843cb1dffffffff,7,0,0,"[0, 255, 0, 100]","[97, 255, 97]"
9683,843cb3bffffffff,9,0,0,"[0, 255, 0, 100]","[97, 255, 97]"
9684,843cc0bffffffff,23,0,0,"[0, 255, 0, 100]","[97, 255, 97]"
9685,843cc21ffffffff,60,0,0,"[0, 255, 0, 100]","[97, 255, 97]"
9686,843cc23ffffffff,199,19,0.095477387,"[255, 0, 0, 100]","[255, 0, 0]"
9687,843cc27ffffffff,2,0,0,"[0, 255, 0, 100]","[97, 255, 97]"
9688,843cc2dffffffff,100,0,0,"[0, 255, 0, 100]","[97, 255, 97]"
9689,843cc31ffffffff,6,0,0,"[0, 255, 0, 100]","[97, 255, 97]"
9690,843cc35ffffffff,95,12,0.126315789,"[255, 0, 0, 100]","[255, 0, 0]"
9691,843cc45ffffffff,69,0,0,"[0, 255, 0, 100]","[97, 255, 97]"
9692,843cc47ffffffff,10,0,0,"[0, 255, 0, 100]","[97, 255, 97]"
9693,843cc4bffffffff,116,0,0,"[0, 255, 0, 100]","[97, 255, 97]"
9694,843cc55ffffffff,4,0,0,"[0, 255, 0, 100]","[97, 255, 97]"
9695,843cc57ffffffff,40,0,0,"[0, 255, 0, 100]","[97, 255, 97]"
9696,843cc69ffffffff,6,0,0,"[0, 255, 0, 100]","[97, 255, 97]"
9697,843cc6bffffffff,19,0,0,"[0, 255, 0, 100]","[97, 255, 97]"
9698,843cca9ffffffff,3,0,0,"[0, 255, 0, 100]","[97, 255, 97]"
9699,843ccc5ffffffff,8,0,0,"[0, 255, 0, 100]","[97, 255, 97]"
9700,843cce7ffffffff,10,0,0,"[0, 255, 0, 100]","[97, 255, 97]"
9701,843cce9ffffffff,36,0,0,"[0, 255, 0, 100]","[97, 255, 97]"
9702,843cd09ffffffff,36,0,0,"[0, 255, 0, 100]","[97, 255, 97]"
9703,843cd0bffffffff,68,0,0,"[0, 255, 0, 100]","[97, 255, 97]"
9704,843cd15ffffffff,22,0,0,"[0, 255, 0, 100]","[97, 255, 97]"
9705,843cd21ffffffff,30,0,0,"[0, 255, 0, 100]","[97, 255, 97]"
9706,843cd29ffffffff,247,0,0,"[0, 255, 0, 100]","[97, 255, 97]"
9707,843cd2bffffffff,15,0,0,"[0, 255, 0, 100]","[97, 255, 97]"
9708,843cd35ffffffff,8,0,0,"[0, 255, 0, 100]","[97, 255, 97]"
9709,843cd3bffffffff,34,1,0.029411765,"[255, 0, 0, 100]","[255, 0, 0]"
9710,843cd59ffffffff,275,0,0,"[0, 255, 0, 100]","[97, 255, 97]"
9711,843cd5bffffffff,211,0,0,"[0, 255, 0, 100]","[97, 255, 97]"
9712,843cd61ffffffff,35,0,0,"[0, 255, 0, 100]","[97, 255, 97]"
9713,843cd63ffffffff,40,0,0,"[0, 255, 0, 100]","[97, 255, 97]"
9714,843cd67ffffffff,34,0,0,"[0, 255, 0, 100]","[97, 255, 97]"
9715,843cd69ffffffff,247,0,0,"[0, 255, 0, 100]","[97, 255, 97]"
9716,843cd6bffffffff,19,0,0,"[0, 255, 0, 100]","[97, 255, 97]"
9717,843cd85ffffffff,27,0,0,"[0, 255, 0, 100]","[97, 255, 97]"
9718,843cd8dffffffff,16,0,0,"[0, 255, 0, 100]","[97, 255, 97]"
9719,843cdd9ffffffff,4,0,0,"[0, 255, 0, 100]","[97, 255, 97]"
9720,843cde7ffffffff,2,0,0,"[0, 255, 0, 100]","[97, 255, 97]"
9721,843ce17ffffffff,41,0,0,"[0, 255, 0, 100]","[97, 255, 97]"
9722,843ce41ffffffff,1,0,0,"[0, 255, 0, 100]","[97, 255, 97]"
9723,843ce49ffffffff,12,0,0,"[0, 255, 0, 100]","[97, 255, 97]"
9724,843ce87ffffffff,56,0,0,"[0, 255, 0, 100]","[97, 255, 97]"
9725,843ce8dffffffff,8,0,0,"[0, 255, 0, 100]","[97, 255, 97]"
9726,843cea1ffffffff,77,0,0,"[0, 255, 0, 100]","[97, 255, 97]"
9727,843ceabffffffff,4,0,0,"[0, 255, 0, 100]","[97, 255, 97]"
9728,843cec3ffffffff,5,0,0,"[0, 255, 0, 100]","[97, 255, 97]"
9729,843ced1ffffffff,4,0,0,"[0, 255, 0, 100]","[97, 255, 97]"
9730,843cedbffffffff,4,0,0,"[0, 255, 0, 100]","[97, 255, 97]"
9731,843ceddffffffff,22,0,0,"[0, 255, 0, 100]","[97, 255, 97]"
9732,843cf07ffffffff,147,0,0,"[0, 255, 0, 100]","[97, 255, 97]"
9733,843cf09ffffffff,3,0,0,"[0, 255, 0, 100]","[97, 255, 97]"
9734,843cf11ffffffff,149,0,0,"[0, 255, 0, 100]","[97, 255, 97]"
9735,843cf15ffffffff,89,0,0,"[0, 255, 0, 100]","[97, 255, 97]"
9736,843cf19ffffffff,3,0,0,"[0, 255, 0, 100]","[97, 255, 97]"
9737,843cf21ffffffff,251,0,0,"[0, 255, 0, 100]","[97, 255, 97]"
9738,843cf23ffffffff,109,0,0,"[0, 255, 0, 100]","[97, 255, 97]"
9739,843cf29ffffffff,410,0,0,"[0, 255, 0, 100]","[97, 255, 97]"
9740,843cf2bffffffff,57,0,0,"[0, 255, 0, 100]","[97, 255, 97]"
9741,843cf2dffffffff,214,0,0,"[0, 255, 0, 100]","[97, 255, 97]"
9742,843cf35ffffffff,124,0,0,"[0, 255, 0, 100]","[97, 255, 97]"
9743,843cf37ffffffff,196,0,0,"[0, 255, 0, 100]","[97, 255, 97]"
9744,843cf39ffffffff,17,0,0,"[0, 255, 0, 100]","[97, 255, 97]"
9745,843cf3dffffffff,4,0,0,"[0, 255, 0, 100]","[97, 255, 97]"
9746,843cf43ffffffff,142,0,0,"[0, 255, 0, 100]","[97, 255, 97]"
9747,843cf49ffffffff,100,0,0,"[0, 255, 0, 100]","[97, 255, 97]"
9748,843cf4bffffffff,104,0,0,"[0, 255, 0, 100]","[97, 255, 97]"
9749,843cf55ffffffff,14,0,0,"[0, 255, 0, 100]","[97, 255, 97]"
9750,843cf61ffffffff,165,0,0,"[0, 255, 0, 100]","[97, 255, 97]"
9751,843cf63ffffffff,94,0,0,"[0, 255, 0, 100]","[97, 255, 97]"
9752,843cf65ffffffff,290,0,0,"[0, 255, 0, 100]","[97, 255, 97]"
9753,843cf67ffffffff,281,0,0,"[0, 255, 0, 100]","[97, 255, 97]"
9754,843cf6dffffffff,18,0,0,"[0, 255, 0, 100]","[97, 255, 97]"
9755,843d105ffffffff,1,0,0,"[0, 255, 0, 100]","[97, 255, 97]"
9756,843d10dffffffff,14,0,0,"[0, 255, 0, 100]","[97, 255, 97]"
9757,843d127ffffffff,7,0,0,"[0, 255, 0, 100]","[97, 255, 97]"
9758,843d129ffffffff,10,0,0,"[0, 255, 0, 100]","[97, 255, 97]"
9759,843d139ffffffff,6,0,0,"[0, 255, 0, 100]","[97, 255, 97]"
9760,843d161ffffffff,17,0,0,"[0, 255, 0, 100]","[97, 255, 97]"
9761,843d165ffffffff,24,0,0,"[0, 255, 0, 100]","[97, 255, 97]"
9762,843d167ffffffff,7,0,0,"[0, 255, 0, 100]","[97, 255, 97]"
9763,843d16dffffffff,5,0,0,"[0, 255, 0, 100]","[97, 255, 97]"
9764,843d2cbffffffff,60,0,0,"[0, 255, 0, 100]","[97, 255, 97]"
9765,843d2d9ffffffff,70,0,0,"[0, 255, 0, 100]","[97, 255, 97]"
9766,843d2dbffffffff,64,0,0,"[0, 255, 0, 100]","[97, 255, 97]"
9767,843d2ddffffffff,10,0,0,"[0, 255, 0, 100]","[97, 255, 97]"
9768,843d305ffffffff,9,9,1,"[0, 255, 0, 100]","[97, 255, 97]"
9769,843d325ffffffff,10,0,0,"[0, 255, 0, 100]","[97, 255, 97]"
9770,843d32dffffffff,39,0,0,"[0, 255, 0, 100]","[97, 255, 97]"
9771,843d343ffffffff,19,0,0,"[0, 255, 0, 100]","[97, 255, 97]"
9772,843d34bffffffff,39,0,0,"[0, 255, 0, 100]","[97, 255, 97]"
9773,843d365ffffffff,56,0,0,"[0, 255, 0, 100]","[97, 255, 97]"
9774,843d36dffffffff,40,0,0,"[0, 255, 0, 100]","[97, 255, 97]"
9775,843d615ffffffff,4,0,0,"[0, 255, 0, 100]","[97, 255, 97]"
9776,843d617ffffffff,35,0,0,"[0, 255, 0, 100]","[97, 255, 97]"
9777,843d651ffffffff,15,0,0,"[0, 255, 0, 100]","[97, 255, 97]"
9778,843d659ffffffff,32,0,0,"[0, 255, 0, 100]","[97, 255, 97]"
9779,843d65bffffffff,17,0,0,"[0, 255, 0, 100]","[97, 255, 97]"
9780,843d661ffffffff,80,0,0,"[0, 255, 0, 100]","[97, 255, 97]"
9781,843d663ffffffff,103,0,0,"[0, 255, 0, 100]","[97, 255, 97]"
9782,843d689ffffffff,90,0,0,"[0, 255, 0, 100]","[97, 255, 97]"
9783,843d68bffffffff,91,0,0,"[0, 255, 0, 100]","[97, 255, 97]"
9784,843d697ffffffff,27,0,0,"[0, 255, 0, 100]","[97, 255, 97]"
9785,843d69bffffffff,7,0,0,"[0, 255, 0, 100]","[97, 255, 97]"
9786,843d69dffffffff,2,0,0,"[0, 255, 0, 100]","[97, 255, 97]"
9787,843d6c5ffffffff,65,0,0,"[0, 255, 0, 100]","[97, 255, 97]"
9788,843d6c7ffffffff,12,0,0,"[0, 255, 0, 100]","[97, 255, 97]"
9789,843d6cbffffffff,5,0,0,"[0, 255, 0, 100]","[97, 255, 97]"
9790,843d6e9ffffffff,143,0,0,"[0, 255, 0, 100]","[97, 255, 97]"
9791,843d6ebffffffff,12,0,0,"[0, 255, 0, 100]","[97, 255, 97]"
9792,843d80dffffffff,27,0,0,"[0, 255, 0, 100]","[97, 255, 97]"
9793,843d815ffffffff,9,0,0,"[0, 255, 0, 100]","[97, 255, 97]"
9794,843d817ffffffff,2,0,0,"[0, 255, 0, 100]","[97, 255, 97]"
9795,843d829ffffffff,1,0,0,"[0, 255, 0, 100]","[97, 255, 97]"
9796,843d833ffffffff,3,0,0,"[0, 255, 0, 100]","[97, 255, 97]"
9797,843d841ffffffff,5,0,0,"[0, 255, 0, 100]","[97, 255, 97]"
9798,843d843ffffffff,5,0,0,"[0, 255, 0, 100]","[97, 255, 97]"
9799,843d847ffffffff,8,0,0,"[0, 255, 0, 100]","[97, 255, 97]"
9800,843d849ffffffff,4,0,0,"[0, 255, 0, 100]","[97, 255, 97]"
9801,843d84bffffffff,12,0,0,"[0, 255, 0, 100]","[97, 255, 97]"
9802,843d855ffffffff,3,0,0,"[0, 255, 0, 100]","[97, 255, 97]"
9803,843d857ffffffff,5,0,0,"[0, 255, 0, 100]","[97, 255, 97]"
9804,843d859ffffffff,18,0,0,"[0, 255, 0, 100]","[97, 255, 97]"
9805,843d863ffffffff,6,0,0,"[0, 255, 0, 100]","[97, 255, 97]"
9806,843d88bffffffff,27,0,0,"[0, 255, 0, 100]","[97, 255, 97]"
9807,843d88dffffffff,4,0,0,"[0, 255, 0, 100]","[97, 255, 97]"
9808,843d891ffffffff,5,0,0,"[0, 255, 0, 100]","[97, 255, 97]"
9809,843d899ffffffff,29,0,0,"[0, 255, 0, 100]","[97, 255, 97]"
9810,843d89dffffffff,7,0,0,"[0, 255, 0, 100]","[97, 255, 97]"
9811,843d8abffffffff,11,0,0,"[0, 255, 0, 100]","[97, 255, 97]"
9812,843d8adffffffff,1,0,0,"[0, 255, 0, 100]","[97, 255, 97]"
9813,843d8b5ffffffff,7,0,0,"[0, 255, 0, 100]","[97, 255, 97]"
9814,843d8bbffffffff,11,0,0,"[0, 255, 0, 100]","[97, 255, 97]"
9815,843d8c3ffffffff,14,0,0,"[0, 255, 0, 100]","[97, 255, 97]"
9816,843d8cbffffffff,12,0,0,"[0, 255, 0, 100]","[97, 255, 97]"
9817,843d8d1ffffffff,11,0,0,"[0, 255, 0, 100]","[97, 255, 97]"
9818,843d8d5ffffffff,5,0,0,"[0, 255, 0, 100]","[97, 255, 97]"
9819,843d8d7ffffffff,1,0,0,"[0, 255, 0, 100]","[97, 255, 97]"
9820,843d8d9ffffffff,2,0,0,"[0, 255, 0, 100]","[97, 255, 97]"
9821,843d8ddffffffff,14,0,0,"[0, 255, 0, 100]","[97, 255, 97]"
9822,843d8ebffffffff,3,0,0,"[0, 255, 0, 100]","[97, 255, 97]"
9823,843d8edffffffff,18,0,0,"[0, 255, 0, 100]","[97, 255, 97]"
9824,843d901ffffffff,2,0,0,"[0, 255, 0, 100]","[97, 255, 97]"
9825,843d903ffffffff,25,0,0,"[0, 255, 0, 100]","[97, 255, 97]"
9826,843d909ffffffff,2,0,0,"[0, 255, 0, 100]","[97, 255, 97]"
9827,843d90bffffffff,6,0,0,"[0, 255, 0, 100]","[97, 255, 97]"
9828,843d90dffffffff,13,0,0,"[0, 255, 0, 100]","[97, 255, 97]"
9829,843d915ffffffff,1,0,0,"[0, 255, 0, 100]","[97, 255, 97]"
9830,843d925ffffffff,3,0,0,"[0, 255, 0, 100]","[97, 255, 97]"
9831,843d927ffffffff,7,0,0,"[0, 255, 0, 100]","[97, 255, 97]"
9832,843d929ffffffff,2,0,0,"[0, 255, 0, 100]","[97, 255, 97]"
9833,843d92dffffffff,9,0,0,"[0, 255, 0, 100]","[97, 255, 97]"
9834,843d937ffffffff,9,0,0,"[0, 255, 0, 100]","[97, 255, 97]"
9835,843d939ffffffff,12,0,0,"[0, 255, 0, 100]","[97, 255, 97]"
9836,843d947ffffffff,1,0,0,"[0, 255, 0, 100]","[97, 255, 97]"
9837,843d949ffffffff,17,0,0,"[0, 255, 0, 100]","[97, 255, 97]"
9838,843d94dffffffff,2,0,0,"[0, 255, 0, 100]","[97, 255, 97]"
9839,843d953ffffffff,1,0,0,"[0, 255, 0, 100]","[97, 255, 97]"
9840,843d957ffffffff,1,0,0,"[0, 255, 0, 100]","[97, 255, 97]"
9841,843d95bffffffff,1,0,0,"[0, 255, 0, 100]","[97, 255, 97]"
9842,843d963ffffffff,13,0,0,"[0, 255, 0, 100]","[97, 255, 97]"
9843,843d967ffffffff,3,0,0,"[0, 255, 0, 100]","[97, 255, 97]"
9844,843d96bffffffff,1,0,0,"[0, 255, 0, 100]","[97, 255, 97]"
9845,843d985ffffffff,21,0,0,"[0, 255, 0, 100]","[97, 255, 97]"
9846,843d987ffffffff,7,0,0,"[0, 255, 0, 100]","[97, 255, 97]"
9847,843d98dffffffff,3,0,0,"[0, 255, 0, 100]","[97, 255, 97]"
9848,843d991ffffffff,3,0,0,"[0, 255, 0, 100]","[97, 255, 97]"
9849,843d999ffffffff,10,0,0,"[0, 255, 0, 100]","[97, 255, 97]"
9850,843d9b9ffffffff,27,0,0,"[0, 255, 0, 100]","[97, 255, 97]"
9851,843d9bbffffffff,35,0,0,"[0, 255, 0, 100]","[97, 255, 97]"
9852,843d9c7ffffffff,6,0,0,"[0, 255, 0, 100]","[97, 255, 97]"
9853,843d9d3ffffffff,38,0,0,"[0, 255, 0, 100]","[97, 255, 97]"
9854,843d9d9ffffffff,15,0,0,"[0, 255, 0, 100]","[97, 255, 97]"
9855,843d9dbffffffff,28,0,0,"[0, 255, 0, 100]","[97, 255, 97]"
9856,843d9e9ffffffff,5,0,0,"[0, 255, 0, 100]","[97, 255, 97]"
9857,843d9ebffffffff,2,0,0,"[0, 255, 0, 100]","[97, 255, 97]"
9858,843da01ffffffff,5,0,0,"[0, 255, 0, 100]","[97, 255, 97]"
9859,843da03ffffffff,7,0,0,"[0, 255, 0, 100]","[97, 255, 97]"
9860,843da05ffffffff,12,0,0,"[0, 255, 0, 100]","[97, 255, 97]"
9861,843da07ffffffff,5,0,0,"[0, 255, 0, 100]","[97, 255, 97]"
9862,843da0bffffffff,32,0,0,"[0, 255, 0, 100]","[97, 255, 97]"
9863,843da11ffffffff,767,2,0.002607562,"[255, 0, 0, 100]","[255, 0, 0]"
9864,843da13ffffffff,4,0,0,"[0, 255, 0, 100]","[97, 255, 97]"
9865,843da15ffffffff,15,0,0,"[0, 255, 0, 100]","[97, 255, 97]"
9866,843da17ffffffff,34,0,0,"[0, 255, 0, 100]","[97, 255, 97]"
9867,843da1bffffffff,17,0,0,"[0, 255, 0, 100]","[97, 255, 97]"
9868,843da1dffffffff,39,0,0,"[0, 255, 0, 100]","[97, 255, 97]"
9869,843da21ffffffff,60,0,0,"[0, 255, 0, 100]","[97, 255, 97]"
9870,843da25ffffffff,10,0,0,"[0, 255, 0, 100]","[97, 255, 97]"
9871,843da29ffffffff,15,0,0,"[0, 255, 0, 100]","[97, 255, 97]"
9872,843da2bffffffff,3,0,0,"[0, 255, 0, 100]","[97, 255, 97]"
9873,843da2dffffffff,3,0,0,"[0, 255, 0, 100]","[97, 255, 97]"
9874,843da35ffffffff,12,0,0,"[0, 255, 0, 100]","[97, 255, 97]"
9875,843da37ffffffff,5,0,0,"[0, 255, 0, 100]","[97, 255, 97]"
9876,843da39ffffffff,2,0,0,"[0, 255, 0, 100]","[97, 255, 97]"
9877,843da3bffffffff,40,0,0,"[0, 255, 0, 100]","[97, 255, 97]"
9878,843da41ffffffff,5,0,0,"[0, 255, 0, 100]","[97, 255, 97]"
9879,843da45ffffffff,14,0,0,"[0, 255, 0, 100]","[97, 255, 97]"
9880,843da4dffffffff,22,0,0,"[0, 255, 0, 100]","[97, 255, 97]"
9881,843da51ffffffff,3,0,0,"[0, 255, 0, 100]","[97, 255, 97]"
9882,843da55ffffffff,2,0,0,"[0, 255, 0, 100]","[97, 255, 97]"
9883,843da57ffffffff,17,0,0,"[0, 255, 0, 100]","[97, 255, 97]"
9884,843da59ffffffff,23,0,0,"[0, 255, 0, 100]","[97, 255, 97]"
9885,843da85ffffffff,25,0,0,"[0, 255, 0, 100]","[97, 255, 97]"
9886,843da87ffffffff,11,1,0.090909091,"[255, 0, 0, 100]","[255, 0, 0]"
9887,843da89ffffffff,19,0,0,"[0, 255, 0, 100]","[97, 255, 97]"
9888,843da8dffffffff,16,0,0,"[0, 255, 0, 100]","[97, 255, 97]"
9889,843da93ffffffff,10,0,0,"[0, 255, 0, 100]","[97, 255, 97]"
9890,843dab5ffffffff,19,0,0,"[0, 255, 0, 100]","[97, 255, 97]"
9891,843dab7ffffffff,1,0,0,"[0, 255, 0, 100]","[97, 255, 97]"
9892,843dabdffffffff,8,0,0,"[0, 255, 0, 100]","[97, 255, 97]"
9893,843dac1ffffffff,1,0,0,"[0, 255, 0, 100]","[97, 255, 97]"
9894,843dac5ffffffff,27,4,0.148148148,"[255, 0, 0, 100]","[255, 0, 0]"
9895,843dac7ffffffff,11,11,1,"[0, 255, 0, 100]","[97, 255, 97]"
9896,843dacdffffffff,31,0,0,"[0, 255, 0, 100]","[97, 255, 97]"
9897,843dad5ffffffff,2,0,0,"[0, 255, 0, 100]","[97, 255, 97]"
9898,843daddffffffff,6,0,0,"[0, 255, 0, 100]","[97, 255, 97]"
9899,843dae1ffffffff,42,0,0,"[0, 255, 0, 100]","[97, 255, 97]"
9900,843dae3ffffffff,2,0,0,"[0, 255, 0, 100]","[97, 255, 97]"
9901,843dae7ffffffff,8,0,0,"[0, 255, 0, 100]","[97, 255, 97]"
9902,843dae9ffffffff,9,0,0,"[0, 255, 0, 100]","[97, 255, 97]"
9903,843daebffffffff,9,0,0,"[0, 255, 0, 100]","[97, 255, 97]"
9904,843daedffffffff,17,0,0,"[0, 255, 0, 100]","[97, 255, 97]"
9905,843db01ffffffff,1,0,0,"[0, 255, 0, 100]","[97, 255, 97]"
9906,843db03ffffffff,4,0,0,"[0, 255, 0, 100]","[97, 255, 97]"
9907,843db05ffffffff,6,0,0,"[0, 255, 0, 100]","[97, 255, 97]"
9908,843db0bffffffff,11,0,0,"[0, 255, 0, 100]","[97, 255, 97]"
9909,843db29ffffffff,1,0,0,"[0, 255, 0, 100]","[97, 255, 97]"
9910,843db2dffffffff,4,0,0,"[0, 255, 0, 100]","[97, 255, 97]"
9911,843db3dffffffff,1,0,0,"[0, 255, 0, 100]","[97, 255, 97]"
9912,843db53ffffffff,11,0,0,"[0, 255, 0, 100]","[97, 255, 97]"
9913,843db67ffffffff,8,0,0,"[0, 255, 0, 100]","[97, 255, 97]"
9914,843e407ffffffff,10,0,0,"[0, 255, 0, 100]","[97, 255, 97]"
9915,843e413ffffffff,23,0,0,"[0, 255, 0, 100]","[97, 255, 97]"
9916,843e415ffffffff,2,0,0,"[0, 255, 0, 100]","[97, 255, 97]"
9917,843e417ffffffff,108,0,0,"[0, 255, 0, 100]","[97, 255, 97]"
9918,843e423ffffffff,29,0,0,"[0, 255, 0, 100]","[97, 255, 97]"
9919,843e435ffffffff,66,0,0,"[0, 255, 0, 100]","[97, 255, 97]"
9920,843e439ffffffff,1,0,0,"[0, 255, 0, 100]","[97, 255, 97]"
9921,843e455ffffffff,38,0,0,"[0, 255, 0, 100]","[97, 255, 97]"
9922,843e457ffffffff,56,0,0,"[0, 255, 0, 100]","[97, 255, 97]"
9923,843e461ffffffff,1,0,0,"[0, 255, 0, 100]","[97, 255, 97]"
9924,843e467ffffffff,15,0,0,"[0, 255, 0, 100]","[97, 255, 97]"
9925,843e489ffffffff,29,0,0,"[0, 255, 0, 100]","[97, 255, 97]"
9926,843e48bffffffff,11,0,0,"[0, 255, 0, 100]","[97, 255, 97]"
9927,843e497ffffffff,15,0,0,"[0, 255, 0, 100]","[97, 255, 97]"
9928,843e4a1ffffffff,39,0,0,"[0, 255, 0, 100]","[97, 255, 97]"
9929,843e4a3ffffffff,12,0,0,"[0, 255, 0, 100]","[97, 255, 97]"
9930,843e4a9ffffffff,7,0,0,"[0, 255, 0, 100]","[97, 255, 97]"
9931,843e4b5ffffffff,21,0,0,"[0, 255, 0, 100]","[97, 255, 97]"
9932,843e5d3ffffffff,59,0,0,"[0, 255, 0, 100]","[97, 255, 97]"
9933,843e5ddffffffff,12,0,0,"[0, 255, 0, 100]","[97, 255, 97]"
9934,843e605ffffffff,4,0,0,"[0, 255, 0, 100]","[97, 255, 97]"
9935,843e621ffffffff,1,0,0,"[0, 255, 0, 100]","[97, 255, 97]"
9936,843e629ffffffff,188,0,0,"[0, 255, 0, 100]","[97, 255, 97]"
9937,843e62bffffffff,41,0,0,"[0, 255, 0, 100]","[97, 255, 97]"
9938,843e637ffffffff,76,0,0,"[0, 255, 0, 100]","[97, 255, 97]"
9939,843e641ffffffff,6,0,0,"[0, 255, 0, 100]","[97, 255, 97]"
9940,843e645ffffffff,8,0,0,"[0, 255, 0, 100]","[97, 255, 97]"
9941,843e653ffffffff,3,0,0,"[0, 255, 0, 100]","[97, 255, 97]"
9942,843e661ffffffff,5,0,0,"[0, 255, 0, 100]","[97, 255, 97]"
9943,843e663ffffffff,14,0,0,"[0, 255, 0, 100]","[97, 255, 97]"
9944,843e66bffffffff,42,0,0,"[0, 255, 0, 100]","[97, 255, 97]"
9945,843e6a1ffffffff,38,0,0,"[0, 255, 0, 100]","[97, 255, 97]"
9946,843e6a7ffffffff,2,0,0,"[0, 255, 0, 100]","[97, 255, 97]"
9947,843e6e1ffffffff,4,4,1,"[0, 255, 0, 100]","[97, 255, 97]"
9948,843e717ffffffff,2,0,0,"[0, 255, 0, 100]","[97, 255, 97]"
9949,843e741ffffffff,19,0,0,"[0, 255, 0, 100]","[97, 255, 97]"
9950,843f11dffffffff,20,0,0,"[0, 255, 0, 100]","[97, 255, 97]"
9951,843f195ffffffff,63,0,0,"[0, 255, 0, 100]","[97, 255, 97]"
9952,843f197ffffffff,9,0,0,"[0, 255, 0, 100]","[97, 255, 97]"
9953,843f20bffffffff,2,0,0,"[0, 255, 0, 100]","[97, 255, 97]"
9954,843f21dffffffff,18,0,0,"[0, 255, 0, 100]","[97, 255, 97]"
9955,843f243ffffffff,7,0,0,"[0, 255, 0, 100]","[97, 255, 97]"
9956,843f299ffffffff,60,0,0,"[0, 255, 0, 100]","[97, 255, 97]"
9957,843f2ddffffffff,17,0,0,"[0, 255, 0, 100]","[97, 255, 97]"
9958,843f305ffffffff,52,0,0,"[0, 255, 0, 100]","[97, 255, 97]"
9959,843f319ffffffff,2,0,0,"[0, 255, 0, 100]","[97, 255, 97]"
9960,843f31dffffffff,2,0,0,"[0, 255, 0, 100]","[97, 255, 97]"
9961,843f349ffffffff,19,0,0,"[0, 255, 0, 100]","[97, 255, 97]"
9962,843f34dffffffff,7,0,0,"[0, 255, 0, 100]","[97, 255, 97]"
9963,843f35dffffffff,2,0,0,"[0, 255, 0, 100]","[97, 255, 97]"
9964,843f43dffffffff,2,0,0,"[0, 255, 0, 100]","[97, 255, 97]"
9965,843f465ffffffff,87,0,0,"[0, 255, 0, 100]","[97, 255, 97]"
9966,843f467ffffffff,2,0,0,"[0, 255, 0, 100]","[97, 255, 97]"
9967,843f4a9ffffffff,4,0,0,"[0, 255, 0, 100]","[97, 255, 97]"
9968,843f4dbffffffff,2,1,0.5,"[0, 255, 0, 100]","[97, 255, 97]"
9969,843f503ffffffff,9,0,0,"[0, 255, 0, 100]","[97, 255, 97]"
9970,843f533ffffffff,26,0,0,"[0, 255, 0, 100]","[97, 255, 97]"
9971,843f541ffffffff,5,0,0,"[0, 255, 0, 100]","[97, 255, 97]"
9972,843f55bffffffff,24,0,0,"[0, 255, 0, 100]","[97, 255, 97]"
9973,843f5a5ffffffff,1,0,0,"[0, 255, 0, 100]","[97, 255, 97]"
9974,843f5c1ffffffff,12,0,0,"[0, 255, 0, 100]","[97, 255, 97]"
9975,843f625ffffffff,6,0,0,"[0, 255, 0, 100]","[97, 255, 97]"
9976,843f68dffffffff,1,0,0,"[0, 255, 0, 100]","[97, 255, 97]"
9977,843f699ffffffff,27,0,0,"[0, 255, 0, 100]","[97, 255, 97]"
9978,843f6cbffffffff,1,0,0,"[0, 255, 0, 100]","[97, 255, 97]"
9979,843f6e3ffffffff,1,0,0,"[0, 255, 0, 100]","[97, 255, 97]"
9980,843f70bffffffff,6,0,0,"[0, 255, 0, 100]","[97, 255, 97]"
9981,843f719ffffffff,11,0,0,"[0, 255, 0, 100]","[97, 255, 97]"
9982,843f73dffffffff,2,0,0,"[0, 255, 0, 100]","[97, 255, 97]"
9983,843f741ffffffff,34,0,0,"[0, 255, 0, 100]","[97, 255, 97]"
9984,843f749ffffffff,4,0,0,"[0, 255, 0, 100]","[97, 255, 97]"
9985,843f74bffffffff,22,0,0,"[0, 255, 0, 100]","[97, 255, 97]"
9986,843f751ffffffff,1,0,0,"[0, 255, 0, 100]","[97, 255, 97]"
9987,843f753ffffffff,27,0,0,"[0, 255, 0, 100]","[97, 255, 97]"
9988,843f755ffffffff,4,0,0,"[0, 255, 0, 100]","[97, 255, 97]"
9989,843fb65ffffffff,6,0,0,"[0, 255, 0, 100]","[97, 255, 97]"
9990,844004bffffffff,3,0,0,"[0, 255, 0, 100]","[97, 255, 97]"
9991,84400b9ffffffff,2,0,0,"[0, 255, 0, 100]","[97, 255, 97]"
9992,84400e9ffffffff,7,0,0,"[0, 255, 0, 100]","[97, 255, 97]"
9993,8440101ffffffff,2,0,0,"[0, 255, 0, 100]","[97, 255, 97]"
9994,8440125ffffffff,6,0,0,"[0, 255, 0, 100]","[97, 255, 97]"
9995,844012dffffffff,43,0,0,"[0, 255, 0, 100]","[97, 255, 97]"
9996,8440149ffffffff,12,0,0,"[0, 255, 0, 100]","[97, 255, 97]"
9997,8440191ffffffff,6,0,0,"[0, 255, 0, 100]","[97, 255, 97]"
9998,8440197ffffffff,95,0,0,"[0, 255, 0, 100]","[97, 255, 97]"
9999,84401b3ffffffff,19,0,0,"[0, 255, 0, 100]","[97, 255, 97]"
10000,84401bbffffffff,13,0,0,"[0, 255, 0, 100]","[97, 255, 97]"
10001,844023dffffffff,1,0,0,"[0, 255, 0, 100]","[97, 255, 97]"
10002,8440241ffffffff,13,0,0,"[0, 255, 0, 100]","[97, 255, 97]"
10003,844025dffffffff,4,0,0,"[0, 255, 0, 100]","[97, 255, 97]"
10004,8440315ffffffff,2,0,0,"[0, 255, 0, 100]","[97, 255, 97]"
10005,8440317ffffffff,13,0,0,"[0, 255, 0, 100]","[97, 255, 97]"
10006,844033bffffffff,29,0,0,"[0, 255, 0, 100]","[97, 255, 97]"
10007,8440347ffffffff,6,0,0,"[0, 255, 0, 100]","[97, 255, 97]"
10008,8440349ffffffff,45,0,0,"[0, 255, 0, 100]","[97, 255, 97]"
10009,844034dffffffff,30,0,0,"[0, 255, 0, 100]","[97, 255, 97]"
10010,8440435ffffffff,3,0,0,"[0, 255, 0, 100]","[97, 255, 97]"
10011,8440451ffffffff,16,0,0,"[0, 255, 0, 100]","[97, 255, 97]"
10012,844045bffffffff,40,0,0,"[0, 255, 0, 100]","[97, 255, 97]"
10013,844045dffffffff,2,0,0,"[0, 255, 0, 100]","[97, 255, 97]"
10014,8440683ffffffff,45,4,0.088888889,"[255, 0, 0, 100]","[255, 0, 0]"
10015,8440685ffffffff,18,0,0,"[0, 255, 0, 100]","[97, 255, 97]"
10016,8440687ffffffff,2,0,0,"[0, 255, 0, 100]","[97, 255, 97]"
10017,8440695ffffffff,11,11,1,"[0, 255, 0, 100]","[97, 255, 97]"
10018,84406a9ffffffff,16,0,0,"[0, 255, 0, 100]","[97, 255, 97]"
10019,84406e7ffffffff,18,0,0,"[0, 255, 0, 100]","[97, 255, 97]"
10020,8440721ffffffff,2,0,0,"[0, 255, 0, 100]","[97, 255, 97]"
10021,8440743ffffffff,3,0,0,"[0, 255, 0, 100]","[97, 255, 97]"
10022,8440813ffffffff,7,0,0,"[0, 255, 0, 100]","[97, 255, 97]"
10023,844082dffffffff,1,0,0,"[0, 255, 0, 100]","[97, 255, 97]"
10024,8440885ffffffff,29,0,0,"[0, 255, 0, 100]","[97, 255, 97]"
10025,8440887ffffffff,19,0,0,"[0, 255, 0, 100]","[97, 255, 97]"
10026,84408a1ffffffff,4,0,0,"[0, 255, 0, 100]","[97, 255, 97]"
10027,84408abffffffff,118,0,0,"[0, 255, 0, 100]","[97, 255, 97]"
10028,84408c5ffffffff,1,0,0,"[0, 255, 0, 100]","[97, 255, 97]"
10029,84408d1ffffffff,3,0,0,"[0, 255, 0, 100]","[97, 255, 97]"
10030,84408d5ffffffff,1,0,0,"[0, 255, 0, 100]","[97, 255, 97]"
10031,84408e1ffffffff,5,0,0,"[0, 255, 0, 100]","[97, 255, 97]"
10032,8440901ffffffff,46,0,0,"[0, 255, 0, 100]","[97, 255, 97]"
10033,8440907ffffffff,14,0,0,"[0, 255, 0, 100]","[97, 255, 97]"
10034,8440915ffffffff,13,0,0,"[0, 255, 0, 100]","[97, 255, 97]"
10035,8440939ffffffff,33,0,0,"[0, 255, 0, 100]","[97, 255, 97]"
10036,8440943ffffffff,197,0,0,"[0, 255, 0, 100]","[97, 255, 97]"
10037,8440949ffffffff,4,0,0,"[0, 255, 0, 100]","[97, 255, 97]"
10038,844094bffffffff,10,0,0,"[0, 255, 0, 100]","[97, 255, 97]"
10039,844094dffffffff,28,0,0,"[0, 255, 0, 100]","[97, 255, 97]"
10040,8440955ffffffff,79,0,0,"[0, 255, 0, 100]","[97, 255, 97]"
10041,8440961ffffffff,17,0,0,"[0, 255, 0, 100]","[97, 255, 97]"
10042,8440969ffffffff,51,0,0,"[0, 255, 0, 100]","[97, 255, 97]"
10043,8440a01ffffffff,3,0,0,"[0, 255, 0, 100]","[97, 255, 97]"
10044,8440a0dffffffff,1,0,0,"[0, 255, 0, 100]","[97, 255, 97]"
10045,8440a11ffffffff,1,0,0,"[0, 255, 0, 100]","[97, 255, 97]"
10046,8440a17ffffffff,23,0,0,"[0, 255, 0, 100]","[97, 255, 97]"
10047,8440a43ffffffff,1,0,0,"[0, 255, 0, 100]","[97, 255, 97]"
10048,8440a45ffffffff,2,0,0,"[0, 255, 0, 100]","[97, 255, 97]"
10049,8440a65ffffffff,11,0,0,"[0, 255, 0, 100]","[97, 255, 97]"
10050,8440a69ffffffff,1,0,0,"[0, 255, 0, 100]","[97, 255, 97]"
10051,8440a6bffffffff,80,0,0,"[0, 255, 0, 100]","[97, 255, 97]"
10052,8440a6dffffffff,4,0,0,"[0, 255, 0, 100]","[97, 255, 97]"
10053,8440b03ffffffff,71,0,0,"[0, 255, 0, 100]","[97, 255, 97]"
10054,8440b0bffffffff,14,0,0,"[0, 255, 0, 100]","[97, 255, 97]"
10055,8440b2bffffffff,7,0,0,"[0, 255, 0, 100]","[97, 255, 97]"
10056,8440b3dffffffff,13,13,1,"[0, 255, 0, 100]","[97, 255, 97]"
10057,8440b51ffffffff,7,0,0,"[0, 255, 0, 100]","[97, 255, 97]"
10058,8440b53ffffffff,3,0,0,"[0, 255, 0, 100]","[97, 255, 97]"
10059,8440b61ffffffff,3,0,0,"[0, 255, 0, 100]","[97, 255, 97]"
10060,8440b69ffffffff,27,0,0,"[0, 255, 0, 100]","[97, 255, 97]"
10061,8440c67ffffffff,6,0,0,"[0, 255, 0, 100]","[97, 255, 97]"
10062,8440c6bffffffff,10,0,0,"[0, 255, 0, 100]","[97, 255, 97]"
10063,8440d1dffffffff,46,0,0,"[0, 255, 0, 100]","[97, 255, 97]"
10064,8440d31ffffffff,1,0,0,"[0, 255, 0, 100]","[97, 255, 97]"
10065,8440d37ffffffff,9,0,0,"[0, 255, 0, 100]","[97, 255, 97]"
10066,8440e07ffffffff,14,0,0,"[0, 255, 0, 100]","[97, 255, 97]"
10067,8440e31ffffffff,5,0,0,"[0, 255, 0, 100]","[97, 255, 97]"
10068,8440e39ffffffff,10,0,0,"[0, 255, 0, 100]","[97, 255, 97]"
10069,8440e3dffffffff,38,0,0,"[0, 255, 0, 100]","[97, 255, 97]"
10070,8441009ffffffff,10,0,0,"[0, 255, 0, 100]","[97, 255, 97]"
10071,8441023ffffffff,8,0,0,"[0, 255, 0, 100]","[97, 255, 97]"
10072,844102bffffffff,9,0,0,"[0, 255, 0, 100]","[97, 255, 97]"
10073,844102dffffffff,6,0,0,"[0, 255, 0, 100]","[97, 255, 97]"
10074,8441031ffffffff,129,0,0,"[0, 255, 0, 100]","[97, 255, 97]"
10075,8441033ffffffff,63,0,0,"[0, 255, 0, 100]","[97, 255, 97]"
10076,8441035ffffffff,65,0,0,"[0, 255, 0, 100]","[97, 255, 97]"
10077,8441037ffffffff,20,6,0.3,"[0, 255, 0, 100]","[97, 255, 97]"
10078,8441039ffffffff,4,0,0,"[0, 255, 0, 100]","[97, 255, 97]"
10079,844103dffffffff,14,0,0,"[0, 255, 0, 100]","[97, 255, 97]"
10080,8441041ffffffff,12,0,0,"[0, 255, 0, 100]","[97, 255, 97]"
10081,8441043ffffffff,164,0,0,"[0, 255, 0, 100]","[97, 255, 97]"
10082,8441045ffffffff,4,0,0,"[0, 255, 0, 100]","[97, 255, 97]"
10083,8441047ffffffff,16,0,0,"[0, 255, 0, 100]","[97, 255, 97]"
10084,8441049ffffffff,58,0,0,"[0, 255, 0, 100]","[97, 255, 97]"
10085,8441051ffffffff,62,0,0,"[0, 255, 0, 100]","[97, 255, 97]"
10086,844106bffffffff,1,0,0,"[0, 255, 0, 100]","[97, 255, 97]"
10087,844106dffffffff,11,0,0,"[0, 255, 0, 100]","[97, 255, 97]"
10088,844108bffffffff,3,0,0,"[0, 255, 0, 100]","[97, 255, 97]"
10089,8441091ffffffff,6,0,0,"[0, 255, 0, 100]","[97, 255, 97]"
10090,8441093ffffffff,28,0,0,"[0, 255, 0, 100]","[97, 255, 97]"
10091,8441095ffffffff,84,0,0,"[0, 255, 0, 100]","[97, 255, 97]"
10092,84410d7ffffffff,3,0,0,"[0, 255, 0, 100]","[97, 255, 97]"
10093,84410e7ffffffff,15,0,0,"[0, 255, 0, 100]","[97, 255, 97]"
10094,8441121ffffffff,3,0,0,"[0, 255, 0, 100]","[97, 255, 97]"
10095,8441125ffffffff,11,0,0,"[0, 255, 0, 100]","[97, 255, 97]"
10096,8441129ffffffff,5,0,0,"[0, 255, 0, 100]","[97, 255, 97]"
10097,8441141ffffffff,58,0,0,"[0, 255, 0, 100]","[97, 255, 97]"
10098,8441143ffffffff,1,0,0,"[0, 255, 0, 100]","[97, 255, 97]"
10099,8441149ffffffff,21,0,0,"[0, 255, 0, 100]","[97, 255, 97]"
10100,844114bffffffff,4,0,0,"[0, 255, 0, 100]","[97, 255, 97]"
10101,844114dffffffff,7,0,0,"[0, 255, 0, 100]","[97, 255, 97]"
10102,8441151ffffffff,10,0,0,"[0, 255, 0, 100]","[97, 255, 97]"
10103,8441153ffffffff,41,0,0,"[0, 255, 0, 100]","[97, 255, 97]"
10104,8441181ffffffff,111,0,0,"[0, 255, 0, 100]","[97, 255, 97]"
10105,8441187ffffffff,4,0,0,"[0, 255, 0, 100]","[97, 255, 97]"
10106,8441189ffffffff,29,0,0,"[0, 255, 0, 100]","[97, 255, 97]"
10107,844118bffffffff,302,22,0.072847682,"[255, 0, 0, 100]","[255, 0, 0]"
10108,844118dffffffff,14,0,0,"[0, 255, 0, 100]","[97, 255, 97]"
10109,8441199ffffffff,4,0,0,"[0, 255, 0, 100]","[97, 255, 97]"
10110,84411a1ffffffff,9,0,0,"[0, 255, 0, 100]","[97, 255, 97]"
10111,84411a3ffffffff,7,0,0,"[0, 255, 0, 100]","[97, 255, 97]"
10112,84411a5ffffffff,3,0,0,"[0, 255, 0, 100]","[97, 255, 97]"
10113,84411a7ffffffff,93,0,0,"[0, 255, 0, 100]","[97, 255, 97]"
10114,84411a9ffffffff,15,0,0,"[0, 255, 0, 100]","[97, 255, 97]"
10115,84411b5ffffffff,53,0,0,"[0, 255, 0, 100]","[97, 255, 97]"
10116,84411c1ffffffff,4,0,0,"[0, 255, 0, 100]","[97, 255, 97]"
10117,84411c3ffffffff,751,0,0,"[0, 255, 0, 100]","[97, 255, 97]"
10118,84411c7ffffffff,51,0,0,"[0, 255, 0, 100]","[97, 255, 97]"
10119,84411c9ffffffff,64,0,0,"[0, 255, 0, 100]","[97, 255, 97]"
10120,84411cbffffffff,82,0,0,"[0, 255, 0, 100]","[97, 255, 97]"
10121,84411d3ffffffff,3,0,0,"[0, 255, 0, 100]","[97, 255, 97]"
10122,84411d5ffffffff,107,0,0,"[0, 255, 0, 100]","[97, 255, 97]"
10123,84411d7ffffffff,14,0,0,"[0, 255, 0, 100]","[97, 255, 97]"
10124,84411ddffffffff,44,0,0,"[0, 255, 0, 100]","[97, 255, 97]"
10125,84411e1ffffffff,9,0,0,"[0, 255, 0, 100]","[97, 255, 97]"
10126,84411e5ffffffff,26,0,0,"[0, 255, 0, 100]","[97, 255, 97]"
10127,84411ebffffffff,4,0,0,"[0, 255, 0, 100]","[97, 255, 97]"
10128,8441205ffffffff,16,0,0,"[0, 255, 0, 100]","[97, 255, 97]"
10129,844120dffffffff,3,0,0,"[0, 255, 0, 100]","[97, 255, 97]"
10130,8441213ffffffff,15,0,0,"[0, 255, 0, 100]","[97, 255, 97]"
10131,8441251ffffffff,3,0,0,"[0, 255, 0, 100]","[97, 255, 97]"
10132,8441261ffffffff,4,0,0,"[0, 255, 0, 100]","[97, 255, 97]"
10133,8441263ffffffff,27,0,0,"[0, 255, 0, 100]","[97, 255, 97]"
10134,8441269ffffffff,18,0,0,"[0, 255, 0, 100]","[97, 255, 97]"
10135,844126bffffffff,10,0,0,"[0, 255, 0, 100]","[97, 255, 97]"
10136,8441289ffffffff,37,0,0,"[0, 255, 0, 100]","[97, 255, 97]"
10137,844128dffffffff,20,0,0,"[0, 255, 0, 100]","[97, 255, 97]"
10138,8441291ffffffff,51,0,0,"[0, 255, 0, 100]","[97, 255, 97]"
10139,8441299ffffffff,3,0,0,"[0, 255, 0, 100]","[97, 255, 97]"
10140,844129bffffffff,36,0,0,"[0, 255, 0, 100]","[97, 255, 97]"
10141,844129dffffffff,38,0,0,"[0, 255, 0, 100]","[97, 255, 97]"
10142,84412a1ffffffff,55,0,0,"[0, 255, 0, 100]","[97, 255, 97]"
10143,84412a5ffffffff,50,0,0,"[0, 255, 0, 100]","[97, 255, 97]"
10144,84412a9ffffffff,6,0,0,"[0, 255, 0, 100]","[97, 255, 97]"
10145,84412adffffffff,4,0,0,"[0, 255, 0, 100]","[97, 255, 97]"
10146,84412b9ffffffff,1,0,0,"[0, 255, 0, 100]","[97, 255, 97]"
10147,84412bdffffffff,1,0,0,"[0, 255, 0, 100]","[97, 255, 97]"
10148,84412cdffffffff,12,0,0,"[0, 255, 0, 100]","[97, 255, 97]"
10149,84412e1ffffffff,61,0,0,"[0, 255, 0, 100]","[97, 255, 97]"
10150,84412e7ffffffff,1,0,0,"[0, 255, 0, 100]","[97, 255, 97]"
10151,8441311ffffffff,12,0,0,"[0, 255, 0, 100]","[97, 255, 97]"
10152,8441319ffffffff,17,0,0,"[0, 255, 0, 100]","[97, 255, 97]"
10153,8441333ffffffff,40,0,0,"[0, 255, 0, 100]","[97, 255, 97]"
10154,8441337ffffffff,17,0,0,"[0, 255, 0, 100]","[97, 255, 97]"
10155,8441339ffffffff,10,0,0,"[0, 255, 0, 100]","[97, 255, 97]"
10156,844133bffffffff,6,0,0,"[0, 255, 0, 100]","[97, 255, 97]"
10157,844144dffffffff,5,0,0,"[0, 255, 0, 100]","[97, 255, 97]"
10158,8441569ffffffff,79,0,0,"[0, 255, 0, 100]","[97, 255, 97]"
10159,8441609ffffffff,2,0,0,"[0, 255, 0, 100]","[97, 255, 97]"
10160,8441633ffffffff,10,0,0,"[0, 255, 0, 100]","[97, 255, 97]"
10161,8441647ffffffff,12,0,0,"[0, 255, 0, 100]","[97, 255, 97]"
10162,8441653ffffffff,4,0,0,"[0, 255, 0, 100]","[97, 255, 97]"
10163,844166bffffffff,3,0,0,"[0, 255, 0, 100]","[97, 255, 97]"
10164,844166dffffffff,26,0,0,"[0, 255, 0, 100]","[97, 255, 97]"
10165,84416c3ffffffff,19,0,0,"[0, 255, 0, 100]","[97, 255, 97]"
10166,84416c7ffffffff,4,0,0,"[0, 255, 0, 100]","[97, 255, 97]"
10167,84416d1ffffffff,27,0,0,"[0, 255, 0, 100]","[97, 255, 97]"
10168,8441715ffffffff,8,0,0,"[0, 255, 0, 100]","[97, 255, 97]"
10169,8441721ffffffff,39,0,0,"[0, 255, 0, 100]","[97, 255, 97]"
10170,8441723ffffffff,32,0,0,"[0, 255, 0, 100]","[97, 255, 97]"
10171,8441729ffffffff,20,0,0,"[0, 255, 0, 100]","[97, 255, 97]"
10172,8441739ffffffff,21,0,0,"[0, 255, 0, 100]","[97, 255, 97]"
10173,8441751ffffffff,23,0,0,"[0, 255, 0, 100]","[97, 255, 97]"
10174,8441757ffffffff,2,0,0,"[0, 255, 0, 100]","[97, 255, 97]"
10175,8441847ffffffff,2,0,0,"[0, 255, 0, 100]","[97, 255, 97]"
10176,8441849ffffffff,9,0,0,"[0, 255, 0, 100]","[97, 255, 97]"
10177,8441853ffffffff,28,0,0,"[0, 255, 0, 100]","[97, 255, 97]"
10178,8441857ffffffff,34,0,0,"[0, 255, 0, 100]","[97, 255, 97]"
10179,8441891ffffffff,16,0,0,"[0, 255, 0, 100]","[97, 255, 97]"
10180,8441897ffffffff,21,0,0,"[0, 255, 0, 100]","[97, 255, 97]"
10181,84418b5ffffffff,7,0,0,"[0, 255, 0, 100]","[97, 255, 97]"
10182,84418cdffffffff,1,0,0,"[0, 255, 0, 100]","[97, 255, 97]"
10183,84418d3ffffffff,19,0,0,"[0, 255, 0, 100]","[97, 255, 97]"
10184,84418d7ffffffff,4,0,0,"[0, 255, 0, 100]","[97, 255, 97]"
10185,8441921ffffffff,8,0,0,"[0, 255, 0, 100]","[97, 255, 97]"
10186,8441981ffffffff,1,0,0,"[0, 255, 0, 100]","[97, 255, 97]"
10187,8441989ffffffff,3,0,0,"[0, 255, 0, 100]","[97, 255, 97]"
10188,844198bffffffff,22,0,0,"[0, 255, 0, 100]","[97, 255, 97]"
10189,8441995ffffffff,482,0,0,"[0, 255, 0, 100]","[97, 255, 97]"
10190,8441997ffffffff,2,0,0,"[0, 255, 0, 100]","[97, 255, 97]"
10191,84419a3ffffffff,14,0,0,"[0, 255, 0, 100]","[97, 255, 97]"
10192,84419b1ffffffff,4,0,0,"[0, 255, 0, 100]","[97, 255, 97]"
10193,84419b5ffffffff,2,0,0,"[0, 255, 0, 100]","[97, 255, 97]"
10194,84419b9ffffffff,10,0,0,"[0, 255, 0, 100]","[97, 255, 97]"
10195,84419bbffffffff,17,0,0,"[0, 255, 0, 100]","[97, 255, 97]"
10196,84419bdffffffff,56,0,0,"[0, 255, 0, 100]","[97, 255, 97]"
10197,84419c1ffffffff,12,0,0,"[0, 255, 0, 100]","[97, 255, 97]"
10198,84419cbffffffff,1,0,0,"[0, 255, 0, 100]","[97, 255, 97]"
10199,84419d1ffffffff,4,0,0,"[0, 255, 0, 100]","[97, 255, 97]"
10200,84419d9ffffffff,1,0,0,"[0, 255, 0, 100]","[97, 255, 97]"
10201,84419ebffffffff,1,0,0,"[0, 255, 0, 100]","[97, 255, 97]"
10202,8441a0dffffffff,31,0,0,"[0, 255, 0, 100]","[97, 255, 97]"
10203,8441a35ffffffff,4,0,0,"[0, 255, 0, 100]","[97, 255, 97]"
10204,8441a49ffffffff,2,0,0,"[0, 255, 0, 100]","[97, 255, 97]"
10205,8441a55ffffffff,2,0,0,"[0, 255, 0, 100]","[97, 255, 97]"
10206,8441a57ffffffff,15,0,0,"[0, 255, 0, 100]","[97, 255, 97]"
10207,8441aabffffffff,4,0,0,"[0, 255, 0, 100]","[97, 255, 97]"
10208,8441b01ffffffff,4,0,0,"[0, 255, 0, 100]","[97, 255, 97]"
10209,8441b07ffffffff,36,0,0,"[0, 255, 0, 100]","[97, 255, 97]"
10210,8441b29ffffffff,13,0,0,"[0, 255, 0, 100]","[97, 255, 97]"
10211,8441b51ffffffff,30,0,0,"[0, 255, 0, 100]","[97, 255, 97]"
10212,8442013ffffffff,20,0,0,"[0, 255, 0, 100]","[97, 255, 97]"
10213,8442021ffffffff,20,0,0,"[0, 255, 0, 100]","[97, 255, 97]"
10214,8442023ffffffff,16,0,0,"[0, 255, 0, 100]","[97, 255, 97]"
10215,8442031ffffffff,7,0,0,"[0, 255, 0, 100]","[97, 255, 97]"
10216,844203bffffffff,12,0,0,"[0, 255, 0, 100]","[97, 255, 97]"
10217,8442055ffffffff,20,0,0,"[0, 255, 0, 100]","[97, 255, 97]"
10218,8442057ffffffff,12,0,0,"[0, 255, 0, 100]","[97, 255, 97]"
10219,8442081ffffffff,11,0,0,"[0, 255, 0, 100]","[97, 255, 97]"
10220,8442085ffffffff,1,0,0,"[0, 255, 0, 100]","[97, 255, 97]"
10221,8442087ffffffff,27,0,0,"[0, 255, 0, 100]","[97, 255, 97]"
10222,8442089ffffffff,5,0,0,"[0, 255, 0, 100]","[97, 255, 97]"
10223,844208bffffffff,38,0,0,"[0, 255, 0, 100]","[97, 255, 97]"
10224,844208dffffffff,70,0,0,"[0, 255, 0, 100]","[97, 255, 97]"
10225,8442091ffffffff,21,0,0,"[0, 255, 0, 100]","[97, 255, 97]"
10226,8442093ffffffff,24,0,0,"[0, 255, 0, 100]","[97, 255, 97]"
10227,8442099ffffffff,20,0,0,"[0, 255, 0, 100]","[97, 255, 97]"
10228,844209bffffffff,96,0,0,"[0, 255, 0, 100]","[97, 255, 97]"
10229,844209dffffffff,79,0,0,"[0, 255, 0, 100]","[97, 255, 97]"
10230,84420b1ffffffff,25,0,0,"[0, 255, 0, 100]","[97, 255, 97]"
10231,84420b7ffffffff,38,0,0,"[0, 255, 0, 100]","[97, 255, 97]"
10232,84420bdffffffff,42,0,0,"[0, 255, 0, 100]","[97, 255, 97]"
10233,84420c5ffffffff,21,0,0,"[0, 255, 0, 100]","[97, 255, 97]"
10234,84420c7ffffffff,3,0,0,"[0, 255, 0, 100]","[97, 255, 97]"
10235,84420d1ffffffff,2,0,0,"[0, 255, 0, 100]","[97, 255, 97]"
10236,84420d7ffffffff,8,0,0,"[0, 255, 0, 100]","[97, 255, 97]"
10237,84420dbffffffff,12,0,0,"[0, 255, 0, 100]","[97, 255, 97]"
10238,84420e9ffffffff,1,0,0,"[0, 255, 0, 100]","[97, 255, 97]"
10239,84420ebffffffff,36,0,0,"[0, 255, 0, 100]","[97, 255, 97]"
10240,8442127ffffffff,6,0,0,"[0, 255, 0, 100]","[97, 255, 97]"
10241,8442129ffffffff,5,0,0,"[0, 255, 0, 100]","[97, 255, 97]"
10242,844212bffffffff,9,0,0,"[0, 255, 0, 100]","[97, 255, 97]"
10243,8442131ffffffff,18,0,0,"[0, 255, 0, 100]","[97, 255, 97]"
10244,8442137ffffffff,11,0,0,"[0, 255, 0, 100]","[97, 255, 97]"
10245,8442141ffffffff,7,0,0,"[0, 255, 0, 100]","[97, 255, 97]"
10246,8442149ffffffff,3,0,0,"[0, 255, 0, 100]","[97, 255, 97]"
10247,844214dffffffff,10,0,0,"[0, 255, 0, 100]","[97, 255, 97]"
10248,8442151ffffffff,3,0,0,"[0, 255, 0, 100]","[97, 255, 97]"
10249,844215dffffffff,12,0,0,"[0, 255, 0, 100]","[97, 255, 97]"
10250,8442161ffffffff,2,0,0,"[0, 255, 0, 100]","[97, 255, 97]"
10251,8442163ffffffff,2,0,0,"[0, 255, 0, 100]","[97, 255, 97]"
10252,8442169ffffffff,8,0,0,"[0, 255, 0, 100]","[97, 255, 97]"
10253,8442185ffffffff,12,0,0,"[0, 255, 0, 100]","[97, 255, 97]"
10254,844218dffffffff,2,0,0,"[0, 255, 0, 100]","[97, 255, 97]"
10255,8442193ffffffff,11,0,0,"[0, 255, 0, 100]","[97, 255, 97]"
10256,8442195ffffffff,31,0,0,"[0, 255, 0, 100]","[97, 255, 97]"
10257,8442197ffffffff,26,0,0,"[0, 255, 0, 100]","[97, 255, 97]"
10258,844219dffffffff,11,0,0,"[0, 255, 0, 100]","[97, 255, 97]"
10259,84421a5ffffffff,21,0,0,"[0, 255, 0, 100]","[97, 255, 97]"
10260,84421a7ffffffff,54,0,0,"[0, 255, 0, 100]","[97, 255, 97]"
10261,84421b7ffffffff,1,0,0,"[0, 255, 0, 100]","[97, 255, 97]"
10262,84421b9ffffffff,2,0,0,"[0, 255, 0, 100]","[97, 255, 97]"
10263,84421bbffffffff,20,0,0,"[0, 255, 0, 100]","[97, 255, 97]"
10264,84421c1ffffffff,2,0,0,"[0, 255, 0, 100]","[97, 255, 97]"
10265,84421cdffffffff,4,0,0,"[0, 255, 0, 100]","[97, 255, 97]"
10266,84421e9ffffffff,1,0,0,"[0, 255, 0, 100]","[97, 255, 97]"
10267,84421ebffffffff,1,0,0,"[0, 255, 0, 100]","[97, 255, 97]"
10268,8442219ffffffff,6,0,0,"[0, 255, 0, 100]","[97, 255, 97]"
10269,8442227ffffffff,1,0,0,"[0, 255, 0, 100]","[97, 255, 97]"
10270,8442241ffffffff,3,0,0,"[0, 255, 0, 100]","[97, 255, 97]"
10271,844224dffffffff,2,0,0,"[0, 255, 0, 100]","[97, 255, 97]"
10272,8442253ffffffff,9,0,0,"[0, 255, 0, 100]","[97, 255, 97]"
10273,8442257ffffffff,6,0,0,"[0, 255, 0, 100]","[97, 255, 97]"
10274,8442295ffffffff,31,0,0,"[0, 255, 0, 100]","[97, 255, 97]"
10275,84422c1ffffffff,1,0,0,"[0, 255, 0, 100]","[97, 255, 97]"
10276,84422c7ffffffff,1,0,0,"[0, 255, 0, 100]","[97, 255, 97]"
10277,844231bffffffff,1,0,0,"[0, 255, 0, 100]","[97, 255, 97]"
10278,8442325ffffffff,1,0,0,"[0, 255, 0, 100]","[97, 255, 97]"
10279,8442327ffffffff,14,0,0,"[0, 255, 0, 100]","[97, 255, 97]"
10280,844232dffffffff,7,0,0,"[0, 255, 0, 100]","[97, 255, 97]"
10281,8442351ffffffff,1,0,0,"[0, 255, 0, 100]","[97, 255, 97]"
10282,844235dffffffff,12,0,0,"[0, 255, 0, 100]","[97, 255, 97]"
10283,8442403ffffffff,29,0,0,"[0, 255, 0, 100]","[97, 255, 97]"
10284,8442405ffffffff,13,0,0,"[0, 255, 0, 100]","[97, 255, 97]"
10285,8442407ffffffff,20,0,0,"[0, 255, 0, 100]","[97, 255, 97]"
10286,8442415ffffffff,12,0,0,"[0, 255, 0, 100]","[97, 255, 97]"
10287,8442417ffffffff,27,0,0,"[0, 255, 0, 100]","[97, 255, 97]"
10288,8442423ffffffff,5,0,0,"[0, 255, 0, 100]","[97, 255, 97]"
10289,8442425ffffffff,28,0,0,"[0, 255, 0, 100]","[97, 255, 97]"
10290,8442427ffffffff,7,0,0,"[0, 255, 0, 100]","[97, 255, 97]"
10291,8442429ffffffff,9,0,0,"[0, 255, 0, 100]","[97, 255, 97]"
10292,844242bffffffff,2,0,0,"[0, 255, 0, 100]","[97, 255, 97]"
10293,844242dffffffff,13,0,0,"[0, 255, 0, 100]","[97, 255, 97]"
10294,8442439ffffffff,5,0,0,"[0, 255, 0, 100]","[97, 255, 97]"
10295,844243bffffffff,16,0,0,"[0, 255, 0, 100]","[97, 255, 97]"
10296,844243dffffffff,20,0,0,"[0, 255, 0, 100]","[97, 255, 97]"
10297,8442441ffffffff,5,0,0,"[0, 255, 0, 100]","[97, 255, 97]"
10298,8442449ffffffff,26,0,0,"[0, 255, 0, 100]","[97, 255, 97]"
10299,844244bffffffff,6,0,0,"[0, 255, 0, 100]","[97, 255, 97]"
10300,8442483ffffffff,29,0,0,"[0, 255, 0, 100]","[97, 255, 97]"
10301,8442491ffffffff,22,0,0,"[0, 255, 0, 100]","[97, 255, 97]"
10302,8442495ffffffff,22,0,0,"[0, 255, 0, 100]","[97, 255, 97]"
10303,8442499ffffffff,44,0,0,"[0, 255, 0, 100]","[97, 255, 97]"
10304,844249bffffffff,1,0,0,"[0, 255, 0, 100]","[97, 255, 97]"
10305,84424b1ffffffff,6,0,0,"[0, 255, 0, 100]","[97, 255, 97]"
10306,84424bbffffffff,49,0,0,"[0, 255, 0, 100]","[97, 255, 97]"
10307,84424c3ffffffff,10,0,0,"[0, 255, 0, 100]","[97, 255, 97]"
10308,84424c5ffffffff,5,0,0,"[0, 255, 0, 100]","[97, 255, 97]"
10309,84424c7ffffffff,8,0,0,"[0, 255, 0, 100]","[97, 255, 97]"
10310,84424cbffffffff,66,0,0,"[0, 255, 0, 100]","[97, 255, 97]"
10311,84424d1ffffffff,14,0,0,"[0, 255, 0, 100]","[97, 255, 97]"
10312,84424d3ffffffff,96,0,0,"[0, 255, 0, 100]","[97, 255, 97]"
10313,84424d7ffffffff,4,0,0,"[0, 255, 0, 100]","[97, 255, 97]"
10314,84424dbffffffff,18,0,0,"[0, 255, 0, 100]","[97, 255, 97]"
10315,84424e9ffffffff,41,0,0,"[0, 255, 0, 100]","[97, 255, 97]"
10316,84424ebffffffff,3,0,0,"[0, 255, 0, 100]","[97, 255, 97]"
10317,8442501ffffffff,33,0,0,"[0, 255, 0, 100]","[97, 255, 97]"
10318,8442505ffffffff,23,0,0,"[0, 255, 0, 100]","[97, 255, 97]"
10319,844250bffffffff,25,0,0,"[0, 255, 0, 100]","[97, 255, 97]"
10320,8442519ffffffff,27,0,0,"[0, 255, 0, 100]","[97, 255, 97]"
10321,844251bffffffff,84,0,0,"[0, 255, 0, 100]","[97, 255, 97]"
10322,8442541ffffffff,17,0,0,"[0, 255, 0, 100]","[97, 255, 97]"
10323,8442543ffffffff,1,0,0,"[0, 255, 0, 100]","[97, 255, 97]"
10324,8442545ffffffff,62,0,0,"[0, 255, 0, 100]","[97, 255, 97]"
10325,8442547ffffffff,37,0,0,"[0, 255, 0, 100]","[97, 255, 97]"
10326,844254dffffffff,9,0,0,"[0, 255, 0, 100]","[97, 255, 97]"
10327,8442551ffffffff,20,0,0,"[0, 255, 0, 100]","[97, 255, 97]"
10328,8442553ffffffff,27,0,0,"[0, 255, 0, 100]","[97, 255, 97]"
10329,8442555ffffffff,29,0,0,"[0, 255, 0, 100]","[97, 255, 97]"
10330,8442557ffffffff,14,0,0,"[0, 255, 0, 100]","[97, 255, 97]"
10331,8442559ffffffff,18,0,0,"[0, 255, 0, 100]","[97, 255, 97]"
10332,844255dffffffff,32,0,0,"[0, 255, 0, 100]","[97, 255, 97]"
10333,8442563ffffffff,8,0,0,"[0, 255, 0, 100]","[97, 255, 97]"
10334,8442565ffffffff,17,0,0,"[0, 255, 0, 100]","[97, 255, 97]"
10335,8442567ffffffff,1,0,0,"[0, 255, 0, 100]","[97, 255, 97]"
10336,8442591ffffffff,15,0,0,"[0, 255, 0, 100]","[97, 255, 97]"
10337,8442593ffffffff,6,0,0,"[0, 255, 0, 100]","[97, 255, 97]"
10338,8442599ffffffff,5,0,0,"[0, 255, 0, 100]","[97, 255, 97]"
10339,844259dffffffff,8,0,0,"[0, 255, 0, 100]","[97, 255, 97]"
10340,84425b5ffffffff,37,0,0,"[0, 255, 0, 100]","[97, 255, 97]"
10341,84425b7ffffffff,27,0,0,"[0, 255, 0, 100]","[97, 255, 97]"
10342,84425bdffffffff,11,0,0,"[0, 255, 0, 100]","[97, 255, 97]"
10343,84425c3ffffffff,6,0,0,"[0, 255, 0, 100]","[97, 255, 97]"
10344,84425c9ffffffff,4,0,0,"[0, 255, 0, 100]","[97, 255, 97]"
10345,84425cdffffffff,3,0,0,"[0, 255, 0, 100]","[97, 255, 97]"
10346,84425d7ffffffff,25,0,0,"[0, 255, 0, 100]","[97, 255, 97]"
10347,8442617ffffffff,18,0,0,"[0, 255, 0, 100]","[97, 255, 97]"
10348,8442623ffffffff,1,0,0,"[0, 255, 0, 100]","[97, 255, 97]"
10349,8442625ffffffff,15,0,0,"[0, 255, 0, 100]","[97, 255, 97]"
10350,8442627ffffffff,91,0,0,"[0, 255, 0, 100]","[97, 255, 97]"
10351,8442631ffffffff,6,0,0,"[0, 255, 0, 100]","[97, 255, 97]"
10352,8442633ffffffff,8,0,0,"[0, 255, 0, 100]","[97, 255, 97]"
10353,844263bffffffff,9,0,0,"[0, 255, 0, 100]","[97, 255, 97]"
10354,844263dffffffff,9,0,0,"[0, 255, 0, 100]","[97, 255, 97]"
10355,8442681ffffffff,14,0,0,"[0, 255, 0, 100]","[97, 255, 97]"
10356,844268dffffffff,4,0,0,"[0, 255, 0, 100]","[97, 255, 97]"
10357,8442691ffffffff,19,0,0,"[0, 255, 0, 100]","[97, 255, 97]"
10358,8442695ffffffff,35,0,0,"[0, 255, 0, 100]","[97, 255, 97]"
10359,8442697ffffffff,40,0,0,"[0, 255, 0, 100]","[97, 255, 97]"
10360,8442699ffffffff,159,0,0,"[0, 255, 0, 100]","[97, 255, 97]"
10361,844269dffffffff,7,0,0,"[0, 255, 0, 100]","[97, 255, 97]"
10362,84426b3ffffffff,44,0,0,"[0, 255, 0, 100]","[97, 255, 97]"
10363,84426bbffffffff,34,0,0,"[0, 255, 0, 100]","[97, 255, 97]"
10364,84426c1ffffffff,27,0,0,"[0, 255, 0, 100]","[97, 255, 97]"
10365,84426c3ffffffff,43,0,0,"[0, 255, 0, 100]","[97, 255, 97]"
10366,84426c5ffffffff,90,0,0,"[0, 255, 0, 100]","[97, 255, 97]"
10367,84426c9ffffffff,13,0,0,"[0, 255, 0, 100]","[97, 255, 97]"
10368,84426d5ffffffff,32,0,0,"[0, 255, 0, 100]","[97, 255, 97]"
10369,84426d7ffffffff,17,0,0,"[0, 255, 0, 100]","[97, 255, 97]"
10370,84426d9ffffffff,13,0,0,"[0, 255, 0, 100]","[97, 255, 97]"
10371,84426ddffffffff,9,0,0,"[0, 255, 0, 100]","[97, 255, 97]"
10372,84426e1ffffffff,22,0,0,"[0, 255, 0, 100]","[97, 255, 97]"
10373,84426e3ffffffff,6,0,0,"[0, 255, 0, 100]","[97, 255, 97]"
10374,84426e7ffffffff,8,0,0,"[0, 255, 0, 100]","[97, 255, 97]"
10375,84426e9ffffffff,48,0,0,"[0, 255, 0, 100]","[97, 255, 97]"
10376,84426edffffffff,103,0,0,"[0, 255, 0, 100]","[97, 255, 97]"
10377,8442707ffffffff,9,0,0,"[0, 255, 0, 100]","[97, 255, 97]"
10378,844270bffffffff,1,0,0,"[0, 255, 0, 100]","[97, 255, 97]"
10379,844270dffffffff,5,0,0,"[0, 255, 0, 100]","[97, 255, 97]"
10380,8442719ffffffff,34,0,0,"[0, 255, 0, 100]","[97, 255, 97]"
10381,844271bffffffff,31,0,0,"[0, 255, 0, 100]","[97, 255, 97]"
10382,844271dffffffff,29,0,0,"[0, 255, 0, 100]","[97, 255, 97]"
10383,8442723ffffffff,55,0,0,"[0, 255, 0, 100]","[97, 255, 97]"
10384,8442727ffffffff,14,0,0,"[0, 255, 0, 100]","[97, 255, 97]"
10385,844272dffffffff,73,0,0,"[0, 255, 0, 100]","[97, 255, 97]"
10386,8442733ffffffff,33,0,0,"[0, 255, 0, 100]","[97, 255, 97]"
10387,8442735ffffffff,20,0,0,"[0, 255, 0, 100]","[97, 255, 97]"
10388,8442737ffffffff,2,0,0,"[0, 255, 0, 100]","[97, 255, 97]"
10389,844273dffffffff,23,0,0,"[0, 255, 0, 100]","[97, 255, 97]"
10390,8442753ffffffff,7,0,0,"[0, 255, 0, 100]","[97, 255, 97]"
10391,8442761ffffffff,13,0,0,"[0, 255, 0, 100]","[97, 255, 97]"
10392,8442763ffffffff,28,0,0,"[0, 255, 0, 100]","[97, 255, 97]"
10393,844276bffffffff,18,0,0,"[0, 255, 0, 100]","[97, 255, 97]"
10394,844276dffffffff,4,0,0,"[0, 255, 0, 100]","[97, 255, 97]"
10395,8442805ffffffff,2,0,0,"[0, 255, 0, 100]","[97, 255, 97]"
10396,8442807ffffffff,4,0,0,"[0, 255, 0, 100]","[97, 255, 97]"
10397,844280dffffffff,16,0,0,"[0, 255, 0, 100]","[97, 255, 97]"
10398,8442811ffffffff,4,0,0,"[0, 255, 0, 100]","[97, 255, 97]"
10399,8442819ffffffff,5,0,0,"[0, 255, 0, 100]","[97, 255, 97]"
10400,844283dffffffff,6,0,0,"[0, 255, 0, 100]","[97, 255, 97]"
10401,8442847ffffffff,3,0,0,"[0, 255, 0, 100]","[97, 255, 97]"
10402,8442849ffffffff,2,0,0,"[0, 255, 0, 100]","[97, 255, 97]"
10403,8442851ffffffff,15,0,0,"[0, 255, 0, 100]","[97, 255, 97]"
10404,8442857ffffffff,3,0,0,"[0, 255, 0, 100]","[97, 255, 97]"
10405,8442859ffffffff,15,0,0,"[0, 255, 0, 100]","[97, 255, 97]"
10406,8442865ffffffff,1,0,0,"[0, 255, 0, 100]","[97, 255, 97]"
10407,844286dffffffff,3,0,0,"[0, 255, 0, 100]","[97, 255, 97]"
10408,8442889ffffffff,14,0,0,"[0, 255, 0, 100]","[97, 255, 97]"
10409,8442899ffffffff,3,0,0,"[0, 255, 0, 100]","[97, 255, 97]"
10410,844289bffffffff,17,0,0,"[0, 255, 0, 100]","[97, 255, 97]"
10411,84428a1ffffffff,7,0,0,"[0, 255, 0, 100]","[97, 255, 97]"
10412,84428a7ffffffff,13,0,0,"[0, 255, 0, 100]","[97, 255, 97]"
10413,84428b1ffffffff,20,0,0,"[0, 255, 0, 100]","[97, 255, 97]"
10414,84428b3ffffffff,16,0,0,"[0, 255, 0, 100]","[97, 255, 97]"
10415,84428b9ffffffff,2,0,0,"[0, 255, 0, 100]","[97, 255, 97]"
10416,84428c1ffffffff,4,0,0,"[0, 255, 0, 100]","[97, 255, 97]"
10417,84428c3ffffffff,17,0,0,"[0, 255, 0, 100]","[97, 255, 97]"
10418,84428d3ffffffff,73,0,0,"[0, 255, 0, 100]","[97, 255, 97]"
10419,84428dbffffffff,11,0,0,"[0, 255, 0, 100]","[97, 255, 97]"
10420,84428e1ffffffff,36,0,0,"[0, 255, 0, 100]","[97, 255, 97]"
10421,84428e7ffffffff,35,0,0,"[0, 255, 0, 100]","[97, 255, 97]"
10422,8442903ffffffff,4,0,0,"[0, 255, 0, 100]","[97, 255, 97]"
10423,844290bffffffff,8,0,0,"[0, 255, 0, 100]","[97, 255, 97]"
10424,844291bffffffff,9,0,0,"[0, 255, 0, 100]","[97, 255, 97]"
10425,8442963ffffffff,2,0,0,"[0, 255, 0, 100]","[97, 255, 97]"
10426,8442983ffffffff,82,0,0,"[0, 255, 0, 100]","[97, 255, 97]"
10427,8442989ffffffff,2,0,0,"[0, 255, 0, 100]","[97, 255, 97]"
10428,844298bffffffff,19,0,0,"[0, 255, 0, 100]","[97, 255, 97]"
10429,84429a1ffffffff,7,0,0,"[0, 255, 0, 100]","[97, 255, 97]"
10430,84429b1ffffffff,1,0,0,"[0, 255, 0, 100]","[97, 255, 97]"
10431,84429b3ffffffff,16,0,0,"[0, 255, 0, 100]","[97, 255, 97]"
10432,84429b9ffffffff,44,0,0,"[0, 255, 0, 100]","[97, 255, 97]"
10433,84429bbffffffff,16,0,0,"[0, 255, 0, 100]","[97, 255, 97]"
10434,84429c3ffffffff,2,0,0,"[0, 255, 0, 100]","[97, 255, 97]"
10435,84429cbffffffff,3,0,0,"[0, 255, 0, 100]","[97, 255, 97]"
10436,84429d5ffffffff,23,0,0,"[0, 255, 0, 100]","[97, 255, 97]"
10437,8442a19ffffffff,1,0,0,"[0, 255, 0, 100]","[97, 255, 97]"
10438,8442a27ffffffff,6,0,0,"[0, 255, 0, 100]","[97, 255, 97]"
10439,8442a29ffffffff,18,0,0,"[0, 255, 0, 100]","[97, 255, 97]"
10440,8442a37ffffffff,3,0,0,"[0, 255, 0, 100]","[97, 255, 97]"
10441,8442a45ffffffff,10,0,0,"[0, 255, 0, 100]","[97, 255, 97]"
10442,8442a49ffffffff,4,0,0,"[0, 255, 0, 100]","[97, 255, 97]"
10443,8442a4dffffffff,1,0,0,"[0, 255, 0, 100]","[97, 255, 97]"
10444,8442a63ffffffff,28,0,0,"[0, 255, 0, 100]","[97, 255, 97]"
10445,8442a6bffffffff,10,0,0,"[0, 255, 0, 100]","[97, 255, 97]"
10446,8442a81ffffffff,6,0,0,"[0, 255, 0, 100]","[97, 255, 97]"
10447,8442a83ffffffff,6,0,0,"[0, 255, 0, 100]","[97, 255, 97]"
10448,8442a89ffffffff,39,0,0,"[0, 255, 0, 100]","[97, 255, 97]"
10449,8442a93ffffffff,22,0,0,"[0, 255, 0, 100]","[97, 255, 97]"
10450,8442aa1ffffffff,14,0,0,"[0, 255, 0, 100]","[97, 255, 97]"
10451,8442aa3ffffffff,12,0,0,"[0, 255, 0, 100]","[97, 255, 97]"
10452,8442aa9ffffffff,5,0,0,"[0, 255, 0, 100]","[97, 255, 97]"
10453,8442ab1ffffffff,37,0,0,"[0, 255, 0, 100]","[97, 255, 97]"
10454,8442ab3ffffffff,27,0,0,"[0, 255, 0, 100]","[97, 255, 97]"
10455,8442ab9ffffffff,15,0,0,"[0, 255, 0, 100]","[97, 255, 97]"
10456,8442abbffffffff,25,0,0,"[0, 255, 0, 100]","[97, 255, 97]"
10457,8442ac3ffffffff,1,0,0,"[0, 255, 0, 100]","[97, 255, 97]"
10458,8442ac9ffffffff,4,0,0,"[0, 255, 0, 100]","[97, 255, 97]"
10459,8442ad3ffffffff,2,0,0,"[0, 255, 0, 100]","[97, 255, 97]"
10460,8442ad9ffffffff,11,0,0,"[0, 255, 0, 100]","[97, 255, 97]"
10461,8442b19ffffffff,4,0,0,"[0, 255, 0, 100]","[97, 255, 97]"
10462,8442b51ffffffff,24,0,0,"[0, 255, 0, 100]","[97, 255, 97]"
10463,8442b59ffffffff,16,0,0,"[0, 255, 0, 100]","[97, 255, 97]"
10464,8442c01ffffffff,20,0,0,"[0, 255, 0, 100]","[97, 255, 97]"
10465,8442c03ffffffff,8,0,0,"[0, 255, 0, 100]","[97, 255, 97]"
10466,8442c09ffffffff,32,0,0,"[0, 255, 0, 100]","[97, 255, 97]"
10467,8442c0bffffffff,17,0,0,"[0, 255, 0, 100]","[97, 255, 97]"
10468,8442c0dffffffff,10,0,0,"[0, 255, 0, 100]","[97, 255, 97]"
10469,8442c45ffffffff,39,0,0,"[0, 255, 0, 100]","[97, 255, 97]"
10470,8442c47ffffffff,41,0,0,"[0, 255, 0, 100]","[97, 255, 97]"
10471,8442c4dffffffff,28,0,0,"[0, 255, 0, 100]","[97, 255, 97]"
10472,8442c59ffffffff,6,0,0,"[0, 255, 0, 100]","[97, 255, 97]"
10473,8442c5bffffffff,2,0,0,"[0, 255, 0, 100]","[97, 255, 97]"
10474,8442c81ffffffff,5,0,0,"[0, 255, 0, 100]","[97, 255, 97]"
10475,8442c83ffffffff,2,0,0,"[0, 255, 0, 100]","[97, 255, 97]"
10476,8442c89ffffffff,15,0,0,"[0, 255, 0, 100]","[97, 255, 97]"
10477,8442c8bffffffff,15,0,0,"[0, 255, 0, 100]","[97, 255, 97]"
10478,8442c8dffffffff,15,0,0,"[0, 255, 0, 100]","[97, 255, 97]"
10479,8442c91ffffffff,4,0,0,"[0, 255, 0, 100]","[97, 255, 97]"
10480,8442c95ffffffff,5,0,0,"[0, 255, 0, 100]","[97, 255, 97]"
10481,8442c97ffffffff,5,0,0,"[0, 255, 0, 100]","[97, 255, 97]"
10482,8442c99ffffffff,1,0,0,"[0, 255, 0, 100]","[97, 255, 97]"
10483,8442ca1ffffffff,37,0,0,"[0, 255, 0, 100]","[97, 255, 97]"
10484,8442ca3ffffffff,58,0,0,"[0, 255, 0, 100]","[97, 255, 97]"
10485,8442ca5ffffffff,1,0,0,"[0, 255, 0, 100]","[97, 255, 97]"
10486,8442ca7ffffffff,5,0,0,"[0, 255, 0, 100]","[97, 255, 97]"
10487,8442ca9ffffffff,18,0,0,"[0, 255, 0, 100]","[97, 255, 97]"
10488,8442cabffffffff,1,0,0,"[0, 255, 0, 100]","[97, 255, 97]"
10489,8442cadffffffff,7,0,0,"[0, 255, 0, 100]","[97, 255, 97]"
10490,8442cb3ffffffff,4,0,0,"[0, 255, 0, 100]","[97, 255, 97]"
10491,8442cb9ffffffff,6,0,0,"[0, 255, 0, 100]","[97, 255, 97]"
10492,8442cbbffffffff,16,0,0,"[0, 255, 0, 100]","[97, 255, 97]"
10493,8442cbdffffffff,40,0,0,"[0, 255, 0, 100]","[97, 255, 97]"
10494,8442cc5ffffffff,1,0,0,"[0, 255, 0, 100]","[97, 255, 97]"
10495,8442cc7ffffffff,246,0,0,"[0, 255, 0, 100]","[97, 255, 97]"
10496,8442ccbffffffff,10,0,0,"[0, 255, 0, 100]","[97, 255, 97]"
10497,8442cd1ffffffff,11,0,0,"[0, 255, 0, 100]","[97, 255, 97]"
10498,8442cd5ffffffff,48,0,0,"[0, 255, 0, 100]","[97, 255, 97]"
10499,8442cd7ffffffff,36,0,0,"[0, 255, 0, 100]","[97, 255, 97]"
10500,8442cd9ffffffff,8,0,0,"[0, 255, 0, 100]","[97, 255, 97]"
10501,8442cdbffffffff,8,0,0,"[0, 255, 0, 100]","[97, 255, 97]"
10502,8442cddffffffff,4,0,0,"[0, 255, 0, 100]","[97, 255, 97]"
10503,8442ce7ffffffff,12,0,0,"[0, 255, 0, 100]","[97, 255, 97]"
10504,8442cebffffffff,17,0,0,"[0, 255, 0, 100]","[97, 255, 97]"
10505,8442d05ffffffff,4,0,0,"[0, 255, 0, 100]","[97, 255, 97]"
10506,8442d11ffffffff,16,0,0,"[0, 255, 0, 100]","[97, 255, 97]"
10507,8442d13ffffffff,16,0,0,"[0, 255, 0, 100]","[97, 255, 97]"
10508,8442d17ffffffff,54,0,0,"[0, 255, 0, 100]","[97, 255, 97]"
10509,8442d19ffffffff,2,0,0,"[0, 255, 0, 100]","[97, 255, 97]"
10510,8442d1bffffffff,54,0,0,"[0, 255, 0, 100]","[97, 255, 97]"
10511,8442d23ffffffff,30,0,0,"[0, 255, 0, 100]","[97, 255, 97]"
10512,8442d29ffffffff,8,0,0,"[0, 255, 0, 100]","[97, 255, 97]"
10513,8442d2bffffffff,22,0,0,"[0, 255, 0, 100]","[97, 255, 97]"
10514,8442d31ffffffff,56,0,0,"[0, 255, 0, 100]","[97, 255, 97]"
10515,8442d35ffffffff,56,0,0,"[0, 255, 0, 100]","[97, 255, 97]"
10516,8442d37ffffffff,9,0,0,"[0, 255, 0, 100]","[97, 255, 97]"
10517,8442d45ffffffff,61,0,0,"[0, 255, 0, 100]","[97, 255, 97]"
10518,8442d47ffffffff,5,0,0,"[0, 255, 0, 100]","[97, 255, 97]"
10519,8442d4dffffffff,72,0,0,"[0, 255, 0, 100]","[97, 255, 97]"
10520,8442d63ffffffff,36,0,0,"[0, 255, 0, 100]","[97, 255, 97]"
10521,8442d69ffffffff,10,0,0,"[0, 255, 0, 100]","[97, 255, 97]"
10522,8442d6bffffffff,62,0,0,"[0, 255, 0, 100]","[97, 255, 97]"
10523,8442d87ffffffff,1,0,0,"[0, 255, 0, 100]","[97, 255, 97]"
10524,8442d97ffffffff,12,0,0,"[0, 255, 0, 100]","[97, 255, 97]"
10525,8442d99ffffffff,1,0,0,"[0, 255, 0, 100]","[97, 255, 97]"
10526,8442d9bffffffff,15,0,0,"[0, 255, 0, 100]","[97, 255, 97]"
10527,8442d9dffffffff,36,0,0,"[0, 255, 0, 100]","[97, 255, 97]"
10528,8442da1ffffffff,1,0,0,"[0, 255, 0, 100]","[97, 255, 97]"
10529,8442da5ffffffff,72,0,0,"[0, 255, 0, 100]","[97, 255, 97]"
10530,8442da7ffffffff,83,0,0,"[0, 255, 0, 100]","[97, 255, 97]"
10531,8442da9ffffffff,28,0,0,"[0, 255, 0, 100]","[97, 255, 97]"
10532,8442dabffffffff,2,0,0,"[0, 255, 0, 100]","[97, 255, 97]"
10533,8442dadffffffff,91,0,0,"[0, 255, 0, 100]","[97, 255, 97]"
10534,8442db1ffffffff,23,0,0,"[0, 255, 0, 100]","[97, 255, 97]"
10535,8442db3ffffffff,57,0,0,"[0, 255, 0, 100]","[97, 255, 97]"
10536,8442db5ffffffff,24,0,0,"[0, 255, 0, 100]","[97, 255, 97]"
10537,8442db7ffffffff,49,0,0,"[0, 255, 0, 100]","[97, 255, 97]"
10538,8442db9ffffffff,9,0,0,"[0, 255, 0, 100]","[97, 255, 97]"
10539,8442dbbffffffff,11,0,0,"[0, 255, 0, 100]","[97, 255, 97]"
10540,8442dbdffffffff,12,0,0,"[0, 255, 0, 100]","[97, 255, 97]"
10541,8442dd1ffffffff,7,0,0,"[0, 255, 0, 100]","[97, 255, 97]"
10542,8442de1ffffffff,22,0,0,"[0, 255, 0, 100]","[97, 255, 97]"
10543,8442de3ffffffff,9,0,0,"[0, 255, 0, 100]","[97, 255, 97]"
10544,8442de5ffffffff,21,0,0,"[0, 255, 0, 100]","[97, 255, 97]"
10545,8442de9ffffffff,72,0,0,"[0, 255, 0, 100]","[97, 255, 97]"
10546,8442e09ffffffff,5,0,0,"[0, 255, 0, 100]","[97, 255, 97]"
10547,8442e31ffffffff,1,0,0,"[0, 255, 0, 100]","[97, 255, 97]"
10548,8442e33ffffffff,2,0,0,"[0, 255, 0, 100]","[97, 255, 97]"
10549,8442e37ffffffff,9,0,0,"[0, 255, 0, 100]","[97, 255, 97]"
10550,8442e3dffffffff,40,0,0,"[0, 255, 0, 100]","[97, 255, 97]"
10551,8442e43ffffffff,17,0,0,"[0, 255, 0, 100]","[97, 255, 97]"
10552,8442e45ffffffff,42,0,0,"[0, 255, 0, 100]","[97, 255, 97]"
10553,8442e47ffffffff,9,0,0,"[0, 255, 0, 100]","[97, 255, 97]"
10554,8442e51ffffffff,17,0,0,"[0, 255, 0, 100]","[97, 255, 97]"
10555,8442e53ffffffff,43,0,0,"[0, 255, 0, 100]","[97, 255, 97]"
10556,8442e59ffffffff,33,0,0,"[0, 255, 0, 100]","[97, 255, 97]"
10557,8442e5dffffffff,12,0,0,"[0, 255, 0, 100]","[97, 255, 97]"
10558,8442e61ffffffff,12,0,0,"[0, 255, 0, 100]","[97, 255, 97]"
10559,8442e6dffffffff,10,0,0,"[0, 255, 0, 100]","[97, 255, 97]"
10560,8442e81ffffffff,17,0,0,"[0, 255, 0, 100]","[97, 255, 97]"
10561,8442e87ffffffff,3,0,0,"[0, 255, 0, 100]","[97, 255, 97]"
10562,8442eb3ffffffff,10,0,0,"[0, 255, 0, 100]","[97, 255, 97]"
10563,8442eb9ffffffff,6,0,0,"[0, 255, 0, 100]","[97, 255, 97]"
10564,8442f05ffffffff,46,0,0,"[0, 255, 0, 100]","[97, 255, 97]"
10565,8442f11ffffffff,1,0,0,"[0, 255, 0, 100]","[97, 255, 97]"
10566,8442f13ffffffff,29,0,0,"[0, 255, 0, 100]","[97, 255, 97]"
10567,8442f19ffffffff,58,0,0,"[0, 255, 0, 100]","[97, 255, 97]"
10568,8442f1bffffffff,2,0,0,"[0, 255, 0, 100]","[97, 255, 97]"
10569,8442f25ffffffff,5,0,0,"[0, 255, 0, 100]","[97, 255, 97]"
10570,8442f2bffffffff,28,0,0,"[0, 255, 0, 100]","[97, 255, 97]"
10571,8442f33ffffffff,15,0,0,"[0, 255, 0, 100]","[97, 255, 97]"
10572,8442f35ffffffff,17,0,0,"[0, 255, 0, 100]","[97, 255, 97]"
10573,8442f3dffffffff,11,0,0,"[0, 255, 0, 100]","[97, 255, 97]"
10574,8442f43ffffffff,14,0,0,"[0, 255, 0, 100]","[97, 255, 97]"
10575,8442f45ffffffff,5,0,0,"[0, 255, 0, 100]","[97, 255, 97]"
10576,8442f49ffffffff,14,0,0,"[0, 255, 0, 100]","[97, 255, 97]"
10577,8442f4bffffffff,36,0,0,"[0, 255, 0, 100]","[97, 255, 97]"
10578,8442f4dffffffff,4,0,0,"[0, 255, 0, 100]","[97, 255, 97]"
10579,8442f55ffffffff,3,0,0,"[0, 255, 0, 100]","[97, 255, 97]"
10580,8442f57ffffffff,2,0,0,"[0, 255, 0, 100]","[97, 255, 97]"
10581,8442f63ffffffff,3,0,0,"[0, 255, 0, 100]","[97, 255, 97]"
10582,8443023ffffffff,6,0,0,"[0, 255, 0, 100]","[97, 255, 97]"
10583,844303dffffffff,1,0,0,"[0, 255, 0, 100]","[97, 255, 97]"
10584,84430d9ffffffff,1,0,0,"[0, 255, 0, 100]","[97, 255, 97]"
10585,8443107ffffffff,23,0,0,"[0, 255, 0, 100]","[97, 255, 97]"
10586,8443125ffffffff,60,0,0,"[0, 255, 0, 100]","[97, 255, 97]"
10587,8443127ffffffff,18,0,0,"[0, 255, 0, 100]","[97, 255, 97]"
10588,844312dffffffff,18,0,0,"[0, 255, 0, 100]","[97, 255, 97]"
10589,8443133ffffffff,12,0,0,"[0, 255, 0, 100]","[97, 255, 97]"
10590,8443135ffffffff,24,0,0,"[0, 255, 0, 100]","[97, 255, 97]"
10591,8443137ffffffff,30,0,0,"[0, 255, 0, 100]","[97, 255, 97]"
10592,844313bffffffff,3,0,0,"[0, 255, 0, 100]","[97, 255, 97]"
10593,844313dffffffff,5,0,0,"[0, 255, 0, 100]","[97, 255, 97]"
10594,8443157ffffffff,7,0,0,"[0, 255, 0, 100]","[97, 255, 97]"
10595,8443161ffffffff,5,0,0,"[0, 255, 0, 100]","[97, 255, 97]"
10596,8443163ffffffff,12,0,0,"[0, 255, 0, 100]","[97, 255, 97]"
10597,8443167ffffffff,4,0,0,"[0, 255, 0, 100]","[97, 255, 97]"
10598,844316dffffffff,1,0,0,"[0, 255, 0, 100]","[97, 255, 97]"
10599,84431a1ffffffff,2,0,0,"[0, 255, 0, 100]","[97, 255, 97]"
10600,84431a3ffffffff,23,0,0,"[0, 255, 0, 100]","[97, 255, 97]"
10601,84431a9ffffffff,4,0,0,"[0, 255, 0, 100]","[97, 255, 97]"
10602,84431abffffffff,5,0,0,"[0, 255, 0, 100]","[97, 255, 97]"
10603,84431c1ffffffff,9,0,0,"[0, 255, 0, 100]","[97, 255, 97]"
10604,84431c3ffffffff,3,0,0,"[0, 255, 0, 100]","[97, 255, 97]"
10605,84431c5ffffffff,21,0,0,"[0, 255, 0, 100]","[97, 255, 97]"
10606,84431c9ffffffff,40,0,0,"[0, 255, 0, 100]","[97, 255, 97]"
10607,84431cbffffffff,5,0,0,"[0, 255, 0, 100]","[97, 255, 97]"
10608,84431cdffffffff,18,0,0,"[0, 255, 0, 100]","[97, 255, 97]"
10609,84431e5ffffffff,1,0,0,"[0, 255, 0, 100]","[97, 255, 97]"
10610,84431ebffffffff,1,0,0,"[0, 255, 0, 100]","[97, 255, 97]"
10611,844320dffffffff,2,0,0,"[0, 255, 0, 100]","[97, 255, 97]"
10612,8443223ffffffff,3,0,0,"[0, 255, 0, 100]","[97, 255, 97]"
10613,8443225ffffffff,9,0,0,"[0, 255, 0, 100]","[97, 255, 97]"
10614,8443227ffffffff,8,0,0,"[0, 255, 0, 100]","[97, 255, 97]"
10615,8443243ffffffff,1,0,0,"[0, 255, 0, 100]","[97, 255, 97]"
10616,8443247ffffffff,40,0,0,"[0, 255, 0, 100]","[97, 255, 97]"
10617,844324bffffffff,10,0,0,"[0, 255, 0, 100]","[97, 255, 97]"
10618,844328bffffffff,4,0,0,"[0, 255, 0, 100]","[97, 255, 97]"
10619,8443291ffffffff,7,0,0,"[0, 255, 0, 100]","[97, 255, 97]"
10620,8443293ffffffff,13,0,0,"[0, 255, 0, 100]","[97, 255, 97]"
10621,84432b1ffffffff,3,0,0,"[0, 255, 0, 100]","[97, 255, 97]"
10622,84432b3ffffffff,14,0,0,"[0, 255, 0, 100]","[97, 255, 97]"
10623,84432bbffffffff,11,0,0,"[0, 255, 0, 100]","[97, 255, 97]"
10624,84432c7ffffffff,65,0,0,"[0, 255, 0, 100]","[97, 255, 97]"
10625,84432e1ffffffff,12,0,0,"[0, 255, 0, 100]","[97, 255, 97]"
10626,84432e5ffffffff,5,0,0,"[0, 255, 0, 100]","[97, 255, 97]"
10627,84432e9ffffffff,118,0,0,"[0, 255, 0, 100]","[97, 255, 97]"
10628,84432ebffffffff,45,0,0,"[0, 255, 0, 100]","[97, 255, 97]"
10629,84432edffffffff,29,0,0,"[0, 255, 0, 100]","[97, 255, 97]"
10630,8443319ffffffff,61,0,0,"[0, 255, 0, 100]","[97, 255, 97]"
10631,844331bffffffff,12,0,0,"[0, 255, 0, 100]","[97, 255, 97]"
10632,844331dffffffff,1,0,0,"[0, 255, 0, 100]","[97, 255, 97]"
10633,8443331ffffffff,5,0,0,"[0, 255, 0, 100]","[97, 255, 97]"
10634,8443335ffffffff,3,0,0,"[0, 255, 0, 100]","[97, 255, 97]"
10635,84434c5ffffffff,25,0,0,"[0, 255, 0, 100]","[97, 255, 97]"
10636,84434cdffffffff,48,0,0,"[0, 255, 0, 100]","[97, 255, 97]"
10637,8443525ffffffff,3,0,0,"[0, 255, 0, 100]","[97, 255, 97]"
10638,8443601ffffffff,30,0,0,"[0, 255, 0, 100]","[97, 255, 97]"
10639,8443605ffffffff,10,0,0,"[0, 255, 0, 100]","[97, 255, 97]"
10640,8443609ffffffff,29,1,0.034482759,"[255, 0, 0, 100]","[255, 0, 0]"
10641,844360bffffffff,27,0,0,"[0, 255, 0, 100]","[97, 255, 97]"
10642,844360dffffffff,7,0,0,"[0, 255, 0, 100]","[97, 255, 97]"
10643,8443619ffffffff,1,0,0,"[0, 255, 0, 100]","[97, 255, 97]"
10644,844361dffffffff,12,0,0,"[0, 255, 0, 100]","[97, 255, 97]"
10645,8443629ffffffff,10,0,0,"[0, 255, 0, 100]","[97, 255, 97]"
10646,8443669ffffffff,12,0,0,"[0, 255, 0, 100]","[97, 255, 97]"
10647,84436a7ffffffff,5,0,0,"[0, 255, 0, 100]","[97, 255, 97]"
10648,84436d1ffffffff,6,0,0,"[0, 255, 0, 100]","[97, 255, 97]"
10649,84436d9ffffffff,37,0,0,"[0, 255, 0, 100]","[97, 255, 97]"
10650,84436dbffffffff,37,0,0,"[0, 255, 0, 100]","[97, 255, 97]"
10651,84436ddffffffff,22,0,0,"[0, 255, 0, 100]","[97, 255, 97]"
10652,8443745ffffffff,6,0,0,"[0, 255, 0, 100]","[97, 255, 97]"
10653,8443749ffffffff,15,0,0,"[0, 255, 0, 100]","[97, 255, 97]"
10654,844376bffffffff,23,0,0,"[0, 255, 0, 100]","[97, 255, 97]"
10655,8443809ffffffff,7,0,0,"[0, 255, 0, 100]","[97, 255, 97]"
10656,844380bffffffff,43,0,0,"[0, 255, 0, 100]","[97, 255, 97]"
10657,8443811ffffffff,92,0,0,"[0, 255, 0, 100]","[97, 255, 97]"
10658,8443813ffffffff,32,0,0,"[0, 255, 0, 100]","[97, 255, 97]"
10659,8443817ffffffff,9,0,0,"[0, 255, 0, 100]","[97, 255, 97]"
10660,8443819ffffffff,92,0,0,"[0, 255, 0, 100]","[97, 255, 97]"
10661,844381dffffffff,10,0,0,"[0, 255, 0, 100]","[97, 255, 97]"
10662,8443851ffffffff,4,0,0,"[0, 255, 0, 100]","[97, 255, 97]"
10663,8443853ffffffff,11,0,0,"[0, 255, 0, 100]","[97, 255, 97]"
10664,8443859ffffffff,9,0,0,"[0, 255, 0, 100]","[97, 255, 97]"
10665,844385bffffffff,7,0,0,"[0, 255, 0, 100]","[97, 255, 97]"
10666,8443861ffffffff,18,0,0,"[0, 255, 0, 100]","[97, 255, 97]"
10667,8443863ffffffff,18,0,0,"[0, 255, 0, 100]","[97, 255, 97]"
10668,8443869ffffffff,11,0,0,"[0, 255, 0, 100]","[97, 255, 97]"
10669,844386bffffffff,4,0,0,"[0, 255, 0, 100]","[97, 255, 97]"
10670,8443883ffffffff,1,0,0,"[0, 255, 0, 100]","[97, 255, 97]"
10671,8443885ffffffff,28,0,0,"[0, 255, 0, 100]","[97, 255, 97]"
10672,8443891ffffffff,6,0,0,"[0, 255, 0, 100]","[97, 255, 97]"
10673,8443895ffffffff,9,0,0,"[0, 255, 0, 100]","[97, 255, 97]"
10674,8443899ffffffff,23,0,0,"[0, 255, 0, 100]","[97, 255, 97]"
10675,84438a1ffffffff,10,0,0,"[0, 255, 0, 100]","[97, 255, 97]"
10676,84438a5ffffffff,4,0,0,"[0, 255, 0, 100]","[97, 255, 97]"
10677,84438a7ffffffff,11,0,0,"[0, 255, 0, 100]","[97, 255, 97]"
10678,84438a9ffffffff,4,0,0,"[0, 255, 0, 100]","[97, 255, 97]"
10679,84438abffffffff,10,0,0,"[0, 255, 0, 100]","[97, 255, 97]"
10680,84438adffffffff,21,0,0,"[0, 255, 0, 100]","[97, 255, 97]"
10681,84438b5ffffffff,2,0,0,"[0, 255, 0, 100]","[97, 255, 97]"
10682,84438bbffffffff,12,0,0,"[0, 255, 0, 100]","[97, 255, 97]"
10683,84438bdffffffff,10,0,0,"[0, 255, 0, 100]","[97, 255, 97]"
10684,84438c1ffffffff,137,0,0,"[0, 255, 0, 100]","[97, 255, 97]"
10685,84438c3ffffffff,1,0,0,"[0, 255, 0, 100]","[97, 255, 97]"
10686,84438c5ffffffff,11,0,0,"[0, 255, 0, 100]","[97, 255, 97]"
10687,84438c9ffffffff,2,0,0,"[0, 255, 0, 100]","[97, 255, 97]"
10688,84438cdffffffff,11,0,0,"[0, 255, 0, 100]","[97, 255, 97]"
10689,84438d1ffffffff,19,0,0,"[0, 255, 0, 100]","[97, 255, 97]"
10690,84438d7ffffffff,3,0,0,"[0, 255, 0, 100]","[97, 255, 97]"
10691,84438d9ffffffff,7,0,0,"[0, 255, 0, 100]","[97, 255, 97]"
10692,84438ddffffffff,5,0,0,"[0, 255, 0, 100]","[97, 255, 97]"
10693,84438e1ffffffff,2,0,0,"[0, 255, 0, 100]","[97, 255, 97]"
10694,84438e3ffffffff,13,0,0,"[0, 255, 0, 100]","[97, 255, 97]"
10695,84438e7ffffffff,12,0,0,"[0, 255, 0, 100]","[97, 255, 97]"
10696,84438e9ffffffff,27,0,0,"[0, 255, 0, 100]","[97, 255, 97]"
10697,84438ebffffffff,25,0,0,"[0, 255, 0, 100]","[97, 255, 97]"
10698,8443965ffffffff,34,0,0,"[0, 255, 0, 100]","[97, 255, 97]"
10699,844396dffffffff,28,0,0,"[0, 255, 0, 100]","[97, 255, 97]"
10700,8443993ffffffff,4,0,0,"[0, 255, 0, 100]","[97, 255, 97]"
10701,844399bffffffff,25,0,0,"[0, 255, 0, 100]","[97, 255, 97]"
10702,8443a01ffffffff,10,0,0,"[0, 255, 0, 100]","[97, 255, 97]"
10703,8443a03ffffffff,58,0,0,"[0, 255, 0, 100]","[97, 255, 97]"
10704,8443a09ffffffff,16,0,0,"[0, 255, 0, 100]","[97, 255, 97]"
10705,8443a0bffffffff,7,0,0,"[0, 255, 0, 100]","[97, 255, 97]"
10706,8443a13ffffffff,143,0,0,"[0, 255, 0, 100]","[97, 255, 97]"
10707,8443a15ffffffff,329,0,0,"[0, 255, 0, 100]","[97, 255, 97]"
10708,8443a17ffffffff,16,0,0,"[0, 255, 0, 100]","[97, 255, 97]"
10709,8443a19ffffffff,4,0,0,"[0, 255, 0, 100]","[97, 255, 97]"
10710,8443a1bffffffff,12,0,0,"[0, 255, 0, 100]","[97, 255, 97]"
10711,8443a1dffffffff,26,0,0,"[0, 255, 0, 100]","[97, 255, 97]"
10712,8443a31ffffffff,24,0,0,"[0, 255, 0, 100]","[97, 255, 97]"
10713,8443a33ffffffff,16,0,0,"[0, 255, 0, 100]","[97, 255, 97]"
10714,8443a39ffffffff,16,0,0,"[0, 255, 0, 100]","[97, 255, 97]"
10715,8443a3bffffffff,1,0,0,"[0, 255, 0, 100]","[97, 255, 97]"
10716,8443a51ffffffff,4,0,0,"[0, 255, 0, 100]","[97, 255, 97]"
10717,8443a53ffffffff,81,0,0,"[0, 255, 0, 100]","[97, 255, 97]"
10718,8443a57ffffffff,54,0,0,"[0, 255, 0, 100]","[97, 255, 97]"
10719,8443a59ffffffff,33,0,0,"[0, 255, 0, 100]","[97, 255, 97]"
10720,8443a5bffffffff,14,0,0,"[0, 255, 0, 100]","[97, 255, 97]"
10721,8443a81ffffffff,7,0,0,"[0, 255, 0, 100]","[97, 255, 97]"
10722,8443a83ffffffff,1,0,0,"[0, 255, 0, 100]","[97, 255, 97]"
10723,8443a85ffffffff,8,0,0,"[0, 255, 0, 100]","[97, 255, 97]"
10724,8443a87ffffffff,14,0,0,"[0, 255, 0, 100]","[97, 255, 97]"
10725,8443a89ffffffff,5,0,0,"[0, 255, 0, 100]","[97, 255, 97]"
10726,8443a8dffffffff,67,0,0,"[0, 255, 0, 100]","[97, 255, 97]"
10727,8443aa1ffffffff,10,0,0,"[0, 255, 0, 100]","[97, 255, 97]"
10728,8443aa3ffffffff,19,0,0,"[0, 255, 0, 100]","[97, 255, 97]"
10729,8443aa7ffffffff,7,0,0,"[0, 255, 0, 100]","[97, 255, 97]"
10730,8443aa9ffffffff,9,0,0,"[0, 255, 0, 100]","[97, 255, 97]"
10731,8443aabffffffff,41,0,0,"[0, 255, 0, 100]","[97, 255, 97]"
10732,8443ab1ffffffff,17,0,0,"[0, 255, 0, 100]","[97, 255, 97]"
10733,8443ab3ffffffff,6,0,0,"[0, 255, 0, 100]","[97, 255, 97]"
10734,8443ab9ffffffff,11,0,0,"[0, 255, 0, 100]","[97, 255, 97]"
10735,8443abdffffffff,4,0,0,"[0, 255, 0, 100]","[97, 255, 97]"
10736,8443ac1ffffffff,36,0,0,"[0, 255, 0, 100]","[97, 255, 97]"
10737,8443ac7ffffffff,36,0,0,"[0, 255, 0, 100]","[97, 255, 97]"
10738,8443ac9ffffffff,29,0,0,"[0, 255, 0, 100]","[97, 255, 97]"
10739,8443acbffffffff,23,0,0,"[0, 255, 0, 100]","[97, 255, 97]"
10740,8443acdffffffff,193,0,0,"[0, 255, 0, 100]","[97, 255, 97]"
10741,8443ae3ffffffff,2,0,0,"[0, 255, 0, 100]","[97, 255, 97]"
10742,8443ae5ffffffff,4,0,0,"[0, 255, 0, 100]","[97, 255, 97]"
10743,8444019ffffffff,42,0,0,"[0, 255, 0, 100]","[97, 255, 97]"
10744,8444081ffffffff,2,0,0,"[0, 255, 0, 100]","[97, 255, 97]"
10745,84440a9ffffffff,17,0,0,"[0, 255, 0, 100]","[97, 255, 97]"
10746,84440adffffffff,3,0,0,"[0, 255, 0, 100]","[97, 255, 97]"
10747,8444123ffffffff,62,0,0,"[0, 255, 0, 100]","[97, 255, 97]"
10748,8444125ffffffff,27,0,0,"[0, 255, 0, 100]","[97, 255, 97]"
10749,8444127ffffffff,53,0,0,"[0, 255, 0, 100]","[97, 255, 97]"
10750,844412dffffffff,49,0,0,"[0, 255, 0, 100]","[97, 255, 97]"
10751,8444133ffffffff,42,0,0,"[0, 255, 0, 100]","[97, 255, 97]"
10752,8444135ffffffff,55,0,0,"[0, 255, 0, 100]","[97, 255, 97]"
10753,8444137ffffffff,15,0,0,"[0, 255, 0, 100]","[97, 255, 97]"
10754,844413dffffffff,318,0,0,"[0, 255, 0, 100]","[97, 255, 97]"
10755,8444147ffffffff,9,0,0,"[0, 255, 0, 100]","[97, 255, 97]"
10756,8444165ffffffff,3,0,0,"[0, 255, 0, 100]","[97, 255, 97]"
10757,844416dffffffff,2,0,0,"[0, 255, 0, 100]","[97, 255, 97]"
10758,8444199ffffffff,58,0,0,"[0, 255, 0, 100]","[97, 255, 97]"
10759,84441a5ffffffff,56,0,0,"[0, 255, 0, 100]","[97, 255, 97]"
10760,84441a7ffffffff,5,0,0,"[0, 255, 0, 100]","[97, 255, 97]"
10761,84441a9ffffffff,226,0,0,"[0, 255, 0, 100]","[97, 255, 97]"
10762,84441abffffffff,13,0,0,"[0, 255, 0, 100]","[97, 255, 97]"
10763,84441adffffffff,33,0,0,"[0, 255, 0, 100]","[97, 255, 97]"
10764,84441b1ffffffff,15,0,0,"[0, 255, 0, 100]","[97, 255, 97]"
10765,84441b3ffffffff,1,0,0,"[0, 255, 0, 100]","[97, 255, 97]"
10766,84441bdffffffff,48,0,0,"[0, 255, 0, 100]","[97, 255, 97]"
10767,84441e7ffffffff,2,0,0,"[0, 255, 0, 100]","[97, 255, 97]"
10768,84441edffffffff,27,0,0,"[0, 255, 0, 100]","[97, 255, 97]"
10769,8444291ffffffff,9,0,0,"[0, 255, 0, 100]","[97, 255, 97]"
10770,84442c5ffffffff,1,0,0,"[0, 255, 0, 100]","[97, 255, 97]"
10771,844432dffffffff,11,0,0,"[0, 255, 0, 100]","[97, 255, 97]"
10772,844440dffffffff,3,0,0,"[0, 255, 0, 100]","[97, 255, 97]"
10773,8444413ffffffff,2,0,0,"[0, 255, 0, 100]","[97, 255, 97]"
10774,8444431ffffffff,12,0,0,"[0, 255, 0, 100]","[97, 255, 97]"
10775,844443bffffffff,6,0,0,"[0, 255, 0, 100]","[97, 255, 97]"
10776,8444443ffffffff,3,0,0,"[0, 255, 0, 100]","[97, 255, 97]"
10777,8444449ffffffff,3,0,0,"[0, 255, 0, 100]","[97, 255, 97]"
10778,8444459ffffffff,3,0,0,"[0, 255, 0, 100]","[97, 255, 97]"
10779,844445dffffffff,2,0,0,"[0, 255, 0, 100]","[97, 255, 97]"
10780,8444465ffffffff,1,0,0,"[0, 255, 0, 100]","[97, 255, 97]"
10781,844448dffffffff,4,0,0,"[0, 255, 0, 100]","[97, 255, 97]"
10782,8444491ffffffff,26,0,0,"[0, 255, 0, 100]","[97, 255, 97]"
10783,844449bffffffff,3,0,0,"[0, 255, 0, 100]","[97, 255, 97]"
10784,84444adffffffff,26,0,0,"[0, 255, 0, 100]","[97, 255, 97]"
10785,84444b7ffffffff,2,0,0,"[0, 255, 0, 100]","[97, 255, 97]"
10786,84444c9ffffffff,26,0,0,"[0, 255, 0, 100]","[97, 255, 97]"
10787,84444e7ffffffff,6,0,0,"[0, 255, 0, 100]","[97, 255, 97]"
10788,84444e9ffffffff,2,0,0,"[0, 255, 0, 100]","[97, 255, 97]"
10789,844452dffffffff,2,0,0,"[0, 255, 0, 100]","[97, 255, 97]"
10790,844453bffffffff,3,0,0,"[0, 255, 0, 100]","[97, 255, 97]"
10791,84445a7ffffffff,3,0,0,"[0, 255, 0, 100]","[97, 255, 97]"
10792,84445dbffffffff,50,0,0,"[0, 255, 0, 100]","[97, 255, 97]"
10793,8444605ffffffff,30,0,0,"[0, 255, 0, 100]","[97, 255, 97]"
10794,8444611ffffffff,3,0,0,"[0, 255, 0, 100]","[97, 255, 97]"
10795,844462bffffffff,30,0,0,"[0, 255, 0, 100]","[97, 255, 97]"
10796,844462dffffffff,7,0,0,"[0, 255, 0, 100]","[97, 255, 97]"
10797,8444633ffffffff,2,0,0,"[0, 255, 0, 100]","[97, 255, 97]"
10798,8444637ffffffff,9,0,0,"[0, 255, 0, 100]","[97, 255, 97]"
10799,844464bffffffff,9,0,0,"[0, 255, 0, 100]","[97, 255, 97]"
10800,8444651ffffffff,4,0,0,"[0, 255, 0, 100]","[97, 255, 97]"
10801,8444657ffffffff,5,0,0,"[0, 255, 0, 100]","[97, 255, 97]"
10802,8444659ffffffff,5,0,0,"[0, 255, 0, 100]","[97, 255, 97]"
10803,8444663ffffffff,1,0,0,"[0, 255, 0, 100]","[97, 255, 97]"
10804,8444681ffffffff,3,0,0,"[0, 255, 0, 100]","[97, 255, 97]"
10805,8444689ffffffff,19,0,0,"[0, 255, 0, 100]","[97, 255, 97]"
10806,844469bffffffff,2,0,0,"[0, 255, 0, 100]","[97, 255, 97]"
10807,84446a1ffffffff,3,0,0,"[0, 255, 0, 100]","[97, 255, 97]"
10808,84446abffffffff,17,0,0,"[0, 255, 0, 100]","[97, 255, 97]"
10809,84446adffffffff,13,0,0,"[0, 255, 0, 100]","[97, 255, 97]"
10810,84446c1ffffffff,45,0,0,"[0, 255, 0, 100]","[97, 255, 97]"
10811,84446c3ffffffff,121,0,0,"[0, 255, 0, 100]","[97, 255, 97]"
10812,84446c5ffffffff,11,0,0,"[0, 255, 0, 100]","[97, 255, 97]"
10813,84446c7ffffffff,2,0,0,"[0, 255, 0, 100]","[97, 255, 97]"
10814,84446c9ffffffff,38,0,0,"[0, 255, 0, 100]","[97, 255, 97]"
10815,84446cbffffffff,92,0,0,"[0, 255, 0, 100]","[97, 255, 97]"
10816,84446cdffffffff,13,0,0,"[0, 255, 0, 100]","[97, 255, 97]"
10817,84446d1ffffffff,22,0,0,"[0, 255, 0, 100]","[97, 255, 97]"
10818,84446d3ffffffff,22,12,0.545454545,"[0, 255, 0, 100]","[97, 255, 97]"
10819,84446d5ffffffff,39,0,0,"[0, 255, 0, 100]","[97, 255, 97]"
10820,84446ddffffffff,134,0,0,"[0, 255, 0, 100]","[97, 255, 97]"
10821,84446e1ffffffff,17,0,0,"[0, 255, 0, 100]","[97, 255, 97]"
10822,84446e5ffffffff,2,0,0,"[0, 255, 0, 100]","[97, 255, 97]"
10823,84446e9ffffffff,25,0,0,"[0, 255, 0, 100]","[97, 255, 97]"
10824,84446ebffffffff,9,0,0,"[0, 255, 0, 100]","[97, 255, 97]"
10825,84446edffffffff,14,0,0,"[0, 255, 0, 100]","[97, 255, 97]"
10826,8444717ffffffff,1,0,0,"[0, 255, 0, 100]","[97, 255, 97]"
10827,8444719ffffffff,20,0,0,"[0, 255, 0, 100]","[97, 255, 97]"
10828,844471bffffffff,2,0,0,"[0, 255, 0, 100]","[97, 255, 97]"
10829,8444737ffffffff,25,0,0,"[0, 255, 0, 100]","[97, 255, 97]"
10830,844474bffffffff,1,0,0,"[0, 255, 0, 100]","[97, 255, 97]"
10831,8444757ffffffff,5,0,0,"[0, 255, 0, 100]","[97, 255, 97]"
10832,8444759ffffffff,7,0,0,"[0, 255, 0, 100]","[97, 255, 97]"
10833,8444861ffffffff,3,0,0,"[0, 255, 0, 100]","[97, 255, 97]"
10834,84448a3ffffffff,21,0,0,"[0, 255, 0, 100]","[97, 255, 97]"
10835,84448c7ffffffff,14,0,0,"[0, 255, 0, 100]","[97, 255, 97]"
10836,8444927ffffffff,7,0,0,"[0, 255, 0, 100]","[97, 255, 97]"
10837,8444951ffffffff,12,0,0,"[0, 255, 0, 100]","[97, 255, 97]"
10838,8444953ffffffff,1,0,0,"[0, 255, 0, 100]","[97, 255, 97]"
10839,84449adffffffff,10,0,0,"[0, 255, 0, 100]","[97, 255, 97]"
10840,8444a05ffffffff,22,0,0,"[0, 255, 0, 100]","[97, 255, 97]"
10841,8444a11ffffffff,503,16,0.031809145,"[255, 0, 0, 100]","[255, 0, 0]"
10842,8444a13ffffffff,64,0,0,"[0, 255, 0, 100]","[97, 255, 97]"
10843,8444a19ffffffff,60,0,0,"[0, 255, 0, 100]","[97, 255, 97]"
10844,8444a1bffffffff,100,0,0,"[0, 255, 0, 100]","[97, 255, 97]"
10845,8444a63ffffffff,2,0,0,"[0, 255, 0, 100]","[97, 255, 97]"
10846,8444a91ffffffff,863,0,0,"[0, 255, 0, 100]","[97, 255, 97]"
10847,8444a93ffffffff,26,0,0,"[0, 255, 0, 100]","[97, 255, 97]"
10848,8444a97ffffffff,33,0,0,"[0, 255, 0, 100]","[97, 255, 97]"
10849,8444ac5ffffffff,124,0,0,"[0, 255, 0, 100]","[97, 255, 97]"
10850,8444acdffffffff,8,0,0,"[0, 255, 0, 100]","[97, 255, 97]"
10851,8444ad9ffffffff,80,0,0,"[0, 255, 0, 100]","[97, 255, 97]"
10852,8444ae9ffffffff,59,0,0,"[0, 255, 0, 100]","[97, 255, 97]"
10853,8444b0bffffffff,5,0,0,"[0, 255, 0, 100]","[97, 255, 97]"
10854,8444b43ffffffff,13,0,0,"[0, 255, 0, 100]","[97, 255, 97]"
10855,8444b55ffffffff,1,0,0,"[0, 255, 0, 100]","[97, 255, 97]"
10856,8444c03ffffffff,39,0,0,"[0, 255, 0, 100]","[97, 255, 97]"
10857,8444c05ffffffff,9,0,0,"[0, 255, 0, 100]","[97, 255, 97]"
10858,8444c11ffffffff,24,0,0,"[0, 255, 0, 100]","[97, 255, 97]"
10859,8444c13ffffffff,6,0,0,"[0, 255, 0, 100]","[97, 255, 97]"
10860,8444c17ffffffff,9,0,0,"[0, 255, 0, 100]","[97, 255, 97]"
10861,8444c1bffffffff,439,0,0,"[0, 255, 0, 100]","[97, 255, 97]"
10862,8444c1dffffffff,6,0,0,"[0, 255, 0, 100]","[97, 255, 97]"
10863,8444c23ffffffff,15,0,0,"[0, 255, 0, 100]","[97, 255, 97]"
10864,8444c25ffffffff,62,0,0,"[0, 255, 0, 100]","[97, 255, 97]"
10865,8444c27ffffffff,12,0,0,"[0, 255, 0, 100]","[97, 255, 97]"
10866,8444c29ffffffff,30,0,0,"[0, 255, 0, 100]","[97, 255, 97]"
10867,8444c31ffffffff,21,0,0,"[0, 255, 0, 100]","[97, 255, 97]"
10868,8444c35ffffffff,1,0,0,"[0, 255, 0, 100]","[97, 255, 97]"
10869,8444c3bffffffff,18,0,0,"[0, 255, 0, 100]","[97, 255, 97]"
10870,8444c4bffffffff,2,0,0,"[0, 255, 0, 100]","[97, 255, 97]"
10871,8444c63ffffffff,2,0,0,"[0, 255, 0, 100]","[97, 255, 97]"
10872,8444c81ffffffff,10,0,0,"[0, 255, 0, 100]","[97, 255, 97]"
10873,8444c83ffffffff,5,0,0,"[0, 255, 0, 100]","[97, 255, 97]"
10874,8444c8dffffffff,5,0,0,"[0, 255, 0, 100]","[97, 255, 97]"
10875,8444c97ffffffff,32,0,0,"[0, 255, 0, 100]","[97, 255, 97]"
10876,8444c9dffffffff,6,0,0,"[0, 255, 0, 100]","[97, 255, 97]"
10877,8444ca5ffffffff,40,0,0,"[0, 255, 0, 100]","[97, 255, 97]"
10878,8444cb3ffffffff,10,0,0,"[0, 255, 0, 100]","[97, 255, 97]"
10879,8444cb5ffffffff,4,0,0,"[0, 255, 0, 100]","[97, 255, 97]"
10880,8444cbbffffffff,16,0,0,"[0, 255, 0, 100]","[97, 255, 97]"
10881,8444cc5ffffffff,1,0,0,"[0, 255, 0, 100]","[97, 255, 97]"
10882,8444cc7ffffffff,7,0,0,"[0, 255, 0, 100]","[97, 255, 97]"
10883,8444ccdffffffff,7,0,0,"[0, 255, 0, 100]","[97, 255, 97]"
10884,8444cd7ffffffff,9,0,0,"[0, 255, 0, 100]","[97, 255, 97]"
10885,8444ce1ffffffff,24,0,0,"[0, 255, 0, 100]","[97, 255, 97]"
10886,8444cebffffffff,33,0,0,"[0, 255, 0, 100]","[97, 255, 97]"
10887,8444cedffffffff,1,0,0,"[0, 255, 0, 100]","[97, 255, 97]"
10888,8444d07ffffffff,33,0,0,"[0, 255, 0, 100]","[97, 255, 97]"
10889,8444d47ffffffff,2,0,0,"[0, 255, 0, 100]","[97, 255, 97]"
10890,8444d51ffffffff,16,0,0,"[0, 255, 0, 100]","[97, 255, 97]"
10891,8444d5bffffffff,7,0,0,"[0, 255, 0, 100]","[97, 255, 97]"
10892,8444d5dffffffff,3,0,0,"[0, 255, 0, 100]","[97, 255, 97]"
10893,8444d6bffffffff,4,0,0,"[0, 255, 0, 100]","[97, 255, 97]"
10894,8444d85ffffffff,198,0,0,"[0, 255, 0, 100]","[97, 255, 97]"
10895,8444d99ffffffff,70,0,0,"[0, 255, 0, 100]","[97, 255, 97]"
10896,8444dd3ffffffff,17,0,0,"[0, 255, 0, 100]","[97, 255, 97]"
10897,8444dd5ffffffff,42,0,0,"[0, 255, 0, 100]","[97, 255, 97]"
10898,8444dd7ffffffff,3,0,0,"[0, 255, 0, 100]","[97, 255, 97]"
10899,8444e03ffffffff,9,0,0,"[0, 255, 0, 100]","[97, 255, 97]"
10900,8444e05ffffffff,6,0,0,"[0, 255, 0, 100]","[97, 255, 97]"
10901,8444e15ffffffff,8,0,0,"[0, 255, 0, 100]","[97, 255, 97]"
10902,8444e25ffffffff,42,0,0,"[0, 255, 0, 100]","[97, 255, 97]"
10903,8444e27ffffffff,20,0,0,"[0, 255, 0, 100]","[97, 255, 97]"
10904,8444e2bffffffff,6,0,0,"[0, 255, 0, 100]","[97, 255, 97]"
10905,8444e2dffffffff,14,0,0,"[0, 255, 0, 100]","[97, 255, 97]"
10906,8444e3dffffffff,2,0,0,"[0, 255, 0, 100]","[97, 255, 97]"
10907,8444e67ffffffff,32,0,0,"[0, 255, 0, 100]","[97, 255, 97]"
10908,8444e83ffffffff,37,0,0,"[0, 255, 0, 100]","[97, 255, 97]"
10909,8444ea7ffffffff,12,0,0,"[0, 255, 0, 100]","[97, 255, 97]"
10910,8444eadffffffff,36,0,0,"[0, 255, 0, 100]","[97, 255, 97]"
10911,8444eb9ffffffff,3,0,0,"[0, 255, 0, 100]","[97, 255, 97]"
10912,8444ec5ffffffff,13,0,0,"[0, 255, 0, 100]","[97, 255, 97]"
10913,8444ee9ffffffff,26,0,0,"[0, 255, 0, 100]","[97, 255, 97]"
10914,8444f07ffffffff,24,0,0,"[0, 255, 0, 100]","[97, 255, 97]"
10915,8444f13ffffffff,24,0,0,"[0, 255, 0, 100]","[97, 255, 97]"
10916,8444f43ffffffff,4,0,0,"[0, 255, 0, 100]","[97, 255, 97]"
10917,8444f4bffffffff,8,0,0,"[0, 255, 0, 100]","[97, 255, 97]"
10918,8444f53ffffffff,12,0,0,"[0, 255, 0, 100]","[97, 255, 97]"
10919,844505bffffffff,8,0,0,"[0, 255, 0, 100]","[97, 255, 97]"
10920,8445083ffffffff,2,0,0,"[0, 255, 0, 100]","[97, 255, 97]"
10921,8445087ffffffff,1,0,0,"[0, 255, 0, 100]","[97, 255, 97]"
10922,844509bffffffff,17,0,0,"[0, 255, 0, 100]","[97, 255, 97]"
10923,84450a7ffffffff,4,0,0,"[0, 255, 0, 100]","[97, 255, 97]"
10924,8445123ffffffff,6,0,0,"[0, 255, 0, 100]","[97, 255, 97]"
10925,8445233ffffffff,5,0,0,"[0, 255, 0, 100]","[97, 255, 97]"
10926,8445235ffffffff,10,0,0,"[0, 255, 0, 100]","[97, 255, 97]"
10927,8445243ffffffff,8,0,0,"[0, 255, 0, 100]","[97, 255, 97]"
10928,844524bffffffff,13,0,0,"[0, 255, 0, 100]","[97, 255, 97]"
10929,844524dffffffff,31,0,0,"[0, 255, 0, 100]","[97, 255, 97]"
10930,844525dffffffff,3,0,0,"[0, 255, 0, 100]","[97, 255, 97]"
10931,8445283ffffffff,93,0,0,"[0, 255, 0, 100]","[97, 255, 97]"
10932,844529dffffffff,4,0,0,"[0, 255, 0, 100]","[97, 255, 97]"
10933,84452a1ffffffff,24,0,0,"[0, 255, 0, 100]","[97, 255, 97]"
10934,84452a5ffffffff,12,0,0,"[0, 255, 0, 100]","[97, 255, 97]"
10935,84452a7ffffffff,3,0,0,"[0, 255, 0, 100]","[97, 255, 97]"
10936,84452b3ffffffff,62,0,0,"[0, 255, 0, 100]","[97, 255, 97]"
10937,84452b7ffffffff,3,0,0,"[0, 255, 0, 100]","[97, 255, 97]"
10938,84452c5ffffffff,91,0,0,"[0, 255, 0, 100]","[97, 255, 97]"
10939,84452c7ffffffff,77,0,0,"[0, 255, 0, 100]","[97, 255, 97]"
10940,84452e7ffffffff,4,0,0,"[0, 255, 0, 100]","[97, 255, 97]"
10941,8445415ffffffff,19,0,0,"[0, 255, 0, 100]","[97, 255, 97]"
10942,8445417ffffffff,18,0,0,"[0, 255, 0, 100]","[97, 255, 97]"
10943,8445421ffffffff,1,0,0,"[0, 255, 0, 100]","[97, 255, 97]"
10944,8445443ffffffff,144,0,0,"[0, 255, 0, 100]","[97, 255, 97]"
10945,844545dffffffff,36,0,0,"[0, 255, 0, 100]","[97, 255, 97]"
10946,84454b7ffffffff,13,0,0,"[0, 255, 0, 100]","[97, 255, 97]"
10947,8445545ffffffff,3,0,0,"[0, 255, 0, 100]","[97, 255, 97]"
10948,844554dffffffff,8,0,0,"[0, 255, 0, 100]","[97, 255, 97]"
10949,844559dffffffff,1,0,0,"[0, 255, 0, 100]","[97, 255, 97]"
10950,8445607ffffffff,10,0,0,"[0, 255, 0, 100]","[97, 255, 97]"
10951,8445619ffffffff,8,0,0,"[0, 255, 0, 100]","[97, 255, 97]"
10952,8445659ffffffff,15,0,0,"[0, 255, 0, 100]","[97, 255, 97]"
10953,844565dffffffff,21,0,0,"[0, 255, 0, 100]","[97, 255, 97]"
10954,84456a5ffffffff,29,0,0,"[0, 255, 0, 100]","[97, 255, 97]"
10955,84456c7ffffffff,14,0,0,"[0, 255, 0, 100]","[97, 255, 97]"
10956,8445701ffffffff,8,0,0,"[0, 255, 0, 100]","[97, 255, 97]"
10957,8445723ffffffff,73,0,0,"[0, 255, 0, 100]","[97, 255, 97]"
10958,8445725ffffffff,27,0,0,"[0, 255, 0, 100]","[97, 255, 97]"
10959,844572bffffffff,7,0,0,"[0, 255, 0, 100]","[97, 255, 97]"
10960,8445735ffffffff,1,0,0,"[0, 255, 0, 100]","[97, 255, 97]"
10961,8445749ffffffff,13,0,0,"[0, 255, 0, 100]","[97, 255, 97]"
10962,844574bffffffff,41,0,0,"[0, 255, 0, 100]","[97, 255, 97]"
10963,8445761ffffffff,14,0,0,"[0, 255, 0, 100]","[97, 255, 97]"
10964,8445769ffffffff,17,0,0,"[0, 255, 0, 100]","[97, 255, 97]"
10965,844576dffffffff,21,0,0,"[0, 255, 0, 100]","[97, 255, 97]"
10966,8445837ffffffff,1,0,0,"[0, 255, 0, 100]","[97, 255, 97]"
10967,8445895ffffffff,26,0,0,"[0, 255, 0, 100]","[97, 255, 97]"
10968,84458bbffffffff,20,0,0,"[0, 255, 0, 100]","[97, 255, 97]"
10969,8445993ffffffff,15,0,0,"[0, 255, 0, 100]","[97, 255, 97]"
10970,84459ddffffffff,1,0,0,"[0, 255, 0, 100]","[97, 255, 97]"
10971,8445a37ffffffff,6,0,0,"[0, 255, 0, 100]","[97, 255, 97]"
10972,8445b21ffffffff,5,0,0,"[0, 255, 0, 100]","[97, 255, 97]"
10973,8446027ffffffff,167,0,0,"[0, 255, 0, 100]","[97, 255, 97]"
10974,8446099ffffffff,58,0,0,"[0, 255, 0, 100]","[97, 255, 97]"
10975,8446119ffffffff,201,0,0,"[0, 255, 0, 100]","[97, 255, 97]"
10976,844611bffffffff,105,0,0,"[0, 255, 0, 100]","[97, 255, 97]"
10977,8446145ffffffff,4,0,0,"[0, 255, 0, 100]","[97, 255, 97]"
10978,8446147ffffffff,34,0,0,"[0, 255, 0, 100]","[97, 255, 97]"
10979,8446157ffffffff,5,0,0,"[0, 255, 0, 100]","[97, 255, 97]"
10980,84461c9ffffffff,2,0,0,"[0, 255, 0, 100]","[97, 255, 97]"
10981,8446265ffffffff,6,0,0,"[0, 255, 0, 100]","[97, 255, 97]"
10982,844633dffffffff,66,0,0,"[0, 255, 0, 100]","[97, 255, 97]"
10983,8446423ffffffff,24,0,0,"[0, 255, 0, 100]","[97, 255, 97]"
10984,8446431ffffffff,53,0,0,"[0, 255, 0, 100]","[97, 255, 97]"
10985,8446433ffffffff,94,0,0,"[0, 255, 0, 100]","[97, 255, 97]"
10986,8446435ffffffff,66,0,0,"[0, 255, 0, 100]","[97, 255, 97]"
10987,8446437ffffffff,98,0,0,"[0, 255, 0, 100]","[97, 255, 97]"
10988,8446481ffffffff,3,0,0,"[0, 255, 0, 100]","[97, 255, 97]"
10989,8446483ffffffff,4,0,0,"[0, 255, 0, 100]","[97, 255, 97]"
10990,8446485ffffffff,2,0,0,"[0, 255, 0, 100]","[97, 255, 97]"
10991,8446487ffffffff,77,0,0,"[0, 255, 0, 100]","[97, 255, 97]"
10992,8446495ffffffff,29,0,0,"[0, 255, 0, 100]","[97, 255, 97]"
10993,8446497ffffffff,18,0,0,"[0, 255, 0, 100]","[97, 255, 97]"
10994,844649dffffffff,2,0,0,"[0, 255, 0, 100]","[97, 255, 97]"
10995,84464a1ffffffff,2,0,0,"[0, 255, 0, 100]","[97, 255, 97]"
10996,84464a3ffffffff,119,0,0,"[0, 255, 0, 100]","[97, 255, 97]"
10997,84464a5ffffffff,1,0,0,"[0, 255, 0, 100]","[97, 255, 97]"
10998,84464a7ffffffff,127,0,0,"[0, 255, 0, 100]","[97, 255, 97]"
10999,84464a9ffffffff,1,0,0,"[0, 255, 0, 100]","[97, 255, 97]"
11000,84464abffffffff,17,0,0,"[0, 255, 0, 100]","[97, 255, 97]"
11001,84464b9ffffffff,50,1,0.02,"[255, 0, 0, 100]","[255, 0, 0]"
11002,84464bbffffffff,44,0,0,"[0, 255, 0, 100]","[97, 255, 97]"
11003,84464bdffffffff,114,0,0,"[0, 255, 0, 100]","[97, 255, 97]"
11004,84464c3ffffffff,8,0,0,"[0, 255, 0, 100]","[97, 255, 97]"
11005,84464d3ffffffff,81,0,0,"[0, 255, 0, 100]","[97, 255, 97]"
11006,84464d7ffffffff,129,0,0,"[0, 255, 0, 100]","[97, 255, 97]"
11007,84464e1ffffffff,92,0,0,"[0, 255, 0, 100]","[97, 255, 97]"
11008,84464e3ffffffff,31,0,0,"[0, 255, 0, 100]","[97, 255, 97]"
11009,84464e7ffffffff,103,0,0,"[0, 255, 0, 100]","[97, 255, 97]"
11010,8446605ffffffff,34,0,0,"[0, 255, 0, 100]","[97, 255, 97]"
11011,8446629ffffffff,30,0,0,"[0, 255, 0, 100]","[97, 255, 97]"
11012,844662bffffffff,24,0,0,"[0, 255, 0, 100]","[97, 255, 97]"
11013,8446723ffffffff,5,0,0,"[0, 255, 0, 100]","[97, 255, 97]"
11014,8446725ffffffff,15,0,0,"[0, 255, 0, 100]","[97, 255, 97]"
11015,8446727ffffffff,49,0,0,"[0, 255, 0, 100]","[97, 255, 97]"
11016,8446c2dffffffff,7,0,0,"[0, 255, 0, 100]","[97, 255, 97]"
11017,8446c83ffffffff,6,0,0,"[0, 255, 0, 100]","[97, 255, 97]"
11018,8446cb5ffffffff,25,0,0,"[0, 255, 0, 100]","[97, 255, 97]"
11019,8446d19ffffffff,265,0,0,"[0, 255, 0, 100]","[97, 255, 97]"
11020,8446d1dffffffff,72,0,0,"[0, 255, 0, 100]","[97, 255, 97]"
11021,8446d53ffffffff,177,0,0,"[0, 255, 0, 100]","[97, 255, 97]"
11022,8447121ffffffff,100,0,0,"[0, 255, 0, 100]","[97, 255, 97]"
11023,8447123ffffffff,179,0,0,"[0, 255, 0, 100]","[97, 255, 97]"
11024,8447125ffffffff,17,0,0,"[0, 255, 0, 100]","[97, 255, 97]"
11025,8447127ffffffff,18,0,0,"[0, 255, 0, 100]","[97, 255, 97]"
11026,8447131ffffffff,6,0,0,"[0, 255, 0, 100]","[97, 255, 97]"
11027,8447135ffffffff,42,0,0,"[0, 255, 0, 100]","[97, 255, 97]"
11028,84471b3ffffffff,3,0,0,"[0, 255, 0, 100]","[97, 255, 97]"
11029,8447201ffffffff,77,0,0,"[0, 255, 0, 100]","[97, 255, 97]"
11030,8447205ffffffff,20,0,0,"[0, 255, 0, 100]","[97, 255, 97]"
11031,844720bffffffff,1,0,0,"[0, 255, 0, 100]","[97, 255, 97]"
11032,844720dffffffff,68,0,0,"[0, 255, 0, 100]","[97, 255, 97]"
11033,8447213ffffffff,33,0,0,"[0, 255, 0, 100]","[97, 255, 97]"
11034,8447217ffffffff,153,0,0,"[0, 255, 0, 100]","[97, 255, 97]"
11035,8447231ffffffff,177,0,0,"[0, 255, 0, 100]","[97, 255, 97]"
11036,844723bffffffff,87,0,0,"[0, 255, 0, 100]","[97, 255, 97]"
11037,844723dffffffff,7,0,0,"[0, 255, 0, 100]","[97, 255, 97]"
11038,8447257ffffffff,72,0,0,"[0, 255, 0, 100]","[97, 255, 97]"
11039,8447263ffffffff,153,0,0,"[0, 255, 0, 100]","[97, 255, 97]"
11040,8447267ffffffff,178,0,0,"[0, 255, 0, 100]","[97, 255, 97]"
11041,8447289ffffffff,13,0,0,"[0, 255, 0, 100]","[97, 255, 97]"
11042,844728bffffffff,69,0,0,"[0, 255, 0, 100]","[97, 255, 97]"
11043,844728dffffffff,147,0,0,"[0, 255, 0, 100]","[97, 255, 97]"
11044,84472d5ffffffff,65,0,0,"[0, 255, 0, 100]","[97, 255, 97]"
11045,84472d7ffffffff,118,0,0,"[0, 255, 0, 100]","[97, 255, 97]"
11046,84472d9ffffffff,50,0,0,"[0, 255, 0, 100]","[97, 255, 97]"
11047,84472e3ffffffff,68,0,0,"[0, 255, 0, 100]","[97, 255, 97]"
11048,8447303ffffffff,1,0,0,"[0, 255, 0, 100]","[97, 255, 97]"
11049,8447307ffffffff,36,0,0,"[0, 255, 0, 100]","[97, 255, 97]"
11050,844732bffffffff,128,0,0,"[0, 255, 0, 100]","[97, 255, 97]"
11051,84474c7ffffffff,56,0,0,"[0, 255, 0, 100]","[97, 255, 97]"
11052,84474e9ffffffff,5,0,0,"[0, 255, 0, 100]","[97, 255, 97]"
11053,84474ebffffffff,45,0,0,"[0, 255, 0, 100]","[97, 255, 97]"
11054,8447833ffffffff,34,0,0,"[0, 255, 0, 100]","[97, 255, 97]"
11055,844784dffffffff,19,0,0,"[0, 255, 0, 100]","[97, 255, 97]"
11056,8447885ffffffff,87,0,0,"[0, 255, 0, 100]","[97, 255, 97]"
11057,84478c1ffffffff,8,0,0,"[0, 255, 0, 100]","[97, 255, 97]"
11058,84478e1ffffffff,20,0,0,"[0, 255, 0, 100]","[97, 255, 97]"
11059,84478e3ffffffff,15,0,0,"[0, 255, 0, 100]","[97, 255, 97]"
11060,84478e5ffffffff,212,0,0,"[0, 255, 0, 100]","[97, 255, 97]"
11061,8447b0dffffffff,18,0,0,"[0, 255, 0, 100]","[97, 255, 97]"
11062,8447b11ffffffff,1,0,0,"[0, 255, 0, 100]","[97, 255, 97]"
11063,8447b13ffffffff,92,0,0,"[0, 255, 0, 100]","[97, 255, 97]"
11064,8447b69ffffffff,11,0,0,"[0, 255, 0, 100]","[97, 255, 97]"
11065,8447b6bffffffff,122,0,0,"[0, 255, 0, 100]","[97, 255, 97]"
11066,84480adffffffff,7,0,0,"[0, 255, 0, 100]","[97, 255, 97]"
11067,84480e3ffffffff,5,0,0,"[0, 255, 0, 100]","[97, 255, 97]"
11068,84480e7ffffffff,13,0,0,"[0, 255, 0, 100]","[97, 255, 97]"
11069,8448133ffffffff,15,0,0,"[0, 255, 0, 100]","[97, 255, 97]"
11070,8448157ffffffff,3,0,0,"[0, 255, 0, 100]","[97, 255, 97]"
11071,84481c3ffffffff,1,0,0,"[0, 255, 0, 100]","[97, 255, 97]"
11072,84481c7ffffffff,4,0,0,"[0, 255, 0, 100]","[97, 255, 97]"
11073,84482a7ffffffff,3,0,0,"[0, 255, 0, 100]","[97, 255, 97]"
11074,8448325ffffffff,53,0,0,"[0, 255, 0, 100]","[97, 255, 97]"
11075,8448329ffffffff,12,0,0,"[0, 255, 0, 100]","[97, 255, 97]"
11076,844832bffffffff,6,0,0,"[0, 255, 0, 100]","[97, 255, 97]"
11077,8448331ffffffff,41,0,0,"[0, 255, 0, 100]","[97, 255, 97]"
11078,844833bffffffff,4,0,0,"[0, 255, 0, 100]","[97, 255, 97]"
11079,844842dffffffff,3,0,0,"[0, 255, 0, 100]","[97, 255, 97]"
11080,8448437ffffffff,23,0,0,"[0, 255, 0, 100]","[97, 255, 97]"
11081,84484a5ffffffff,22,0,0,"[0, 255, 0, 100]","[97, 255, 97]"
11082,84484b7ffffffff,29,0,0,"[0, 255, 0, 100]","[97, 255, 97]"
11083,8448511ffffffff,10,0,0,"[0, 255, 0, 100]","[97, 255, 97]"
11084,8448557ffffffff,4,0,0,"[0, 255, 0, 100]","[97, 255, 97]"
11085,8448561ffffffff,11,0,0,"[0, 255, 0, 100]","[97, 255, 97]"
11086,8448569ffffffff,36,0,0,"[0, 255, 0, 100]","[97, 255, 97]"
11087,8448587ffffffff,9,0,0,"[0, 255, 0, 100]","[97, 255, 97]"
11088,8448589ffffffff,41,0,0,"[0, 255, 0, 100]","[97, 255, 97]"
11089,844858bffffffff,35,0,0,"[0, 255, 0, 100]","[97, 255, 97]"
11090,8448595ffffffff,1,0,0,"[0, 255, 0, 100]","[97, 255, 97]"
11091,8448597ffffffff,40,0,0,"[0, 255, 0, 100]","[97, 255, 97]"
11092,8448599ffffffff,11,0,0,"[0, 255, 0, 100]","[97, 255, 97]"
11093,844859bffffffff,11,0,0,"[0, 255, 0, 100]","[97, 255, 97]"
11094,84485a3ffffffff,12,0,0,"[0, 255, 0, 100]","[97, 255, 97]"
11095,84485b1ffffffff,118,0,0,"[0, 255, 0, 100]","[97, 255, 97]"
11096,84485b5ffffffff,1,0,0,"[0, 255, 0, 100]","[97, 255, 97]"
11097,84485bbffffffff,10,0,0,"[0, 255, 0, 100]","[97, 255, 97]"
11098,84485d1ffffffff,14,0,0,"[0, 255, 0, 100]","[97, 255, 97]"
11099,84485d5ffffffff,5,0,0,"[0, 255, 0, 100]","[97, 255, 97]"
11100,84485d9ffffffff,1,0,0,"[0, 255, 0, 100]","[97, 255, 97]"
11101,84485ddffffffff,25,0,0,"[0, 255, 0, 100]","[97, 255, 97]"
11102,8448823ffffffff,14,0,0,"[0, 255, 0, 100]","[97, 255, 97]"
11103,8448827ffffffff,1,0,0,"[0, 255, 0, 100]","[97, 255, 97]"
11104,8448865ffffffff,1,0,0,"[0, 255, 0, 100]","[97, 255, 97]"
11105,84488b1ffffffff,7,0,0,"[0, 255, 0, 100]","[97, 255, 97]"
11106,844890bffffffff,9,0,0,"[0, 255, 0, 100]","[97, 255, 97]"
11107,8448917ffffffff,1,0,0,"[0, 255, 0, 100]","[97, 255, 97]"
11108,844891bffffffff,10,0,0,"[0, 255, 0, 100]","[97, 255, 97]"
11109,8448937ffffffff,1,0,0,"[0, 255, 0, 100]","[97, 255, 97]"
11110,8448951ffffffff,29,0,0,"[0, 255, 0, 100]","[97, 255, 97]"
11111,8448953ffffffff,35,0,0,"[0, 255, 0, 100]","[97, 255, 97]"
11112,8448955ffffffff,247,0,0,"[0, 255, 0, 100]","[97, 255, 97]"
11113,8448963ffffffff,19,0,0,"[0, 255, 0, 100]","[97, 255, 97]"
11114,844898dffffffff,4,0,0,"[0, 255, 0, 100]","[97, 255, 97]"
11115,84489a1ffffffff,9,0,0,"[0, 255, 0, 100]","[97, 255, 97]"
11116,84489a7ffffffff,1,0,0,"[0, 255, 0, 100]","[97, 255, 97]"
11117,84489a9ffffffff,55,0,0,"[0, 255, 0, 100]","[97, 255, 97]"
11118,84489abffffffff,7,0,0,"[0, 255, 0, 100]","[97, 255, 97]"
11119,84489b3ffffffff,10,0,0,"[0, 255, 0, 100]","[97, 255, 97]"
11120,84489c1ffffffff,41,0,0,"[0, 255, 0, 100]","[97, 255, 97]"
11121,84489c5ffffffff,5,0,0,"[0, 255, 0, 100]","[97, 255, 97]"
11122,84489d7ffffffff,20,0,0,"[0, 255, 0, 100]","[97, 255, 97]"
11123,84489e1ffffffff,35,0,0,"[0, 255, 0, 100]","[97, 255, 97]"
11124,84489e3ffffffff,3,0,0,"[0, 255, 0, 100]","[97, 255, 97]"
11125,84489e5ffffffff,23,0,0,"[0, 255, 0, 100]","[97, 255, 97]"
11126,84489e7ffffffff,35,0,0,"[0, 255, 0, 100]","[97, 255, 97]"
11127,84489e9ffffffff,14,0,0,"[0, 255, 0, 100]","[97, 255, 97]"
11128,8448b45ffffffff,1,0,0,"[0, 255, 0, 100]","[97, 255, 97]"
11129,8448b69ffffffff,1,0,0,"[0, 255, 0, 100]","[97, 255, 97]"
11130,8448c6dffffffff,13,0,0,"[0, 255, 0, 100]","[97, 255, 97]"
11131,8448c91ffffffff,1,0,0,"[0, 255, 0, 100]","[97, 255, 97]"
11132,8448d35ffffffff,3,0,0,"[0, 255, 0, 100]","[97, 255, 97]"
11133,8448d47ffffffff,6,0,0,"[0, 255, 0, 100]","[97, 255, 97]"
11134,8448d6dffffffff,19,0,0,"[0, 255, 0, 100]","[97, 255, 97]"
11135,8448d83ffffffff,15,0,0,"[0, 255, 0, 100]","[97, 255, 97]"
11136,8448d87ffffffff,22,0,0,"[0, 255, 0, 100]","[97, 255, 97]"
11137,8448d89ffffffff,99,0,0,"[0, 255, 0, 100]","[97, 255, 97]"
11138,8448d8dffffffff,19,0,0,"[0, 255, 0, 100]","[97, 255, 97]"
11139,8448d91ffffffff,89,0,0,"[0, 255, 0, 100]","[97, 255, 97]"
11140,8448d93ffffffff,9,0,0,"[0, 255, 0, 100]","[97, 255, 97]"
11141,8448d97ffffffff,64,0,0,"[0, 255, 0, 100]","[97, 255, 97]"
11142,8448d9bffffffff,12,0,0,"[0, 255, 0, 100]","[97, 255, 97]"
11143,8448db3ffffffff,5,0,0,"[0, 255, 0, 100]","[97, 255, 97]"
11144,8448dc3ffffffff,7,0,0,"[0, 255, 0, 100]","[97, 255, 97]"
11145,8448dd7ffffffff,1,0,0,"[0, 255, 0, 100]","[97, 255, 97]"
11146,8448e8dffffffff,1,0,0,"[0, 255, 0, 100]","[97, 255, 97]"
11147,8448e95ffffffff,1,0,0,"[0, 255, 0, 100]","[97, 255, 97]"
11148,8448eb3ffffffff,4,0,0,"[0, 255, 0, 100]","[97, 255, 97]"
11149,8448ebbffffffff,143,0,0,"[0, 255, 0, 100]","[97, 255, 97]"
11150,844921bffffffff,6,0,0,"[0, 255, 0, 100]","[97, 255, 97]"
11151,8449605ffffffff,16,0,0,"[0, 255, 0, 100]","[97, 255, 97]"
11152,8449665ffffffff,6,0,0,"[0, 255, 0, 100]","[97, 255, 97]"
11153,844980dffffffff,4,0,0,"[0, 255, 0, 100]","[97, 255, 97]"
11154,8449815ffffffff,4,0,0,"[0, 255, 0, 100]","[97, 255, 97]"
11155,8449821ffffffff,11,0,0,"[0, 255, 0, 100]","[97, 255, 97]"
11156,8449823ffffffff,3,0,0,"[0, 255, 0, 100]","[97, 255, 97]"
11157,8449825ffffffff,14,0,0,"[0, 255, 0, 100]","[97, 255, 97]"
11158,8449827ffffffff,3,0,0,"[0, 255, 0, 100]","[97, 255, 97]"
11159,8449829ffffffff,7,0,0,"[0, 255, 0, 100]","[97, 255, 97]"
11160,844982dffffffff,11,0,0,"[0, 255, 0, 100]","[97, 255, 97]"
11161,8449833ffffffff,26,0,0,"[0, 255, 0, 100]","[97, 255, 97]"
11162,8449837ffffffff,4,0,0,"[0, 255, 0, 100]","[97, 255, 97]"
11163,844983dffffffff,5,0,0,"[0, 255, 0, 100]","[97, 255, 97]"
11164,8449863ffffffff,3,0,0,"[0, 255, 0, 100]","[97, 255, 97]"
11165,8449865ffffffff,15,0,0,"[0, 255, 0, 100]","[97, 255, 97]"
11166,8449867ffffffff,6,0,0,"[0, 255, 0, 100]","[97, 255, 97]"
11167,8449887ffffffff,16,0,0,"[0, 255, 0, 100]","[97, 255, 97]"
11168,8449897ffffffff,2,0,0,"[0, 255, 0, 100]","[97, 255, 97]"
11169,8449899ffffffff,3,0,0,"[0, 255, 0, 100]","[97, 255, 97]"
11170,84498c9ffffffff,17,0,0,"[0, 255, 0, 100]","[97, 255, 97]"
11171,844993bffffffff,2,0,0,"[0, 255, 0, 100]","[97, 255, 97]"
11172,8449949ffffffff,28,0,0,"[0, 255, 0, 100]","[97, 255, 97]"
11173,8449955ffffffff,2,0,0,"[0, 255, 0, 100]","[97, 255, 97]"
11174,8449959ffffffff,13,0,0,"[0, 255, 0, 100]","[97, 255, 97]"
11175,844995bffffffff,60,0,0,"[0, 255, 0, 100]","[97, 255, 97]"
11176,844995dffffffff,14,0,0,"[0, 255, 0, 100]","[97, 255, 97]"
11177,8449963ffffffff,17,0,0,"[0, 255, 0, 100]","[97, 255, 97]"
11178,8449965ffffffff,27,0,0,"[0, 255, 0, 100]","[97, 255, 97]"
11179,844998bffffffff,7,0,0,"[0, 255, 0, 100]","[97, 255, 97]"
11180,8449997ffffffff,1,0,0,"[0, 255, 0, 100]","[97, 255, 97]"
11181,84499c1ffffffff,1,0,0,"[0, 255, 0, 100]","[97, 255, 97]"
11182,84499e5ffffffff,1,0,0,"[0, 255, 0, 100]","[97, 255, 97]"
11183,8449aa3ffffffff,38,0,0,"[0, 255, 0, 100]","[97, 255, 97]"
11184,844a09dffffffff,67,0,0,"[0, 255, 0, 100]","[97, 255, 97]"
11185,844a293ffffffff,1,0,0,"[0, 255, 0, 100]","[97, 255, 97]"
11186,844a403ffffffff,16,0,0,"[0, 255, 0, 100]","[97, 255, 97]"
11187,844a417ffffffff,1,0,0,"[0, 255, 0, 100]","[97, 255, 97]"
11188,844a41dffffffff,6,0,0,"[0, 255, 0, 100]","[97, 255, 97]"
11189,844a42bffffffff,137,0,0,"[0, 255, 0, 100]","[97, 255, 97]"
11190,844a453ffffffff,1,0,0,"[0, 255, 0, 100]","[97, 255, 97]"
11191,844a483ffffffff,7,0,0,"[0, 255, 0, 100]","[97, 255, 97]"
11192,844a487ffffffff,18,0,0,"[0, 255, 0, 100]","[97, 255, 97]"
11193,844a4edffffffff,12,0,0,"[0, 255, 0, 100]","[97, 255, 97]"
11194,844a515ffffffff,46,0,0,"[0, 255, 0, 100]","[97, 255, 97]"
11195,844a60bffffffff,8,0,0,"[0, 255, 0, 100]","[97, 255, 97]"
11196,844a61dffffffff,55,0,0,"[0, 255, 0, 100]","[97, 255, 97]"
11197,844a657ffffffff,19,0,0,"[0, 255, 0, 100]","[97, 255, 97]"
11198,844a687ffffffff,108,0,0,"[0, 255, 0, 100]","[97, 255, 97]"
11199,844a695ffffffff,2,0,0,"[0, 255, 0, 100]","[97, 255, 97]"
11200,844a6a5ffffffff,83,0,0,"[0, 255, 0, 100]","[97, 255, 97]"
11201,844a6d1ffffffff,24,0,0,"[0, 255, 0, 100]","[97, 255, 97]"
11202,844a6d5ffffffff,53,0,0,"[0, 255, 0, 100]","[97, 255, 97]"
11203,844aca5ffffffff,32,0,0,"[0, 255, 0, 100]","[97, 255, 97]"
11204,844acb1ffffffff,21,0,0,"[0, 255, 0, 100]","[97, 255, 97]"
11205,844acb3ffffffff,100,0,0,"[0, 255, 0, 100]","[97, 255, 97]"
11206,844acb7ffffffff,69,0,0,"[0, 255, 0, 100]","[97, 255, 97]"
11207,844acdbffffffff,4,0,0,"[0, 255, 0, 100]","[97, 255, 97]"
11208,844aeb1ffffffff,54,0,0,"[0, 255, 0, 100]","[97, 255, 97]"
11209,844aeb7ffffffff,16,0,0,"[0, 255, 0, 100]","[97, 255, 97]"
11210,844af39ffffffff,2,0,0,"[0, 255, 0, 100]","[97, 255, 97]"
11211,844af3bffffffff,8,0,0,"[0, 255, 0, 100]","[97, 255, 97]"
11212,844b0c3ffffffff,6,0,0,"[0, 255, 0, 100]","[97, 255, 97]"
11213,844b0ddffffffff,2,0,0,"[0, 255, 0, 100]","[97, 255, 97]"
11214,844b21dffffffff,2,0,0,"[0, 255, 0, 100]","[97, 255, 97]"
11215,844b257ffffffff,6,0,0,"[0, 255, 0, 100]","[97, 255, 97]"
11216,844b265ffffffff,8,0,0,"[0, 255, 0, 100]","[97, 255, 97]"
11217,844b269ffffffff,4,0,0,"[0, 255, 0, 100]","[97, 255, 97]"
11218,844b2cbffffffff,3,0,0,"[0, 255, 0, 100]","[97, 255, 97]"
11219,844b2d9ffffffff,5,0,0,"[0, 255, 0, 100]","[97, 255, 97]"
11220,844b2e9ffffffff,1,0,0,"[0, 255, 0, 100]","[97, 255, 97]"
11221,844b343ffffffff,3,0,0,"[0, 255, 0, 100]","[97, 255, 97]"
11222,844b347ffffffff,2,0,0,"[0, 255, 0, 100]","[97, 255, 97]"
11223,844b405ffffffff,9,0,0,"[0, 255, 0, 100]","[97, 255, 97]"
11224,844b5dbffffffff,5,0,0,"[0, 255, 0, 100]","[97, 255, 97]"
11225,844b6d7ffffffff,4,0,0,"[0, 255, 0, 100]","[97, 255, 97]"
11226,844b70dffffffff,3,0,0,"[0, 255, 0, 100]","[97, 255, 97]"
11227,844ba65ffffffff,2,0,0,"[0, 255, 0, 100]","[97, 255, 97]"
11228,844bb17ffffffff,1,0,0,"[0, 255, 0, 100]","[97, 255, 97]"
11229,844bb21ffffffff,1,0,0,"[0, 255, 0, 100]","[97, 255, 97]"
11230,844bb45ffffffff,6,0,0,"[0, 255, 0, 100]","[97, 255, 97]"
11231,844bb59ffffffff,4,0,0,"[0, 255, 0, 100]","[97, 255, 97]"
11232,844bb5bffffffff,2,0,0,"[0, 255, 0, 100]","[97, 255, 97]"
11233,844bb61ffffffff,6,0,0,"[0, 255, 0, 100]","[97, 255, 97]"
11234,844bb6dffffffff,3,0,0,"[0, 255, 0, 100]","[97, 255, 97]"
11235,844c035ffffffff,10,0,0,"[0, 255, 0, 100]","[97, 255, 97]"
11236,844c037ffffffff,6,0,0,"[0, 255, 0, 100]","[97, 255, 97]"
11237,844c041ffffffff,7,0,0,"[0, 255, 0, 100]","[97, 255, 97]"
11238,844c04dffffffff,5,0,0,"[0, 255, 0, 100]","[97, 255, 97]"
11239,844c109ffffffff,8,0,0,"[0, 255, 0, 100]","[97, 255, 97]"
11240,844c10dffffffff,3,0,0,"[0, 255, 0, 100]","[97, 255, 97]"
11241,844c137ffffffff,4,0,0,"[0, 255, 0, 100]","[97, 255, 97]"
11242,844c147ffffffff,50,0,0,"[0, 255, 0, 100]","[97, 255, 97]"
11243,844c14dffffffff,50,0,0,"[0, 255, 0, 100]","[97, 255, 97]"
11244,844c199ffffffff,7,0,0,"[0, 255, 0, 100]","[97, 255, 97]"
11245,844c1a1ffffffff,14,0,0,"[0, 255, 0, 100]","[97, 255, 97]"
11246,844c1b3ffffffff,16,0,0,"[0, 255, 0, 100]","[97, 255, 97]"
11247,844c1d7ffffffff,2,0,0,"[0, 255, 0, 100]","[97, 255, 97]"
11248,844c295ffffffff,2,0,0,"[0, 255, 0, 100]","[97, 255, 97]"
11249,844c2bdffffffff,10,0,0,"[0, 255, 0, 100]","[97, 255, 97]"
11250,844c2d3ffffffff,2,0,0,"[0, 255, 0, 100]","[97, 255, 97]"
11251,844c309ffffffff,35,0,0,"[0, 255, 0, 100]","[97, 255, 97]"
11252,844c327ffffffff,2,0,0,"[0, 255, 0, 100]","[97, 255, 97]"
11253,844c347ffffffff,7,0,0,"[0, 255, 0, 100]","[97, 255, 97]"
11254,844c365ffffffff,23,0,0,"[0, 255, 0, 100]","[97, 255, 97]"
11255,844c367ffffffff,2,0,0,"[0, 255, 0, 100]","[97, 255, 97]"
11256,844c803ffffffff,25,0,0,"[0, 255, 0, 100]","[97, 255, 97]"
11257,844c80bffffffff,1,0,0,"[0, 255, 0, 100]","[97, 255, 97]"
11258,844c813ffffffff,4,0,0,"[0, 255, 0, 100]","[97, 255, 97]"
11259,844c819ffffffff,18,0,0,"[0, 255, 0, 100]","[97, 255, 97]"
11260,844c857ffffffff,3,0,0,"[0, 255, 0, 100]","[97, 255, 97]"
11261,844c89bffffffff,46,0,0,"[0, 255, 0, 100]","[97, 255, 97]"
11262,844c8c7ffffffff,5,0,0,"[0, 255, 0, 100]","[97, 255, 97]"
11263,844c8d3ffffffff,15,0,0,"[0, 255, 0, 100]","[97, 255, 97]"
11264,844c94bffffffff,11,0,0,"[0, 255, 0, 100]","[97, 255, 97]"
11265,844c953ffffffff,30,0,0,"[0, 255, 0, 100]","[97, 255, 97]"
11266,844ca03ffffffff,39,0,0,"[0, 255, 0, 100]","[97, 255, 97]"
11267,844ca05ffffffff,5,0,0,"[0, 255, 0, 100]","[97, 255, 97]"
11268,844ca0bffffffff,3,0,0,"[0, 255, 0, 100]","[97, 255, 97]"
11269,844ca15ffffffff,49,0,0,"[0, 255, 0, 100]","[97, 255, 97]"
11270,844ca4bffffffff,4,0,0,"[0, 255, 0, 100]","[97, 255, 97]"
11271,844ca63ffffffff,2,0,0,"[0, 255, 0, 100]","[97, 255, 97]"
11272,844ca83ffffffff,32,0,0,"[0, 255, 0, 100]","[97, 255, 97]"
11273,844ca93ffffffff,72,0,0,"[0, 255, 0, 100]","[97, 255, 97]"
11274,844ca95ffffffff,51,0,0,"[0, 255, 0, 100]","[97, 255, 97]"
11275,844ca97ffffffff,11,0,0,"[0, 255, 0, 100]","[97, 255, 97]"
11276,844cabbffffffff,2,0,0,"[0, 255, 0, 100]","[97, 255, 97]"
11277,844cadbffffffff,3,0,0,"[0, 255, 0, 100]","[97, 255, 97]"
11278,844cb37ffffffff,6,0,0,"[0, 255, 0, 100]","[97, 255, 97]"
11279,844cc27ffffffff,15,0,0,"[0, 255, 0, 100]","[97, 255, 97]"
11280,844cc43ffffffff,23,0,0,"[0, 255, 0, 100]","[97, 255, 97]"
11281,844cc4dffffffff,32,0,0,"[0, 255, 0, 100]","[97, 255, 97]"
11282,844cc53ffffffff,8,0,0,"[0, 255, 0, 100]","[97, 255, 97]"
11283,844cc61ffffffff,166,0,0,"[0, 255, 0, 100]","[97, 255, 97]"
11284,844cc69ffffffff,20,0,0,"[0, 255, 0, 100]","[97, 255, 97]"
11285,844ccd1ffffffff,158,0,0,"[0, 255, 0, 100]","[97, 255, 97]"
11286,844ccd3ffffffff,61,0,0,"[0, 255, 0, 100]","[97, 255, 97]"
11287,844ccd7ffffffff,14,0,0,"[0, 255, 0, 100]","[97, 255, 97]"
11288,844ccdbffffffff,8,0,0,"[0, 255, 0, 100]","[97, 255, 97]"
11289,844ccddffffffff,4,0,0,"[0, 255, 0, 100]","[97, 255, 97]"
11290,844cd39ffffffff,1,0,0,"[0, 255, 0, 100]","[97, 255, 97]"
11291,844cd43ffffffff,114,0,0,"[0, 255, 0, 100]","[97, 255, 97]"
11292,844cd4bffffffff,3,0,0,"[0, 255, 0, 100]","[97, 255, 97]"
11293,844cd55ffffffff,98,0,0,"[0, 255, 0, 100]","[97, 255, 97]"
11294,844cd91ffffffff,15,0,0,"[0, 255, 0, 100]","[97, 255, 97]"
11295,844cd99ffffffff,76,0,0,"[0, 255, 0, 100]","[97, 255, 97]"
11296,844cdcdffffffff,43,0,0,"[0, 255, 0, 100]","[97, 255, 97]"
11297,844cdd3ffffffff,83,0,0,"[0, 255, 0, 100]","[97, 255, 97]"
11298,844cde1ffffffff,32,0,0,"[0, 255, 0, 100]","[97, 255, 97]"
11299,844ce23ffffffff,11,0,0,"[0, 255, 0, 100]","[97, 255, 97]"
11300,844ce2bffffffff,78,0,0,"[0, 255, 0, 100]","[97, 255, 97]"
11301,844ce2dffffffff,8,0,0,"[0, 255, 0, 100]","[97, 255, 97]"
11302,844ce31ffffffff,19,0,0,"[0, 255, 0, 100]","[97, 255, 97]"
11303,844ce33ffffffff,33,0,0,"[0, 255, 0, 100]","[97, 255, 97]"
11304,844ce3dffffffff,130,0,0,"[0, 255, 0, 100]","[97, 255, 97]"
11305,844ce43ffffffff,10,0,0,"[0, 255, 0, 100]","[97, 255, 97]"
11306,844ce67ffffffff,1,0,0,"[0, 255, 0, 100]","[97, 255, 97]"
11307,844ce69ffffffff,9,0,0,"[0, 255, 0, 100]","[97, 255, 97]"
11308,844ce81ffffffff,13,0,0,"[0, 255, 0, 100]","[97, 255, 97]"
11309,844ce83ffffffff,83,0,0,"[0, 255, 0, 100]","[97, 255, 97]"
11310,844ce8bffffffff,12,0,0,"[0, 255, 0, 100]","[97, 255, 97]"
11311,844ce8dffffffff,19,0,0,"[0, 255, 0, 100]","[97, 255, 97]"
11312,844cea9ffffffff,89,0,0,"[0, 255, 0, 100]","[97, 255, 97]"
11313,844ceb9ffffffff,16,0,0,"[0, 255, 0, 100]","[97, 255, 97]"
11314,844cee1ffffffff,42,0,0,"[0, 255, 0, 100]","[97, 255, 97]"
11315,844cee3ffffffff,116,0,0,"[0, 255, 0, 100]","[97, 255, 97]"
11316,844cee5ffffffff,60,0,0,"[0, 255, 0, 100]","[97, 255, 97]"
11317,844cee7ffffffff,200,0,0,"[0, 255, 0, 100]","[97, 255, 97]"
11318,844ceedffffffff,13,0,0,"[0, 255, 0, 100]","[97, 255, 97]"
11319,844cf05ffffffff,27,0,0,"[0, 255, 0, 100]","[97, 255, 97]"
11320,844cf1bffffffff,28,0,0,"[0, 255, 0, 100]","[97, 255, 97]"
11321,844cf25ffffffff,58,0,0,"[0, 255, 0, 100]","[97, 255, 97]"
11322,844cf29ffffffff,108,0,0,"[0, 255, 0, 100]","[97, 255, 97]"
11323,844cf2bffffffff,1,0,0,"[0, 255, 0, 100]","[97, 255, 97]"
11324,844cf31ffffffff,49,0,0,"[0, 255, 0, 100]","[97, 255, 97]"
11325,844cf33ffffffff,120,0,0,"[0, 255, 0, 100]","[97, 255, 97]"
11326,844cf3dffffffff,19,0,0,"[0, 255, 0, 100]","[97, 255, 97]"
11327,844cf43ffffffff,3,0,0,"[0, 255, 0, 100]","[97, 255, 97]"
11328,844cf45ffffffff,31,0,0,"[0, 255, 0, 100]","[97, 255, 97]"
11329,844cf4dffffffff,18,0,0,"[0, 255, 0, 100]","[97, 255, 97]"
11330,844cf53ffffffff,13,0,0,"[0, 255, 0, 100]","[97, 255, 97]"
11331,844cf55ffffffff,1,0,0,"[0, 255, 0, 100]","[97, 255, 97]"
11332,844cf69ffffffff,10,0,0,"[0, 255, 0, 100]","[97, 255, 97]"
11333,844d191ffffffff,1,0,0,"[0, 255, 0, 100]","[97, 255, 97]"
11334,844d199ffffffff,2,0,0,"[0, 255, 0, 100]","[97, 255, 97]"
11335,844d323ffffffff,1,0,0,"[0, 255, 0, 100]","[97, 255, 97]"
11336,844d335ffffffff,13,0,0,"[0, 255, 0, 100]","[97, 255, 97]"
11337,844d497ffffffff,5,0,0,"[0, 255, 0, 100]","[97, 255, 97]"
11338,844d569ffffffff,5,0,0,"[0, 255, 0, 100]","[97, 255, 97]"
11339,844d5adffffffff,95,0,0,"[0, 255, 0, 100]","[97, 255, 97]"
11340,844d60bffffffff,54,0,0,"[0, 255, 0, 100]","[97, 255, 97]"
11341,844d68dffffffff,1,0,0,"[0, 255, 0, 100]","[97, 255, 97]"
11342,844d707ffffffff,30,0,0,"[0, 255, 0, 100]","[97, 255, 97]"
11343,844d72bffffffff,106,0,0,"[0, 255, 0, 100]","[97, 255, 97]"
11344,844d84dffffffff,6,0,0,"[0, 255, 0, 100]","[97, 255, 97]"
11345,844d925ffffffff,4,0,0,"[0, 255, 0, 100]","[97, 255, 97]"
11346,844d987ffffffff,13,0,0,"[0, 255, 0, 100]","[97, 255, 97]"
11347,844d9abffffffff,1,0,0,"[0, 255, 0, 100]","[97, 255, 97]"
11348,844d9b9ffffffff,36,0,0,"[0, 255, 0, 100]","[97, 255, 97]"
11349,844d9bbffffffff,35,0,0,"[0, 255, 0, 100]","[97, 255, 97]"
11350,844d9bdffffffff,40,0,0,"[0, 255, 0, 100]","[97, 255, 97]"
11351,844da11ffffffff,11,0,0,"[0, 255, 0, 100]","[97, 255, 97]"
11352,844da65ffffffff,30,0,0,"[0, 255, 0, 100]","[97, 255, 97]"
11353,844da85ffffffff,1,0,0,"[0, 255, 0, 100]","[97, 255, 97]"
11354,844da89ffffffff,10,0,0,"[0, 255, 0, 100]","[97, 255, 97]"
11355,844daabffffffff,5,0,0,"[0, 255, 0, 100]","[97, 255, 97]"
11356,844dabdffffffff,15,0,0,"[0, 255, 0, 100]","[97, 255, 97]"
11357,844dac7ffffffff,2,0,0,"[0, 255, 0, 100]","[97, 255, 97]"
11358,844db1bffffffff,6,0,0,"[0, 255, 0, 100]","[97, 255, 97]"
11359,844e127ffffffff,33,0,0,"[0, 255, 0, 100]","[97, 255, 97]"
11360,844e129ffffffff,17,0,0,"[0, 255, 0, 100]","[97, 255, 97]"
11361,844e433ffffffff,4,0,0,"[0, 255, 0, 100]","[97, 255, 97]"
11362,844e459ffffffff,33,0,0,"[0, 255, 0, 100]","[97, 255, 97]"
11363,844e4e5ffffffff,145,0,0,"[0, 255, 0, 100]","[97, 255, 97]"
11364,844e581ffffffff,3,0,0,"[0, 255, 0, 100]","[97, 255, 97]"
11365,844e587ffffffff,3,0,0,"[0, 255, 0, 100]","[97, 255, 97]"
11366,844e58bffffffff,6,0,0,"[0, 255, 0, 100]","[97, 255, 97]"
11367,844e5c3ffffffff,11,0,0,"[0, 255, 0, 100]","[97, 255, 97]"
11368,844e5c7ffffffff,17,0,0,"[0, 255, 0, 100]","[97, 255, 97]"
11369,844e633ffffffff,81,0,0,"[0, 255, 0, 100]","[97, 255, 97]"
11370,844e655ffffffff,34,0,0,"[0, 255, 0, 100]","[97, 255, 97]"
11371,844e65bffffffff,77,0,0,"[0, 255, 0, 100]","[97, 255, 97]"
11372,844e6bbffffffff,5,0,0,"[0, 255, 0, 100]","[97, 255, 97]"
11373,844e6c3ffffffff,44,0,0,"[0, 255, 0, 100]","[97, 255, 97]"
11374,844e6d5ffffffff,121,0,0,"[0, 255, 0, 100]","[97, 255, 97]"
11375,844e829ffffffff,4,0,0,"[0, 255, 0, 100]","[97, 255, 97]"
11376,844e82bffffffff,20,0,0,"[0, 255, 0, 100]","[97, 255, 97]"
11377,844e985ffffffff,10,0,0,"[0, 255, 0, 100]","[97, 255, 97]"
11378,844e987ffffffff,116,0,0,"[0, 255, 0, 100]","[97, 255, 97]"
11379,844ea13ffffffff,4,0,0,"[0, 255, 0, 100]","[97, 255, 97]"
11380,844ea15ffffffff,26,0,0,"[0, 255, 0, 100]","[97, 255, 97]"
11381,844ea17ffffffff,148,0,0,"[0, 255, 0, 100]","[97, 255, 97]"
11382,844ea19ffffffff,90,0,0,"[0, 255, 0, 100]","[97, 255, 97]"
11383,844ea1bffffffff,7,0,0,"[0, 255, 0, 100]","[97, 255, 97]"
11384,844eae9ffffffff,90,0,0,"[0, 255, 0, 100]","[97, 255, 97]"
11385,844eaedffffffff,97,0,0,"[0, 255, 0, 100]","[97, 255, 97]"
11386,844eb43ffffffff,48,0,0,"[0, 255, 0, 100]","[97, 255, 97]"
11387,844eb51ffffffff,7,0,0,"[0, 255, 0, 100]","[97, 255, 97]"
11388,844eb5dffffffff,123,0,0,"[0, 255, 0, 100]","[97, 255, 97]"
11389,844eca7ffffffff,1,0,0,"[0, 255, 0, 100]","[97, 255, 97]"
11390,844ed89ffffffff,59,0,0,"[0, 255, 0, 100]","[97, 255, 97]"
11391,844ed8dffffffff,11,0,0,"[0, 255, 0, 100]","[97, 255, 97]"
11392,844ee83ffffffff,8,0,0,"[0, 255, 0, 100]","[97, 255, 97]"
11393,844eeb9ffffffff,8,0,0,"[0, 255, 0, 100]","[97, 255, 97]"
11394,844f493ffffffff,74,0,0,"[0, 255, 0, 100]","[97, 255, 97]"
11395,844f497ffffffff,14,0,0,"[0, 255, 0, 100]","[97, 255, 97]"
11396,844f499ffffffff,70,0,0,"[0, 255, 0, 100]","[97, 255, 97]"
11397,844f49bffffffff,134,0,0,"[0, 255, 0, 100]","[97, 255, 97]"
11398,844f4b5ffffffff,52,0,0,"[0, 255, 0, 100]","[97, 255, 97]"
11399,8450083ffffffff,71,0,0,"[0, 255, 0, 100]","[97, 255, 97]"
11400,845009dffffffff,16,0,0,"[0, 255, 0, 100]","[97, 255, 97]"
11401,84500b5ffffffff,222,0,0,"[0, 255, 0, 100]","[97, 255, 97]"
11402,84500b9ffffffff,223,0,0,"[0, 255, 0, 100]","[97, 255, 97]"
11403,84500bdffffffff,147,0,0,"[0, 255, 0, 100]","[97, 255, 97]"
11404,8450411ffffffff,24,0,0,"[0, 255, 0, 100]","[97, 255, 97]"
11405,8450415ffffffff,87,0,0,"[0, 255, 0, 100]","[97, 255, 97]"
11406,845041dffffffff,31,0,0,"[0, 255, 0, 100]","[97, 255, 97]"
11407,8450439ffffffff,7,0,0,"[0, 255, 0, 100]","[97, 255, 97]"
11408,8450491ffffffff,166,0,0,"[0, 255, 0, 100]","[97, 255, 97]"
11409,8450495ffffffff,41,0,0,"[0, 255, 0, 100]","[97, 255, 97]"
11410,845049bffffffff,59,0,0,"[0, 255, 0, 100]","[97, 255, 97]"
11411,84504a3ffffffff,15,0,0,"[0, 255, 0, 100]","[97, 255, 97]"
11412,84504b9ffffffff,2,0,0,"[0, 255, 0, 100]","[97, 255, 97]"
11413,8450501ffffffff,114,0,0,"[0, 255, 0, 100]","[97, 255, 97]"
11414,8450505ffffffff,163,0,0,"[0, 255, 0, 100]","[97, 255, 97]"
11415,8450529ffffffff,180,0,0,"[0, 255, 0, 100]","[97, 255, 97]"
11416,845052dffffffff,82,0,0,"[0, 255, 0, 100]","[97, 255, 97]"
11417,8450591ffffffff,27,0,0,"[0, 255, 0, 100]","[97, 255, 97]"
11418,8450593ffffffff,64,0,0,"[0, 255, 0, 100]","[97, 255, 97]"
11419,8450595ffffffff,57,0,0,"[0, 255, 0, 100]","[97, 255, 97]"
11420,8450597ffffffff,78,0,0,"[0, 255, 0, 100]","[97, 255, 97]"
11421,845059bffffffff,79,0,0,"[0, 255, 0, 100]","[97, 255, 97]"
11422,84505b1ffffffff,76,0,0,"[0, 255, 0, 100]","[97, 255, 97]"
11423,84505b5ffffffff,174,0,0,"[0, 255, 0, 100]","[97, 255, 97]"
11424,84505b9ffffffff,27,0,0,"[0, 255, 0, 100]","[97, 255, 97]"
11425,84505bbffffffff,291,0,0,"[0, 255, 0, 100]","[97, 255, 97]"
11426,84506a5ffffffff,9,0,0,"[0, 255, 0, 100]","[97, 255, 97]"
11427,84509d1ffffffff,7,0,0,"[0, 255, 0, 100]","[97, 255, 97]"
11428,8450ad9ffffffff,7,0,0,"[0, 255, 0, 100]","[97, 255, 97]"
11429,8450addffffffff,8,0,0,"[0, 255, 0, 100]","[97, 255, 97]"
11430,8450c13ffffffff,38,0,0,"[0, 255, 0, 100]","[97, 255, 97]"
11431,8450c17ffffffff,16,0,0,"[0, 255, 0, 100]","[97, 255, 97]"
11432,8450c31ffffffff,45,0,0,"[0, 255, 0, 100]","[97, 255, 97]"
11433,8450c33ffffffff,259,0,0,"[0, 255, 0, 100]","[97, 255, 97]"
11434,8450c35ffffffff,67,0,0,"[0, 255, 0, 100]","[97, 255, 97]"
11435,8450c37ffffffff,332,0,0,"[0, 255, 0, 100]","[97, 255, 97]"
11436,8450c3bffffffff,6,0,0,"[0, 255, 0, 100]","[97, 255, 97]"
11437,8450c81ffffffff,209,0,0,"[0, 255, 0, 100]","[97, 255, 97]"
11438,8450c85ffffffff,286,0,0,"[0, 255, 0, 100]","[97, 255, 97]"
11439,8450c8bffffffff,109,0,0,"[0, 255, 0, 100]","[97, 255, 97]"
11440,8450ca9ffffffff,64,0,0,"[0, 255, 0, 100]","[97, 255, 97]"
11441,8450cadffffffff,6,0,0,"[0, 255, 0, 100]","[97, 255, 97]"
11442,8450cc1ffffffff,342,0,0,"[0, 255, 0, 100]","[97, 255, 97]"
11443,8450cc5ffffffff,278,0,0,"[0, 255, 0, 100]","[97, 255, 97]"
11444,8450cc9ffffffff,111,0,0,"[0, 255, 0, 100]","[97, 255, 97]"
11445,8450ccbffffffff,451,0,0,"[0, 255, 0, 100]","[97, 255, 97]"
11446,8450ccdffffffff,10,0,0,"[0, 255, 0, 100]","[97, 255, 97]"
11447,8450cd7ffffffff,2,0,0,"[0, 255, 0, 100]","[97, 255, 97]"
11448,8450ce9ffffffff,299,0,0,"[0, 255, 0, 100]","[97, 255, 97]"
11449,8450cedffffffff,263,0,0,"[0, 255, 0, 100]","[97, 255, 97]"
11450,8450d05ffffffff,2,0,0,"[0, 255, 0, 100]","[97, 255, 97]"
11451,8450d17ffffffff,22,0,0,"[0, 255, 0, 100]","[97, 255, 97]"
11452,8450d21ffffffff,29,0,0,"[0, 255, 0, 100]","[97, 255, 97]"
11453,8450d25ffffffff,125,0,0,"[0, 255, 0, 100]","[97, 255, 97]"
11454,8450d29ffffffff,112,0,0,"[0, 255, 0, 100]","[97, 255, 97]"
11455,8450d2dffffffff,104,0,0,"[0, 255, 0, 100]","[97, 255, 97]"
11456,8450d31ffffffff,3,0,0,"[0, 255, 0, 100]","[97, 255, 97]"
11457,8450d33ffffffff,1,0,0,"[0, 255, 0, 100]","[97, 255, 97]"
11458,8450d35ffffffff,36,0,0,"[0, 255, 0, 100]","[97, 255, 97]"
11459,8450d81ffffffff,281,0,0,"[0, 255, 0, 100]","[97, 255, 97]"
11460,8450d85ffffffff,55,0,0,"[0, 255, 0, 100]","[97, 255, 97]"
11461,8450d8bffffffff,517,0,0,"[0, 255, 0, 100]","[97, 255, 97]"
11462,8450da9ffffffff,91,0,0,"[0, 255, 0, 100]","[97, 255, 97]"
11463,8450dadffffffff,260,0,0,"[0, 255, 0, 100]","[97, 255, 97]"
11464,8450db9ffffffff,32,0,0,"[0, 255, 0, 100]","[97, 255, 97]"
11465,8450dc1ffffffff,170,0,0,"[0, 255, 0, 100]","[97, 255, 97]"
11466,8450dc5ffffffff,26,0,0,"[0, 255, 0, 100]","[97, 255, 97]"
11467,8450dc9ffffffff,91,0,0,"[0, 255, 0, 100]","[97, 255, 97]"
11468,8450dcbffffffff,140,0,0,"[0, 255, 0, 100]","[97, 255, 97]"
11469,8450dcdffffffff,60,0,0,"[0, 255, 0, 100]","[97, 255, 97]"
11470,8450dd3ffffffff,138,0,0,"[0, 255, 0, 100]","[97, 255, 97]"
11471,8450dd7ffffffff,333,0,0,"[0, 255, 0, 100]","[97, 255, 97]"
11472,8450e41ffffffff,2,0,0,"[0, 255, 0, 100]","[97, 255, 97]"
11473,8450e4bffffffff,31,0,0,"[0, 255, 0, 100]","[97, 255, 97]"
11474,8450e53ffffffff,10,0,0,"[0, 255, 0, 100]","[97, 255, 97]"
11475,8450e89ffffffff,29,0,0,"[0, 255, 0, 100]","[97, 255, 97]"
11476,8450e8dffffffff,160,0,0,"[0, 255, 0, 100]","[97, 255, 97]"
11477,8450eb1ffffffff,279,0,0,"[0, 255, 0, 100]","[97, 255, 97]"
11478,8450eb3ffffffff,21,0,0,"[0, 255, 0, 100]","[97, 255, 97]"
11479,8450eb5ffffffff,205,0,0,"[0, 255, 0, 100]","[97, 255, 97]"
11480,8450eb7ffffffff,191,0,0,"[0, 255, 0, 100]","[97, 255, 97]"
11481,8450ebbffffffff,60,0,0,"[0, 255, 0, 100]","[97, 255, 97]"
11482,8450ec3ffffffff,170,0,0,"[0, 255, 0, 100]","[97, 255, 97]"
11483,8450ec7ffffffff,136,0,0,"[0, 255, 0, 100]","[97, 255, 97]"
11484,8450ed7ffffffff,7,0,0,"[0, 255, 0, 100]","[97, 255, 97]"
11485,8450ed9ffffffff,3,0,0,"[0, 255, 0, 100]","[97, 255, 97]"
11486,8450eddffffffff,113,0,0,"[0, 255, 0, 100]","[97, 255, 97]"
11487,8450ee3ffffffff,57,0,0,"[0, 255, 0, 100]","[97, 255, 97]"
11488,8450eebffffffff,10,0,0,"[0, 255, 0, 100]","[97, 255, 97]"
11489,8450f13ffffffff,20,0,0,"[0, 255, 0, 100]","[97, 255, 97]"
11490,8450f17ffffffff,110,0,0,"[0, 255, 0, 100]","[97, 255, 97]"
11491,8450f33ffffffff,33,0,0,"[0, 255, 0, 100]","[97, 255, 97]"
11492,8450f37ffffffff,7,0,0,"[0, 255, 0, 100]","[97, 255, 97]"
11493,8450f3bffffffff,74,0,0,"[0, 255, 0, 100]","[97, 255, 97]"
11494,8451095ffffffff,35,0,0,"[0, 255, 0, 100]","[97, 255, 97]"
11495,845109dffffffff,238,0,0,"[0, 255, 0, 100]","[97, 255, 97]"
11496,84510d1ffffffff,75,0,0,"[0, 255, 0, 100]","[97, 255, 97]"
11497,84510d3ffffffff,68,0,0,"[0, 255, 0, 100]","[97, 255, 97]"
11498,84510d7ffffffff,210,0,0,"[0, 255, 0, 100]","[97, 255, 97]"
11499,84510dbffffffff,39,0,0,"[0, 255, 0, 100]","[97, 255, 97]"
11500,845201bffffffff,22,0,0,"[0, 255, 0, 100]","[97, 255, 97]"
11501,8452021ffffffff,146,0,0,"[0, 255, 0, 100]","[97, 255, 97]"
11502,8452025ffffffff,4,0,0,"[0, 255, 0, 100]","[97, 255, 97]"
11503,845202dffffffff,133,0,0,"[0, 255, 0, 100]","[97, 255, 97]"
11504,845204bffffffff,39,0,0,"[0, 255, 0, 100]","[97, 255, 97]"
11505,8452059ffffffff,8,0,0,"[0, 255, 0, 100]","[97, 255, 97]"
11506,84520e5ffffffff,74,0,0,"[0, 255, 0, 100]","[97, 255, 97]"
11507,8452113ffffffff,3,0,0,"[0, 255, 0, 100]","[97, 255, 97]"
11508,845211bffffffff,7,0,0,"[0, 255, 0, 100]","[97, 255, 97]"
11509,84521bbffffffff,9,0,0,"[0, 255, 0, 100]","[97, 255, 97]"
11510,84521d9ffffffff,8,0,0,"[0, 255, 0, 100]","[97, 255, 97]"
11511,84521e9ffffffff,19,0,0,"[0, 255, 0, 100]","[97, 255, 97]"
11512,8452201ffffffff,13,0,0,"[0, 255, 0, 100]","[97, 255, 97]"
11513,8452203ffffffff,1,0,0,"[0, 255, 0, 100]","[97, 255, 97]"
11514,8452207ffffffff,7,0,0,"[0, 255, 0, 100]","[97, 255, 97]"
11515,845221dffffffff,7,0,0,"[0, 255, 0, 100]","[97, 255, 97]"
11516,8452223ffffffff,46,0,0,"[0, 255, 0, 100]","[97, 255, 97]"
11517,845222bffffffff,73,0,0,"[0, 255, 0, 100]","[97, 255, 97]"
11518,8452241ffffffff,30,0,0,"[0, 255, 0, 100]","[97, 255, 97]"
11519,8452243ffffffff,63,0,0,"[0, 255, 0, 100]","[97, 255, 97]"
11520,8452249ffffffff,4,0,0,"[0, 255, 0, 100]","[97, 255, 97]"
11521,845225dffffffff,36,0,0,"[0, 255, 0, 100]","[97, 255, 97]"
11522,84522a1ffffffff,67,0,0,"[0, 255, 0, 100]","[97, 255, 97]"
11523,84522a5ffffffff,3,0,0,"[0, 255, 0, 100]","[97, 255, 97]"
11524,84522a9ffffffff,19,0,0,"[0, 255, 0, 100]","[97, 255, 97]"
11525,84522e5ffffffff,62,0,0,"[0, 255, 0, 100]","[97, 255, 97]"
11526,84522ebffffffff,2,0,0,"[0, 255, 0, 100]","[97, 255, 97]"
11527,8452303ffffffff,2,0,0,"[0, 255, 0, 100]","[97, 255, 97]"
11528,8452311ffffffff,6,0,0,"[0, 255, 0, 100]","[97, 255, 97]"
11529,8452317ffffffff,1,0,0,"[0, 255, 0, 100]","[97, 255, 97]"
11530,845233dffffffff,2,0,0,"[0, 255, 0, 100]","[97, 255, 97]"
11531,8452497ffffffff,2,0,0,"[0, 255, 0, 100]","[97, 255, 97]"
11532,84524b3ffffffff,90,0,0,"[0, 255, 0, 100]","[97, 255, 97]"
11533,84524b7ffffffff,6,0,0,"[0, 255, 0, 100]","[97, 255, 97]"
11534,845280bffffffff,2,0,0,"[0, 255, 0, 100]","[97, 255, 97]"
11535,8452825ffffffff,16,0,0,"[0, 255, 0, 100]","[97, 255, 97]"
11536,845282dffffffff,26,0,0,"[0, 255, 0, 100]","[97, 255, 97]"
11537,8452831ffffffff,2,0,0,"[0, 255, 0, 100]","[97, 255, 97]"
11538,8452837ffffffff,6,0,0,"[0, 255, 0, 100]","[97, 255, 97]"
11539,8452987ffffffff,23,0,0,"[0, 255, 0, 100]","[97, 255, 97]"
11540,8452989ffffffff,6,0,0,"[0, 255, 0, 100]","[97, 255, 97]"
11541,84529a3ffffffff,45,0,0,"[0, 255, 0, 100]","[97, 255, 97]"
11542,84529a7ffffffff,7,0,0,"[0, 255, 0, 100]","[97, 255, 97]"
11543,84529b1ffffffff,80,0,0,"[0, 255, 0, 100]","[97, 255, 97]"
11544,84529b5ffffffff,14,0,0,"[0, 255, 0, 100]","[97, 255, 97]"
11545,84529b7ffffffff,171,0,0,"[0, 255, 0, 100]","[97, 255, 97]"
11546,84529b9ffffffff,5,0,0,"[0, 255, 0, 100]","[97, 255, 97]"
11547,84529bdffffffff,125,0,0,"[0, 255, 0, 100]","[97, 255, 97]"
11548,84529d3ffffffff,12,0,0,"[0, 255, 0, 100]","[97, 255, 97]"
11549,84529ddffffffff,6,0,0,"[0, 255, 0, 100]","[97, 255, 97]"
11550,8452c65ffffffff,9,0,0,"[0, 255, 0, 100]","[97, 255, 97]"
11551,8452c69ffffffff,6,0,0,"[0, 255, 0, 100]","[97, 255, 97]"
11552,8452cd9ffffffff,21,0,0,"[0, 255, 0, 100]","[97, 255, 97]"
11553,8452cddffffffff,1,0,0,"[0, 255, 0, 100]","[97, 255, 97]"
11554,8452d33ffffffff,3,0,0,"[0, 255, 0, 100]","[97, 255, 97]"
11555,8452d37ffffffff,47,0,0,"[0, 255, 0, 100]","[97, 255, 97]"
11556,8452d41ffffffff,5,0,0,"[0, 255, 0, 100]","[97, 255, 97]"
11557,8452d45ffffffff,23,0,0,"[0, 255, 0, 100]","[97, 255, 97]"
11558,8452d69ffffffff,74,0,0,"[0, 255, 0, 100]","[97, 255, 97]"
11559,8452d6bffffffff,51,0,0,"[0, 255, 0, 100]","[97, 255, 97]"
11560,8452dc3ffffffff,17,0,0,"[0, 255, 0, 100]","[97, 255, 97]"
11561,8452dc7ffffffff,47,0,0,"[0, 255, 0, 100]","[97, 255, 97]"
11562,8452dddffffffff,1,0,0,"[0, 255, 0, 100]","[97, 255, 97]"
11563,8452f21ffffffff,38,0,0,"[0, 255, 0, 100]","[97, 255, 97]"
11564,8452f29ffffffff,10,0,0,"[0, 255, 0, 100]","[97, 255, 97]"
11565,8452f33ffffffff,49,0,0,"[0, 255, 0, 100]","[97, 255, 97]"
11566,8453005ffffffff,36,0,0,"[0, 255, 0, 100]","[97, 255, 97]"
11567,8453015ffffffff,1,0,0,"[0, 255, 0, 100]","[97, 255, 97]"
11568,8453063ffffffff,1,0,0,"[0, 255, 0, 100]","[97, 255, 97]"
11569,8453091ffffffff,53,0,0,"[0, 255, 0, 100]","[97, 255, 97]"
11570,8453095ffffffff,15,0,0,"[0, 255, 0, 100]","[97, 255, 97]"
11571,84530a1ffffffff,4,0,0,"[0, 255, 0, 100]","[97, 255, 97]"
11572,84530a5ffffffff,48,0,0,"[0, 255, 0, 100]","[97, 255, 97]"
11573,84530b1ffffffff,25,0,0,"[0, 255, 0, 100]","[97, 255, 97]"
11574,84530b5ffffffff,118,0,0,"[0, 255, 0, 100]","[97, 255, 97]"
11575,84530c1ffffffff,38,0,0,"[0, 255, 0, 100]","[97, 255, 97]"
11576,84530c5ffffffff,16,0,0,"[0, 255, 0, 100]","[97, 255, 97]"
11577,84530cbffffffff,10,0,0,"[0, 255, 0, 100]","[97, 255, 97]"
11578,84530cdffffffff,3,0,0,"[0, 255, 0, 100]","[97, 255, 97]"
11579,84530d3ffffffff,18,0,0,"[0, 255, 0, 100]","[97, 255, 97]"
11580,845310dffffffff,5,0,0,"[0, 255, 0, 100]","[97, 255, 97]"
11581,8453113ffffffff,2,0,0,"[0, 255, 0, 100]","[97, 255, 97]"
11582,8453117ffffffff,5,0,0,"[0, 255, 0, 100]","[97, 255, 97]"
11583,8453123ffffffff,2,0,0,"[0, 255, 0, 100]","[97, 255, 97]"
11584,8453135ffffffff,5,0,0,"[0, 255, 0, 100]","[97, 255, 97]"
11585,8453161ffffffff,4,0,0,"[0, 255, 0, 100]","[97, 255, 97]"
11586,8453181ffffffff,1,0,0,"[0, 255, 0, 100]","[97, 255, 97]"
11587,8453183ffffffff,3,0,0,"[0, 255, 0, 100]","[97, 255, 97]"
11588,8453187ffffffff,13,0,0,"[0, 255, 0, 100]","[97, 255, 97]"
11589,845318dffffffff,2,0,0,"[0, 255, 0, 100]","[97, 255, 97]"
11590,8453199ffffffff,2,0,0,"[0, 255, 0, 100]","[97, 255, 97]"
11591,84531d5ffffffff,9,0,0,"[0, 255, 0, 100]","[97, 255, 97]"
11592,84531e5ffffffff,1,0,0,"[0, 255, 0, 100]","[97, 255, 97]"
11593,8453213ffffffff,3,0,0,"[0, 255, 0, 100]","[97, 255, 97]"
11594,8453217ffffffff,1,0,0,"[0, 255, 0, 100]","[97, 255, 97]"
11595,845325dffffffff,11,0,0,"[0, 255, 0, 100]","[97, 255, 97]"
11596,8453285ffffffff,3,0,0,"[0, 255, 0, 100]","[97, 255, 97]"
11597,84532b5ffffffff,50,0,0,"[0, 255, 0, 100]","[97, 255, 97]"
11598,84532bdffffffff,9,0,0,"[0, 255, 0, 100]","[97, 255, 97]"
11599,84532cbffffffff,1,0,0,"[0, 255, 0, 100]","[97, 255, 97]"
11600,84532d1ffffffff,7,0,0,"[0, 255, 0, 100]","[97, 255, 97]"
11601,84532dbffffffff,60,0,0,"[0, 255, 0, 100]","[97, 255, 97]"
11602,84532e3ffffffff,4,0,0,"[0, 255, 0, 100]","[97, 255, 97]"
11603,8453351ffffffff,7,0,0,"[0, 255, 0, 100]","[97, 255, 97]"
11604,8453359ffffffff,18,0,0,"[0, 255, 0, 100]","[97, 255, 97]"
11605,845335dffffffff,7,0,0,"[0, 255, 0, 100]","[97, 255, 97]"
11606,845336dffffffff,96,0,0,"[0, 255, 0, 100]","[97, 255, 97]"
11607,8453461ffffffff,5,0,0,"[0, 255, 0, 100]","[97, 255, 97]"
11608,8453469ffffffff,65,0,0,"[0, 255, 0, 100]","[97, 255, 97]"
11609,845346dffffffff,17,0,0,"[0, 255, 0, 100]","[97, 255, 97]"
11610,8453485ffffffff,14,0,0,"[0, 255, 0, 100]","[97, 255, 97]"
11611,8453487ffffffff,19,0,0,"[0, 255, 0, 100]","[97, 255, 97]"
11612,8453495ffffffff,23,0,0,"[0, 255, 0, 100]","[97, 255, 97]"
11613,84534a1ffffffff,30,0,0,"[0, 255, 0, 100]","[97, 255, 97]"
11614,84534a3ffffffff,36,0,0,"[0, 255, 0, 100]","[97, 255, 97]"
11615,84534abffffffff,6,0,0,"[0, 255, 0, 100]","[97, 255, 97]"
11616,84534b1ffffffff,36,0,0,"[0, 255, 0, 100]","[97, 255, 97]"
11617,84534b3ffffffff,20,0,0,"[0, 255, 0, 100]","[97, 255, 97]"
11618,84534b9ffffffff,36,0,0,"[0, 255, 0, 100]","[97, 255, 97]"
11619,84534bbffffffff,8,0,0,"[0, 255, 0, 100]","[97, 255, 97]"
11620,84534bdffffffff,36,0,0,"[0, 255, 0, 100]","[97, 255, 97]"
11621,84534e5ffffffff,2,0,0,"[0, 255, 0, 100]","[97, 255, 97]"
11622,845350bffffffff,20,0,0,"[0, 255, 0, 100]","[97, 255, 97]"
11623,8453517ffffffff,46,0,0,"[0, 255, 0, 100]","[97, 255, 97]"
11624,8453519ffffffff,2,0,0,"[0, 255, 0, 100]","[97, 255, 97]"
11625,845351bffffffff,5,0,0,"[0, 255, 0, 100]","[97, 255, 97]"
11626,8453529ffffffff,27,0,0,"[0, 255, 0, 100]","[97, 255, 97]"
11627,845352bffffffff,3,0,0,"[0, 255, 0, 100]","[97, 255, 97]"
11628,845352dffffffff,3,0,0,"[0, 255, 0, 100]","[97, 255, 97]"
11629,845353bffffffff,12,0,0,"[0, 255, 0, 100]","[97, 255, 97]"
11630,8453545ffffffff,23,0,0,"[0, 255, 0, 100]","[97, 255, 97]"
11631,8453549ffffffff,28,0,0,"[0, 255, 0, 100]","[97, 255, 97]"
11632,845354dffffffff,8,0,0,"[0, 255, 0, 100]","[97, 255, 97]"
11633,8453553ffffffff,9,0,0,"[0, 255, 0, 100]","[97, 255, 97]"
11634,8453561ffffffff,2,0,0,"[0, 255, 0, 100]","[97, 255, 97]"
11635,8453569ffffffff,109,0,0,"[0, 255, 0, 100]","[97, 255, 97]"
11636,84535c3ffffffff,1,0,0,"[0, 255, 0, 100]","[97, 255, 97]"
11637,84535c7ffffffff,20,0,0,"[0, 255, 0, 100]","[97, 255, 97]"
11638,84535d9ffffffff,15,0,0,"[0, 255, 0, 100]","[97, 255, 97]"
11639,84535edffffffff,36,0,0,"[0, 255, 0, 100]","[97, 255, 97]"
11640,8453601ffffffff,4,0,0,"[0, 255, 0, 100]","[97, 255, 97]"
11641,8453603ffffffff,1,0,0,"[0, 255, 0, 100]","[97, 255, 97]"
11642,8453609ffffffff,2,0,0,"[0, 255, 0, 100]","[97, 255, 97]"
11643,845360bffffffff,28,0,0,"[0, 255, 0, 100]","[97, 255, 97]"
11644,845360dffffffff,27,0,0,"[0, 255, 0, 100]","[97, 255, 97]"
11645,8453615ffffffff,1,0,0,"[0, 255, 0, 100]","[97, 255, 97]"
11646,845361dffffffff,12,0,0,"[0, 255, 0, 100]","[97, 255, 97]"
11647,8453623ffffffff,33,0,0,"[0, 255, 0, 100]","[97, 255, 97]"
11648,8453629ffffffff,5,0,0,"[0, 255, 0, 100]","[97, 255, 97]"
11649,8453631ffffffff,40,0,0,"[0, 255, 0, 100]","[97, 255, 97]"
11650,8453633ffffffff,60,0,0,"[0, 255, 0, 100]","[97, 255, 97]"
11651,8453635ffffffff,6,0,0,"[0, 255, 0, 100]","[97, 255, 97]"
11652,8453637ffffffff,3,0,0,"[0, 255, 0, 100]","[97, 255, 97]"
11653,845363dffffffff,11,0,0,"[0, 255, 0, 100]","[97, 255, 97]"
11654,8453641ffffffff,12,0,0,"[0, 255, 0, 100]","[97, 255, 97]"
11655,8453647ffffffff,15,0,0,"[0, 255, 0, 100]","[97, 255, 97]"
11656,8453649ffffffff,3,0,0,"[0, 255, 0, 100]","[97, 255, 97]"
11657,845364dffffffff,2,0,0,"[0, 255, 0, 100]","[97, 255, 97]"
11658,8453651ffffffff,3,0,0,"[0, 255, 0, 100]","[97, 255, 97]"
11659,8453655ffffffff,21,0,0,"[0, 255, 0, 100]","[97, 255, 97]"
11660,8453667ffffffff,6,0,0,"[0, 255, 0, 100]","[97, 255, 97]"
11661,8453681ffffffff,16,0,0,"[0, 255, 0, 100]","[97, 255, 97]"
11662,8453689ffffffff,21,0,0,"[0, 255, 0, 100]","[97, 255, 97]"
11663,845368bffffffff,14,0,0,"[0, 255, 0, 100]","[97, 255, 97]"
11664,845368dffffffff,12,0,0,"[0, 255, 0, 100]","[97, 255, 97]"
11665,8453691ffffffff,3,0,0,"[0, 255, 0, 100]","[97, 255, 97]"
11666,8453693ffffffff,14,0,0,"[0, 255, 0, 100]","[97, 255, 97]"
11667,8453695ffffffff,3,0,0,"[0, 255, 0, 100]","[97, 255, 97]"
11668,8453699ffffffff,4,0,0,"[0, 255, 0, 100]","[97, 255, 97]"
11669,845369bffffffff,15,0,0,"[0, 255, 0, 100]","[97, 255, 97]"
11670,84536a3ffffffff,2,0,0,"[0, 255, 0, 100]","[97, 255, 97]"
11671,84536b1ffffffff,10,0,0,"[0, 255, 0, 100]","[97, 255, 97]"
11672,84536b3ffffffff,44,0,0,"[0, 255, 0, 100]","[97, 255, 97]"
11673,84536b9ffffffff,15,0,0,"[0, 255, 0, 100]","[97, 255, 97]"
11674,84536bdffffffff,165,0,0,"[0, 255, 0, 100]","[97, 255, 97]"
11675,84536c5ffffffff,4,0,0,"[0, 255, 0, 100]","[97, 255, 97]"
11676,84536c7ffffffff,11,0,0,"[0, 255, 0, 100]","[97, 255, 97]"
11677,84536d5ffffffff,26,0,0,"[0, 255, 0, 100]","[97, 255, 97]"
11678,84536d7ffffffff,5,0,0,"[0, 255, 0, 100]","[97, 255, 97]"
11679,84536e1ffffffff,147,0,0,"[0, 255, 0, 100]","[97, 255, 97]"
11680,84536e3ffffffff,10,0,0,"[0, 255, 0, 100]","[97, 255, 97]"
11681,84536e5ffffffff,2,0,0,"[0, 255, 0, 100]","[97, 255, 97]"
11682,84536e9ffffffff,30,0,0,"[0, 255, 0, 100]","[97, 255, 97]"
11683,84536ebffffffff,49,0,0,"[0, 255, 0, 100]","[97, 255, 97]"
11684,84536edffffffff,50,0,0,"[0, 255, 0, 100]","[97, 255, 97]"
11685,8453709ffffffff,35,0,0,"[0, 255, 0, 100]","[97, 255, 97]"
11686,8453711ffffffff,47,0,0,"[0, 255, 0, 100]","[97, 255, 97]"
11687,8453717ffffffff,10,0,0,"[0, 255, 0, 100]","[97, 255, 97]"
11688,8453725ffffffff,108,0,0,"[0, 255, 0, 100]","[97, 255, 97]"
11689,8453731ffffffff,107,0,0,"[0, 255, 0, 100]","[97, 255, 97]"
11690,8453733ffffffff,19,0,0,"[0, 255, 0, 100]","[97, 255, 97]"
11691,8453735ffffffff,201,0,0,"[0, 255, 0, 100]","[97, 255, 97]"
11692,8453737ffffffff,527,0,0,"[0, 255, 0, 100]","[97, 255, 97]"
11693,845373bffffffff,22,0,0,"[0, 255, 0, 100]","[97, 255, 97]"
11694,8453747ffffffff,126,0,0,"[0, 255, 0, 100]","[97, 255, 97]"
11695,845374bffffffff,5,0,0,"[0, 255, 0, 100]","[97, 255, 97]"
11696,8453751ffffffff,29,0,0,"[0, 255, 0, 100]","[97, 255, 97]"
11697,8453753ffffffff,7,0,0,"[0, 255, 0, 100]","[97, 255, 97]"
11698,8453755ffffffff,9,0,0,"[0, 255, 0, 100]","[97, 255, 97]"
11699,8453757ffffffff,2,0,0,"[0, 255, 0, 100]","[97, 255, 97]"
11700,8453759ffffffff,1,0,0,"[0, 255, 0, 100]","[97, 255, 97]"
11701,845375dffffffff,41,0,0,"[0, 255, 0, 100]","[97, 255, 97]"
11702,8453769ffffffff,32,0,0,"[0, 255, 0, 100]","[97, 255, 97]"
11703,845389dffffffff,6,0,0,"[0, 255, 0, 100]","[97, 255, 97]"
11704,84538d3ffffffff,4,0,0,"[0, 255, 0, 100]","[97, 255, 97]"
11705,84538dbffffffff,11,0,0,"[0, 255, 0, 100]","[97, 255, 97]"
11706,8453a43ffffffff,9,0,0,"[0, 255, 0, 100]","[97, 255, 97]"
11707,8453a51ffffffff,9,0,0,"[0, 255, 0, 100]","[97, 255, 97]"
11708,8453a8bffffffff,18,0,0,"[0, 255, 0, 100]","[97, 255, 97]"
11709,8453a91ffffffff,23,0,0,"[0, 255, 0, 100]","[97, 255, 97]"
11710,8453a95ffffffff,14,0,0,"[0, 255, 0, 100]","[97, 255, 97]"
11711,8453a9bffffffff,2,0,0,"[0, 255, 0, 100]","[97, 255, 97]"
11712,8453a9dffffffff,138,0,0,"[0, 255, 0, 100]","[97, 255, 97]"
11713,8453abbffffffff,2,0,0,"[0, 255, 0, 100]","[97, 255, 97]"
11714,8453acbffffffff,3,0,0,"[0, 255, 0, 100]","[97, 255, 97]"
11715,8454085ffffffff,111,0,0,"[0, 255, 0, 100]","[97, 255, 97]"
11716,84540abffffffff,6,0,0,"[0, 255, 0, 100]","[97, 255, 97]"
11717,84540b1ffffffff,71,0,0,"[0, 255, 0, 100]","[97, 255, 97]"
11718,84540bbffffffff,256,0,0,"[0, 255, 0, 100]","[97, 255, 97]"
11719,8454109ffffffff,6,0,0,"[0, 255, 0, 100]","[97, 255, 97]"
11720,845410bffffffff,49,0,0,"[0, 255, 0, 100]","[97, 255, 97]"
11721,845410dffffffff,29,0,0,"[0, 255, 0, 100]","[97, 255, 97]"
11722,845412bffffffff,17,0,0,"[0, 255, 0, 100]","[97, 255, 97]"
11723,8454131ffffffff,19,0,0,"[0, 255, 0, 100]","[97, 255, 97]"
11724,8454135ffffffff,1,0,0,"[0, 255, 0, 100]","[97, 255, 97]"
11725,8454137ffffffff,22,0,0,"[0, 255, 0, 100]","[97, 255, 97]"
11726,8454139ffffffff,16,0,0,"[0, 255, 0, 100]","[97, 255, 97]"
11727,845413dffffffff,3,0,0,"[0, 255, 0, 100]","[97, 255, 97]"
11728,8454143ffffffff,129,0,0,"[0, 255, 0, 100]","[97, 255, 97]"
11729,8454155ffffffff,41,0,0,"[0, 255, 0, 100]","[97, 255, 97]"
11730,845415dffffffff,45,0,0,"[0, 255, 0, 100]","[97, 255, 97]"
11731,84541a1ffffffff,58,0,0,"[0, 255, 0, 100]","[97, 255, 97]"
11732,84541a5ffffffff,32,0,0,"[0, 255, 0, 100]","[97, 255, 97]"
11733,84541a9ffffffff,8,0,0,"[0, 255, 0, 100]","[97, 255, 97]"
11734,84541b7ffffffff,1,0,0,"[0, 255, 0, 100]","[97, 255, 97]"
11735,8454215ffffffff,49,0,0,"[0, 255, 0, 100]","[97, 255, 97]"
11736,845423bffffffff,4,0,0,"[0, 255, 0, 100]","[97, 255, 97]"
11737,8454327ffffffff,292,0,0,"[0, 255, 0, 100]","[97, 255, 97]"
11738,8454359ffffffff,132,0,0,"[0, 255, 0, 100]","[97, 255, 97]"
11739,8454409ffffffff,57,0,0,"[0, 255, 0, 100]","[97, 255, 97]"
11740,845440bffffffff,150,0,0,"[0, 255, 0, 100]","[97, 255, 97]"
11741,84544c1ffffffff,48,0,0,"[0, 255, 0, 100]","[97, 255, 97]"
11742,84544c3ffffffff,44,0,0,"[0, 255, 0, 100]","[97, 255, 97]"
11743,84544cbffffffff,138,0,0,"[0, 255, 0, 100]","[97, 255, 97]"
11744,8454559ffffffff,158,0,0,"[0, 255, 0, 100]","[97, 255, 97]"
11745,845455dffffffff,2,0,0,"[0, 255, 0, 100]","[97, 255, 97]"
11746,8454569ffffffff,34,13,0.382352941,"[0, 255, 0, 100]","[97, 255, 97]"
11747,84545e3ffffffff,1,0,0,"[0, 255, 0, 100]","[97, 255, 97]"
11748,8454649ffffffff,25,0,0,"[0, 255, 0, 100]","[97, 255, 97]"
11749,84546b3ffffffff,29,0,0,"[0, 255, 0, 100]","[97, 255, 97]"
11750,84546b7ffffffff,150,0,0,"[0, 255, 0, 100]","[97, 255, 97]"
11751,8454809ffffffff,52,0,0,"[0, 255, 0, 100]","[97, 255, 97]"
11752,845480bffffffff,36,0,0,"[0, 255, 0, 100]","[97, 255, 97]"
11753,8454819ffffffff,121,0,0,"[0, 255, 0, 100]","[97, 255, 97]"
11754,8454857ffffffff,86,0,0,"[0, 255, 0, 100]","[97, 255, 97]"
11755,8454881ffffffff,108,0,0,"[0, 255, 0, 100]","[97, 255, 97]"
11756,8454885ffffffff,32,0,0,"[0, 255, 0, 100]","[97, 255, 97]"
11757,8454887ffffffff,31,0,0,"[0, 255, 0, 100]","[97, 255, 97]"
11758,8454889ffffffff,55,0,0,"[0, 255, 0, 100]","[97, 255, 97]"
11759,845488dffffffff,119,0,0,"[0, 255, 0, 100]","[97, 255, 97]"
11760,84548a3ffffffff,59,0,0,"[0, 255, 0, 100]","[97, 255, 97]"
11761,84548abffffffff,140,0,0,"[0, 255, 0, 100]","[97, 255, 97]"
11762,84548bdffffffff,20,0,0,"[0, 255, 0, 100]","[97, 255, 97]"
11763,84548c7ffffffff,8,0,0,"[0, 255, 0, 100]","[97, 255, 97]"
11764,8454915ffffffff,70,0,0,"[0, 255, 0, 100]","[97, 255, 97]"
11765,845491dffffffff,216,0,0,"[0, 255, 0, 100]","[97, 255, 97]"
11766,8454921ffffffff,2,0,0,"[0, 255, 0, 100]","[97, 255, 97]"
11767,8454929ffffffff,232,0,0,"[0, 255, 0, 100]","[97, 255, 97]"
11768,845493bffffffff,74,0,0,"[0, 255, 0, 100]","[97, 255, 97]"
11769,845494dffffffff,67,0,0,"[0, 255, 0, 100]","[97, 255, 97]"
11770,8454951ffffffff,6,0,0,"[0, 255, 0, 100]","[97, 255, 97]"
11771,8454957ffffffff,68,0,0,"[0, 255, 0, 100]","[97, 255, 97]"
11772,8454963ffffffff,194,0,0,"[0, 255, 0, 100]","[97, 255, 97]"
11773,845496bffffffff,308,0,0,"[0, 255, 0, 100]","[97, 255, 97]"
11774,8454a99ffffffff,87,0,0,"[0, 255, 0, 100]","[97, 255, 97]"
11775,8454a9bffffffff,162,0,0,"[0, 255, 0, 100]","[97, 255, 97]"
11776,8454ab9ffffffff,7,0,0,"[0, 255, 0, 100]","[97, 255, 97]"
11777,8454abdffffffff,67,0,0,"[0, 255, 0, 100]","[97, 255, 97]"
11778,8454ac3ffffffff,17,0,0,"[0, 255, 0, 100]","[97, 255, 97]"
11779,8454acbffffffff,118,0,0,"[0, 255, 0, 100]","[97, 255, 97]"
11780,8454ad3ffffffff,113,0,0,"[0, 255, 0, 100]","[97, 255, 97]"
11781,8454ad5ffffffff,2,0,0,"[0, 255, 0, 100]","[97, 255, 97]"
11782,8454addffffffff,334,0,0,"[0, 255, 0, 100]","[97, 255, 97]"
11783,8454b05ffffffff,55,0,0,"[0, 255, 0, 100]","[97, 255, 97]"
11784,8454b0dffffffff,265,0,0,"[0, 255, 0, 100]","[97, 255, 97]"
11785,8454b21ffffffff,112,0,0,"[0, 255, 0, 100]","[97, 255, 97]"
11786,8454b27ffffffff,229,0,0,"[0, 255, 0, 100]","[97, 255, 97]"
11787,8454b29ffffffff,59,0,0,"[0, 255, 0, 100]","[97, 255, 97]"
11788,8454b2bffffffff,4,0,0,"[0, 255, 0, 100]","[97, 255, 97]"
11789,8454b51ffffffff,55,0,0,"[0, 255, 0, 100]","[97, 255, 97]"
11790,8454b59ffffffff,153,0,0,"[0, 255, 0, 100]","[97, 255, 97]"
11791,8454b6bffffffff,87,0,0,"[0, 255, 0, 100]","[97, 255, 97]"
11792,8454d81ffffffff,1,0,0,"[0, 255, 0, 100]","[97, 255, 97]"
11793,8454d83ffffffff,10,0,0,"[0, 255, 0, 100]","[97, 255, 97]"
11794,8454d91ffffffff,48,0,0,"[0, 255, 0, 100]","[97, 255, 97]"
11795,8454d9dffffffff,142,0,0,"[0, 255, 0, 100]","[97, 255, 97]"
11796,8454e03ffffffff,142,0,0,"[0, 255, 0, 100]","[97, 255, 97]"
11797,8454e0bffffffff,26,0,0,"[0, 255, 0, 100]","[97, 255, 97]"
11798,8454e13ffffffff,18,0,0,"[0, 255, 0, 100]","[97, 255, 97]"
11799,8454e15ffffffff,295,0,0,"[0, 255, 0, 100]","[97, 255, 97]"
11800,8454e3bffffffff,150,0,0,"[0, 255, 0, 100]","[97, 255, 97]"
11801,8454e61ffffffff,117,0,0,"[0, 255, 0, 100]","[97, 255, 97]"
11802,8454e63ffffffff,81,0,0,"[0, 255, 0, 100]","[97, 255, 97]"
11803,8454ed7ffffffff,8,0,0,"[0, 255, 0, 100]","[97, 255, 97]"
11804,8454ee5ffffffff,34,0,0,"[0, 255, 0, 100]","[97, 255, 97]"
11805,8454eedffffffff,106,0,0,"[0, 255, 0, 100]","[97, 255, 97]"
11806,8454f51ffffffff,47,0,0,"[0, 255, 0, 100]","[97, 255, 97]"
11807,8454f57ffffffff,123,114,0.926829268,"[0, 255, 0, 100]","[97, 255, 97]"
11808,8454f59ffffffff,80,0,0,"[0, 255, 0, 100]","[97, 255, 97]"
11809,8454f5dffffffff,78,0,0,"[0, 255, 0, 100]","[97, 255, 97]"
11810,8455005ffffffff,11,0,0,"[0, 255, 0, 100]","[97, 255, 97]"
11811,8455019ffffffff,37,0,0,"[0, 255, 0, 100]","[97, 255, 97]"
11812,845501bffffffff,20,0,0,"[0, 255, 0, 100]","[97, 255, 97]"
11813,8455023ffffffff,91,0,0,"[0, 255, 0, 100]","[97, 255, 97]"
11814,845502bffffffff,145,0,0,"[0, 255, 0, 100]","[97, 255, 97]"
11815,8455045ffffffff,72,0,0,"[0, 255, 0, 100]","[97, 255, 97]"
11816,845504dffffffff,49,0,0,"[0, 255, 0, 100]","[97, 255, 97]"
11817,8455165ffffffff,5,0,0,"[0, 255, 0, 100]","[97, 255, 97]"
11818,845516dffffffff,13,0,0,"[0, 255, 0, 100]","[97, 255, 97]"
11819,84551a3ffffffff,6,0,0,"[0, 255, 0, 100]","[97, 255, 97]"
11820,845521bffffffff,6,0,0,"[0, 255, 0, 100]","[97, 255, 97]"
11821,8455221ffffffff,2,0,0,"[0, 255, 0, 100]","[97, 255, 97]"
11822,8455229ffffffff,51,0,0,"[0, 255, 0, 100]","[97, 255, 97]"
11823,845522dffffffff,76,0,0,"[0, 255, 0, 100]","[97, 255, 97]"
11824,8455253ffffffff,10,0,0,"[0, 255, 0, 100]","[97, 255, 97]"
11825,8455257ffffffff,13,0,0,"[0, 255, 0, 100]","[97, 255, 97]"
11826,8455261ffffffff,242,0,0,"[0, 255, 0, 100]","[97, 255, 97]"
11827,8455267ffffffff,275,0,0,"[0, 255, 0, 100]","[97, 255, 97]"
11828,8455269ffffffff,24,0,0,"[0, 255, 0, 100]","[97, 255, 97]"
11829,8455285ffffffff,3,0,0,"[0, 255, 0, 100]","[97, 255, 97]"
11830,845528dffffffff,95,0,0,"[0, 255, 0, 100]","[97, 255, 97]"
11831,84552c1ffffffff,63,0,0,"[0, 255, 0, 100]","[97, 255, 97]"
11832,84552c7ffffffff,203,0,0,"[0, 255, 0, 100]","[97, 255, 97]"
11833,84552cbffffffff,62,0,0,"[0, 255, 0, 100]","[97, 255, 97]"
11834,8455349ffffffff,2,0,0,"[0, 255, 0, 100]","[97, 255, 97]"
11835,845534bffffffff,29,0,0,"[0, 255, 0, 100]","[97, 255, 97]"
11836,8455365ffffffff,64,0,0,"[0, 255, 0, 100]","[97, 255, 97]"
11837,8455369ffffffff,2,0,0,"[0, 255, 0, 100]","[97, 255, 97]"
11838,845536dffffffff,293,0,0,"[0, 255, 0, 100]","[97, 255, 97]"
11839,8455417ffffffff,1,0,0,"[0, 255, 0, 100]","[97, 255, 97]"
11840,8455485ffffffff,4,0,0,"[0, 255, 0, 100]","[97, 255, 97]"
11841,8455491ffffffff,43,0,0,"[0, 255, 0, 100]","[97, 255, 97]"
11842,845549bffffffff,68,0,0,"[0, 255, 0, 100]","[97, 255, 97]"
11843,84554a3ffffffff,115,0,0,"[0, 255, 0, 100]","[97, 255, 97]"
11844,84554abffffffff,26,0,0,"[0, 255, 0, 100]","[97, 255, 97]"
11845,84554c7ffffffff,3,0,0,"[0, 255, 0, 100]","[97, 255, 97]"
11846,845580dffffffff,4,0,0,"[0, 255, 0, 100]","[97, 255, 97]"
11847,8455841ffffffff,2,0,0,"[0, 255, 0, 100]","[97, 255, 97]"
11848,8455847ffffffff,100,0,0,"[0, 255, 0, 100]","[97, 255, 97]"
11849,845598dffffffff,97,0,0,"[0, 255, 0, 100]","[97, 255, 97]"
11850,8455995ffffffff,9,0,0,"[0, 255, 0, 100]","[97, 255, 97]"
11851,84559a1ffffffff,1,0,0,"[0, 255, 0, 100]","[97, 255, 97]"
11852,84559abffffffff,141,0,0,"[0, 255, 0, 100]","[97, 255, 97]"
11853,84559b3ffffffff,13,0,0,"[0, 255, 0, 100]","[97, 255, 97]"
11854,84559bbffffffff,150,0,0,"[0, 255, 0, 100]","[97, 255, 97]"
11855,84559c1ffffffff,96,0,0,"[0, 255, 0, 100]","[97, 255, 97]"
11856,84559c7ffffffff,41,0,0,"[0, 255, 0, 100]","[97, 255, 97]"
11857,84559d1ffffffff,104,0,0,"[0, 255, 0, 100]","[97, 255, 97]"
11858,8455a01ffffffff,46,0,0,"[0, 255, 0, 100]","[97, 255, 97]"
11859,8455a05ffffffff,31,0,0,"[0, 255, 0, 100]","[97, 255, 97]"
11860,8455a07ffffffff,116,0,0,"[0, 255, 0, 100]","[97, 255, 97]"
11861,8455a09ffffffff,206,0,0,"[0, 255, 0, 100]","[97, 255, 97]"
11862,8455a2bffffffff,34,0,0,"[0, 255, 0, 100]","[97, 255, 97]"
11863,8455a33ffffffff,47,0,0,"[0, 255, 0, 100]","[97, 255, 97]"
11864,8455a43ffffffff,81,0,0,"[0, 255, 0, 100]","[97, 255, 97]"
11865,8455a4bffffffff,106,0,0,"[0, 255, 0, 100]","[97, 255, 97]"
11866,8455a65ffffffff,10,0,0,"[0, 255, 0, 100]","[97, 255, 97]"
11867,8455ae5ffffffff,3,0,0,"[0, 255, 0, 100]","[97, 255, 97]"
11868,8455aedffffffff,4,0,0,"[0, 255, 0, 100]","[97, 255, 97]"
11869,8455b11ffffffff,33,0,0,"[0, 255, 0, 100]","[97, 255, 97]"
11870,8455b15ffffffff,39,0,0,"[0, 255, 0, 100]","[97, 255, 97]"
11871,8455b19ffffffff,65,0,0,"[0, 255, 0, 100]","[97, 255, 97]"
11872,8455b1dffffffff,101,0,0,"[0, 255, 0, 100]","[97, 255, 97]"
11873,8455b33ffffffff,2,0,0,"[0, 255, 0, 100]","[97, 255, 97]"
11874,8455b3bffffffff,14,0,0,"[0, 255, 0, 100]","[97, 255, 97]"
11875,8455b51ffffffff,34,0,0,"[0, 255, 0, 100]","[97, 255, 97]"
11876,8455b53ffffffff,102,0,0,"[0, 255, 0, 100]","[97, 255, 97]"
11877,8455b57ffffffff,6,0,0,"[0, 255, 0, 100]","[97, 255, 97]"
11878,8455b5bffffffff,118,0,0,"[0, 255, 0, 100]","[97, 255, 97]"
11879,8456009ffffffff,32,0,0,"[0, 255, 0, 100]","[97, 255, 97]"
11880,8456043ffffffff,161,0,0,"[0, 255, 0, 100]","[97, 255, 97]"
11881,845604bffffffff,25,0,0,"[0, 255, 0, 100]","[97, 255, 97]"
11882,8456085ffffffff,5,0,0,"[0, 255, 0, 100]","[97, 255, 97]"
11883,8456087ffffffff,4,0,0,"[0, 255, 0, 100]","[97, 255, 97]"
11884,8456091ffffffff,11,0,0,"[0, 255, 0, 100]","[97, 255, 97]"
11885,8456093ffffffff,141,0,0,"[0, 255, 0, 100]","[97, 255, 97]"
11886,8456099ffffffff,125,0,0,"[0, 255, 0, 100]","[97, 255, 97]"
11887,845609bffffffff,99,0,0,"[0, 255, 0, 100]","[97, 255, 97]"
11888,84560a3ffffffff,124,0,0,"[0, 255, 0, 100]","[97, 255, 97]"
11889,84560abffffffff,83,0,0,"[0, 255, 0, 100]","[97, 255, 97]"
11890,84560b5ffffffff,38,0,0,"[0, 255, 0, 100]","[97, 255, 97]"
11891,84560bdffffffff,60,0,0,"[0, 255, 0, 100]","[97, 255, 97]"
11892,84560d3ffffffff,7,0,0,"[0, 255, 0, 100]","[97, 255, 97]"
11893,8456117ffffffff,115,0,0,"[0, 255, 0, 100]","[97, 255, 97]"
11894,845613bffffffff,15,0,0,"[0, 255, 0, 100]","[97, 255, 97]"
11895,8456211ffffffff,44,0,0,"[0, 255, 0, 100]","[97, 255, 97]"
11896,8456213ffffffff,101,0,0,"[0, 255, 0, 100]","[97, 255, 97]"
11897,8456217ffffffff,90,0,0,"[0, 255, 0, 100]","[97, 255, 97]"
11898,845621bffffffff,93,0,0,"[0, 255, 0, 100]","[97, 255, 97]"
11899,8456299ffffffff,107,0,0,"[0, 255, 0, 100]","[97, 255, 97]"
11900,84562c9ffffffff,57,0,0,"[0, 255, 0, 100]","[97, 255, 97]"
11901,84562d1ffffffff,92,0,0,"[0, 255, 0, 100]","[97, 255, 97]"
11902,84562d7ffffffff,128,0,0,"[0, 255, 0, 100]","[97, 255, 97]"
11903,84562d9ffffffff,63,0,0,"[0, 255, 0, 100]","[97, 255, 97]"
11904,84562dbffffffff,118,0,0,"[0, 255, 0, 100]","[97, 255, 97]"
11905,84562e9ffffffff,36,0,0,"[0, 255, 0, 100]","[97, 255, 97]"
11906,84562edffffffff,36,0,0,"[0, 255, 0, 100]","[97, 255, 97]"
11907,845641bffffffff,2,0,0,"[0, 255, 0, 100]","[97, 255, 97]"
11908,84564adffffffff,8,0,0,"[0, 255, 0, 100]","[97, 255, 97]"
11909,84564ddffffffff,22,0,0,"[0, 255, 0, 100]","[97, 255, 97]"
11910,8456523ffffffff,155,0,0,"[0, 255, 0, 100]","[97, 255, 97]"
11911,845652bffffffff,13,0,0,"[0, 255, 0, 100]","[97, 255, 97]"
11912,8456535ffffffff,119,0,0,"[0, 255, 0, 100]","[97, 255, 97]"
11913,8456569ffffffff,2,0,0,"[0, 255, 0, 100]","[97, 255, 97]"
11914,8456591ffffffff,79,0,0,"[0, 255, 0, 100]","[97, 255, 97]"
11915,8456599ffffffff,295,0,0,"[0, 255, 0, 100]","[97, 255, 97]"
11916,84565cdffffffff,25,0,0,"[0, 255, 0, 100]","[97, 255, 97]"
11917,84565d3ffffffff,189,0,0,"[0, 255, 0, 100]","[97, 255, 97]"
11918,84565dbffffffff,25,0,0,"[0, 255, 0, 100]","[97, 255, 97]"
11919,8456601ffffffff,25,0,0,"[0, 255, 0, 100]","[97, 255, 97]"
11920,8456609ffffffff,165,0,0,"[0, 255, 0, 100]","[97, 255, 97]"
11921,8456623ffffffff,34,0,0,"[0, 255, 0, 100]","[97, 255, 97]"
11922,8456627ffffffff,35,0,0,"[0, 255, 0, 100]","[97, 255, 97]"
11923,8456643ffffffff,40,0,0,"[0, 255, 0, 100]","[97, 255, 97]"
11924,845664bffffffff,9,0,0,"[0, 255, 0, 100]","[97, 255, 97]"
11925,8456695ffffffff,219,0,0,"[0, 255, 0, 100]","[97, 255, 97]"
11926,845669dffffffff,27,0,0,"[0, 255, 0, 100]","[97, 255, 97]"
11927,84566a1ffffffff,144,0,0,"[0, 255, 0, 100]","[97, 255, 97]"
11928,84566a5ffffffff,213,0,0,"[0, 255, 0, 100]","[97, 255, 97]"
11929,84566a9ffffffff,509,0,0,"[0, 255, 0, 100]","[97, 255, 97]"
11930,84566adffffffff,191,0,0,"[0, 255, 0, 100]","[97, 255, 97]"
11931,84566b1ffffffff,139,0,0,"[0, 255, 0, 100]","[97, 255, 97]"
11932,84566b7ffffffff,86,0,0,"[0, 255, 0, 100]","[97, 255, 97]"
11933,84566b9ffffffff,80,0,0,"[0, 255, 0, 100]","[97, 255, 97]"
11934,84566bbffffffff,104,0,0,"[0, 255, 0, 100]","[97, 255, 97]"
11935,84566c5ffffffff,17,0,0,"[0, 255, 0, 100]","[97, 255, 97]"
11936,84566cdffffffff,82,0,0,"[0, 255, 0, 100]","[97, 255, 97]"
11937,84566e3ffffffff,575,0,0,"[0, 255, 0, 100]","[97, 255, 97]"
11938,84566ebffffffff,166,0,0,"[0, 255, 0, 100]","[97, 255, 97]"
11939,8456703ffffffff,189,0,0,"[0, 255, 0, 100]","[97, 255, 97]"
11940,845670bffffffff,299,0,0,"[0, 255, 0, 100]","[97, 255, 97]"
11941,845672dffffffff,13,0,0,"[0, 255, 0, 100]","[97, 255, 97]"
11942,8456739ffffffff,41,0,0,"[0, 255, 0, 100]","[97, 255, 97]"
11943,8456755ffffffff,179,0,0,"[0, 255, 0, 100]","[97, 255, 97]"
11944,845675dffffffff,6,0,0,"[0, 255, 0, 100]","[97, 255, 97]"
11945,8456761ffffffff,150,0,0,"[0, 255, 0, 100]","[97, 255, 97]"
11946,8456767ffffffff,198,0,0,"[0, 255, 0, 100]","[97, 255, 97]"
11947,845676dffffffff,43,0,0,"[0, 255, 0, 100]","[97, 255, 97]"
11948,8456c91ffffffff,46,0,0,"[0, 255, 0, 100]","[97, 255, 97]"
11949,8456cc1ffffffff,48,0,0,"[0, 255, 0, 100]","[97, 255, 97]"
11950,8456cc9ffffffff,197,0,0,"[0, 255, 0, 100]","[97, 255, 97]"
11951,8456d85ffffffff,10,0,0,"[0, 255, 0, 100]","[97, 255, 97]"
11952,8456da1ffffffff,1,0,0,"[0, 255, 0, 100]","[97, 255, 97]"
11953,8456da9ffffffff,31,0,0,"[0, 255, 0, 100]","[97, 255, 97]"
11954,8456dabffffffff,1,0,0,"[0, 255, 0, 100]","[97, 255, 97]"
11955,8456de3ffffffff,1,0,0,"[0, 255, 0, 100]","[97, 255, 97]"
11956,8456debffffffff,2,0,0,"[0, 255, 0, 100]","[97, 255, 97]"
11957,8456e41ffffffff,38,0,0,"[0, 255, 0, 100]","[97, 255, 97]"
11958,8456e47ffffffff,7,0,0,"[0, 255, 0, 100]","[97, 255, 97]"
11959,8456e49ffffffff,115,0,0,"[0, 255, 0, 100]","[97, 255, 97]"
11960,8456ea3ffffffff,79,0,0,"[0, 255, 0, 100]","[97, 255, 97]"
11961,8456ea7ffffffff,10,0,0,"[0, 255, 0, 100]","[97, 255, 97]"
11962,8456ec1ffffffff,47,0,0,"[0, 255, 0, 100]","[97, 255, 97]"
11963,8456ec9ffffffff,300,0,0,"[0, 255, 0, 100]","[97, 255, 97]"
11964,8457035ffffffff,74,0,0,"[0, 255, 0, 100]","[97, 255, 97]"
11965,8457067ffffffff,8,0,0,"[0, 255, 0, 100]","[97, 255, 97]"
11966,84570e1ffffffff,3,0,0,"[0, 255, 0, 100]","[97, 255, 97]"
11967,84571c1ffffffff,29,0,0,"[0, 255, 0, 100]","[97, 255, 97]"
11968,84571c3ffffffff,5,0,0,"[0, 255, 0, 100]","[97, 255, 97]"
11969,84571cbffffffff,158,0,0,"[0, 255, 0, 100]","[97, 255, 97]"
11970,8457409ffffffff,285,0,0,"[0, 255, 0, 100]","[97, 255, 97]"
11971,8457447ffffffff,104,0,0,"[0, 255, 0, 100]","[97, 255, 97]"
11972,8457455ffffffff,65,0,0,"[0, 255, 0, 100]","[97, 255, 97]"
11973,845746bffffffff,217,0,0,"[0, 255, 0, 100]","[97, 255, 97]"
11974,845748bffffffff,30,0,0,"[0, 255, 0, 100]","[97, 255, 97]"
11975,84574d5ffffffff,64,0,0,"[0, 255, 0, 100]","[97, 255, 97]"
11976,84574ddffffffff,165,0,0,"[0, 255, 0, 100]","[97, 255, 97]"
11977,8457523ffffffff,40,0,0,"[0, 255, 0, 100]","[97, 255, 97]"
11978,8457525ffffffff,4,0,0,"[0, 255, 0, 100]","[97, 255, 97]"
11979,845752dffffffff,21,0,0,"[0, 255, 0, 100]","[97, 255, 97]"
11980,8457533ffffffff,13,0,0,"[0, 255, 0, 100]","[97, 255, 97]"
11981,8457561ffffffff,142,0,0,"[0, 255, 0, 100]","[97, 255, 97]"
11982,8457567ffffffff,179,0,0,"[0, 255, 0, 100]","[97, 255, 97]"
11983,84575e5ffffffff,138,0,0,"[0, 255, 0, 100]","[97, 255, 97]"
11984,8457611ffffffff,43,0,0,"[0, 255, 0, 100]","[97, 255, 97]"
11985,8457613ffffffff,269,0,0,"[0, 255, 0, 100]","[97, 255, 97]"
11986,84576b1ffffffff,201,0,0,"[0, 255, 0, 100]","[97, 255, 97]"
11987,84576b7ffffffff,234,0,0,"[0, 255, 0, 100]","[97, 255, 97]"
11988,84576b9ffffffff,16,0,0,"[0, 255, 0, 100]","[97, 255, 97]"
11989,84576c5ffffffff,87,0,0,"[0, 255, 0, 100]","[97, 255, 97]"
11990,84576c7ffffffff,59,0,0,"[0, 255, 0, 100]","[97, 255, 97]"
11991,8457705ffffffff,2,0,0,"[0, 255, 0, 100]","[97, 255, 97]"
11992,8457713ffffffff,4,0,0,"[0, 255, 0, 100]","[97, 255, 97]"
11993,845771bffffffff,30,0,0,"[0, 255, 0, 100]","[97, 255, 97]"
11994,8457729ffffffff,14,0,0,"[0, 255, 0, 100]","[97, 255, 97]"
11995,845772bffffffff,15,0,0,"[0, 255, 0, 100]","[97, 255, 97]"
11996,845776bffffffff,1,0,0,"[0, 255, 0, 100]","[97, 255, 97]"
11997,8457969ffffffff,4,0,0,"[0, 255, 0, 100]","[97, 255, 97]"
11998,8457a0dffffffff,7,0,0,"[0, 255, 0, 100]","[97, 255, 97]"
11999,8457a43ffffffff,7,0,0,"[0, 255, 0, 100]","[97, 255, 97]"
12000,8457a47ffffffff,46,0,0,"[0, 255, 0, 100]","[97, 255, 97]"
12001,8457a63ffffffff,3,0,0,"[0, 255, 0, 100]","[97, 255, 97]"
12002,84580a5ffffffff,2,0,0,"[0, 255, 0, 100]","[97, 255, 97]"
12003,84580e3ffffffff,84,0,0,"[0, 255, 0, 100]","[97, 255, 97]"
12004,84580ebffffffff,2,0,0,"[0, 255, 0, 100]","[97, 255, 97]"
12005,8458105ffffffff,7,0,0,"[0, 255, 0, 100]","[97, 255, 97]"
12006,8458109ffffffff,42,0,0,"[0, 255, 0, 100]","[97, 255, 97]"
12007,845810bffffffff,1,0,0,"[0, 255, 0, 100]","[97, 255, 97]"
12008,845812bffffffff,2,0,0,"[0, 255, 0, 100]","[97, 255, 97]"
12009,8458145ffffffff,1,0,0,"[0, 255, 0, 100]","[97, 255, 97]"
12010,8458153ffffffff,1,0,0,"[0, 255, 0, 100]","[97, 255, 97]"
12011,8458155ffffffff,1,0,0,"[0, 255, 0, 100]","[97, 255, 97]"
12012,8458157ffffffff,6,0,0,"[0, 255, 0, 100]","[97, 255, 97]"
12013,8458163ffffffff,21,0,0,"[0, 255, 0, 100]","[97, 255, 97]"
12014,845816bffffffff,8,0,0,"[0, 255, 0, 100]","[97, 255, 97]"
12015,8458193ffffffff,27,0,0,"[0, 255, 0, 100]","[97, 255, 97]"
12016,845819bffffffff,57,0,0,"[0, 255, 0, 100]","[97, 255, 97]"
12017,845819dffffffff,12,0,0,"[0, 255, 0, 100]","[97, 255, 97]"
12018,84581b9ffffffff,120,0,0,"[0, 255, 0, 100]","[97, 255, 97]"
12019,84581bdffffffff,79,0,0,"[0, 255, 0, 100]","[97, 255, 97]"
12020,8458323ffffffff,138,0,0,"[0, 255, 0, 100]","[97, 255, 97]"
12021,8458335ffffffff,21,0,0,"[0, 255, 0, 100]","[97, 255, 97]"
12022,845844bffffffff,35,0,0,"[0, 255, 0, 100]","[97, 255, 97]"
12023,8458609ffffffff,24,0,0,"[0, 255, 0, 100]","[97, 255, 97]"
12024,8458635ffffffff,20,0,0,"[0, 255, 0, 100]","[97, 255, 97]"
12025,8458647ffffffff,9,0,0,"[0, 255, 0, 100]","[97, 255, 97]"
12026,8458733ffffffff,126,0,0,"[0, 255, 0, 100]","[97, 255, 97]"
12027,845873bffffffff,4,0,0,"[0, 255, 0, 100]","[97, 255, 97]"
12028,8458807ffffffff,18,0,0,"[0, 255, 0, 100]","[97, 255, 97]"
12029,8458821ffffffff,14,0,0,"[0, 255, 0, 100]","[97, 255, 97]"
12030,8458823ffffffff,207,0,0,"[0, 255, 0, 100]","[97, 255, 97]"
12031,8458827ffffffff,467,0,0,"[0, 255, 0, 100]","[97, 255, 97]"
12032,845882bffffffff,305,0,0,"[0, 255, 0, 100]","[97, 255, 97]"
12033,8458831ffffffff,20,0,0,"[0, 255, 0, 100]","[97, 255, 97]"
12034,8458839ffffffff,146,0,0,"[0, 255, 0, 100]","[97, 255, 97]"
12035,845883dffffffff,2,0,0,"[0, 255, 0, 100]","[97, 255, 97]"
12036,84588c9ffffffff,61,0,0,"[0, 255, 0, 100]","[97, 255, 97]"
12037,845890dffffffff,258,0,0,"[0, 255, 0, 100]","[97, 255, 97]"
12038,8458931ffffffff,29,0,0,"[0, 255, 0, 100]","[97, 255, 97]"
12039,8458937ffffffff,119,0,0,"[0, 255, 0, 100]","[97, 255, 97]"
12040,8458947ffffffff,10,0,0,"[0, 255, 0, 100]","[97, 255, 97]"
12041,8458965ffffffff,7,0,0,"[0, 255, 0, 100]","[97, 255, 97]"
12042,845896bffffffff,17,0,0,"[0, 255, 0, 100]","[97, 255, 97]"
12043,8458981ffffffff,35,0,0,"[0, 255, 0, 100]","[97, 255, 97]"
12044,8458999ffffffff,80,0,0,"[0, 255, 0, 100]","[97, 255, 97]"
12045,845899bffffffff,7,0,0,"[0, 255, 0, 100]","[97, 255, 97]"
12046,84589cbffffffff,76,0,0,"[0, 255, 0, 100]","[97, 255, 97]"
12047,84589d7ffffffff,6,0,0,"[0, 255, 0, 100]","[97, 255, 97]"
12048,84589ddffffffff,37,0,0,"[0, 255, 0, 100]","[97, 255, 97]"
12049,8458a05ffffffff,31,0,0,"[0, 255, 0, 100]","[97, 255, 97]"
12050,8458a0dffffffff,89,0,0,"[0, 255, 0, 100]","[97, 255, 97]"
12051,8458a45ffffffff,21,0,0,"[0, 255, 0, 100]","[97, 255, 97]"
12052,8458a69ffffffff,161,0,0,"[0, 255, 0, 100]","[97, 255, 97]"
12053,8458a6bffffffff,82,0,0,"[0, 255, 0, 100]","[97, 255, 97]"
12054,8458a91ffffffff,3,0,0,"[0, 255, 0, 100]","[97, 255, 97]"
12055,8458a97ffffffff,3,0,0,"[0, 255, 0, 100]","[97, 255, 97]"
12056,8458aa3ffffffff,15,0,0,"[0, 255, 0, 100]","[97, 255, 97]"
12057,8458aa7ffffffff,43,0,0,"[0, 255, 0, 100]","[97, 255, 97]"
12058,8458abdffffffff,7,0,0,"[0, 255, 0, 100]","[97, 255, 97]"
12059,8458c6dffffffff,22,0,0,"[0, 255, 0, 100]","[97, 255, 97]"
12060,8458e65ffffffff,114,0,0,"[0, 255, 0, 100]","[97, 255, 97]"
12061,8458e69ffffffff,80,0,0,"[0, 255, 0, 100]","[97, 255, 97]"
12062,8458f17ffffffff,8,0,0,"[0, 255, 0, 100]","[97, 255, 97]"
12063,8458f19ffffffff,1,0,0,"[0, 255, 0, 100]","[97, 255, 97]"
12064,8458f33ffffffff,1,0,0,"[0, 255, 0, 100]","[97, 255, 97]"
12065,8458f3bffffffff,107,0,0,"[0, 255, 0, 100]","[97, 255, 97]"
12066,8458f5bffffffff,51,0,0,"[0, 255, 0, 100]","[97, 255, 97]"
12067,8458f61ffffffff,57,0,0,"[0, 255, 0, 100]","[97, 255, 97]"
12068,8458f63ffffffff,2,0,0,"[0, 255, 0, 100]","[97, 255, 97]"
12069,8458f6bffffffff,12,0,0,"[0, 255, 0, 100]","[97, 255, 97]"
12070,845902dffffffff,40,0,0,"[0, 255, 0, 100]","[97, 255, 97]"
12071,845904bffffffff,9,0,0,"[0, 255, 0, 100]","[97, 255, 97]"
12072,8459067ffffffff,20,0,0,"[0, 255, 0, 100]","[97, 255, 97]"
12073,84590a5ffffffff,77,0,0,"[0, 255, 0, 100]","[97, 255, 97]"
12074,84590c5ffffffff,5,0,0,"[0, 255, 0, 100]","[97, 255, 97]"
12075,84590d5ffffffff,17,0,0,"[0, 255, 0, 100]","[97, 255, 97]"
12076,84590e7ffffffff,43,0,0,"[0, 255, 0, 100]","[97, 255, 97]"
12077,8459153ffffffff,176,0,0,"[0, 255, 0, 100]","[97, 255, 97]"
12078,8459167ffffffff,1,0,0,"[0, 255, 0, 100]","[97, 255, 97]"
12079,8459199ffffffff,16,0,0,"[0, 255, 0, 100]","[97, 255, 97]"
12080,8459219ffffffff,5,0,0,"[0, 255, 0, 100]","[97, 255, 97]"
12081,8459231ffffffff,217,0,0,"[0, 255, 0, 100]","[97, 255, 97]"
12082,8459237ffffffff,21,0,0,"[0, 255, 0, 100]","[97, 255, 97]"
12083,845925bffffffff,5,0,0,"[0, 255, 0, 100]","[97, 255, 97]"
12084,845926dffffffff,1,0,0,"[0, 255, 0, 100]","[97, 255, 97]"
12085,84592abffffffff,27,0,0,"[0, 255, 0, 100]","[97, 255, 97]"
12086,8459321ffffffff,10,0,0,"[0, 255, 0, 100]","[97, 255, 97]"
12087,8459323ffffffff,2,0,0,"[0, 255, 0, 100]","[97, 255, 97]"
12088,845932bffffffff,2,0,0,"[0, 255, 0, 100]","[97, 255, 97]"
12089,8459359ffffffff,24,0,0,"[0, 255, 0, 100]","[97, 255, 97]"
12090,8459453ffffffff,65,0,0,"[0, 255, 0, 100]","[97, 255, 97]"
12091,845945bffffffff,12,0,0,"[0, 255, 0, 100]","[97, 255, 97]"
12092,84594c5ffffffff,108,0,0,"[0, 255, 0, 100]","[97, 255, 97]"
12093,84594ebffffffff,6,0,0,"[0, 255, 0, 100]","[97, 255, 97]"
12094,84596a5ffffffff,8,0,0,"[0, 255, 0, 100]","[97, 255, 97]"
12095,84596adffffffff,93,0,0,"[0, 255, 0, 100]","[97, 255, 97]"
12096,8459769ffffffff,2,0,0,"[0, 255, 0, 100]","[97, 255, 97]"
12097,8459911ffffffff,45,0,0,"[0, 255, 0, 100]","[97, 255, 97]"
12098,8459913ffffffff,48,0,0,"[0, 255, 0, 100]","[97, 255, 97]"
12099,8459915ffffffff,59,0,0,"[0, 255, 0, 100]","[97, 255, 97]"
12100,845991bffffffff,327,0,0,"[0, 255, 0, 100]","[97, 255, 97]"
12101,845993bffffffff,58,0,0,"[0, 255, 0, 100]","[97, 255, 97]"
12102,845999bffffffff,24,0,0,"[0, 255, 0, 100]","[97, 255, 97]"
12103,8459a65ffffffff,32,0,0,"[0, 255, 0, 100]","[97, 255, 97]"
12104,8459a6dffffffff,3,0,0,"[0, 255, 0, 100]","[97, 255, 97]"
12105,8459aa9ffffffff,165,0,0,"[0, 255, 0, 100]","[97, 255, 97]"
12106,8459aadffffffff,43,0,0,"[0, 255, 0, 100]","[97, 255, 97]"
12107,8459b0dffffffff,16,16,1,"[0, 255, 0, 100]","[97, 255, 97]"
12108,845aa13ffffffff,23,0,0,"[0, 255, 0, 100]","[97, 255, 97]"
12109,845aa15ffffffff,2,0,0,"[0, 255, 0, 100]","[97, 255, 97]"
12110,845aa17ffffffff,6,0,0,"[0, 255, 0, 100]","[97, 255, 97]"
12111,845ae25ffffffff,2,0,0,"[0, 255, 0, 100]","[97, 255, 97]"
12112,845ae85ffffffff,10,0,0,"[0, 255, 0, 100]","[97, 255, 97]"
12113,845af53ffffffff,2,0,0,"[0, 255, 0, 100]","[97, 255, 97]"
12114,845b433ffffffff,39,0,0,"[0, 255, 0, 100]","[97, 255, 97]"
12115,845b43bffffffff,107,0,0,"[0, 255, 0, 100]","[97, 255, 97]"
12116,845c041ffffffff,159,0,0,"[0, 255, 0, 100]","[97, 255, 97]"
12117,845c045ffffffff,109,0,0,"[0, 255, 0, 100]","[97, 255, 97]"
12118,845c049ffffffff,13,0,0,"[0, 255, 0, 100]","[97, 255, 97]"
12119,845c06bffffffff,15,0,0,"[0, 255, 0, 100]","[97, 255, 97]"
12120,845c0c1ffffffff,43,0,0,"[0, 255, 0, 100]","[97, 255, 97]"
12121,845c0c5ffffffff,328,0,0,"[0, 255, 0, 100]","[97, 255, 97]"
12122,845c0e1ffffffff,160,0,0,"[0, 255, 0, 100]","[97, 255, 97]"
12123,845c0e5ffffffff,19,0,0,"[0, 255, 0, 100]","[97, 255, 97]"
12124,845c0e9ffffffff,396,0,0,"[0, 255, 0, 100]","[97, 255, 97]"
12125,845c105ffffffff,55,0,0,"[0, 255, 0, 100]","[97, 255, 97]"
12126,845c10dffffffff,254,0,0,"[0, 255, 0, 100]","[97, 255, 97]"
12127,845c129ffffffff,148,0,0,"[0, 255, 0, 100]","[97, 255, 97]"
12128,845c147ffffffff,30,0,0,"[0, 255, 0, 100]","[97, 255, 97]"
12129,845c163ffffffff,122,0,0,"[0, 255, 0, 100]","[97, 255, 97]"
12130,845c849ffffffff,38,0,0,"[0, 255, 0, 100]","[97, 255, 97]"
12131,845c84dffffffff,6,0,0,"[0, 255, 0, 100]","[97, 255, 97]"
12132,845c981ffffffff,22,0,0,"[0, 255, 0, 100]","[97, 255, 97]"
12133,845c983ffffffff,54,0,0,"[0, 255, 0, 100]","[97, 255, 97]"
12134,845c987ffffffff,73,0,0,"[0, 255, 0, 100]","[97, 255, 97]"
12135,845c98bffffffff,3,0,0,"[0, 255, 0, 100]","[97, 255, 97]"
12136,845c9a3ffffffff,50,0,0,"[0, 255, 0, 100]","[97, 255, 97]"
12137,845c9bdffffffff,136,0,0,"[0, 255, 0, 100]","[97, 255, 97]"
12138,845ca09ffffffff,7,0,0,"[0, 255, 0, 100]","[97, 255, 97]"
12139,845ca0dffffffff,147,0,0,"[0, 255, 0, 100]","[97, 255, 97]"
12140,845ca23ffffffff,19,0,0,"[0, 255, 0, 100]","[97, 255, 97]"
12141,845ca47ffffffff,3,0,0,"[0, 255, 0, 100]","[97, 255, 97]"
12142,845ca63ffffffff,146,0,0,"[0, 255, 0, 100]","[97, 255, 97]"
12143,845ca67ffffffff,94,0,0,"[0, 255, 0, 100]","[97, 255, 97]"
12144,845cb5bffffffff,60,0,0,"[0, 255, 0, 100]","[97, 255, 97]"
12145,845ccc7ffffffff,29,0,0,"[0, 255, 0, 100]","[97, 255, 97]"
12146,845cce3ffffffff,61,0,0,"[0, 255, 0, 100]","[97, 255, 97]"
12147,845cce7ffffffff,24,0,0,"[0, 255, 0, 100]","[97, 255, 97]"
12148,845ccebffffffff,39,0,0,"[0, 255, 0, 100]","[97, 255, 97]"
12149,845d005ffffffff,6,0,0,"[0, 255, 0, 100]","[97, 255, 97]"
12150,845d019ffffffff,76,0,0,"[0, 255, 0, 100]","[97, 255, 97]"
12151,845d053ffffffff,5,0,0,"[0, 255, 0, 100]","[97, 255, 97]"
12152,845d057ffffffff,84,0,0,"[0, 255, 0, 100]","[97, 255, 97]"
12153,845d065ffffffff,3,0,0,"[0, 255, 0, 100]","[97, 255, 97]"
12154,845d067ffffffff,2,0,0,"[0, 255, 0, 100]","[97, 255, 97]"
12155,845d103ffffffff,24,0,0,"[0, 255, 0, 100]","[97, 255, 97]"
12156,845d105ffffffff,194,0,0,"[0, 255, 0, 100]","[97, 255, 97]"
12157,845d107ffffffff,1,0,0,"[0, 255, 0, 100]","[97, 255, 97]"
12158,845d12bffffffff,4,0,0,"[0, 255, 0, 100]","[97, 255, 97]"
12159,845d141ffffffff,4,0,0,"[0, 255, 0, 100]","[97, 255, 97]"
12160,845d145ffffffff,254,0,0,"[0, 255, 0, 100]","[97, 255, 97]"
12161,845d147ffffffff,26,0,0,"[0, 255, 0, 100]","[97, 255, 97]"
12162,845d169ffffffff,199,0,0,"[0, 255, 0, 100]","[97, 255, 97]"
12163,845d16bffffffff,348,0,0,"[0, 255, 0, 100]","[97, 255, 97]"
12164,845d16dffffffff,34,0,0,"[0, 255, 0, 100]","[97, 255, 97]"
12165,845d201ffffffff,192,0,0,"[0, 255, 0, 100]","[97, 255, 97]"
12166,845d205ffffffff,101,0,0,"[0, 255, 0, 100]","[97, 255, 97]"
12167,845d211ffffffff,29,0,0,"[0, 255, 0, 100]","[97, 255, 97]"
12168,845d225ffffffff,86,0,0,"[0, 255, 0, 100]","[97, 255, 97]"
12169,845d22dffffffff,36,0,0,"[0, 255, 0, 100]","[97, 255, 97]"
12170,845d241ffffffff,196,0,0,"[0, 255, 0, 100]","[97, 255, 97]"
12171,845d245ffffffff,86,0,0,"[0, 255, 0, 100]","[97, 255, 97]"
12172,845d24bffffffff,45,0,0,"[0, 255, 0, 100]","[97, 255, 97]"
12173,845d251ffffffff,2,0,0,"[0, 255, 0, 100]","[97, 255, 97]"
12174,845d25bffffffff,175,0,0,"[0, 255, 0, 100]","[97, 255, 97]"
12175,845d261ffffffff,132,0,0,"[0, 255, 0, 100]","[97, 255, 97]"
12176,845d269ffffffff,27,0,0,"[0, 255, 0, 100]","[97, 255, 97]"
12177,845d26bffffffff,46,0,0,"[0, 255, 0, 100]","[97, 255, 97]"
12178,845d285ffffffff,153,0,0,"[0, 255, 0, 100]","[97, 255, 97]"
12179,845d28bffffffff,40,0,0,"[0, 255, 0, 100]","[97, 255, 97]"
12180,845d291ffffffff,47,0,0,"[0, 255, 0, 100]","[97, 255, 97]"
12181,845d297ffffffff,213,0,0,"[0, 255, 0, 100]","[97, 255, 97]"
12182,845d2a9ffffffff,88,0,0,"[0, 255, 0, 100]","[97, 255, 97]"
12183,845d2bbffffffff,133,0,0,"[0, 255, 0, 100]","[97, 255, 97]"
12184,845d2d3ffffffff,21,0,0,"[0, 255, 0, 100]","[97, 255, 97]"
12185,845d2d7ffffffff,137,0,0,"[0, 255, 0, 100]","[97, 255, 97]"
12186,845d307ffffffff,21,0,0,"[0, 255, 0, 100]","[97, 255, 97]"
12187,845d309ffffffff,39,0,0,"[0, 255, 0, 100]","[97, 255, 97]"
12188,845d30bffffffff,1,0,0,"[0, 255, 0, 100]","[97, 255, 97]"
12189,845d30dffffffff,5,0,0,"[0, 255, 0, 100]","[97, 255, 97]"
12190,845d319ffffffff,35,0,0,"[0, 255, 0, 100]","[97, 255, 97]"
12191,845d321ffffffff,4,0,0,"[0, 255, 0, 100]","[97, 255, 97]"
12192,845d329ffffffff,22,0,0,"[0, 255, 0, 100]","[97, 255, 97]"
12193,845d343ffffffff,51,0,0,"[0, 255, 0, 100]","[97, 255, 97]"
12194,845d353ffffffff,87,0,0,"[0, 255, 0, 100]","[97, 255, 97]"
12195,845d355ffffffff,10,0,0,"[0, 255, 0, 100]","[97, 255, 97]"
12196,845d359ffffffff,32,0,0,"[0, 255, 0, 100]","[97, 255, 97]"
12197,845d505ffffffff,19,0,0,"[0, 255, 0, 100]","[97, 255, 97]"
12198,845d529ffffffff,161,0,0,"[0, 255, 0, 100]","[97, 255, 97]"
12199,845d52dffffffff,102,0,0,"[0, 255, 0, 100]","[97, 255, 97]"
12200,845d681ffffffff,3,0,0,"[0, 255, 0, 100]","[97, 255, 97]"
12201,845d685ffffffff,97,0,0,"[0, 255, 0, 100]","[97, 255, 97]"
12202,845d68bffffffff,159,0,0,"[0, 255, 0, 100]","[97, 255, 97]"
12203,845d695ffffffff,233,0,0,"[0, 255, 0, 100]","[97, 255, 97]"
12204,845d699ffffffff,39,0,0,"[0, 255, 0, 100]","[97, 255, 97]"
12205,845d69dffffffff,117,0,0,"[0, 255, 0, 100]","[97, 255, 97]"
12206,845d6abffffffff,13,0,0,"[0, 255, 0, 100]","[97, 255, 97]"
12207,845d6b5ffffffff,10,0,0,"[0, 255, 0, 100]","[97, 255, 97]"
12208,845d6b9ffffffff,236,0,0,"[0, 255, 0, 100]","[97, 255, 97]"
12209,845d6bdffffffff,182,0,0,"[0, 255, 0, 100]","[97, 255, 97]"
12210,845d6d1ffffffff,23,0,0,"[0, 255, 0, 100]","[97, 255, 97]"
12211,845d6d5ffffffff,123,0,0,"[0, 255, 0, 100]","[97, 255, 97]"
12212,845d6d7ffffffff,5,0,0,"[0, 255, 0, 100]","[97, 255, 97]"
12213,845da63ffffffff,45,0,0,"[0, 255, 0, 100]","[97, 255, 97]"
12214,845da67ffffffff,1,0,0,"[0, 255, 0, 100]","[97, 255, 97]"
12215,845da6bffffffff,8,0,0,"[0, 255, 0, 100]","[97, 255, 97]"
12216,845dacbffffffff,28,0,0,"[0, 255, 0, 100]","[97, 255, 97]"
12217,845db15ffffffff,94,0,0,"[0, 255, 0, 100]","[97, 255, 97]"
12218,845db19ffffffff,67,0,0,"[0, 255, 0, 100]","[97, 255, 97]"
12219,845db1dffffffff,1,0,0,"[0, 255, 0, 100]","[97, 255, 97]"
12220,845db39ffffffff,1,0,0,"[0, 255, 0, 100]","[97, 255, 97]"
12221,845db51ffffffff,116,0,0,"[0, 255, 0, 100]","[97, 255, 97]"
12222,845db55ffffffff,9,0,0,"[0, 255, 0, 100]","[97, 255, 97]"
12223,845e089ffffffff,27,0,0,"[0, 255, 0, 100]","[97, 255, 97]"
12224,845e255ffffffff,2,0,0,"[0, 255, 0, 100]","[97, 255, 97]"
12225,845e401ffffffff,83,0,0,"[0, 255, 0, 100]","[97, 255, 97]"
12226,845e405ffffffff,41,0,0,"[0, 255, 0, 100]","[97, 255, 97]"
12227,845e40dffffffff,163,0,0,"[0, 255, 0, 100]","[97, 255, 97]"
12228,845e415ffffffff,12,0,0,"[0, 255, 0, 100]","[97, 255, 97]"
12229,845e41dffffffff,23,0,0,"[0, 255, 0, 100]","[97, 255, 97]"
12230,845e437ffffffff,5,0,0,"[0, 255, 0, 100]","[97, 255, 97]"
12231,845e453ffffffff,7,0,0,"[0, 255, 0, 100]","[97, 255, 97]"
12232,845e469ffffffff,2,0,0,"[0, 255, 0, 100]","[97, 255, 97]"
12233,845e4b7ffffffff,1,0,0,"[0, 255, 0, 100]","[97, 255, 97]"
12234,845e605ffffffff,121,0,0,"[0, 255, 0, 100]","[97, 255, 97]"
12235,845e607ffffffff,17,0,0,"[0, 255, 0, 100]","[97, 255, 97]"
12236,845e669ffffffff,1,0,0,"[0, 255, 0, 100]","[97, 255, 97]"
12237,845e6a5ffffffff,110,0,0,"[0, 255, 0, 100]","[97, 255, 97]"
12238,845e705ffffffff,56,0,0,"[0, 255, 0, 100]","[97, 255, 97]"
12239,845e713ffffffff,96,0,0,"[0, 255, 0, 100]","[97, 255, 97]"
12240,845e71bffffffff,1,0,0,"[0, 255, 0, 100]","[97, 255, 97]"
12241,845ea61ffffffff,90,0,0,"[0, 255, 0, 100]","[97, 255, 97]"
12242,845ea69ffffffff,24,0,0,"[0, 255, 0, 100]","[97, 255, 97]"
12243,845ec23ffffffff,2,0,0,"[0, 255, 0, 100]","[97, 255, 97]"
12244,845ec83ffffffff,5,0,0,"[0, 255, 0, 100]","[97, 255, 97]"
12245,845ec95ffffffff,78,0,0,"[0, 255, 0, 100]","[97, 255, 97]"
12246,845ecb5ffffffff,6,0,0,"[0, 255, 0, 100]","[97, 255, 97]"
12247,845ed11ffffffff,2,0,0,"[0, 255, 0, 100]","[97, 255, 97]"
12248,845ed37ffffffff,2,0,0,"[0, 255, 0, 100]","[97, 255, 97]"
12249,845eecbffffffff,14,0,0,"[0, 255, 0, 100]","[97, 255, 97]"
12250,845eeddffffffff,106,0,0,"[0, 255, 0, 100]","[97, 255, 97]"
12251,845f053ffffffff,3,0,0,"[0, 255, 0, 100]","[97, 255, 97]"
12252,845f097ffffffff,13,0,0,"[0, 255, 0, 100]","[97, 255, 97]"
12253,845f099ffffffff,16,0,0,"[0, 255, 0, 100]","[97, 255, 97]"
12254,845f09bffffffff,67,0,0,"[0, 255, 0, 100]","[97, 255, 97]"
12255,845f0bbffffffff,35,0,0,"[0, 255, 0, 100]","[97, 255, 97]"
12256,845f107ffffffff,17,0,0,"[0, 255, 0, 100]","[97, 255, 97]"
12257,845f2a5ffffffff,5,0,0,"[0, 255, 0, 100]","[97, 255, 97]"
12258,845f2adffffffff,9,0,0,"[0, 255, 0, 100]","[97, 255, 97]"
12259,845f4e3ffffffff,12,0,0,"[0, 255, 0, 100]","[97, 255, 97]"
12260,845f541ffffffff,6,0,0,"[0, 255, 0, 100]","[97, 255, 97]"
12261,845f54dffffffff,30,0,0,"[0, 255, 0, 100]","[97, 255, 97]"
12262,845f583ffffffff,7,0,0,"[0, 255, 0, 100]","[97, 255, 97]"
12263,845f587ffffffff,9,0,0,"[0, 255, 0, 100]","[97, 255, 97]"
12264,845f597ffffffff,81,0,0,"[0, 255, 0, 100]","[97, 255, 97]"
12265,845f5abffffffff,2,0,0,"[0, 255, 0, 100]","[97, 255, 97]"
12266,845f5b9ffffffff,1,0,0,"[0, 255, 0, 100]","[97, 255, 97]"
12267,845f5bbffffffff,2,0,0,"[0, 255, 0, 100]","[97, 255, 97]"
12268,845f725ffffffff,6,0,0,"[0, 255, 0, 100]","[97, 255, 97]"
12269,845f743ffffffff,1,0,0,"[0, 255, 0, 100]","[97, 255, 97]"
12270,8460003ffffffff,40,0,0,"[0, 255, 0, 100]","[97, 255, 97]"
12271,8460005ffffffff,10,0,0,"[0, 255, 0, 100]","[97, 255, 97]"
12272,8460007ffffffff,1,0,0,"[0, 255, 0, 100]","[97, 255, 97]"
12273,846000bffffffff,32,0,0,"[0, 255, 0, 100]","[97, 255, 97]"
12274,846001dffffffff,25,0,0,"[0, 255, 0, 100]","[97, 255, 97]"
12275,8460021ffffffff,155,0,0,"[0, 255, 0, 100]","[97, 255, 97]"
12276,8460023ffffffff,95,0,0,"[0, 255, 0, 100]","[97, 255, 97]"
12277,8460029ffffffff,158,0,0,"[0, 255, 0, 100]","[97, 255, 97]"
12278,846003dffffffff,75,0,0,"[0, 255, 0, 100]","[97, 255, 97]"
12279,8460045ffffffff,32,0,0,"[0, 255, 0, 100]","[97, 255, 97]"
12280,846004dffffffff,28,0,0,"[0, 255, 0, 100]","[97, 255, 97]"
12281,8460057ffffffff,23,0,0,"[0, 255, 0, 100]","[97, 255, 97]"
12282,8460061ffffffff,25,0,0,"[0, 255, 0, 100]","[97, 255, 97]"
12283,8460063ffffffff,5,0,0,"[0, 255, 0, 100]","[97, 255, 97]"
12284,8460065ffffffff,156,0,0,"[0, 255, 0, 100]","[97, 255, 97]"
12285,8460067ffffffff,22,0,0,"[0, 255, 0, 100]","[97, 255, 97]"
12286,8460069ffffffff,6,0,0,"[0, 255, 0, 100]","[97, 255, 97]"
12287,846006bffffffff,8,0,0,"[0, 255, 0, 100]","[97, 255, 97]"
12288,846006dffffffff,9,0,0,"[0, 255, 0, 100]","[97, 255, 97]"
12289,846008bffffffff,1,0,0,"[0, 255, 0, 100]","[97, 255, 97]"
12290,8460095ffffffff,20,0,0,"[0, 255, 0, 100]","[97, 255, 97]"
12291,8460097ffffffff,60,0,0,"[0, 255, 0, 100]","[97, 255, 97]"
12292,846009dffffffff,3,0,0,"[0, 255, 0, 100]","[97, 255, 97]"
12293,84600a3ffffffff,112,0,0,"[0, 255, 0, 100]","[97, 255, 97]"
12294,84600abffffffff,33,0,0,"[0, 255, 0, 100]","[97, 255, 97]"
12295,84600b5ffffffff,13,0,0,"[0, 255, 0, 100]","[97, 255, 97]"
12296,84600d5ffffffff,1,0,0,"[0, 255, 0, 100]","[97, 255, 97]"
12297,8460105ffffffff,5,0,0,"[0, 255, 0, 100]","[97, 255, 97]"
12298,8460107ffffffff,4,0,0,"[0, 255, 0, 100]","[97, 255, 97]"
12299,846010bffffffff,6,0,0,"[0, 255, 0, 100]","[97, 255, 97]"
12300,8460111ffffffff,6,0,0,"[0, 255, 0, 100]","[97, 255, 97]"
12301,846011dffffffff,19,0,0,"[0, 255, 0, 100]","[97, 255, 97]"
12302,8460121ffffffff,19,0,0,"[0, 255, 0, 100]","[97, 255, 97]"
12303,8460125ffffffff,43,0,0,"[0, 255, 0, 100]","[97, 255, 97]"
12304,8460127ffffffff,9,0,0,"[0, 255, 0, 100]","[97, 255, 97]"
12305,8460129ffffffff,3,0,0,"[0, 255, 0, 100]","[97, 255, 97]"
12306,846012dffffffff,34,0,0,"[0, 255, 0, 100]","[97, 255, 97]"
12307,8460131ffffffff,3,0,0,"[0, 255, 0, 100]","[97, 255, 97]"
12308,8460149ffffffff,6,0,0,"[0, 255, 0, 100]","[97, 255, 97]"
12309,8460157ffffffff,45,0,0,"[0, 255, 0, 100]","[97, 255, 97]"
12310,846015bffffffff,26,0,0,"[0, 255, 0, 100]","[97, 255, 97]"
12311,8460161ffffffff,26,0,0,"[0, 255, 0, 100]","[97, 255, 97]"
12312,8460165ffffffff,7,0,0,"[0, 255, 0, 100]","[97, 255, 97]"
12313,8460167ffffffff,77,0,0,"[0, 255, 0, 100]","[97, 255, 97]"
12314,8460169ffffffff,139,0,0,"[0, 255, 0, 100]","[97, 255, 97]"
12315,846016bffffffff,42,0,0,"[0, 255, 0, 100]","[97, 255, 97]"
12316,846016dffffffff,41,0,0,"[0, 255, 0, 100]","[97, 255, 97]"
12317,8460183ffffffff,93,0,0,"[0, 255, 0, 100]","[97, 255, 97]"
12318,846018bffffffff,120,0,0,"[0, 255, 0, 100]","[97, 255, 97]"
12319,8460195ffffffff,91,0,0,"[0, 255, 0, 100]","[97, 255, 97]"
12320,8460197ffffffff,5,0,0,"[0, 255, 0, 100]","[97, 255, 97]"
12321,846019dffffffff,13,0,0,"[0, 255, 0, 100]","[97, 255, 97]"
12322,84601bbffffffff,5,0,0,"[0, 255, 0, 100]","[97, 255, 97]"
12323,84601c3ffffffff,9,0,0,"[0, 255, 0, 100]","[97, 255, 97]"
12324,84601cbffffffff,4,0,0,"[0, 255, 0, 100]","[97, 255, 97]"
12325,84601d5ffffffff,169,0,0,"[0, 255, 0, 100]","[97, 255, 97]"
12326,84601d7ffffffff,66,0,0,"[0, 255, 0, 100]","[97, 255, 97]"
12327,84601ddffffffff,22,0,0,"[0, 255, 0, 100]","[97, 255, 97]"
12328,8460205ffffffff,43,0,0,"[0, 255, 0, 100]","[97, 255, 97]"
12329,8460227ffffffff,5,0,0,"[0, 255, 0, 100]","[97, 255, 97]"
12330,846022bffffffff,63,0,0,"[0, 255, 0, 100]","[97, 255, 97]"
12331,846023dffffffff,6,0,0,"[0, 255, 0, 100]","[97, 255, 97]"
12332,8460263ffffffff,34,0,0,"[0, 255, 0, 100]","[97, 255, 97]"
12333,846026bffffffff,72,0,0,"[0, 255, 0, 100]","[97, 255, 97]"
12334,8460303ffffffff,46,0,0,"[0, 255, 0, 100]","[97, 255, 97]"
12335,8460307ffffffff,4,0,0,"[0, 255, 0, 100]","[97, 255, 97]"
12336,846030bffffffff,38,0,0,"[0, 255, 0, 100]","[97, 255, 97]"
12337,8460311ffffffff,19,0,0,"[0, 255, 0, 100]","[97, 255, 97]"
12338,8460313ffffffff,9,0,0,"[0, 255, 0, 100]","[97, 255, 97]"
12339,846031bffffffff,266,0,0,"[0, 255, 0, 100]","[97, 255, 97]"
12340,8460321ffffffff,20,0,0,"[0, 255, 0, 100]","[97, 255, 97]"
12341,8460325ffffffff,3,0,0,"[0, 255, 0, 100]","[97, 255, 97]"
12342,8460327ffffffff,6,0,0,"[0, 255, 0, 100]","[97, 255, 97]"
12343,8460331ffffffff,8,0,0,"[0, 255, 0, 100]","[97, 255, 97]"
12344,8460335ffffffff,2,0,0,"[0, 255, 0, 100]","[97, 255, 97]"
12345,8460339ffffffff,17,0,0,"[0, 255, 0, 100]","[97, 255, 97]"
12346,8460349ffffffff,62,0,0,"[0, 255, 0, 100]","[97, 255, 97]"
12347,846034bffffffff,21,0,0,"[0, 255, 0, 100]","[97, 255, 97]"
12348,8460355ffffffff,10,0,0,"[0, 255, 0, 100]","[97, 255, 97]"
12349,8460363ffffffff,1,0,0,"[0, 255, 0, 100]","[97, 255, 97]"
12350,8460367ffffffff,1,0,0,"[0, 255, 0, 100]","[97, 255, 97]"
12351,8460425ffffffff,10,0,0,"[0, 255, 0, 100]","[97, 255, 97]"
12352,846042dffffffff,2,0,0,"[0, 255, 0, 100]","[97, 255, 97]"
12353,8460451ffffffff,6,0,0,"[0, 255, 0, 100]","[97, 255, 97]"
12354,8460455ffffffff,28,0,0,"[0, 255, 0, 100]","[97, 255, 97]"
12355,846045bffffffff,68,0,0,"[0, 255, 0, 100]","[97, 255, 97]"
12356,8460511ffffffff,1,0,0,"[0, 255, 0, 100]","[97, 255, 97]"
12357,846051bffffffff,50,0,0,"[0, 255, 0, 100]","[97, 255, 97]"
12358,8460521ffffffff,55,0,0,"[0, 255, 0, 100]","[97, 255, 97]"
12359,8460523ffffffff,19,0,0,"[0, 255, 0, 100]","[97, 255, 97]"
12360,8460529ffffffff,101,0,0,"[0, 255, 0, 100]","[97, 255, 97]"
12361,846055bffffffff,1,0,0,"[0, 255, 0, 100]","[97, 255, 97]"
12362,8460561ffffffff,1,0,0,"[0, 255, 0, 100]","[97, 255, 97]"
12363,8460567ffffffff,81,0,0,"[0, 255, 0, 100]","[97, 255, 97]"
12364,846056dffffffff,43,0,0,"[0, 255, 0, 100]","[97, 255, 97]"
12365,84606e1ffffffff,99,0,0,"[0, 255, 0, 100]","[97, 255, 97]"
12366,84606e5ffffffff,153,0,0,"[0, 255, 0, 100]","[97, 255, 97]"
12367,84606e7ffffffff,40,0,0,"[0, 255, 0, 100]","[97, 255, 97]"
12368,84606ebffffffff,23,0,0,"[0, 255, 0, 100]","[97, 255, 97]"
12369,8460811ffffffff,15,0,0,"[0, 255, 0, 100]","[97, 255, 97]"
12370,8460813ffffffff,16,0,0,"[0, 255, 0, 100]","[97, 255, 97]"
12371,846081dffffffff,2,0,0,"[0, 255, 0, 100]","[97, 255, 97]"
12372,8460833ffffffff,5,0,0,"[0, 255, 0, 100]","[97, 255, 97]"
12373,8460835ffffffff,4,0,0,"[0, 255, 0, 100]","[97, 255, 97]"
12374,8460837ffffffff,2,0,0,"[0, 255, 0, 100]","[97, 255, 97]"
12375,8460841ffffffff,7,0,0,"[0, 255, 0, 100]","[97, 255, 97]"
12376,8460849ffffffff,37,0,0,"[0, 255, 0, 100]","[97, 255, 97]"
12377,8460857ffffffff,9,0,0,"[0, 255, 0, 100]","[97, 255, 97]"
12378,8460869ffffffff,3,0,0,"[0, 255, 0, 100]","[97, 255, 97]"
12379,846086bffffffff,3,0,0,"[0, 255, 0, 100]","[97, 255, 97]"
12380,8460883ffffffff,7,0,0,"[0, 255, 0, 100]","[97, 255, 97]"
12381,8460885ffffffff,122,0,0,"[0, 255, 0, 100]","[97, 255, 97]"
12382,8460889ffffffff,30,0,0,"[0, 255, 0, 100]","[97, 255, 97]"
12383,846088bffffffff,9,0,0,"[0, 255, 0, 100]","[97, 255, 97]"
12384,846088dffffffff,12,0,0,"[0, 255, 0, 100]","[97, 255, 97]"
12385,8460895ffffffff,125,0,0,"[0, 255, 0, 100]","[97, 255, 97]"
12386,8460899ffffffff,107,0,0,"[0, 255, 0, 100]","[97, 255, 97]"
12387,846089bffffffff,10,0,0,"[0, 255, 0, 100]","[97, 255, 97]"
12388,846089dffffffff,27,0,0,"[0, 255, 0, 100]","[97, 255, 97]"
12389,84608a1ffffffff,12,0,0,"[0, 255, 0, 100]","[97, 255, 97]"
12390,84608a3ffffffff,175,0,0,"[0, 255, 0, 100]","[97, 255, 97]"
12391,84608a7ffffffff,1,0,0,"[0, 255, 0, 100]","[97, 255, 97]"
12392,84608adffffffff,1,0,0,"[0, 255, 0, 100]","[97, 255, 97]"
12393,84608b1ffffffff,565,0,0,"[0, 255, 0, 100]","[97, 255, 97]"
12394,84608b3ffffffff,18,0,0,"[0, 255, 0, 100]","[97, 255, 97]"
12395,84608b5ffffffff,1363,0,0,"[0, 255, 0, 100]","[97, 255, 97]"
12396,84608b7ffffffff,102,0,0,"[0, 255, 0, 100]","[97, 255, 97]"
12397,84608b9ffffffff,59,0,0,"[0, 255, 0, 100]","[97, 255, 97]"
12398,84608bbffffffff,1,0,0,"[0, 255, 0, 100]","[97, 255, 97]"
12399,84608bdffffffff,261,0,0,"[0, 255, 0, 100]","[97, 255, 97]"
12400,84608c1ffffffff,3,0,0,"[0, 255, 0, 100]","[97, 255, 97]"
12401,84608c5ffffffff,2,0,0,"[0, 255, 0, 100]","[97, 255, 97]"
12402,84608c7ffffffff,36,0,0,"[0, 255, 0, 100]","[97, 255, 97]"
12403,84608cdffffffff,2,0,0,"[0, 255, 0, 100]","[97, 255, 97]"
12404,84608d1ffffffff,3,0,0,"[0, 255, 0, 100]","[97, 255, 97]"
12405,84608d3ffffffff,18,0,0,"[0, 255, 0, 100]","[97, 255, 97]"
12406,84608d7ffffffff,163,0,0,"[0, 255, 0, 100]","[97, 255, 97]"
12407,84608d9ffffffff,10,0,0,"[0, 255, 0, 100]","[97, 255, 97]"
12408,84608dbffffffff,14,0,0,"[0, 255, 0, 100]","[97, 255, 97]"
12409,84608e1ffffffff,6,0,0,"[0, 255, 0, 100]","[97, 255, 97]"
12410,84608e3ffffffff,42,0,0,"[0, 255, 0, 100]","[97, 255, 97]"
12411,84608e9ffffffff,34,0,0,"[0, 255, 0, 100]","[97, 255, 97]"
12412,84608ebffffffff,58,0,0,"[0, 255, 0, 100]","[97, 255, 97]"
12413,84608edffffffff,4,0,0,"[0, 255, 0, 100]","[97, 255, 97]"
12414,8460913ffffffff,25,0,0,"[0, 255, 0, 100]","[97, 255, 97]"
12415,8460923ffffffff,1,0,0,"[0, 255, 0, 100]","[97, 255, 97]"
12416,8460937ffffffff,12,0,0,"[0, 255, 0, 100]","[97, 255, 97]"
12417,8460959ffffffff,3,0,0,"[0, 255, 0, 100]","[97, 255, 97]"
12418,8460981ffffffff,1,0,0,"[0, 255, 0, 100]","[97, 255, 97]"
12419,846098bffffffff,10,0,0,"[0, 255, 0, 100]","[97, 255, 97]"
12420,8460993ffffffff,29,0,0,"[0, 255, 0, 100]","[97, 255, 97]"
12421,8460997ffffffff,4,0,0,"[0, 255, 0, 100]","[97, 255, 97]"
12422,84609b3ffffffff,50,0,0,"[0, 255, 0, 100]","[97, 255, 97]"
12423,84609c5ffffffff,5,0,0,"[0, 255, 0, 100]","[97, 255, 97]"
12424,84609c7ffffffff,15,0,0,"[0, 255, 0, 100]","[97, 255, 97]"
12425,84609c9ffffffff,3,0,0,"[0, 255, 0, 100]","[97, 255, 97]"
12426,84609d3ffffffff,40,0,0,"[0, 255, 0, 100]","[97, 255, 97]"
12427,84609edffffffff,2,0,0,"[0, 255, 0, 100]","[97, 255, 97]"
12428,8460a03ffffffff,14,0,0,"[0, 255, 0, 100]","[97, 255, 97]"
12429,8460a09ffffffff,10,0,0,"[0, 255, 0, 100]","[97, 255, 97]"
12430,8460a0bffffffff,16,0,0,"[0, 255, 0, 100]","[97, 255, 97]"
12431,8460a15ffffffff,13,0,0,"[0, 255, 0, 100]","[97, 255, 97]"
12432,8460a17ffffffff,16,0,0,"[0, 255, 0, 100]","[97, 255, 97]"
12433,8460a19ffffffff,13,0,0,"[0, 255, 0, 100]","[97, 255, 97]"
12434,8460a1dffffffff,5,0,0,"[0, 255, 0, 100]","[97, 255, 97]"
12435,8460a21ffffffff,8,0,0,"[0, 255, 0, 100]","[97, 255, 97]"
12436,8460a25ffffffff,184,0,0,"[0, 255, 0, 100]","[97, 255, 97]"
12437,8460a27ffffffff,2,0,0,"[0, 255, 0, 100]","[97, 255, 97]"
12438,8460a3bffffffff,3,0,0,"[0, 255, 0, 100]","[97, 255, 97]"
12439,8460a41ffffffff,32,0,0,"[0, 255, 0, 100]","[97, 255, 97]"
12440,8460a43ffffffff,55,0,0,"[0, 255, 0, 100]","[97, 255, 97]"
12441,8460a47ffffffff,8,0,0,"[0, 255, 0, 100]","[97, 255, 97]"
12442,8460a49ffffffff,28,0,0,"[0, 255, 0, 100]","[97, 255, 97]"
12443,8460a4bffffffff,4,0,0,"[0, 255, 0, 100]","[97, 255, 97]"
12444,8460a51ffffffff,43,0,0,"[0, 255, 0, 100]","[97, 255, 97]"
12445,8460a53ffffffff,20,0,0,"[0, 255, 0, 100]","[97, 255, 97]"
12446,8460a57ffffffff,18,0,0,"[0, 255, 0, 100]","[97, 255, 97]"
12447,8460a59ffffffff,27,0,0,"[0, 255, 0, 100]","[97, 255, 97]"
12448,8460a5bffffffff,38,0,0,"[0, 255, 0, 100]","[97, 255, 97]"
12449,8460a61ffffffff,12,0,0,"[0, 255, 0, 100]","[97, 255, 97]"
12450,8460a63ffffffff,4,0,0,"[0, 255, 0, 100]","[97, 255, 97]"
12451,8460a69ffffffff,12,0,0,"[0, 255, 0, 100]","[97, 255, 97]"
12452,8460a81ffffffff,47,0,0,"[0, 255, 0, 100]","[97, 255, 97]"
12453,8460a83ffffffff,9,0,0,"[0, 255, 0, 100]","[97, 255, 97]"
12454,8460a85ffffffff,23,0,0,"[0, 255, 0, 100]","[97, 255, 97]"
12455,8460a87ffffffff,2,0,0,"[0, 255, 0, 100]","[97, 255, 97]"
12456,8460a89ffffffff,67,0,0,"[0, 255, 0, 100]","[97, 255, 97]"
12457,8460a8bffffffff,8,0,0,"[0, 255, 0, 100]","[97, 255, 97]"
12458,8460a8dffffffff,20,0,0,"[0, 255, 0, 100]","[97, 255, 97]"
12459,8460a91ffffffff,164,0,0,"[0, 255, 0, 100]","[97, 255, 97]"
12460,8460a93ffffffff,14,0,0,"[0, 255, 0, 100]","[97, 255, 97]"
12461,8460a95ffffffff,113,0,0,"[0, 255, 0, 100]","[97, 255, 97]"
12462,8460a97ffffffff,28,0,0,"[0, 255, 0, 100]","[97, 255, 97]"
12463,8460a9dffffffff,7,0,0,"[0, 255, 0, 100]","[97, 255, 97]"
12464,8460aa1ffffffff,8,0,0,"[0, 255, 0, 100]","[97, 255, 97]"
12465,8460aa3ffffffff,7,0,0,"[0, 255, 0, 100]","[97, 255, 97]"
12466,8460aa5ffffffff,22,0,0,"[0, 255, 0, 100]","[97, 255, 97]"
12467,8460aa7ffffffff,6,0,0,"[0, 255, 0, 100]","[97, 255, 97]"
12468,8460aa9ffffffff,6,0,0,"[0, 255, 0, 100]","[97, 255, 97]"
12469,8460aabffffffff,11,0,0,"[0, 255, 0, 100]","[97, 255, 97]"
12470,8460ab1ffffffff,11,0,0,"[0, 255, 0, 100]","[97, 255, 97]"
12471,8460ab3ffffffff,5,0,0,"[0, 255, 0, 100]","[97, 255, 97]"
12472,8460ab5ffffffff,1,0,0,"[0, 255, 0, 100]","[97, 255, 97]"
12473,8460abbffffffff,63,0,0,"[0, 255, 0, 100]","[97, 255, 97]"
12474,8460ac5ffffffff,33,0,0,"[0, 255, 0, 100]","[97, 255, 97]"
12475,8460ac7ffffffff,20,0,0,"[0, 255, 0, 100]","[97, 255, 97]"
12476,8460acdffffffff,48,0,0,"[0, 255, 0, 100]","[97, 255, 97]"
12477,8460ad5ffffffff,18,0,0,"[0, 255, 0, 100]","[97, 255, 97]"
12478,8460addffffffff,84,0,0,"[0, 255, 0, 100]","[97, 255, 97]"
12479,8460ae1ffffffff,12,0,0,"[0, 255, 0, 100]","[97, 255, 97]"
12480,8460ae7ffffffff,13,0,0,"[0, 255, 0, 100]","[97, 255, 97]"
12481,8460ae9ffffffff,18,0,0,"[0, 255, 0, 100]","[97, 255, 97]"
12482,8460aebffffffff,48,0,0,"[0, 255, 0, 100]","[97, 255, 97]"
12483,8460aedffffffff,23,0,0,"[0, 255, 0, 100]","[97, 255, 97]"
12484,8460b11ffffffff,8,0,0,"[0, 255, 0, 100]","[97, 255, 97]"
12485,8460b13ffffffff,9,0,0,"[0, 255, 0, 100]","[97, 255, 97]"
12486,8460b51ffffffff,17,0,0,"[0, 255, 0, 100]","[97, 255, 97]"
12487,8460b53ffffffff,3,0,0,"[0, 255, 0, 100]","[97, 255, 97]"
12488,8460b69ffffffff,1,0,0,"[0, 255, 0, 100]","[97, 255, 97]"
12489,8460c09ffffffff,38,0,0,"[0, 255, 0, 100]","[97, 255, 97]"
12490,8460c0bffffffff,6,0,0,"[0, 255, 0, 100]","[97, 255, 97]"
12491,8460c25ffffffff,32,0,0,"[0, 255, 0, 100]","[97, 255, 97]"
12492,8460c27ffffffff,1,0,0,"[0, 255, 0, 100]","[97, 255, 97]"
12493,8460c41ffffffff,47,0,0,"[0, 255, 0, 100]","[97, 255, 97]"
12494,8460c43ffffffff,39,0,0,"[0, 255, 0, 100]","[97, 255, 97]"
12495,8460c49ffffffff,73,0,0,"[0, 255, 0, 100]","[97, 255, 97]"
12496,8460c87ffffffff,12,0,0,"[0, 255, 0, 100]","[97, 255, 97]"
12497,8460cb1ffffffff,7,0,0,"[0, 255, 0, 100]","[97, 255, 97]"
12498,8460cb9ffffffff,6,0,0,"[0, 255, 0, 100]","[97, 255, 97]"
12499,8460cc7ffffffff,3,0,0,"[0, 255, 0, 100]","[97, 255, 97]"
12500,8460ce5ffffffff,39,0,0,"[0, 255, 0, 100]","[97, 255, 97]"
12501,8460cedffffffff,3,0,0,"[0, 255, 0, 100]","[97, 255, 97]"
12502,8460d03ffffffff,18,0,0,"[0, 255, 0, 100]","[97, 255, 97]"
12503,8460d09ffffffff,80,0,0,"[0, 255, 0, 100]","[97, 255, 97]"
12504,8460d0bffffffff,20,0,0,"[0, 255, 0, 100]","[97, 255, 97]"
12505,8460d15ffffffff,32,0,0,"[0, 255, 0, 100]","[97, 255, 97]"
12506,8460d1bffffffff,20,0,0,"[0, 255, 0, 100]","[97, 255, 97]"
12507,8460d1dffffffff,21,0,0,"[0, 255, 0, 100]","[97, 255, 97]"
12508,8460d21ffffffff,42,0,0,"[0, 255, 0, 100]","[97, 255, 97]"
12509,8460d23ffffffff,10,0,0,"[0, 255, 0, 100]","[97, 255, 97]"
12510,8460d25ffffffff,68,0,0,"[0, 255, 0, 100]","[97, 255, 97]"
12511,8460d27ffffffff,17,0,0,"[0, 255, 0, 100]","[97, 255, 97]"
12512,8460d2bffffffff,7,0,0,"[0, 255, 0, 100]","[97, 255, 97]"
12513,8460d2dffffffff,3,0,0,"[0, 255, 0, 100]","[97, 255, 97]"
12514,8460d35ffffffff,56,0,0,"[0, 255, 0, 100]","[97, 255, 97]"
12515,8460d37ffffffff,9,0,0,"[0, 255, 0, 100]","[97, 255, 97]"
12516,8460d3dffffffff,34,0,0,"[0, 255, 0, 100]","[97, 255, 97]"
12517,8460d41ffffffff,12,0,0,"[0, 255, 0, 100]","[97, 255, 97]"
12518,8460d43ffffffff,107,0,0,"[0, 255, 0, 100]","[97, 255, 97]"
12519,8460d49ffffffff,5,0,0,"[0, 255, 0, 100]","[97, 255, 97]"
12520,8460d53ffffffff,7,0,0,"[0, 255, 0, 100]","[97, 255, 97]"
12521,8460d5bffffffff,3,0,0,"[0, 255, 0, 100]","[97, 255, 97]"
12522,8460d61ffffffff,2,0,0,"[0, 255, 0, 100]","[97, 255, 97]"
12523,8460d65ffffffff,75,0,0,"[0, 255, 0, 100]","[97, 255, 97]"
12524,8460d6dffffffff,58,0,0,"[0, 255, 0, 100]","[97, 255, 97]"
12525,8460d81ffffffff,3,0,0,"[0, 255, 0, 100]","[97, 255, 97]"
12526,8460da1ffffffff,3,0,0,"[0, 255, 0, 100]","[97, 255, 97]"
12527,8460da7ffffffff,20,0,0,"[0, 255, 0, 100]","[97, 255, 97]"
12528,8460dadffffffff,18,0,0,"[0, 255, 0, 100]","[97, 255, 97]"
12529,8460db7ffffffff,6,0,0,"[0, 255, 0, 100]","[97, 255, 97]"
12530,8460db9ffffffff,3,0,0,"[0, 255, 0, 100]","[97, 255, 97]"
12531,8460dcdffffffff,16,0,0,"[0, 255, 0, 100]","[97, 255, 97]"
12532,8460ddbffffffff,14,0,0,"[0, 255, 0, 100]","[97, 255, 97]"
12533,8460de7ffffffff,34,0,0,"[0, 255, 0, 100]","[97, 255, 97]"
12534,8460e03ffffffff,30,0,0,"[0, 255, 0, 100]","[97, 255, 97]"
12535,8460e0bffffffff,156,0,0,"[0, 255, 0, 100]","[97, 255, 97]"
12536,8460e15ffffffff,11,0,0,"[0, 255, 0, 100]","[97, 255, 97]"
12537,8460e21ffffffff,73,0,0,"[0, 255, 0, 100]","[97, 255, 97]"
12538,8460e27ffffffff,72,0,0,"[0, 255, 0, 100]","[97, 255, 97]"
12539,8460e29ffffffff,94,0,0,"[0, 255, 0, 100]","[97, 255, 97]"
12540,8460e2dffffffff,9,0,0,"[0, 255, 0, 100]","[97, 255, 97]"
12541,8460e43ffffffff,89,0,0,"[0, 255, 0, 100]","[97, 255, 97]"
12542,8460e49ffffffff,11,0,0,"[0, 255, 0, 100]","[97, 255, 97]"
12543,8460e4bffffffff,11,0,0,"[0, 255, 0, 100]","[97, 255, 97]"
12544,8460e55ffffffff,64,0,0,"[0, 255, 0, 100]","[97, 255, 97]"
12545,8460e67ffffffff,113,0,0,"[0, 255, 0, 100]","[97, 255, 97]"
12546,8460f07ffffffff,103,0,0,"[0, 255, 0, 100]","[97, 255, 97]"
12547,8460f21ffffffff,20,0,0,"[0, 255, 0, 100]","[97, 255, 97]"
12548,8460f27ffffffff,49,0,0,"[0, 255, 0, 100]","[97, 255, 97]"
12549,8460f2dffffffff,1,0,0,"[0, 255, 0, 100]","[97, 255, 97]"
12550,8460f33ffffffff,3,0,0,"[0, 255, 0, 100]","[97, 255, 97]"
12551,8460f39ffffffff,5,0,0,"[0, 255, 0, 100]","[97, 255, 97]"
12552,8460f61ffffffff,41,0,0,"[0, 255, 0, 100]","[97, 255, 97]"
12553,8460f65ffffffff,1,0,0,"[0, 255, 0, 100]","[97, 255, 97]"
12554,8460f67ffffffff,16,0,0,"[0, 255, 0, 100]","[97, 255, 97]"
12555,8460f69ffffffff,103,0,0,"[0, 255, 0, 100]","[97, 255, 97]"
12556,8460f6dffffffff,24,0,0,"[0, 255, 0, 100]","[97, 255, 97]"
12557,8461101ffffffff,61,0,0,"[0, 255, 0, 100]","[97, 255, 97]"
12558,8461105ffffffff,11,0,0,"[0, 255, 0, 100]","[97, 255, 97]"
12559,846110bffffffff,39,0,0,"[0, 255, 0, 100]","[97, 255, 97]"
12560,846110dffffffff,13,0,0,"[0, 255, 0, 100]","[97, 255, 97]"
12561,846111dffffffff,44,0,0,"[0, 255, 0, 100]","[97, 255, 97]"
12562,8461131ffffffff,68,0,0,"[0, 255, 0, 100]","[97, 255, 97]"
12563,8461163ffffffff,1,0,0,"[0, 255, 0, 100]","[97, 255, 97]"
12564,84611a7ffffffff,14,0,0,"[0, 255, 0, 100]","[97, 255, 97]"
12565,84611b7ffffffff,28,0,0,"[0, 255, 0, 100]","[97, 255, 97]"
12566,84611c1ffffffff,145,0,0,"[0, 255, 0, 100]","[97, 255, 97]"
12567,84611c5ffffffff,20,0,0,"[0, 255, 0, 100]","[97, 255, 97]"
12568,84611cdffffffff,23,0,0,"[0, 255, 0, 100]","[97, 255, 97]"
12569,8461229ffffffff,21,0,0,"[0, 255, 0, 100]","[97, 255, 97]"
12570,846122bffffffff,44,0,0,"[0, 255, 0, 100]","[97, 255, 97]"
12571,8461265ffffffff,7,0,0,"[0, 255, 0, 100]","[97, 255, 97]"
12572,8461267ffffffff,134,0,0,"[0, 255, 0, 100]","[97, 255, 97]"
12573,846130dffffffff,8,0,0,"[0, 255, 0, 100]","[97, 255, 97]"
12574,8461369ffffffff,28,0,0,"[0, 255, 0, 100]","[97, 255, 97]"
12575,846136bffffffff,104,0,0,"[0, 255, 0, 100]","[97, 255, 97]"
12576,8461401ffffffff,178,0,0,"[0, 255, 0, 100]","[97, 255, 97]"
12577,8461403ffffffff,275,0,0,"[0, 255, 0, 100]","[97, 255, 97]"
12578,8461407ffffffff,215,0,0,"[0, 255, 0, 100]","[97, 255, 97]"
12579,8461409ffffffff,15,4,0.266666667,"[255, 0, 0, 100]","[255, 0, 0]"
12580,846141dffffffff,1107,0,0,"[0, 255, 0, 100]","[97, 255, 97]"
12581,8461421ffffffff,483,0,0,"[0, 255, 0, 100]","[97, 255, 97]"
12582,8461423ffffffff,250,0,0,"[0, 255, 0, 100]","[97, 255, 97]"
12583,8461427ffffffff,205,0,0,"[0, 255, 0, 100]","[97, 255, 97]"
12584,846142bffffffff,1598,0,0,"[0, 255, 0, 100]","[97, 255, 97]"
12585,8461431ffffffff,580,0,0,"[0, 255, 0, 100]","[97, 255, 97]"
12586,8461435ffffffff,356,0,0,"[0, 255, 0, 100]","[97, 255, 97]"
12587,8461439ffffffff,803,0,0,"[0, 255, 0, 100]","[97, 255, 97]"
12588,846143bffffffff,207,0,0,"[0, 255, 0, 100]","[97, 255, 97]"
12589,846143dffffffff,200,0,0,"[0, 255, 0, 100]","[97, 255, 97]"
12590,8461451ffffffff,180,0,0,"[0, 255, 0, 100]","[97, 255, 97]"
12591,8461455ffffffff,3,0,0,"[0, 255, 0, 100]","[97, 255, 97]"
12592,846145bffffffff,30,0,0,"[0, 255, 0, 100]","[97, 255, 97]"
12593,8461507ffffffff,42,0,0,"[0, 255, 0, 100]","[97, 255, 97]"
12594,8461513ffffffff,650,0,0,"[0, 255, 0, 100]","[97, 255, 97]"
12595,846151bffffffff,266,0,0,"[0, 255, 0, 100]","[97, 255, 97]"
12596,8461521ffffffff,5,0,0,"[0, 255, 0, 100]","[97, 255, 97]"
12597,8461525ffffffff,22,0,0,"[0, 255, 0, 100]","[97, 255, 97]"
12598,846152bffffffff,23,0,0,"[0, 255, 0, 100]","[97, 255, 97]"
12599,8461581ffffffff,4,0,0,"[0, 255, 0, 100]","[97, 255, 97]"
12600,8461585ffffffff,51,0,0,"[0, 255, 0, 100]","[97, 255, 97]"
12601,8461589ffffffff,61,0,0,"[0, 255, 0, 100]","[97, 255, 97]"
12602,84615abffffffff,61,0,0,"[0, 255, 0, 100]","[97, 255, 97]"
12603,84615b5ffffffff,6,0,0,"[0, 255, 0, 100]","[97, 255, 97]"
12604,84615c1ffffffff,709,0,0,"[0, 255, 0, 100]","[97, 255, 97]"
12605,84615c3ffffffff,116,0,0,"[0, 255, 0, 100]","[97, 255, 97]"
12606,84615c5ffffffff,267,0,0,"[0, 255, 0, 100]","[97, 255, 97]"
12607,84615c7ffffffff,904,0,0,"[0, 255, 0, 100]","[97, 255, 97]"
12608,84615c9ffffffff,422,0,0,"[0, 255, 0, 100]","[97, 255, 97]"
12609,84615cbffffffff,201,0,0,"[0, 255, 0, 100]","[97, 255, 97]"
12610,84615cdffffffff,99,0,0,"[0, 255, 0, 100]","[97, 255, 97]"
12611,84615e1ffffffff,623,0,0,"[0, 255, 0, 100]","[97, 255, 97]"
12612,84615e5ffffffff,86,0,0,"[0, 255, 0, 100]","[97, 255, 97]"
12613,84615e7ffffffff,54,0,0,"[0, 255, 0, 100]","[97, 255, 97]"
12614,84615e9ffffffff,928,0,0,"[0, 255, 0, 100]","[97, 255, 97]"
12615,84615ebffffffff,193,0,0,"[0, 255, 0, 100]","[97, 255, 97]"
12616,84616c5ffffffff,126,0,0,"[0, 255, 0, 100]","[97, 255, 97]"
12617,84616e5ffffffff,11,0,0,"[0, 255, 0, 100]","[97, 255, 97]"
12618,84616edffffffff,14,0,0,"[0, 255, 0, 100]","[97, 255, 97]"
12619,8461813ffffffff,39,0,0,"[0, 255, 0, 100]","[97, 255, 97]"
12620,8461819ffffffff,5,0,0,"[0, 255, 0, 100]","[97, 255, 97]"
12621,846181bffffffff,18,0,0,"[0, 255, 0, 100]","[97, 255, 97]"
12622,8461833ffffffff,1,0,0,"[0, 255, 0, 100]","[97, 255, 97]"
12623,8461839ffffffff,2,0,0,"[0, 255, 0, 100]","[97, 255, 97]"
12624,846183bffffffff,30,0,0,"[0, 255, 0, 100]","[97, 255, 97]"
12625,8461845ffffffff,13,0,0,"[0, 255, 0, 100]","[97, 255, 97]"
12626,8461851ffffffff,4,0,0,"[0, 255, 0, 100]","[97, 255, 97]"
12627,8461853ffffffff,66,0,0,"[0, 255, 0, 100]","[97, 255, 97]"
12628,846186dffffffff,5,0,0,"[0, 255, 0, 100]","[97, 255, 97]"
12629,8461881ffffffff,5,0,0,"[0, 255, 0, 100]","[97, 255, 97]"
12630,8461885ffffffff,15,0,0,"[0, 255, 0, 100]","[97, 255, 97]"
12631,8461893ffffffff,6,0,0,"[0, 255, 0, 100]","[97, 255, 97]"
12632,8461897ffffffff,15,0,0,"[0, 255, 0, 100]","[97, 255, 97]"
12633,8461899ffffffff,4,0,0,"[0, 255, 0, 100]","[97, 255, 97]"
12634,84618a5ffffffff,34,0,0,"[0, 255, 0, 100]","[97, 255, 97]"
12635,84618a7ffffffff,28,0,0,"[0, 255, 0, 100]","[97, 255, 97]"
12636,84618adffffffff,5,0,0,"[0, 255, 0, 100]","[97, 255, 97]"
12637,84618b1ffffffff,2,0,0,"[0, 255, 0, 100]","[97, 255, 97]"
12638,84618b3ffffffff,4,0,0,"[0, 255, 0, 100]","[97, 255, 97]"
12639,84618b7ffffffff,2,0,0,"[0, 255, 0, 100]","[97, 255, 97]"
12640,84618c3ffffffff,2,0,0,"[0, 255, 0, 100]","[97, 255, 97]"
12641,84618c5ffffffff,215,0,0,"[0, 255, 0, 100]","[97, 255, 97]"
12642,84618c7ffffffff,11,0,0,"[0, 255, 0, 100]","[97, 255, 97]"
12643,84618d9ffffffff,38,0,0,"[0, 255, 0, 100]","[97, 255, 97]"
12644,84618ddffffffff,2,0,0,"[0, 255, 0, 100]","[97, 255, 97]"
12645,84618e5ffffffff,28,0,0,"[0, 255, 0, 100]","[97, 255, 97]"
12646,8461925ffffffff,10,0,0,"[0, 255, 0, 100]","[97, 255, 97]"
12647,8461991ffffffff,9,0,0,"[0, 255, 0, 100]","[97, 255, 97]"
12648,8461993ffffffff,9,0,0,"[0, 255, 0, 100]","[97, 255, 97]"
12649,8461997ffffffff,2,0,0,"[0, 255, 0, 100]","[97, 255, 97]"
12650,8461999ffffffff,27,0,0,"[0, 255, 0, 100]","[97, 255, 97]"
12651,846199bffffffff,18,0,0,"[0, 255, 0, 100]","[97, 255, 97]"
12652,8461a01ffffffff,110,0,0,"[0, 255, 0, 100]","[97, 255, 97]"
12653,8461a03ffffffff,11,0,0,"[0, 255, 0, 100]","[97, 255, 97]"
12654,8461a07ffffffff,2,0,0,"[0, 255, 0, 100]","[97, 255, 97]"
12655,8461a0dffffffff,1,0,0,"[0, 255, 0, 100]","[97, 255, 97]"
12656,8461a15ffffffff,65,0,0,"[0, 255, 0, 100]","[97, 255, 97]"
12657,8461a39ffffffff,16,0,0,"[0, 255, 0, 100]","[97, 255, 97]"
12658,8461a3bffffffff,22,0,0,"[0, 255, 0, 100]","[97, 255, 97]"
12659,8461a81ffffffff,10,0,0,"[0, 255, 0, 100]","[97, 255, 97]"
12660,8461a83ffffffff,6,0,0,"[0, 255, 0, 100]","[97, 255, 97]"
12661,8461a95ffffffff,63,0,0,"[0, 255, 0, 100]","[97, 255, 97]"
12662,8461a97ffffffff,1,0,0,"[0, 255, 0, 100]","[97, 255, 97]"
12663,8461aedffffffff,4,0,0,"[0, 255, 0, 100]","[97, 255, 97]"
12664,8461b09ffffffff,2,0,0,"[0, 255, 0, 100]","[97, 255, 97]"
12665,8461b11ffffffff,34,0,0,"[0, 255, 0, 100]","[97, 255, 97]"
12666,8461b13ffffffff,51,0,0,"[0, 255, 0, 100]","[97, 255, 97]"
12667,8461b15ffffffff,17,0,0,"[0, 255, 0, 100]","[97, 255, 97]"
12668,8461b1dffffffff,16,0,0,"[0, 255, 0, 100]","[97, 255, 97]"
12669,8461b21ffffffff,15,0,0,"[0, 255, 0, 100]","[97, 255, 97]"
12670,8461b2dffffffff,152,0,0,"[0, 255, 0, 100]","[97, 255, 97]"
12671,8461b67ffffffff,55,0,0,"[0, 255, 0, 100]","[97, 255, 97]"
12672,8461b69ffffffff,3,0,0,"[0, 255, 0, 100]","[97, 255, 97]"
12673,8461b6bffffffff,3,0,0,"[0, 255, 0, 100]","[97, 255, 97]"
12674,8462ae7ffffffff,3,0,0,"[0, 255, 0, 100]","[97, 255, 97]"
12675,8463159ffffffff,4,0,0,"[0, 255, 0, 100]","[97, 255, 97]"
12676,846316dffffffff,68,0,0,"[0, 255, 0, 100]","[97, 255, 97]"
12677,846320dffffffff,5,0,0,"[0, 255, 0, 100]","[97, 255, 97]"
12678,8463261ffffffff,45,0,0,"[0, 255, 0, 100]","[97, 255, 97]"
12679,8463263ffffffff,18,0,0,"[0, 255, 0, 100]","[97, 255, 97]"
12680,8463265ffffffff,2,0,0,"[0, 255, 0, 100]","[97, 255, 97]"
12681,84632a1ffffffff,2,0,0,"[0, 255, 0, 100]","[97, 255, 97]"
12682,84632a5ffffffff,18,0,0,"[0, 255, 0, 100]","[97, 255, 97]"
12683,84632a7ffffffff,38,0,0,"[0, 255, 0, 100]","[97, 255, 97]"
12684,84632abffffffff,12,0,0,"[0, 255, 0, 100]","[97, 255, 97]"
12685,84632c9ffffffff,2,0,0,"[0, 255, 0, 100]","[97, 255, 97]"
12686,84632cbffffffff,77,0,0,"[0, 255, 0, 100]","[97, 255, 97]"
12687,84632d9ffffffff,25,0,0,"[0, 255, 0, 100]","[97, 255, 97]"
12688,8463405ffffffff,9,0,0,"[0, 255, 0, 100]","[97, 255, 97]"
12689,846340dffffffff,67,0,0,"[0, 255, 0, 100]","[97, 255, 97]"
12690,8463603ffffffff,9,0,0,"[0, 255, 0, 100]","[97, 255, 97]"
12691,8463611ffffffff,6,0,0,"[0, 255, 0, 100]","[97, 255, 97]"
12692,8463613ffffffff,9,0,0,"[0, 255, 0, 100]","[97, 255, 97]"
12693,8463615ffffffff,6,0,0,"[0, 255, 0, 100]","[97, 255, 97]"
12694,846361dffffffff,3,0,0,"[0, 255, 0, 100]","[97, 255, 97]"
12695,84636c3ffffffff,8,0,0,"[0, 255, 0, 100]","[97, 255, 97]"
12696,84636c5ffffffff,20,0,0,"[0, 255, 0, 100]","[97, 255, 97]"
12697,84636c7ffffffff,11,0,0,"[0, 255, 0, 100]","[97, 255, 97]"
12698,84636d9ffffffff,8,0,0,"[0, 255, 0, 100]","[97, 255, 97]"
12699,8463719ffffffff,2,0,0,"[0, 255, 0, 100]","[97, 255, 97]"
12700,8463751ffffffff,30,0,0,"[0, 255, 0, 100]","[97, 255, 97]"
12701,8463753ffffffff,79,0,0,"[0, 255, 0, 100]","[97, 255, 97]"
12702,8463b13ffffffff,6,0,0,"[0, 255, 0, 100]","[97, 255, 97]"
12703,8463b61ffffffff,119,0,0,"[0, 255, 0, 100]","[97, 255, 97]"
12704,8463b65ffffffff,235,0,0,"[0, 255, 0, 100]","[97, 255, 97]"
12705,8464053ffffffff,23,0,0,"[0, 255, 0, 100]","[97, 255, 97]"
12706,846405bffffffff,85,0,0,"[0, 255, 0, 100]","[97, 255, 97]"
12707,8464091ffffffff,105,0,0,"[0, 255, 0, 100]","[97, 255, 97]"
12708,846409bffffffff,83,0,0,"[0, 255, 0, 100]","[97, 255, 97]"
12709,846409dffffffff,85,0,0,"[0, 255, 0, 100]","[97, 255, 97]"
12710,84640b5ffffffff,18,0,0,"[0, 255, 0, 100]","[97, 255, 97]"
12711,84640dbffffffff,46,0,0,"[0, 255, 0, 100]","[97, 255, 97]"
12712,8464121ffffffff,11,0,0,"[0, 255, 0, 100]","[97, 255, 97]"
12713,8464125ffffffff,3,0,0,"[0, 255, 0, 100]","[97, 255, 97]"
12714,8464127ffffffff,26,0,0,"[0, 255, 0, 100]","[97, 255, 97]"
12715,8464129ffffffff,57,0,0,"[0, 255, 0, 100]","[97, 255, 97]"
12716,8464135ffffffff,2,0,0,"[0, 255, 0, 100]","[97, 255, 97]"
12717,8464181ffffffff,74,0,0,"[0, 255, 0, 100]","[97, 255, 97]"
12718,846418bffffffff,14,0,0,"[0, 255, 0, 100]","[97, 255, 97]"
12719,846418dffffffff,154,0,0,"[0, 255, 0, 100]","[97, 255, 97]"
12720,8464197ffffffff,43,0,0,"[0, 255, 0, 100]","[97, 255, 97]"
12721,84641a3ffffffff,71,0,0,"[0, 255, 0, 100]","[97, 255, 97]"
12722,84641abffffffff,18,0,0,"[0, 255, 0, 100]","[97, 255, 97]"
12723,84641b5ffffffff,68,0,0,"[0, 255, 0, 100]","[97, 255, 97]"
12724,84641b7ffffffff,66,0,0,"[0, 255, 0, 100]","[97, 255, 97]"
12725,84641bdffffffff,7,0,0,"[0, 255, 0, 100]","[97, 255, 97]"
12726,84641c5ffffffff,36,0,0,"[0, 255, 0, 100]","[97, 255, 97]"
12727,84641cdffffffff,7,0,0,"[0, 255, 0, 100]","[97, 255, 97]"
12728,84641e3ffffffff,12,0,0,"[0, 255, 0, 100]","[97, 255, 97]"
12729,84641ebffffffff,2,0,0,"[0, 255, 0, 100]","[97, 255, 97]"
12730,8464213ffffffff,7,0,0,"[0, 255, 0, 100]","[97, 255, 97]"
12731,8464225ffffffff,1,0,0,"[0, 255, 0, 100]","[97, 255, 97]"
12732,846422dffffffff,51,0,0,"[0, 255, 0, 100]","[97, 255, 97]"
12733,8464255ffffffff,6,0,0,"[0, 255, 0, 100]","[97, 255, 97]"
12734,8464259ffffffff,1,0,0,"[0, 255, 0, 100]","[97, 255, 97]"
12735,8464281ffffffff,75,0,0,"[0, 255, 0, 100]","[97, 255, 97]"
12736,8464287ffffffff,178,0,0,"[0, 255, 0, 100]","[97, 255, 97]"
12737,846428bffffffff,87,0,0,"[0, 255, 0, 100]","[97, 255, 97]"
12738,846428dffffffff,161,0,0,"[0, 255, 0, 100]","[97, 255, 97]"
12739,846429dffffffff,2,0,0,"[0, 255, 0, 100]","[97, 255, 97]"
12740,84642a5ffffffff,8,0,0,"[0, 255, 0, 100]","[97, 255, 97]"
12741,84642adffffffff,64,0,0,"[0, 255, 0, 100]","[97, 255, 97]"
12742,84642b1ffffffff,26,0,0,"[0, 255, 0, 100]","[97, 255, 97]"
12743,84642b3ffffffff,155,0,0,"[0, 255, 0, 100]","[97, 255, 97]"
12744,84642b9ffffffff,88,0,0,"[0, 255, 0, 100]","[97, 255, 97]"
12745,84642bbffffffff,28,0,0,"[0, 255, 0, 100]","[97, 255, 97]"
12746,84642c3ffffffff,201,0,0,"[0, 255, 0, 100]","[97, 255, 97]"
12747,84642c5ffffffff,8,0,0,"[0, 255, 0, 100]","[97, 255, 97]"
12748,84642c7ffffffff,23,0,0,"[0, 255, 0, 100]","[97, 255, 97]"
12749,84642c9ffffffff,58,0,0,"[0, 255, 0, 100]","[97, 255, 97]"
12750,84642cbffffffff,215,0,0,"[0, 255, 0, 100]","[97, 255, 97]"
12751,84642d5ffffffff,37,0,0,"[0, 255, 0, 100]","[97, 255, 97]"
12752,84642e5ffffffff,5,0,0,"[0, 255, 0, 100]","[97, 255, 97]"
12753,84642ebffffffff,2,0,0,"[0, 255, 0, 100]","[97, 255, 97]"
12754,8464311ffffffff,12,0,0,"[0, 255, 0, 100]","[97, 255, 97]"
12755,8464319ffffffff,2,0,0,"[0, 255, 0, 100]","[97, 255, 97]"
12756,8464321ffffffff,12,0,0,"[0, 255, 0, 100]","[97, 255, 97]"
12757,8464325ffffffff,38,0,0,"[0, 255, 0, 100]","[97, 255, 97]"
12758,846432bffffffff,37,0,0,"[0, 255, 0, 100]","[97, 255, 97]"
12759,8464359ffffffff,31,0,0,"[0, 255, 0, 100]","[97, 255, 97]"
12760,846435dffffffff,54,0,0,"[0, 255, 0, 100]","[97, 255, 97]"
12761,8464405ffffffff,204,0,0,"[0, 255, 0, 100]","[97, 255, 97]"
12762,8464407ffffffff,57,0,0,"[0, 255, 0, 100]","[97, 255, 97]"
12763,846441bffffffff,2,0,0,"[0, 255, 0, 100]","[97, 255, 97]"
12764,8464425ffffffff,108,0,0,"[0, 255, 0, 100]","[97, 255, 97]"
12765,8464427ffffffff,25,0,0,"[0, 255, 0, 100]","[97, 255, 97]"
12766,846442bffffffff,6,0,0,"[0, 255, 0, 100]","[97, 255, 97]"
12767,846443dffffffff,44,0,0,"[0, 255, 0, 100]","[97, 255, 97]"
12768,8464463ffffffff,165,0,0,"[0, 255, 0, 100]","[97, 255, 97]"
12769,8464483ffffffff,43,0,0,"[0, 255, 0, 100]","[97, 255, 97]"
12770,8464489ffffffff,82,0,0,"[0, 255, 0, 100]","[97, 255, 97]"
12771,846448bffffffff,127,0,0,"[0, 255, 0, 100]","[97, 255, 97]"
12772,8464495ffffffff,2,0,0,"[0, 255, 0, 100]","[97, 255, 97]"
12773,84644a5ffffffff,102,0,0,"[0, 255, 0, 100]","[97, 255, 97]"
12774,84644a7ffffffff,6,0,0,"[0, 255, 0, 100]","[97, 255, 97]"
12775,84644c1ffffffff,2,0,0,"[0, 255, 0, 100]","[97, 255, 97]"
12776,84644c7ffffffff,120,0,0,"[0, 255, 0, 100]","[97, 255, 97]"
12777,8464503ffffffff,17,0,0,"[0, 255, 0, 100]","[97, 255, 97]"
12778,8464505ffffffff,11,0,0,"[0, 255, 0, 100]","[97, 255, 97]"
12779,846450bffffffff,3,0,0,"[0, 255, 0, 100]","[97, 255, 97]"
12780,8464511ffffffff,3,0,0,"[0, 255, 0, 100]","[97, 255, 97]"
12781,8464515ffffffff,143,0,0,"[0, 255, 0, 100]","[97, 255, 97]"
12782,8464517ffffffff,24,0,0,"[0, 255, 0, 100]","[97, 255, 97]"
12783,846451dffffffff,22,0,0,"[0, 255, 0, 100]","[97, 255, 97]"
12784,8464541ffffffff,20,0,0,"[0, 255, 0, 100]","[97, 255, 97]"
12785,8464543ffffffff,12,0,0,"[0, 255, 0, 100]","[97, 255, 97]"
12786,8464549ffffffff,12,0,0,"[0, 255, 0, 100]","[97, 255, 97]"
12787,846454dffffffff,213,0,0,"[0, 255, 0, 100]","[97, 255, 97]"
12788,8464553ffffffff,216,0,0,"[0, 255, 0, 100]","[97, 255, 97]"
12789,8464555ffffffff,5,0,0,"[0, 255, 0, 100]","[97, 255, 97]"
12790,8464559ffffffff,6,0,0,"[0, 255, 0, 100]","[97, 255, 97]"
12791,846455bffffffff,77,0,0,"[0, 255, 0, 100]","[97, 255, 97]"
12792,846456bffffffff,7,0,0,"[0, 255, 0, 100]","[97, 255, 97]"
12793,8464583ffffffff,5,0,0,"[0, 255, 0, 100]","[97, 255, 97]"
12794,8464589ffffffff,7,0,0,"[0, 255, 0, 100]","[97, 255, 97]"
12795,846458bffffffff,25,0,0,"[0, 255, 0, 100]","[97, 255, 97]"
12796,8464591ffffffff,16,0,0,"[0, 255, 0, 100]","[97, 255, 97]"
12797,8464599ffffffff,19,0,0,"[0, 255, 0, 100]","[97, 255, 97]"
12798,846459dffffffff,4,0,0,"[0, 255, 0, 100]","[97, 255, 97]"
12799,84645a7ffffffff,8,0,0,"[0, 255, 0, 100]","[97, 255, 97]"
12800,84645adffffffff,4,0,0,"[0, 255, 0, 100]","[97, 255, 97]"
12801,84645b5ffffffff,4,0,0,"[0, 255, 0, 100]","[97, 255, 97]"
12802,84645c1ffffffff,8,0,0,"[0, 255, 0, 100]","[97, 255, 97]"
12803,84645d3ffffffff,87,0,0,"[0, 255, 0, 100]","[97, 255, 97]"
12804,84645d5ffffffff,13,0,0,"[0, 255, 0, 100]","[97, 255, 97]"
12805,84645d7ffffffff,169,0,0,"[0, 255, 0, 100]","[97, 255, 97]"
12806,84645e3ffffffff,19,0,0,"[0, 255, 0, 100]","[97, 255, 97]"
12807,84645e5ffffffff,44,0,0,"[0, 255, 0, 100]","[97, 255, 97]"
12808,84645e7ffffffff,94,0,0,"[0, 255, 0, 100]","[97, 255, 97]"
12809,84645ebffffffff,16,0,0,"[0, 255, 0, 100]","[97, 255, 97]"
12810,8464617ffffffff,8,0,0,"[0, 255, 0, 100]","[97, 255, 97]"
12811,8464623ffffffff,1,0,0,"[0, 255, 0, 100]","[97, 255, 97]"
12812,8464635ffffffff,2,0,0,"[0, 255, 0, 100]","[97, 255, 97]"
12813,8464641ffffffff,161,0,0,"[0, 255, 0, 100]","[97, 255, 97]"
12814,8464645ffffffff,138,0,0,"[0, 255, 0, 100]","[97, 255, 97]"
12815,8464647ffffffff,19,0,0,"[0, 255, 0, 100]","[97, 255, 97]"
12816,846464dffffffff,211,0,0,"[0, 255, 0, 100]","[97, 255, 97]"
12817,84646e3ffffffff,61,0,0,"[0, 255, 0, 100]","[97, 255, 97]"
12818,84646e9ffffffff,264,0,0,"[0, 255, 0, 100]","[97, 255, 97]"
12819,84646ebffffffff,71,0,0,"[0, 255, 0, 100]","[97, 255, 97]"
12820,8464705ffffffff,296,0,0,"[0, 255, 0, 100]","[97, 255, 97]"
12821,8464707ffffffff,28,0,0,"[0, 255, 0, 100]","[97, 255, 97]"
12822,846470bffffffff,20,0,0,"[0, 255, 0, 100]","[97, 255, 97]"
12823,8464721ffffffff,144,0,0,"[0, 255, 0, 100]","[97, 255, 97]"
12824,8464725ffffffff,38,0,0,"[0, 255, 0, 100]","[97, 255, 97]"
12825,8464727ffffffff,41,0,0,"[0, 255, 0, 100]","[97, 255, 97]"
12826,846472dffffffff,103,0,0,"[0, 255, 0, 100]","[97, 255, 97]"
12827,846473dffffffff,26,0,0,"[0, 255, 0, 100]","[97, 255, 97]"
12828,8464763ffffffff,47,0,0,"[0, 255, 0, 100]","[97, 255, 97]"
12829,8464765ffffffff,269,0,0,"[0, 255, 0, 100]","[97, 255, 97]"
12830,8464767ffffffff,8,0,0,"[0, 255, 0, 100]","[97, 255, 97]"
12831,8464891ffffffff,2,0,0,"[0, 255, 0, 100]","[97, 255, 97]"
12832,8464897ffffffff,12,0,0,"[0, 255, 0, 100]","[97, 255, 97]"
12833,84648b1ffffffff,5,0,0,"[0, 255, 0, 100]","[97, 255, 97]"
12834,84648d1ffffffff,60,9,0.15,"[255, 0, 0, 100]","[255, 0, 0]"
12835,84648d3ffffffff,98,69,0.704081633,"[0, 255, 0, 100]","[97, 255, 97]"
12836,84648d9ffffffff,6,2,0.333333333,"[0, 255, 0, 100]","[97, 255, 97]"
12837,8464961ffffffff,1,0,0,"[0, 255, 0, 100]","[97, 255, 97]"
12838,8464967ffffffff,5,0,0,"[0, 255, 0, 100]","[97, 255, 97]"
12839,84649b7ffffffff,23,0,0,"[0, 255, 0, 100]","[97, 255, 97]"
12840,8464a0bffffffff,49,0,0,"[0, 255, 0, 100]","[97, 255, 97]"
12841,8464a15ffffffff,8,0,0,"[0, 255, 0, 100]","[97, 255, 97]"
12842,8464a1dffffffff,47,0,0,"[0, 255, 0, 100]","[97, 255, 97]"
12843,8464a23ffffffff,1,0,0,"[0, 255, 0, 100]","[97, 255, 97]"
12844,8464a2dffffffff,7,0,0,"[0, 255, 0, 100]","[97, 255, 97]"
12845,8464a41ffffffff,17,0,0,"[0, 255, 0, 100]","[97, 255, 97]"
12846,8464a43ffffffff,5,0,0,"[0, 255, 0, 100]","[97, 255, 97]"
12847,8464a49ffffffff,191,0,0,"[0, 255, 0, 100]","[97, 255, 97]"
12848,8464a4dffffffff,19,0,0,"[0, 255, 0, 100]","[97, 255, 97]"
12849,8464a53ffffffff,29,0,0,"[0, 255, 0, 100]","[97, 255, 97]"
12850,8464a55ffffffff,23,0,0,"[0, 255, 0, 100]","[97, 255, 97]"
12851,8464a5dffffffff,11,0,0,"[0, 255, 0, 100]","[97, 255, 97]"
12852,8464a6bffffffff,1,0,0,"[0, 255, 0, 100]","[97, 255, 97]"
12853,8464aa3ffffffff,44,44,1,"[0, 255, 0, 100]","[97, 255, 97]"
12854,8464aabffffffff,13,13,1,"[0, 255, 0, 100]","[97, 255, 97]"
12855,8464ab1ffffffff,14,1,0.071428571,"[255, 0, 0, 100]","[255, 0, 0]"
12856,8464ab7ffffffff,17,2,0.117647059,"[255, 0, 0, 100]","[255, 0, 0]"
12857,8464ac3ffffffff,3,0,0,"[0, 255, 0, 100]","[97, 255, 97]"
12858,8464acbffffffff,86,0,0,"[0, 255, 0, 100]","[97, 255, 97]"
12859,8464ad5ffffffff,21,0,0,"[0, 255, 0, 100]","[97, 255, 97]"
12860,8464ad7ffffffff,2,0,0,"[0, 255, 0, 100]","[97, 255, 97]"
12861,8464addffffffff,7,0,0,"[0, 255, 0, 100]","[97, 255, 97]"
12862,8464b45ffffffff,1,0,0,"[0, 255, 0, 100]","[97, 255, 97]"
12863,8464b69ffffffff,7,0,0,"[0, 255, 0, 100]","[97, 255, 97]"
12864,8464c05ffffffff,6,0,0,"[0, 255, 0, 100]","[97, 255, 97]"
12865,8464c13ffffffff,60,0,0,"[0, 255, 0, 100]","[97, 255, 97]"
12866,8464c25ffffffff,4,0,0,"[0, 255, 0, 100]","[97, 255, 97]"
12867,8464c31ffffffff,33,0,0,"[0, 255, 0, 100]","[97, 255, 97]"
12868,8464c33ffffffff,40,0,0,"[0, 255, 0, 100]","[97, 255, 97]"
12869,8464c35ffffffff,141,0,0,"[0, 255, 0, 100]","[97, 255, 97]"
12870,8464c37ffffffff,80,0,0,"[0, 255, 0, 100]","[97, 255, 97]"
12871,8464c39ffffffff,51,0,0,"[0, 255, 0, 100]","[97, 255, 97]"
12872,8464c3bffffffff,86,0,0,"[0, 255, 0, 100]","[97, 255, 97]"
12873,8464c3dffffffff,19,0,0,"[0, 255, 0, 100]","[97, 255, 97]"
12874,8464c65ffffffff,76,0,0,"[0, 255, 0, 100]","[97, 255, 97]"
12875,8464c6dffffffff,43,0,0,"[0, 255, 0, 100]","[97, 255, 97]"
12876,8464c81ffffffff,7,0,0,"[0, 255, 0, 100]","[97, 255, 97]"
12877,8464c83ffffffff,12,0,0,"[0, 255, 0, 100]","[97, 255, 97]"
12878,8464c87ffffffff,58,0,0,"[0, 255, 0, 100]","[97, 255, 97]"
12879,8464ca1ffffffff,94,0,0,"[0, 255, 0, 100]","[97, 255, 97]"
12880,8464ca3ffffffff,74,0,0,"[0, 255, 0, 100]","[97, 255, 97]"
12881,8464ca9ffffffff,148,0,0,"[0, 255, 0, 100]","[97, 255, 97]"
12882,8464cabffffffff,41,0,0,"[0, 255, 0, 100]","[97, 255, 97]"
12883,8464cb1ffffffff,14,0,0,"[0, 255, 0, 100]","[97, 255, 97]"
12884,8464cb5ffffffff,6,0,0,"[0, 255, 0, 100]","[97, 255, 97]"
12885,8464cb7ffffffff,3,0,0,"[0, 255, 0, 100]","[97, 255, 97]"
12886,8464cb9ffffffff,115,0,0,"[0, 255, 0, 100]","[97, 255, 97]"
12887,8464cd3ffffffff,1,0,0,"[0, 255, 0, 100]","[97, 255, 97]"
12888,8464cdbffffffff,6,0,0,"[0, 255, 0, 100]","[97, 255, 97]"
12889,8464ce5ffffffff,4,0,0,"[0, 255, 0, 100]","[97, 255, 97]"
12890,8464ce7ffffffff,152,0,0,"[0, 255, 0, 100]","[97, 255, 97]"
12891,8464ce9ffffffff,62,0,0,"[0, 255, 0, 100]","[97, 255, 97]"
12892,8464d05ffffffff,7,0,0,"[0, 255, 0, 100]","[97, 255, 97]"
12893,8464d13ffffffff,94,0,0,"[0, 255, 0, 100]","[97, 255, 97]"
12894,8464d17ffffffff,2,0,0,"[0, 255, 0, 100]","[97, 255, 97]"
12895,8464d1bffffffff,45,0,0,"[0, 255, 0, 100]","[97, 255, 97]"
12896,8464d2bffffffff,40,0,0,"[0, 255, 0, 100]","[97, 255, 97]"
12897,8464d35ffffffff,7,0,0,"[0, 255, 0, 100]","[97, 255, 97]"
12898,8464d4dffffffff,2,0,0,"[0, 255, 0, 100]","[97, 255, 97]"
12899,8464d5bffffffff,3,0,0,"[0, 255, 0, 100]","[97, 255, 97]"
12900,8464d63ffffffff,77,44,0.571428571,"[0, 255, 0, 100]","[97, 255, 97]"
12901,8464d69ffffffff,12,0,0,"[0, 255, 0, 100]","[97, 255, 97]"
12902,8464d6bffffffff,8,8,1,"[0, 255, 0, 100]","[97, 255, 97]"
12903,8464d8dffffffff,1,0,0,"[0, 255, 0, 100]","[97, 255, 97]"
12904,8464dc1ffffffff,80,0,0,"[0, 255, 0, 100]","[97, 255, 97]"
12905,8464dcdffffffff,174,0,0,"[0, 255, 0, 100]","[97, 255, 97]"
12906,8464dddffffffff,6,0,0,"[0, 255, 0, 100]","[97, 255, 97]"
12907,8464de1ffffffff,1,0,0,"[0, 255, 0, 100]","[97, 255, 97]"
12908,8464de9ffffffff,22,0,0,"[0, 255, 0, 100]","[97, 255, 97]"
12909,8464e19ffffffff,23,0,0,"[0, 255, 0, 100]","[97, 255, 97]"
12910,8464e2dffffffff,1,0,0,"[0, 255, 0, 100]","[97, 255, 97]"
12911,8464e49ffffffff,2,0,0,"[0, 255, 0, 100]","[97, 255, 97]"
12912,8464e4bffffffff,32,0,0,"[0, 255, 0, 100]","[97, 255, 97]"
12913,8464e51ffffffff,179,0,0,"[0, 255, 0, 100]","[97, 255, 97]"
12914,8464e53ffffffff,98,0,0,"[0, 255, 0, 100]","[97, 255, 97]"
12915,8464e57ffffffff,19,0,0,"[0, 255, 0, 100]","[97, 255, 97]"
12916,8464e5dffffffff,38,0,0,"[0, 255, 0, 100]","[97, 255, 97]"
12917,8464e6dffffffff,1,0,0,"[0, 255, 0, 100]","[97, 255, 97]"
12918,8464e8dffffffff,10,0,0,"[0, 255, 0, 100]","[97, 255, 97]"
12919,8464e91ffffffff,162,0,0,"[0, 255, 0, 100]","[97, 255, 97]"
12920,8464e93ffffffff,19,0,0,"[0, 255, 0, 100]","[97, 255, 97]"
12921,8464e9dffffffff,84,0,0,"[0, 255, 0, 100]","[97, 255, 97]"
12922,8464ec7ffffffff,4,0,0,"[0, 255, 0, 100]","[97, 255, 97]"
12923,8464edbffffffff,16,0,0,"[0, 255, 0, 100]","[97, 255, 97]"
12924,8464eebffffffff,8,0,0,"[0, 255, 0, 100]","[97, 255, 97]"
12925,8464f09ffffffff,126,0,0,"[0, 255, 0, 100]","[97, 255, 97]"
12926,8464f0bffffffff,72,0,0,"[0, 255, 0, 100]","[97, 255, 97]"
12927,8464f25ffffffff,4,0,0,"[0, 255, 0, 100]","[97, 255, 97]"
12928,8464f33ffffffff,22,0,0,"[0, 255, 0, 100]","[97, 255, 97]"
12929,8464f3bffffffff,13,0,0,"[0, 255, 0, 100]","[97, 255, 97]"
12930,8464f45ffffffff,43,0,0,"[0, 255, 0, 100]","[97, 255, 97]"
12931,8464f47ffffffff,85,0,0,"[0, 255, 0, 100]","[97, 255, 97]"
12932,8464f5dffffffff,27,0,0,"[0, 255, 0, 100]","[97, 255, 97]"
12933,846500bffffffff,55,0,0,"[0, 255, 0, 100]","[97, 255, 97]"
12934,8465011ffffffff,55,0,0,"[0, 255, 0, 100]","[97, 255, 97]"
12935,8465017ffffffff,117,0,0,"[0, 255, 0, 100]","[97, 255, 97]"
12936,846501dffffffff,77,0,0,"[0, 255, 0, 100]","[97, 255, 97]"
12937,8465021ffffffff,9,0,0,"[0, 255, 0, 100]","[97, 255, 97]"
12938,8465029ffffffff,3,0,0,"[0, 255, 0, 100]","[97, 255, 97]"
12939,846502dffffffff,6,0,0,"[0, 255, 0, 100]","[97, 255, 97]"
12940,8465031ffffffff,9,0,0,"[0, 255, 0, 100]","[97, 255, 97]"
12941,8465033ffffffff,13,0,0,"[0, 255, 0, 100]","[97, 255, 97]"
12942,8465039ffffffff,5,0,0,"[0, 255, 0, 100]","[97, 255, 97]"
12943,846503bffffffff,4,0,0,"[0, 255, 0, 100]","[97, 255, 97]"
12944,8465051ffffffff,61,0,0,"[0, 255, 0, 100]","[97, 255, 97]"
12945,8465055ffffffff,44,0,0,"[0, 255, 0, 100]","[97, 255, 97]"
12946,8465059ffffffff,123,0,0,"[0, 255, 0, 100]","[97, 255, 97]"
12947,846505dffffffff,28,0,0,"[0, 255, 0, 100]","[97, 255, 97]"
12948,8465069ffffffff,16,0,0,"[0, 255, 0, 100]","[97, 255, 97]"
12949,8465081ffffffff,30,0,0,"[0, 255, 0, 100]","[97, 255, 97]"
12950,8465083ffffffff,23,0,0,"[0, 255, 0, 100]","[97, 255, 97]"
12951,8465087ffffffff,39,0,0,"[0, 255, 0, 100]","[97, 255, 97]"
12952,8465089ffffffff,86,0,0,"[0, 255, 0, 100]","[97, 255, 97]"
12953,846508bffffffff,8,0,0,"[0, 255, 0, 100]","[97, 255, 97]"
12954,84650b1ffffffff,66,0,0,"[0, 255, 0, 100]","[97, 255, 97]"
12955,84650b5ffffffff,20,0,0,"[0, 255, 0, 100]","[97, 255, 97]"
12956,84650b7ffffffff,15,0,0,"[0, 255, 0, 100]","[97, 255, 97]"
12957,84650b9ffffffff,163,0,0,"[0, 255, 0, 100]","[97, 255, 97]"
12958,84650bdffffffff,51,0,0,"[0, 255, 0, 100]","[97, 255, 97]"
12959,84650c1ffffffff,105,0,0,"[0, 255, 0, 100]","[97, 255, 97]"
12960,84650c3ffffffff,1,0,0,"[0, 255, 0, 100]","[97, 255, 97]"
12961,84650c5ffffffff,28,0,0,"[0, 255, 0, 100]","[97, 255, 97]"
12962,84650c7ffffffff,55,0,0,"[0, 255, 0, 100]","[97, 255, 97]"
12963,84650d5ffffffff,366,0,0,"[0, 255, 0, 100]","[97, 255, 97]"
12964,84650ddffffffff,55,0,0,"[0, 255, 0, 100]","[97, 255, 97]"
12965,84650e9ffffffff,18,0,0,"[0, 255, 0, 100]","[97, 255, 97]"
12966,8465117ffffffff,1,0,0,"[0, 255, 0, 100]","[97, 255, 97]"
12967,84651d9ffffffff,2,0,0,"[0, 255, 0, 100]","[97, 255, 97]"
12968,84651e5ffffffff,1,0,0,"[0, 255, 0, 100]","[97, 255, 97]"
12969,8465201ffffffff,43,0,0,"[0, 255, 0, 100]","[97, 255, 97]"
12970,846520dffffffff,35,0,0,"[0, 255, 0, 100]","[97, 255, 97]"
12971,8465241ffffffff,23,0,0,"[0, 255, 0, 100]","[97, 255, 97]"
12972,8465245ffffffff,11,0,0,"[0, 255, 0, 100]","[97, 255, 97]"
12973,8465261ffffffff,11,0,0,"[0, 255, 0, 100]","[97, 255, 97]"
12974,8465263ffffffff,27,0,0,"[0, 255, 0, 100]","[97, 255, 97]"
12975,846526bffffffff,136,0,0,"[0, 255, 0, 100]","[97, 255, 97]"
12976,8465285ffffffff,2,0,0,"[0, 255, 0, 100]","[97, 255, 97]"
12977,8465287ffffffff,45,0,0,"[0, 255, 0, 100]","[97, 255, 97]"
12978,8465309ffffffff,9,0,0,"[0, 255, 0, 100]","[97, 255, 97]"
12979,8465313ffffffff,28,0,0,"[0, 255, 0, 100]","[97, 255, 97]"
12980,8465369ffffffff,2,0,0,"[0, 255, 0, 100]","[97, 255, 97]"
12981,8465489ffffffff,20,0,0,"[0, 255, 0, 100]","[97, 255, 97]"
12982,846548bffffffff,191,0,0,"[0, 255, 0, 100]","[97, 255, 97]"
12983,8465495ffffffff,171,0,0,"[0, 255, 0, 100]","[97, 255, 97]"
12984,846549dffffffff,239,0,0,"[0, 255, 0, 100]","[97, 255, 97]"
12985,84654a5ffffffff,15,0,0,"[0, 255, 0, 100]","[97, 255, 97]"
12986,84654a7ffffffff,114,0,0,"[0, 255, 0, 100]","[97, 255, 97]"
12987,84654adffffffff,24,0,0,"[0, 255, 0, 100]","[97, 255, 97]"
12988,84654c1ffffffff,26,0,0,"[0, 255, 0, 100]","[97, 255, 97]"
12989,84654e5ffffffff,46,0,0,"[0, 255, 0, 100]","[97, 255, 97]"
12990,84654e7ffffffff,68,0,0,"[0, 255, 0, 100]","[97, 255, 97]"
12991,84654edffffffff,3,0,0,"[0, 255, 0, 100]","[97, 255, 97]"
12992,8465511ffffffff,148,0,0,"[0, 255, 0, 100]","[97, 255, 97]"
12993,8465513ffffffff,120,0,0,"[0, 255, 0, 100]","[97, 255, 97]"
12994,8465519ffffffff,27,0,0,"[0, 255, 0, 100]","[97, 255, 97]"
12995,846551dffffffff,7,0,0,"[0, 255, 0, 100]","[97, 255, 97]"
12996,846552bffffffff,32,0,0,"[0, 255, 0, 100]","[97, 255, 97]"
12997,846553dffffffff,1,0,0,"[0, 255, 0, 100]","[97, 255, 97]"
12998,8465599ffffffff,1,0,0,"[0, 255, 0, 100]","[97, 255, 97]"
12999,84655c5ffffffff,7,0,0,"[0, 255, 0, 100]","[97, 255, 97]"
13000,84655d7ffffffff,3,0,0,"[0, 255, 0, 100]","[97, 255, 97]"
13001,84655dbffffffff,9,0,0,"[0, 255, 0, 100]","[97, 255, 97]"
13002,846563bffffffff,2,0,0,"[0, 255, 0, 100]","[97, 255, 97]"
13003,8465843ffffffff,1,0,0,"[0, 255, 0, 100]","[97, 255, 97]"
13004,846589bffffffff,7,0,0,"[0, 255, 0, 100]","[97, 255, 97]"
13005,84658a1ffffffff,2,0,0,"[0, 255, 0, 100]","[97, 255, 97]"
13006,84658a3ffffffff,14,0,0,"[0, 255, 0, 100]","[97, 255, 97]"
13007,84658a7ffffffff,26,0,0,"[0, 255, 0, 100]","[97, 255, 97]"
13008,84658b1ffffffff,42,0,0,"[0, 255, 0, 100]","[97, 255, 97]"
13009,84658e5ffffffff,7,0,0,"[0, 255, 0, 100]","[97, 255, 97]"
13010,84658e7ffffffff,6,0,0,"[0, 255, 0, 100]","[97, 255, 97]"
13011,8465969ffffffff,3,0,0,"[0, 255, 0, 100]","[97, 255, 97]"
13012,846596bffffffff,23,0,0,"[0, 255, 0, 100]","[97, 255, 97]"
13013,8465987ffffffff,3,0,0,"[0, 255, 0, 100]","[97, 255, 97]"
13014,8465989ffffffff,52,0,0,"[0, 255, 0, 100]","[97, 255, 97]"
13015,846598bffffffff,56,0,0,"[0, 255, 0, 100]","[97, 255, 97]"
13016,846598dffffffff,1,0,0,"[0, 255, 0, 100]","[97, 255, 97]"
13017,8465997ffffffff,15,0,0,"[0, 255, 0, 100]","[97, 255, 97]"
13018,8465999ffffffff,16,0,0,"[0, 255, 0, 100]","[97, 255, 97]"
13019,846599bffffffff,29,0,0,"[0, 255, 0, 100]","[97, 255, 97]"
13020,846599dffffffff,13,0,0,"[0, 255, 0, 100]","[97, 255, 97]"
13021,84659d3ffffffff,37,0,0,"[0, 255, 0, 100]","[97, 255, 97]"
13022,84659d7ffffffff,8,0,0,"[0, 255, 0, 100]","[97, 255, 97]"
13023,8465a41ffffffff,2,0,0,"[0, 255, 0, 100]","[97, 255, 97]"
13024,8465a45ffffffff,13,0,0,"[0, 255, 0, 100]","[97, 255, 97]"
13025,8465a49ffffffff,4,0,0,"[0, 255, 0, 100]","[97, 255, 97]"
13026,8465a69ffffffff,15,0,0,"[0, 255, 0, 100]","[97, 255, 97]"
13027,8465a6dffffffff,4,0,0,"[0, 255, 0, 100]","[97, 255, 97]"
13028,8465b05ffffffff,9,0,0,"[0, 255, 0, 100]","[97, 255, 97]"
13029,8465b0bffffffff,32,0,0,"[0, 255, 0, 100]","[97, 255, 97]"
13030,8465b29ffffffff,29,0,0,"[0, 255, 0, 100]","[97, 255, 97]"
13031,8465b57ffffffff,116,0,0,"[0, 255, 0, 100]","[97, 255, 97]"
13032,8465b63ffffffff,10,0,0,"[0, 255, 0, 100]","[97, 255, 97]"
13033,8466009ffffffff,16,0,0,"[0, 255, 0, 100]","[97, 255, 97]"
13034,8466013ffffffff,1,0,0,"[0, 255, 0, 100]","[97, 255, 97]"
13035,8466015ffffffff,16,0,0,"[0, 255, 0, 100]","[97, 255, 97]"
13036,8466023ffffffff,2,0,0,"[0, 255, 0, 100]","[97, 255, 97]"
13037,8466029ffffffff,21,0,0,"[0, 255, 0, 100]","[97, 255, 97]"
13038,8466041ffffffff,16,0,0,"[0, 255, 0, 100]","[97, 255, 97]"
13039,8466043ffffffff,13,0,0,"[0, 255, 0, 100]","[97, 255, 97]"
13040,8466087ffffffff,31,0,0,"[0, 255, 0, 100]","[97, 255, 97]"
13041,846608dffffffff,4,0,0,"[0, 255, 0, 100]","[97, 255, 97]"
13042,84660a1ffffffff,43,0,0,"[0, 255, 0, 100]","[97, 255, 97]"
13043,84660a3ffffffff,5,0,0,"[0, 255, 0, 100]","[97, 255, 97]"
13044,84660a9ffffffff,1,0,0,"[0, 255, 0, 100]","[97, 255, 97]"
13045,84660adffffffff,26,0,0,"[0, 255, 0, 100]","[97, 255, 97]"
13046,84660b5ffffffff,2,0,0,"[0, 255, 0, 100]","[97, 255, 97]"
13047,84660c7ffffffff,41,0,0,"[0, 255, 0, 100]","[97, 255, 97]"
13048,84660cbffffffff,4,0,0,"[0, 255, 0, 100]","[97, 255, 97]"
13049,84660e1ffffffff,7,0,0,"[0, 255, 0, 100]","[97, 255, 97]"
13050,84660e3ffffffff,36,0,0,"[0, 255, 0, 100]","[97, 255, 97]"
13051,8466101ffffffff,4,0,0,"[0, 255, 0, 100]","[97, 255, 97]"
13052,8466117ffffffff,3,0,0,"[0, 255, 0, 100]","[97, 255, 97]"
13053,8466127ffffffff,10,0,0,"[0, 255, 0, 100]","[97, 255, 97]"
13054,8466181ffffffff,5,0,0,"[0, 255, 0, 100]","[97, 255, 97]"
13055,8466187ffffffff,58,0,0,"[0, 255, 0, 100]","[97, 255, 97]"
13056,8466189ffffffff,10,0,0,"[0, 255, 0, 100]","[97, 255, 97]"
13057,846618bffffffff,53,0,0,"[0, 255, 0, 100]","[97, 255, 97]"
13058,8466191ffffffff,1,0,0,"[0, 255, 0, 100]","[97, 255, 97]"
13059,8466197ffffffff,24,0,0,"[0, 255, 0, 100]","[97, 255, 97]"
13060,846619bffffffff,28,0,0,"[0, 255, 0, 100]","[97, 255, 97]"
13061,846619dffffffff,194,0,0,"[0, 255, 0, 100]","[97, 255, 97]"
13062,84661a3ffffffff,44,0,0,"[0, 255, 0, 100]","[97, 255, 97]"
13063,84661bbffffffff,37,0,0,"[0, 255, 0, 100]","[97, 255, 97]"
13064,84661bdffffffff,11,0,0,"[0, 255, 0, 100]","[97, 255, 97]"
13065,84661c9ffffffff,13,0,0,"[0, 255, 0, 100]","[97, 255, 97]"
13066,8466221ffffffff,6,0,0,"[0, 255, 0, 100]","[97, 255, 97]"
13067,8466289ffffffff,15,0,0,"[0, 255, 0, 100]","[97, 255, 97]"
13068,84662b5ffffffff,3,0,0,"[0, 255, 0, 100]","[97, 255, 97]"
13069,84662c3ffffffff,1,0,0,"[0, 255, 0, 100]","[97, 255, 97]"
13070,8466311ffffffff,3,0,0,"[0, 255, 0, 100]","[97, 255, 97]"
13071,8466313ffffffff,5,0,0,"[0, 255, 0, 100]","[97, 255, 97]"
13072,8466317ffffffff,2,0,0,"[0, 255, 0, 100]","[97, 255, 97]"
13073,8466345ffffffff,3,0,0,"[0, 255, 0, 100]","[97, 255, 97]"
13074,8466347ffffffff,11,0,0,"[0, 255, 0, 100]","[97, 255, 97]"
13075,8466403ffffffff,4,0,0,"[0, 255, 0, 100]","[97, 255, 97]"
13076,8466407ffffffff,8,0,0,"[0, 255, 0, 100]","[97, 255, 97]"
13077,8466525ffffffff,10,0,0,"[0, 255, 0, 100]","[97, 255, 97]"
13078,846668dffffffff,30,0,0,"[0, 255, 0, 100]","[97, 255, 97]"
13079,84666c5ffffffff,88,0,0,"[0, 255, 0, 100]","[97, 255, 97]"
13080,84666e9ffffffff,19,0,0,"[0, 255, 0, 100]","[97, 255, 97]"
13081,84666ebffffffff,36,0,0,"[0, 255, 0, 100]","[97, 255, 97]"
13082,846689bffffffff,2,0,0,"[0, 255, 0, 100]","[97, 255, 97]"
13083,8466a15ffffffff,3,0,0,"[0, 255, 0, 100]","[97, 255, 97]"
13084,8466a1bffffffff,8,0,0,"[0, 255, 0, 100]","[97, 255, 97]"
13085,8466a51ffffffff,10,0,0,"[0, 255, 0, 100]","[97, 255, 97]"
13086,8466a5bffffffff,29,0,0,"[0, 255, 0, 100]","[97, 255, 97]"
13087,8466a9bffffffff,2,0,0,"[0, 255, 0, 100]","[97, 255, 97]"
13088,8466acdffffffff,5,0,0,"[0, 255, 0, 100]","[97, 255, 97]"
13089,8466adbffffffff,2,0,0,"[0, 255, 0, 100]","[97, 255, 97]"
13090,8466b49ffffffff,26,0,0,"[0, 255, 0, 100]","[97, 255, 97]"
13091,8466b4bffffffff,6,0,0,"[0, 255, 0, 100]","[97, 255, 97]"
13092,8466d33ffffffff,2,0,0,"[0, 255, 0, 100]","[97, 255, 97]"
13093,8466d47ffffffff,11,0,0,"[0, 255, 0, 100]","[97, 255, 97]"
13094,8466d5bffffffff,6,0,0,"[0, 255, 0, 100]","[97, 255, 97]"
13095,8466e09ffffffff,63,0,0,"[0, 255, 0, 100]","[97, 255, 97]"
13096,8466e0dffffffff,65,0,0,"[0, 255, 0, 100]","[97, 255, 97]"
13097,8466e19ffffffff,28,0,0,"[0, 255, 0, 100]","[97, 255, 97]"
13098,8466e29ffffffff,58,0,0,"[0, 255, 0, 100]","[97, 255, 97]"
13099,8466e35ffffffff,14,0,0,"[0, 255, 0, 100]","[97, 255, 97]"
13100,8466e41ffffffff,51,0,0,"[0, 255, 0, 100]","[97, 255, 97]"
13101,8466e43ffffffff,494,0,0,"[0, 255, 0, 100]","[97, 255, 97]"
13102,8466e45ffffffff,80,0,0,"[0, 255, 0, 100]","[97, 255, 97]"
13103,8466e47ffffffff,130,0,0,"[0, 255, 0, 100]","[97, 255, 97]"
13104,8466e49ffffffff,12,0,0,"[0, 255, 0, 100]","[97, 255, 97]"
13105,8466e4dffffffff,16,0,0,"[0, 255, 0, 100]","[97, 255, 97]"
13106,8466e53ffffffff,27,0,0,"[0, 255, 0, 100]","[97, 255, 97]"
13107,8466e61ffffffff,34,0,0,"[0, 255, 0, 100]","[97, 255, 97]"
13108,8466e65ffffffff,106,0,0,"[0, 255, 0, 100]","[97, 255, 97]"
13109,8466e69ffffffff,45,0,0,"[0, 255, 0, 100]","[97, 255, 97]"
13110,8466e6bffffffff,35,0,0,"[0, 255, 0, 100]","[97, 255, 97]"
13111,8466e6dffffffff,52,0,0,"[0, 255, 0, 100]","[97, 255, 97]"
13112,8466ebbffffffff,56,0,0,"[0, 255, 0, 100]","[97, 255, 97]"
13113,8466f13ffffffff,5,0,0,"[0, 255, 0, 100]","[97, 255, 97]"
13114,8466f17ffffffff,14,0,0,"[0, 255, 0, 100]","[97, 255, 97]"
13115,8466f19ffffffff,1,0,0,"[0, 255, 0, 100]","[97, 255, 97]"
13116,8466f1dffffffff,73,0,0,"[0, 255, 0, 100]","[97, 255, 97]"
13117,8466f57ffffffff,35,0,0,"[0, 255, 0, 100]","[97, 255, 97]"
13118,846701bffffffff,4,0,0,"[0, 255, 0, 100]","[97, 255, 97]"
13119,84670d3ffffffff,1,0,0,"[0, 255, 0, 100]","[97, 255, 97]"
13120,84670d5ffffffff,21,0,0,"[0, 255, 0, 100]","[97, 255, 97]"
13121,84670ddffffffff,3,0,0,"[0, 255, 0, 100]","[97, 255, 97]"
13122,8467255ffffffff,55,0,0,"[0, 255, 0, 100]","[97, 255, 97]"
13123,8467257ffffffff,2,0,0,"[0, 255, 0, 100]","[97, 255, 97]"
13124,846725dffffffff,25,0,0,"[0, 255, 0, 100]","[97, 255, 97]"
13125,84672a5ffffffff,7,0,0,"[0, 255, 0, 100]","[97, 255, 97]"
13126,84672d1ffffffff,57,0,0,"[0, 255, 0, 100]","[97, 255, 97]"
13127,84672d5ffffffff,6,0,0,"[0, 255, 0, 100]","[97, 255, 97]"
13128,8467405ffffffff,96,0,0,"[0, 255, 0, 100]","[97, 255, 97]"
13129,8467413ffffffff,354,0,0,"[0, 255, 0, 100]","[97, 255, 97]"
13130,8467449ffffffff,5,0,0,"[0, 255, 0, 100]","[97, 255, 97]"
13131,846746bffffffff,3,0,0,"[0, 255, 0, 100]","[97, 255, 97]"
13132,846754bffffffff,10,0,0,"[0, 255, 0, 100]","[97, 255, 97]"
13133,8467555ffffffff,5,0,0,"[0, 255, 0, 100]","[97, 255, 97]"
13134,846755dffffffff,3,0,0,"[0, 255, 0, 100]","[97, 255, 97]"
13135,84675c1ffffffff,75,0,0,"[0, 255, 0, 100]","[97, 255, 97]"
13136,84675e1ffffffff,51,0,0,"[0, 255, 0, 100]","[97, 255, 97]"
13137,84675ebffffffff,63,0,0,"[0, 255, 0, 100]","[97, 255, 97]"
13138,8467627ffffffff,14,0,0,"[0, 255, 0, 100]","[97, 255, 97]"
13139,8467703ffffffff,74,0,0,"[0, 255, 0, 100]","[97, 255, 97]"
13140,8467707ffffffff,52,0,0,"[0, 255, 0, 100]","[97, 255, 97]"
13141,846770bffffffff,154,0,0,"[0, 255, 0, 100]","[97, 255, 97]"
13142,8467711ffffffff,10,0,0,"[0, 255, 0, 100]","[97, 255, 97]"
13143,8467719ffffffff,55,0,0,"[0, 255, 0, 100]","[97, 255, 97]"
13144,8467721ffffffff,41,0,0,"[0, 255, 0, 100]","[97, 255, 97]"
13145,8467725ffffffff,12,0,0,"[0, 255, 0, 100]","[97, 255, 97]"
13146,8467729ffffffff,8,0,0,"[0, 255, 0, 100]","[97, 255, 97]"
13147,8467737ffffffff,328,0,0,"[0, 255, 0, 100]","[97, 255, 97]"
13148,8467739ffffffff,7,0,0,"[0, 255, 0, 100]","[97, 255, 97]"
13149,8467741ffffffff,7,0,0,"[0, 255, 0, 100]","[97, 255, 97]"
13150,8467745ffffffff,4,0,0,"[0, 255, 0, 100]","[97, 255, 97]"
13151,8467747ffffffff,7,0,0,"[0, 255, 0, 100]","[97, 255, 97]"
13152,8467755ffffffff,19,0,0,"[0, 255, 0, 100]","[97, 255, 97]"
13153,8467757ffffffff,12,0,0,"[0, 255, 0, 100]","[97, 255, 97]"
13154,8467767ffffffff,2,0,0,"[0, 255, 0, 100]","[97, 255, 97]"
13155,8467823ffffffff,1,0,0,"[0, 255, 0, 100]","[97, 255, 97]"
13156,8467917ffffffff,7,0,0,"[0, 255, 0, 100]","[97, 255, 97]"
13157,84679b5ffffffff,39,0,0,"[0, 255, 0, 100]","[97, 255, 97]"
13158,84679e5ffffffff,10,0,0,"[0, 255, 0, 100]","[97, 255, 97]"
13159,8467a29ffffffff,1,0,0,"[0, 255, 0, 100]","[97, 255, 97]"
13160,846802dffffffff,3,0,0,"[0, 255, 0, 100]","[97, 255, 97]"
13161,8468057ffffffff,32,0,0,"[0, 255, 0, 100]","[97, 255, 97]"
13162,8468065ffffffff,1,0,0,"[0, 255, 0, 100]","[97, 255, 97]"
13163,8468067ffffffff,14,0,0,"[0, 255, 0, 100]","[97, 255, 97]"
13164,8468101ffffffff,108,0,0,"[0, 255, 0, 100]","[97, 255, 97]"
13165,8468109ffffffff,2,0,0,"[0, 255, 0, 100]","[97, 255, 97]"
13166,846810bffffffff,41,0,0,"[0, 255, 0, 100]","[97, 255, 97]"
13167,8468117ffffffff,37,0,0,"[0, 255, 0, 100]","[97, 255, 97]"
13168,846812dffffffff,1,0,0,"[0, 255, 0, 100]","[97, 255, 97]"
13169,8468139ffffffff,29,0,0,"[0, 255, 0, 100]","[97, 255, 97]"
13170,8468145ffffffff,12,0,0,"[0, 255, 0, 100]","[97, 255, 97]"
13171,8468157ffffffff,119,0,0,"[0, 255, 0, 100]","[97, 255, 97]"
13172,8468165ffffffff,9,0,0,"[0, 255, 0, 100]","[97, 255, 97]"
13173,8468167ffffffff,11,0,0,"[0, 255, 0, 100]","[97, 255, 97]"
13174,8468169ffffffff,8,0,0,"[0, 255, 0, 100]","[97, 255, 97]"
13175,846818dffffffff,27,0,0,"[0, 255, 0, 100]","[97, 255, 97]"
13176,84681a9ffffffff,53,0,0,"[0, 255, 0, 100]","[97, 255, 97]"
13177,84681c5ffffffff,41,0,0,"[0, 255, 0, 100]","[97, 255, 97]"
13178,84681c7ffffffff,86,0,0,"[0, 255, 0, 100]","[97, 255, 97]"
13179,84681e9ffffffff,25,0,0,"[0, 255, 0, 100]","[97, 255, 97]"
13180,84681ebffffffff,6,0,0,"[0, 255, 0, 100]","[97, 255, 97]"
13181,8468209ffffffff,37,0,0,"[0, 255, 0, 100]","[97, 255, 97]"
13182,846820dffffffff,5,0,0,"[0, 255, 0, 100]","[97, 255, 97]"
13183,8468221ffffffff,12,0,0,"[0, 255, 0, 100]","[97, 255, 97]"
13184,8468223ffffffff,51,0,0,"[0, 255, 0, 100]","[97, 255, 97]"
13185,8468227ffffffff,48,0,0,"[0, 255, 0, 100]","[97, 255, 97]"
13186,846822bffffffff,2,0,0,"[0, 255, 0, 100]","[97, 255, 97]"
13187,8468235ffffffff,4,0,0,"[0, 255, 0, 100]","[97, 255, 97]"
13188,8468281ffffffff,6,0,0,"[0, 255, 0, 100]","[97, 255, 97]"
13189,84682d1ffffffff,80,0,0,"[0, 255, 0, 100]","[97, 255, 97]"
13190,846831bffffffff,1,0,0,"[0, 255, 0, 100]","[97, 255, 97]"
13191,8468369ffffffff,21,0,0,"[0, 255, 0, 100]","[97, 255, 97]"
13192,8468439ffffffff,4,0,0,"[0, 255, 0, 100]","[97, 255, 97]"
13193,8468465ffffffff,18,0,0,"[0, 255, 0, 100]","[97, 255, 97]"
13194,8468545ffffffff,45,0,0,"[0, 255, 0, 100]","[97, 255, 97]"
13195,8468547ffffffff,24,0,0,"[0, 255, 0, 100]","[97, 255, 97]"
13196,846854dffffffff,50,0,0,"[0, 255, 0, 100]","[97, 255, 97]"
13197,846856bffffffff,121,0,0,"[0, 255, 0, 100]","[97, 255, 97]"
13198,8468605ffffffff,40,0,0,"[0, 255, 0, 100]","[97, 255, 97]"
13199,8468661ffffffff,1,0,0,"[0, 255, 0, 100]","[97, 255, 97]"
13200,8468669ffffffff,2,0,0,"[0, 255, 0, 100]","[97, 255, 97]"
13201,846872dffffffff,1,0,0,"[0, 255, 0, 100]","[97, 255, 97]"
13202,8468733ffffffff,8,0,0,"[0, 255, 0, 100]","[97, 255, 97]"
13203,8468753ffffffff,11,0,0,"[0, 255, 0, 100]","[97, 255, 97]"
13204,846875bffffffff,88,0,0,"[0, 255, 0, 100]","[97, 255, 97]"
13205,84688a5ffffffff,46,0,0,"[0, 255, 0, 100]","[97, 255, 97]"
13206,84688adffffffff,6,0,0,"[0, 255, 0, 100]","[97, 255, 97]"
13207,84688e5ffffffff,39,0,0,"[0, 255, 0, 100]","[97, 255, 97]"
13208,84689d1ffffffff,3,0,0,"[0, 255, 0, 100]","[97, 255, 97]"
13209,84689dbffffffff,20,0,0,"[0, 255, 0, 100]","[97, 255, 97]"
13210,8468a53ffffffff,22,0,0,"[0, 255, 0, 100]","[97, 255, 97]"
13211,8468a59ffffffff,7,0,0,"[0, 255, 0, 100]","[97, 255, 97]"
13212,8468ab3ffffffff,22,0,0,"[0, 255, 0, 100]","[97, 255, 97]"
13213,8468abbffffffff,43,0,0,"[0, 255, 0, 100]","[97, 255, 97]"
13214,8468ae1ffffffff,6,0,0,"[0, 255, 0, 100]","[97, 255, 97]"
13215,8468aebffffffff,35,0,0,"[0, 255, 0, 100]","[97, 255, 97]"
13216,8468c37ffffffff,3,0,0,"[0, 255, 0, 100]","[97, 255, 97]"
13217,8468cc9ffffffff,3,0,0,"[0, 255, 0, 100]","[97, 255, 97]"
13218,8468d6dffffffff,42,0,0,"[0, 255, 0, 100]","[97, 255, 97]"
13219,8468d8dffffffff,137,0,0,"[0, 255, 0, 100]","[97, 255, 97]"
13220,8468ea3ffffffff,11,0,0,"[0, 255, 0, 100]","[97, 255, 97]"
13221,8468f21ffffffff,14,0,0,"[0, 255, 0, 100]","[97, 255, 97]"
13222,8468f2dffffffff,50,0,0,"[0, 255, 0, 100]","[97, 255, 97]"
13223,8468f61ffffffff,1,0,0,"[0, 255, 0, 100]","[97, 255, 97]"
13224,8468f67ffffffff,61,0,0,"[0, 255, 0, 100]","[97, 255, 97]"
13225,8468f6dffffffff,2,0,0,"[0, 255, 0, 100]","[97, 255, 97]"
13226,8469003ffffffff,11,0,0,"[0, 255, 0, 100]","[97, 255, 97]"
13227,846900bffffffff,7,0,0,"[0, 255, 0, 100]","[97, 255, 97]"
13228,8469013ffffffff,3,0,0,"[0, 255, 0, 100]","[97, 255, 97]"
13229,8469015ffffffff,29,0,0,"[0, 255, 0, 100]","[97, 255, 97]"
13230,8469017ffffffff,4,0,0,"[0, 255, 0, 100]","[97, 255, 97]"
13231,846901dffffffff,5,0,0,"[0, 255, 0, 100]","[97, 255, 97]"
13232,8469047ffffffff,8,0,0,"[0, 255, 0, 100]","[97, 255, 97]"
13233,846905dffffffff,88,0,0,"[0, 255, 0, 100]","[97, 255, 97]"
13234,8469061ffffffff,29,0,0,"[0, 255, 0, 100]","[97, 255, 97]"
13235,8469065ffffffff,20,0,0,"[0, 255, 0, 100]","[97, 255, 97]"
13236,846908dffffffff,1,0,0,"[0, 255, 0, 100]","[97, 255, 97]"
13237,8469105ffffffff,7,0,0,"[0, 255, 0, 100]","[97, 255, 97]"
13238,8469113ffffffff,10,0,0,"[0, 255, 0, 100]","[97, 255, 97]"
13239,8469119ffffffff,27,0,0,"[0, 255, 0, 100]","[97, 255, 97]"
13240,846911dffffffff,2,0,0,"[0, 255, 0, 100]","[97, 255, 97]"
13241,8469121ffffffff,1,0,0,"[0, 255, 0, 100]","[97, 255, 97]"
13242,8469125ffffffff,24,0,0,"[0, 255, 0, 100]","[97, 255, 97]"
13243,8469127ffffffff,33,0,0,"[0, 255, 0, 100]","[97, 255, 97]"
13244,8469129ffffffff,51,0,0,"[0, 255, 0, 100]","[97, 255, 97]"
13245,846913bffffffff,22,0,0,"[0, 255, 0, 100]","[97, 255, 97]"
13246,846915dffffffff,3,0,0,"[0, 255, 0, 100]","[97, 255, 97]"
13247,8469163ffffffff,1,0,0,"[0, 255, 0, 100]","[97, 255, 97]"
13248,8469165ffffffff,12,0,0,"[0, 255, 0, 100]","[97, 255, 97]"
13249,8469167ffffffff,2,0,0,"[0, 255, 0, 100]","[97, 255, 97]"
13250,84691e5ffffffff,1,0,0,"[0, 255, 0, 100]","[97, 255, 97]"
13251,84691edffffffff,7,0,0,"[0, 255, 0, 100]","[97, 255, 97]"
13252,8469223ffffffff,35,0,0,"[0, 255, 0, 100]","[97, 255, 97]"
13253,846923dffffffff,10,0,0,"[0, 255, 0, 100]","[97, 255, 97]"
13254,8469259ffffffff,3,0,0,"[0, 255, 0, 100]","[97, 255, 97]"
13255,8469261ffffffff,30,0,0,"[0, 255, 0, 100]","[97, 255, 97]"
13256,846926bffffffff,13,0,0,"[0, 255, 0, 100]","[97, 255, 97]"
13257,8469285ffffffff,34,0,0,"[0, 255, 0, 100]","[97, 255, 97]"
13258,8469295ffffffff,18,0,0,"[0, 255, 0, 100]","[97, 255, 97]"
13259,846929dffffffff,10,0,0,"[0, 255, 0, 100]","[97, 255, 97]"
13260,84692a9ffffffff,9,0,0,"[0, 255, 0, 100]","[97, 255, 97]"
13261,84692c7ffffffff,9,0,0,"[0, 255, 0, 100]","[97, 255, 97]"
13262,8469301ffffffff,6,0,0,"[0, 255, 0, 100]","[97, 255, 97]"
13263,8469303ffffffff,2,0,0,"[0, 255, 0, 100]","[97, 255, 97]"
13264,8469309ffffffff,78,0,0,"[0, 255, 0, 100]","[97, 255, 97]"
13265,8469311ffffffff,14,0,0,"[0, 255, 0, 100]","[97, 255, 97]"
13266,8469315ffffffff,31,0,0,"[0, 255, 0, 100]","[97, 255, 97]"
13267,846931bffffffff,19,0,0,"[0, 255, 0, 100]","[97, 255, 97]"
13268,846931dffffffff,4,0,0,"[0, 255, 0, 100]","[97, 255, 97]"
13269,8469321ffffffff,1,0,0,"[0, 255, 0, 100]","[97, 255, 97]"
13270,8469323ffffffff,20,0,0,"[0, 255, 0, 100]","[97, 255, 97]"
13271,8469327ffffffff,5,0,0,"[0, 255, 0, 100]","[97, 255, 97]"
13272,846932dffffffff,61,0,0,"[0, 255, 0, 100]","[97, 255, 97]"
13273,8469339ffffffff,66,0,0,"[0, 255, 0, 100]","[97, 255, 97]"
13274,8469347ffffffff,5,0,0,"[0, 255, 0, 100]","[97, 255, 97]"
13275,846934bffffffff,4,0,0,"[0, 255, 0, 100]","[97, 255, 97]"
13276,846935dffffffff,2,0,0,"[0, 255, 0, 100]","[97, 255, 97]"
13277,8469367ffffffff,5,0,0,"[0, 255, 0, 100]","[97, 255, 97]"
13278,8469411ffffffff,32,0,0,"[0, 255, 0, 100]","[97, 255, 97]"
13279,8469415ffffffff,93,0,0,"[0, 255, 0, 100]","[97, 255, 97]"
13280,8469417ffffffff,19,0,0,"[0, 255, 0, 100]","[97, 255, 97]"
13281,8469419ffffffff,57,0,0,"[0, 255, 0, 100]","[97, 255, 97]"
13282,8469431ffffffff,14,0,0,"[0, 255, 0, 100]","[97, 255, 97]"
13283,8469433ffffffff,28,0,0,"[0, 255, 0, 100]","[97, 255, 97]"
13284,8469435ffffffff,90,0,0,"[0, 255, 0, 100]","[97, 255, 97]"
13285,8469457ffffffff,12,0,0,"[0, 255, 0, 100]","[97, 255, 97]"
13286,84694adffffffff,17,0,0,"[0, 255, 0, 100]","[97, 255, 97]"
13287,84694e5ffffffff,83,0,0,"[0, 255, 0, 100]","[97, 255, 97]"
13288,84694e7ffffffff,43,0,0,"[0, 255, 0, 100]","[97, 255, 97]"
13289,84694e9ffffffff,55,0,0,"[0, 255, 0, 100]","[97, 255, 97]"
13290,84694edffffffff,267,0,0,"[0, 255, 0, 100]","[97, 255, 97]"
13291,846952bffffffff,14,0,0,"[0, 255, 0, 100]","[97, 255, 97]"
13292,8469569ffffffff,4,0,0,"[0, 255, 0, 100]","[97, 255, 97]"
13293,846956dffffffff,6,0,0,"[0, 255, 0, 100]","[97, 255, 97]"
13294,8469591ffffffff,17,0,0,"[0, 255, 0, 100]","[97, 255, 97]"
13295,8469593ffffffff,9,0,0,"[0, 255, 0, 100]","[97, 255, 97]"
13296,84695c1ffffffff,16,0,0,"[0, 255, 0, 100]","[97, 255, 97]"
13297,84695c5ffffffff,14,0,0,"[0, 255, 0, 100]","[97, 255, 97]"
13298,84695c7ffffffff,46,0,0,"[0, 255, 0, 100]","[97, 255, 97]"
13299,84695d1ffffffff,61,0,0,"[0, 255, 0, 100]","[97, 255, 97]"
13300,84695d3ffffffff,19,0,0,"[0, 255, 0, 100]","[97, 255, 97]"
13301,84695d7ffffffff,26,0,0,"[0, 255, 0, 100]","[97, 255, 97]"
13302,846960bffffffff,47,0,0,"[0, 255, 0, 100]","[97, 255, 97]"
13303,8469633ffffffff,5,0,0,"[0, 255, 0, 100]","[97, 255, 97]"
13304,8469649ffffffff,2,0,0,"[0, 255, 0, 100]","[97, 255, 97]"
13305,846964dffffffff,3,0,0,"[0, 255, 0, 100]","[97, 255, 97]"
13306,8469655ffffffff,1,0,0,"[0, 255, 0, 100]","[97, 255, 97]"
13307,84696c1ffffffff,15,0,0,"[0, 255, 0, 100]","[97, 255, 97]"
13308,84696c5ffffffff,114,0,0,"[0, 255, 0, 100]","[97, 255, 97]"
13309,84696e1ffffffff,50,0,0,"[0, 255, 0, 100]","[97, 255, 97]"
13310,846970dffffffff,2,0,0,"[0, 255, 0, 100]","[97, 255, 97]"
13311,8469751ffffffff,21,0,0,"[0, 255, 0, 100]","[97, 255, 97]"
13312,8469757ffffffff,2,0,0,"[0, 255, 0, 100]","[97, 255, 97]"
13313,8469763ffffffff,9,0,0,"[0, 255, 0, 100]","[97, 255, 97]"
13314,8469765ffffffff,37,0,0,"[0, 255, 0, 100]","[97, 255, 97]"
13315,846976dffffffff,2,0,0,"[0, 255, 0, 100]","[97, 255, 97]"
13316,8469819ffffffff,16,0,0,"[0, 255, 0, 100]","[97, 255, 97]"
13317,8469845ffffffff,20,0,0,"[0, 255, 0, 100]","[97, 255, 97]"
13318,8469847ffffffff,13,0,0,"[0, 255, 0, 100]","[97, 255, 97]"
13319,84698b7ffffffff,1,0,0,"[0, 255, 0, 100]","[97, 255, 97]"
13320,8469903ffffffff,1,0,0,"[0, 255, 0, 100]","[97, 255, 97]"
13321,8469911ffffffff,60,0,0,"[0, 255, 0, 100]","[97, 255, 97]"
13322,8469919ffffffff,19,0,0,"[0, 255, 0, 100]","[97, 255, 97]"
13323,846991dffffffff,25,0,0,"[0, 255, 0, 100]","[97, 255, 97]"
13324,8469943ffffffff,30,0,0,"[0, 255, 0, 100]","[97, 255, 97]"
13325,8469947ffffffff,24,0,0,"[0, 255, 0, 100]","[97, 255, 97]"
13326,846995dffffffff,2,0,0,"[0, 255, 0, 100]","[97, 255, 97]"
13327,8469a09ffffffff,1,0,0,"[0, 255, 0, 100]","[97, 255, 97]"
13328,8469a0dffffffff,24,0,0,"[0, 255, 0, 100]","[97, 255, 97]"
13329,8469a19ffffffff,6,0,0,"[0, 255, 0, 100]","[97, 255, 97]"
13330,8469a1bffffffff,48,0,0,"[0, 255, 0, 100]","[97, 255, 97]"
13331,8469a59ffffffff,2,0,0,"[0, 255, 0, 100]","[97, 255, 97]"
13332,8469a67ffffffff,17,0,0,"[0, 255, 0, 100]","[97, 255, 97]"
13333,8469a97ffffffff,79,0,0,"[0, 255, 0, 100]","[97, 255, 97]"
13334,8469aa5ffffffff,19,0,0,"[0, 255, 0, 100]","[97, 255, 97]"
13335,8469ab1ffffffff,2,0,0,"[0, 255, 0, 100]","[97, 255, 97]"
13336,8469ab9ffffffff,5,0,0,"[0, 255, 0, 100]","[97, 255, 97]"
13337,8469abbffffffff,6,0,0,"[0, 255, 0, 100]","[97, 255, 97]"
13338,8469b03ffffffff,1,0,0,"[0, 255, 0, 100]","[97, 255, 97]"
13339,8469b07ffffffff,37,0,0,"[0, 255, 0, 100]","[97, 255, 97]"
13340,8469b09ffffffff,22,0,0,"[0, 255, 0, 100]","[97, 255, 97]"
13341,8469b15ffffffff,76,0,0,"[0, 255, 0, 100]","[97, 255, 97]"
13342,8469b39ffffffff,58,0,0,"[0, 255, 0, 100]","[97, 255, 97]"
13343,8469b55ffffffff,2,0,0,"[0, 255, 0, 100]","[97, 255, 97]"
13344,8469b5bffffffff,22,0,0,"[0, 255, 0, 100]","[97, 255, 97]"
13345,846a119ffffffff,198,0,0,"[0, 255, 0, 100]","[97, 255, 97]"
13346,846a11bffffffff,7,0,0,"[0, 255, 0, 100]","[97, 255, 97]"
13347,846a11dffffffff,45,0,0,"[0, 255, 0, 100]","[97, 255, 97]"
13348,846a45bffffffff,2,0,0,"[0, 255, 0, 100]","[97, 255, 97]"
13349,846a4a3ffffffff,13,0,0,"[0, 255, 0, 100]","[97, 255, 97]"
13350,846a6adffffffff,7,0,0,"[0, 255, 0, 100]","[97, 255, 97]"
13351,846a8d1ffffffff,2,0,0,"[0, 255, 0, 100]","[97, 255, 97]"
13352,846aa6dffffffff,12,0,0,"[0, 255, 0, 100]","[97, 255, 97]"
13353,846ac1bffffffff,29,0,0,"[0, 255, 0, 100]","[97, 255, 97]"
13354,846ac33ffffffff,80,0,0,"[0, 255, 0, 100]","[97, 255, 97]"
13355,846ac51ffffffff,18,0,0,"[0, 255, 0, 100]","[97, 255, 97]"
13356,846ace5ffffffff,16,0,0,"[0, 255, 0, 100]","[97, 255, 97]"
13357,846ace7ffffffff,1,0,0,"[0, 255, 0, 100]","[97, 255, 97]"
13358,846ad31ffffffff,15,0,0,"[0, 255, 0, 100]","[97, 255, 97]"
13359,846ad3bffffffff,126,0,0,"[0, 255, 0, 100]","[97, 255, 97]"
13360,846ad81ffffffff,46,0,0,"[0, 255, 0, 100]","[97, 255, 97]"
13361,846ad83ffffffff,39,0,0,"[0, 255, 0, 100]","[97, 255, 97]"
13362,846ad85ffffffff,165,0,0,"[0, 255, 0, 100]","[97, 255, 97]"
13363,846ad89ffffffff,117,0,0,"[0, 255, 0, 100]","[97, 255, 97]"
13364,846ad8bffffffff,28,0,0,"[0, 255, 0, 100]","[97, 255, 97]"
13365,846ad8dffffffff,106,0,0,"[0, 255, 0, 100]","[97, 255, 97]"
13366,846ada5ffffffff,1,0,0,"[0, 255, 0, 100]","[97, 255, 97]"
13367,846adc5ffffffff,54,0,0,"[0, 255, 0, 100]","[97, 255, 97]"
13368,846adc7ffffffff,14,0,0,"[0, 255, 0, 100]","[97, 255, 97]"
13369,846addbffffffff,4,0,0,"[0, 255, 0, 100]","[97, 255, 97]"
13370,846ade9ffffffff,1,0,0,"[0, 255, 0, 100]","[97, 255, 97]"
13371,846adebffffffff,14,0,0,"[0, 255, 0, 100]","[97, 255, 97]"
13372,846af33ffffffff,3,0,0,"[0, 255, 0, 100]","[97, 255, 97]"
13373,846b985ffffffff,8,0,0,"[0, 255, 0, 100]","[97, 255, 97]"
13374,846b9b3ffffffff,8,0,0,"[0, 255, 0, 100]","[97, 255, 97]"
13375,846c4d9ffffffff,91,0,0,"[0, 255, 0, 100]","[97, 255, 97]"
13376,846d055ffffffff,10,0,0,"[0, 255, 0, 100]","[97, 255, 97]"
13377,846d153ffffffff,225,0,0,"[0, 255, 0, 100]","[97, 255, 97]"
13378,846d159ffffffff,2,0,0,"[0, 255, 0, 100]","[97, 255, 97]"
13379,846d231ffffffff,110,0,0,"[0, 255, 0, 100]","[97, 255, 97]"
13380,846d235ffffffff,6,0,0,"[0, 255, 0, 100]","[97, 255, 97]"
13381,846d249ffffffff,4,0,0,"[0, 255, 0, 100]","[97, 255, 97]"
13382,846d25dffffffff,72,0,0,"[0, 255, 0, 100]","[97, 255, 97]"
13383,846d263ffffffff,70,0,0,"[0, 255, 0, 100]","[97, 255, 97]"
13384,846d28bffffffff,92,0,0,"[0, 255, 0, 100]","[97, 255, 97]"
13385,846d291ffffffff,341,0,0,"[0, 255, 0, 100]","[97, 255, 97]"
13386,846d2a1ffffffff,115,0,0,"[0, 255, 0, 100]","[97, 255, 97]"
13387,846d2b1ffffffff,60,0,0,"[0, 255, 0, 100]","[97, 255, 97]"
13388,846d2bbffffffff,26,0,0,"[0, 255, 0, 100]","[97, 255, 97]"
13389,846d2e1ffffffff,1,0,0,"[0, 255, 0, 100]","[97, 255, 97]"
13390,846d317ffffffff,9,0,0,"[0, 255, 0, 100]","[97, 255, 97]"
13391,846d349ffffffff,2,0,0,"[0, 255, 0, 100]","[97, 255, 97]"
13392,846d603ffffffff,4,0,0,"[0, 255, 0, 100]","[97, 255, 97]"
13393,846d607ffffffff,17,0,0,"[0, 255, 0, 100]","[97, 255, 97]"
13394,846d617ffffffff,3,0,0,"[0, 255, 0, 100]","[97, 255, 97]"
13395,846d629ffffffff,9,0,0,"[0, 255, 0, 100]","[97, 255, 97]"
13396,846d649ffffffff,8,0,0,"[0, 255, 0, 100]","[97, 255, 97]"
13397,846d66dffffffff,4,0,0,"[0, 255, 0, 100]","[97, 255, 97]"
13398,846d693ffffffff,6,0,0,"[0, 255, 0, 100]","[97, 255, 97]"
13399,846d69bffffffff,25,0,0,"[0, 255, 0, 100]","[97, 255, 97]"
13400,846d6d7ffffffff,11,0,0,"[0, 255, 0, 100]","[97, 255, 97]"
13401,846d6d9ffffffff,52,0,0,"[0, 255, 0, 100]","[97, 255, 97]"
13402,846d6edffffffff,16,0,0,"[0, 255, 0, 100]","[97, 255, 97]"
13403,846d743ffffffff,11,0,0,"[0, 255, 0, 100]","[97, 255, 97]"
13404,846d75dffffffff,212,0,0,"[0, 255, 0, 100]","[97, 255, 97]"
13405,846eee3ffffffff,3,0,0,"[0, 255, 0, 100]","[97, 255, 97]"
13406,8470069ffffffff,139,0,0,"[0, 255, 0, 100]","[97, 255, 97]"
13407,847006dffffffff,242,0,0,"[0, 255, 0, 100]","[97, 255, 97]"
13408,8470261ffffffff,4,0,0,"[0, 255, 0, 100]","[97, 255, 97]"
13409,8470265ffffffff,106,0,0,"[0, 255, 0, 100]","[97, 255, 97]"
13410,8470313ffffffff,30,0,0,"[0, 255, 0, 100]","[97, 255, 97]"
13411,8470333ffffffff,131,0,0,"[0, 255, 0, 100]","[97, 255, 97]"
13412,8470337ffffffff,10,0,0,"[0, 255, 0, 100]","[97, 255, 97]"
13413,8470351ffffffff,112,0,0,"[0, 255, 0, 100]","[97, 255, 97]"
13414,8470359ffffffff,163,0,0,"[0, 255, 0, 100]","[97, 255, 97]"
13415,84705a5ffffffff,137,0,0,"[0, 255, 0, 100]","[97, 255, 97]"
13416,84705adffffffff,222,0,0,"[0, 255, 0, 100]","[97, 255, 97]"
13417,84705e3ffffffff,67,0,0,"[0, 255, 0, 100]","[97, 255, 97]"
13418,84705e7ffffffff,131,0,0,"[0, 255, 0, 100]","[97, 255, 97]"
13419,84705ebffffffff,3,0,0,"[0, 255, 0, 100]","[97, 255, 97]"
13420,84709c1ffffffff,130,0,0,"[0, 255, 0, 100]","[97, 255, 97]"
13421,84709c5ffffffff,115,0,0,"[0, 255, 0, 100]","[97, 255, 97]"
13422,84709c9ffffffff,13,0,0,"[0, 255, 0, 100]","[97, 255, 97]"
13423,84709ebffffffff,18,0,0,"[0, 255, 0, 100]","[97, 255, 97]"
13424,8470c01ffffffff,140,0,0,"[0, 255, 0, 100]","[97, 255, 97]"
13425,8470c05ffffffff,9,0,0,"[0, 255, 0, 100]","[97, 255, 97]"
13426,8470d83ffffffff,31,0,0,"[0, 255, 0, 100]","[97, 255, 97]"
13427,8470d8bffffffff,151,0,0,"[0, 255, 0, 100]","[97, 255, 97]"
13428,8470dd1ffffffff,48,0,0,"[0, 255, 0, 100]","[97, 255, 97]"
13429,8470dd3ffffffff,5,0,0,"[0, 255, 0, 100]","[97, 255, 97]"
13430,8470dd7ffffffff,188,0,0,"[0, 255, 0, 100]","[97, 255, 97]"
13431,8470e09ffffffff,115,0,0,"[0, 255, 0, 100]","[97, 255, 97]"
13432,8470e0dffffffff,14,0,0,"[0, 255, 0, 100]","[97, 255, 97]"
13433,8470e43ffffffff,23,0,0,"[0, 255, 0, 100]","[97, 255, 97]"
13434,8470e99ffffffff,4,0,0,"[0, 255, 0, 100]","[97, 255, 97]"
13435,8470e9bffffffff,2,0,0,"[0, 255, 0, 100]","[97, 255, 97]"
13436,8471091ffffffff,104,0,0,"[0, 255, 0, 100]","[97, 255, 97]"
13437,8471095ffffffff,1,0,0,"[0, 255, 0, 100]","[97, 255, 97]"
13438,8471099ffffffff,255,0,0,"[0, 255, 0, 100]","[97, 255, 97]"
13439,847109dffffffff,16,0,0,"[0, 255, 0, 100]","[97, 255, 97]"
13440,8471361ffffffff,36,0,0,"[0, 255, 0, 100]","[97, 255, 97]"
13441,8471363ffffffff,159,0,0,"[0, 255, 0, 100]","[97, 255, 97]"
13442,847136bffffffff,47,0,0,"[0, 255, 0, 100]","[97, 255, 97]"
13443,847146dffffffff,12,0,0,"[0, 255, 0, 100]","[97, 255, 97]"
13444,8471611ffffffff,37,0,0,"[0, 255, 0, 100]","[97, 255, 97]"
13445,8471617ffffffff,5,0,0,"[0, 255, 0, 100]","[97, 255, 97]"
13446,8471641ffffffff,106,0,0,"[0, 255, 0, 100]","[97, 255, 97]"
13447,8471645ffffffff,62,0,0,"[0, 255, 0, 100]","[97, 255, 97]"
13448,8471649ffffffff,16,0,0,"[0, 255, 0, 100]","[97, 255, 97]"
13449,8471725ffffffff,106,0,0,"[0, 255, 0, 100]","[97, 255, 97]"
13450,8471731ffffffff,173,0,0,"[0, 255, 0, 100]","[97, 255, 97]"
13451,8471733ffffffff,35,0,0,"[0, 255, 0, 100]","[97, 255, 97]"
13452,8471735ffffffff,88,0,0,"[0, 255, 0, 100]","[97, 255, 97]"
13453,8471739ffffffff,119,0,0,"[0, 255, 0, 100]","[97, 255, 97]"
13454,8472427ffffffff,1,0,0,"[0, 255, 0, 100]","[97, 255, 97]"
13455,84725cbffffffff,8,0,0,"[0, 255, 0, 100]","[97, 255, 97]"
13456,8472645ffffffff,48,0,0,"[0, 255, 0, 100]","[97, 255, 97]"
13457,847264dffffffff,23,0,0,"[0, 255, 0, 100]","[97, 255, 97]"
13458,8472659ffffffff,29,0,0,"[0, 255, 0, 100]","[97, 255, 97]"
13459,847271dffffffff,14,0,0,"[0, 255, 0, 100]","[97, 255, 97]"
13460,8472757ffffffff,20,0,0,"[0, 255, 0, 100]","[97, 255, 97]"
13461,8472b6dffffffff,7,0,0,"[0, 255, 0, 100]","[97, 255, 97]"
13462,8472c31ffffffff,48,0,0,"[0, 255, 0, 100]","[97, 255, 97]"
13463,8472c37ffffffff,31,0,0,"[0, 255, 0, 100]","[97, 255, 97]"
13464,8472c85ffffffff,14,0,0,"[0, 255, 0, 100]","[97, 255, 97]"
13465,8472c8dffffffff,12,0,0,"[0, 255, 0, 100]","[97, 255, 97]"
13466,8472cb5ffffffff,134,0,0,"[0, 255, 0, 100]","[97, 255, 97]"
13467,8472d23ffffffff,63,0,0,"[0, 255, 0, 100]","[97, 255, 97]"
13468,8473221ffffffff,30,0,0,"[0, 255, 0, 100]","[97, 255, 97]"
13469,8473225ffffffff,16,0,0,"[0, 255, 0, 100]","[97, 255, 97]"
13470,8473587ffffffff,49,0,0,"[0, 255, 0, 100]","[97, 255, 97]"
13471,84735bdffffffff,185,0,0,"[0, 255, 0, 100]","[97, 255, 97]"
13472,8473693ffffffff,188,0,0,"[0, 255, 0, 100]","[97, 255, 97]"
13473,8474835ffffffff,19,0,0,"[0, 255, 0, 100]","[97, 255, 97]"
13474,84749c1ffffffff,82,0,0,"[0, 255, 0, 100]","[97, 255, 97]"
13475,84749c5ffffffff,28,0,0,"[0, 255, 0, 100]","[97, 255, 97]"
13476,84749cbffffffff,78,0,0,"[0, 255, 0, 100]","[97, 255, 97]"
13477,847508dffffffff,114,0,0,"[0, 255, 0, 100]","[97, 255, 97]"
13478,8475091ffffffff,101,0,0,"[0, 255, 0, 100]","[97, 255, 97]"
13479,8475095ffffffff,8,0,0,"[0, 255, 0, 100]","[97, 255, 97]"
13480,847509bffffffff,107,0,0,"[0, 255, 0, 100]","[97, 255, 97]"
13481,84750c3ffffffff,34,0,0,"[0, 255, 0, 100]","[97, 255, 97]"
13482,84750c7ffffffff,60,0,0,"[0, 255, 0, 100]","[97, 255, 97]"
13483,84750c9ffffffff,138,0,0,"[0, 255, 0, 100]","[97, 255, 97]"
13484,84750cdffffffff,5,0,0,"[0, 255, 0, 100]","[97, 255, 97]"
13485,84750d7ffffffff,182,182,1,"[0, 255, 0, 100]","[97, 255, 97]"
13486,8475199ffffffff,3,0,0,"[0, 255, 0, 100]","[97, 255, 97]"
13487,847519bffffffff,218,0,0,"[0, 255, 0, 100]","[97, 255, 97]"
13488,84751d5ffffffff,55,0,0,"[0, 255, 0, 100]","[97, 255, 97]"
13489,84751d7ffffffff,145,0,0,"[0, 255, 0, 100]","[97, 255, 97]"
13490,8475265ffffffff,24,0,0,"[0, 255, 0, 100]","[97, 255, 97]"
13491,8475267ffffffff,31,0,0,"[0, 255, 0, 100]","[97, 255, 97]"
13492,8475291ffffffff,16,0,0,"[0, 255, 0, 100]","[97, 255, 97]"
13493,8475293ffffffff,200,0,0,"[0, 255, 0, 100]","[97, 255, 97]"
13494,84752b5ffffffff,71,0,0,"[0, 255, 0, 100]","[97, 255, 97]"
13495,8475505ffffffff,138,0,0,"[0, 255, 0, 100]","[97, 255, 97]"
13496,8475641ffffffff,10,0,0,"[0, 255, 0, 100]","[97, 255, 97]"
13497,847564dffffffff,20,0,0,"[0, 255, 0, 100]","[97, 255, 97]"
13498,8475711ffffffff,70,0,0,"[0, 255, 0, 100]","[97, 255, 97]"
13499,8475715ffffffff,102,0,0,"[0, 255, 0, 100]","[97, 255, 97]"
13500,847571bffffffff,10,0,0,"[0, 255, 0, 100]","[97, 255, 97]"
13501,8475727ffffffff,48,0,0,"[0, 255, 0, 100]","[97, 255, 97]"
13502,8475745ffffffff,120,0,0,"[0, 255, 0, 100]","[97, 255, 97]"
13503,847574dffffffff,84,0,0,"[0, 255, 0, 100]","[97, 255, 97]"
13504,8475769ffffffff,198,0,0,"[0, 255, 0, 100]","[97, 255, 97]"
13505,8475833ffffffff,26,0,0,"[0, 255, 0, 100]","[97, 255, 97]"
13506,84758e1ffffffff,91,0,0,"[0, 255, 0, 100]","[97, 255, 97]"
13507,84758ebffffffff,2,0,0,"[0, 255, 0, 100]","[97, 255, 97]"
13508,84758edffffffff,169,0,0,"[0, 255, 0, 100]","[97, 255, 97]"
13509,8475a2dffffffff,29,0,0,"[0, 255, 0, 100]","[97, 255, 97]"
13510,8475ac5ffffffff,42,0,0,"[0, 255, 0, 100]","[97, 255, 97]"
13511,8475ae9ffffffff,27,0,0,"[0, 255, 0, 100]","[97, 255, 97]"
13512,8475aebffffffff,145,0,0,"[0, 255, 0, 100]","[97, 255, 97]"
13513,8475b51ffffffff,267,0,0,"[0, 255, 0, 100]","[97, 255, 97]"
13514,8475b53ffffffff,30,0,0,"[0, 255, 0, 100]","[97, 255, 97]"
13515,8475b55ffffffff,21,0,0,"[0, 255, 0, 100]","[97, 255, 97]"
13516,847759dffffffff,27,27,1,"[0, 255, 0, 100]","[97, 255, 97]"
13517,847888dffffffff,149,0,0,"[0, 255, 0, 100]","[97, 255, 97]"
13518,84788e3ffffffff,149,0,0,"[0, 255, 0, 100]","[97, 255, 97]"
13519,84788e7ffffffff,162,0,0,"[0, 255, 0, 100]","[97, 255, 97]"
13520,84789dbffffffff,18,0,0,"[0, 255, 0, 100]","[97, 255, 97]"
13521,8478b4dffffffff,67,0,0,"[0, 255, 0, 100]","[97, 255, 97]"
13522,8479341ffffffff,44,0,0,"[0, 255, 0, 100]","[97, 255, 97]"
13523,8479345ffffffff,168,0,0,"[0, 255, 0, 100]","[97, 255, 97]"
13524,8479349ffffffff,10,0,0,"[0, 255, 0, 100]","[97, 255, 97]"
13525,847934dffffffff,47,0,0,"[0, 255, 0, 100]","[97, 255, 97]"
13526,8479363ffffffff,49,0,0,"[0, 255, 0, 100]","[97, 255, 97]"
13527,847936bffffffff,32,0,0,"[0, 255, 0, 100]","[97, 255, 97]"
13528,8479917ffffffff,31,0,0,"[0, 255, 0, 100]","[97, 255, 97]"
13529,8479933ffffffff,3,0,0,"[0, 255, 0, 100]","[97, 255, 97]"
13530,847993bffffffff,54,0,0,"[0, 255, 0, 100]","[97, 255, 97]"
13531,8479983ffffffff,187,0,0,"[0, 255, 0, 100]","[97, 255, 97]"
13532,8479987ffffffff,221,0,0,"[0, 255, 0, 100]","[97, 255, 97]"
13533,847998bffffffff,38,0,0,"[0, 255, 0, 100]","[97, 255, 97]"
13534,84799a3ffffffff,5,0,0,"[0, 255, 0, 100]","[97, 255, 97]"
13535,84799b5ffffffff,4,0,0,"[0, 255, 0, 100]","[97, 255, 97]"
13536,84799bdffffffff,157,0,0,"[0, 255, 0, 100]","[97, 255, 97]"
13537,84799edffffffff,17,0,0,"[0, 255, 0, 100]","[97, 255, 97]"
13538,8479a9dffffffff,1,0,0,"[0, 255, 0, 100]","[97, 255, 97]"
13539,8479ad3ffffffff,16,0,0,"[0, 255, 0, 100]","[97, 255, 97]"
13540,8479ad7ffffffff,32,0,0,"[0, 255, 0, 100]","[97, 255, 97]"
13541,847a017ffffffff,58,0,0,"[0, 255, 0, 100]","[97, 255, 97]"
13542,847a031ffffffff,5,0,0,"[0, 255, 0, 100]","[97, 255, 97]"
13543,847a033ffffffff,29,0,0,"[0, 255, 0, 100]","[97, 255, 97]"
13544,847a037ffffffff,33,0,0,"[0, 255, 0, 100]","[97, 255, 97]"
13545,847a03bffffffff,70,0,0,"[0, 255, 0, 100]","[97, 255, 97]"
13546,847a181ffffffff,600,0,0,"[0, 255, 0, 100]","[97, 255, 97]"
13547,847a185ffffffff,70,0,0,"[0, 255, 0, 100]","[97, 255, 97]"
13548,847a18dffffffff,14,0,0,"[0, 255, 0, 100]","[97, 255, 97]"
13549,847a1a1ffffffff,71,0,0,"[0, 255, 0, 100]","[97, 255, 97]"
13550,847a1a7ffffffff,236,0,0,"[0, 255, 0, 100]","[97, 255, 97]"
13551,847a1a9ffffffff,132,0,0,"[0, 255, 0, 100]","[97, 255, 97]"
13552,847a1abffffffff,5,0,0,"[0, 255, 0, 100]","[97, 255, 97]"
13553,847a1c1ffffffff,40,0,0,"[0, 255, 0, 100]","[97, 255, 97]"
13554,847a1c7ffffffff,50,0,0,"[0, 255, 0, 100]","[97, 255, 97]"
13555,847a1cbffffffff,55,0,0,"[0, 255, 0, 100]","[97, 255, 97]"
13556,847a1e1ffffffff,40,0,0,"[0, 255, 0, 100]","[97, 255, 97]"
13557,847a1e3ffffffff,11,0,0,"[0, 255, 0, 100]","[97, 255, 97]"
13558,847a1e7ffffffff,149,0,0,"[0, 255, 0, 100]","[97, 255, 97]"
13559,847a1ebffffffff,65,0,0,"[0, 255, 0, 100]","[97, 255, 97]"
13560,847a283ffffffff,68,0,0,"[0, 255, 0, 100]","[97, 255, 97]"
13561,847a29dffffffff,60,0,0,"[0, 255, 0, 100]","[97, 255, 97]"
13562,847a2c3ffffffff,3,0,0,"[0, 255, 0, 100]","[97, 255, 97]"
13563,847a2d5ffffffff,14,0,0,"[0, 255, 0, 100]","[97, 255, 97]"
13564,847a411ffffffff,7,0,0,"[0, 255, 0, 100]","[97, 255, 97]"
13565,847a49bffffffff,15,0,0,"[0, 255, 0, 100]","[97, 255, 97]"
13566,847a587ffffffff,9,0,0,"[0, 255, 0, 100]","[97, 255, 97]"
13567,847a595ffffffff,1,0,0,"[0, 255, 0, 100]","[97, 255, 97]"
13568,847a5b3ffffffff,43,0,0,"[0, 255, 0, 100]","[97, 255, 97]"
13569,847a5b7ffffffff,36,0,0,"[0, 255, 0, 100]","[97, 255, 97]"
13570,847a5d7ffffffff,14,0,0,"[0, 255, 0, 100]","[97, 255, 97]"
13571,847a5dbffffffff,2,0,0,"[0, 255, 0, 100]","[97, 255, 97]"
13572,847a603ffffffff,131,0,0,"[0, 255, 0, 100]","[97, 255, 97]"
13573,847a60bffffffff,3,0,0,"[0, 255, 0, 100]","[97, 255, 97]"
13574,847a613ffffffff,4,0,0,"[0, 255, 0, 100]","[97, 255, 97]"
13575,847a615ffffffff,208,0,0,"[0, 255, 0, 100]","[97, 255, 97]"
13576,847a617ffffffff,26,0,0,"[0, 255, 0, 100]","[97, 255, 97]"
13577,847a633ffffffff,46,0,0,"[0, 255, 0, 100]","[97, 255, 97]"
13578,847a63bffffffff,34,0,0,"[0, 255, 0, 100]","[97, 255, 97]"
13579,847a653ffffffff,257,0,0,"[0, 255, 0, 100]","[97, 255, 97]"
13580,847a663ffffffff,28,0,0,"[0, 255, 0, 100]","[97, 255, 97]"
13581,847a6adffffffff,4,0,0,"[0, 255, 0, 100]","[97, 255, 97]"
13582,847a6e1ffffffff,11,0,0,"[0, 255, 0, 100]","[97, 255, 97]"
13583,847a6e5ffffffff,142,0,0,"[0, 255, 0, 100]","[97, 255, 97]"
13584,847a6e7ffffffff,9,0,0,"[0, 255, 0, 100]","[97, 255, 97]"
13585,847a6ebffffffff,2,0,0,"[0, 255, 0, 100]","[97, 255, 97]"
13586,847a6edffffffff,123,0,0,"[0, 255, 0, 100]","[97, 255, 97]"
13587,847a711ffffffff,13,0,0,"[0, 255, 0, 100]","[97, 255, 97]"
13588,847a715ffffffff,53,0,0,"[0, 255, 0, 100]","[97, 255, 97]"
13589,847aa81ffffffff,98,0,0,"[0, 255, 0, 100]","[97, 255, 97]"
13590,847aa87ffffffff,1,0,0,"[0, 255, 0, 100]","[97, 255, 97]"
13591,847aa8bffffffff,184,0,0,"[0, 255, 0, 100]","[97, 255, 97]"
13592,847aad1ffffffff,53,0,0,"[0, 255, 0, 100]","[97, 255, 97]"
13593,847aad7ffffffff,34,0,0,"[0, 255, 0, 100]","[97, 255, 97]"
13594,847aadbffffffff,187,0,0,"[0, 255, 0, 100]","[97, 255, 97]"
13595,847ac83ffffffff,85,0,0,"[0, 255, 0, 100]","[97, 255, 97]"
13596,847ac8bffffffff,15,0,0,"[0, 255, 0, 100]","[97, 255, 97]"
13597,847ac95ffffffff,3,0,0,"[0, 255, 0, 100]","[97, 255, 97]"
13598,847aca7ffffffff,8,0,0,"[0, 255, 0, 100]","[97, 255, 97]"
13599,847acb1ffffffff,12,0,0,"[0, 255, 0, 100]","[97, 255, 97]"
13600,847acb5ffffffff,73,0,0,"[0, 255, 0, 100]","[97, 255, 97]"
13601,847acb7ffffffff,42,0,0,"[0, 255, 0, 100]","[97, 255, 97]"
13602,847acb9ffffffff,8,0,0,"[0, 255, 0, 100]","[97, 255, 97]"
13603,847acbbffffffff,1,0,0,"[0, 255, 0, 100]","[97, 255, 97]"
13604,847ad23ffffffff,51,0,0,"[0, 255, 0, 100]","[97, 255, 97]"
13605,847ad27ffffffff,16,0,0,"[0, 255, 0, 100]","[97, 255, 97]"
13606,847ad35ffffffff,12,0,0,"[0, 255, 0, 100]","[97, 255, 97]"
13607,847ad3dffffffff,3,0,0,"[0, 255, 0, 100]","[97, 255, 97]"
13608,847ad85ffffffff,3,0,0,"[0, 255, 0, 100]","[97, 255, 97]"
13609,847ada9ffffffff,51,0,0,"[0, 255, 0, 100]","[97, 255, 97]"
13610,847ade3ffffffff,26,0,0,"[0, 255, 0, 100]","[97, 255, 97]"
13611,847ade5ffffffff,1,0,0,"[0, 255, 0, 100]","[97, 255, 97]"
13612,847ade7ffffffff,48,0,0,"[0, 255, 0, 100]","[97, 255, 97]"
13613,847ae03ffffffff,5,0,0,"[0, 255, 0, 100]","[97, 255, 97]"
13614,847ae07ffffffff,95,0,0,"[0, 255, 0, 100]","[97, 255, 97]"
13615,847ae21ffffffff,49,0,0,"[0, 255, 0, 100]","[97, 255, 97]"
13616,847ae2bffffffff,134,0,0,"[0, 255, 0, 100]","[97, 255, 97]"
13617,847ae91ffffffff,13,0,0,"[0, 255, 0, 100]","[97, 255, 97]"
13618,847ae95ffffffff,2,0,0,"[0, 255, 0, 100]","[97, 255, 97]"
13619,847ae99ffffffff,17,0,0,"[0, 255, 0, 100]","[97, 255, 97]"
13620,847ae9dffffffff,9,0,0,"[0, 255, 0, 100]","[97, 255, 97]"
13621,847aeb9ffffffff,4,0,0,"[0, 255, 0, 100]","[97, 255, 97]"
13622,847af21ffffffff,19,0,0,"[0, 255, 0, 100]","[97, 255, 97]"
13623,847af4dffffffff,64,0,0,"[0, 255, 0, 100]","[97, 255, 97]"
13624,847b245ffffffff,110,0,0,"[0, 255, 0, 100]","[97, 255, 97]"
13625,847b24dffffffff,7,0,0,"[0, 255, 0, 100]","[97, 255, 97]"
13626,847b2c3ffffffff,34,0,0,"[0, 255, 0, 100]","[97, 255, 97]"
13627,847b2d9ffffffff,364,0,0,"[0, 255, 0, 100]","[97, 255, 97]"
13628,847b2dbffffffff,279,0,0,"[0, 255, 0, 100]","[97, 255, 97]"
13629,847b2ddffffffff,278,0,0,"[0, 255, 0, 100]","[97, 255, 97]"
13630,847b4c1ffffffff,3,0,0,"[0, 255, 0, 100]","[97, 255, 97]"
13631,847b4c9ffffffff,1,0,0,"[0, 255, 0, 100]","[97, 255, 97]"
13632,847b4cbffffffff,17,0,0,"[0, 255, 0, 100]","[97, 255, 97]"
13633,847b585ffffffff,18,0,0,"[0, 255, 0, 100]","[97, 255, 97]"
13634,847b589ffffffff,5,0,0,"[0, 255, 0, 100]","[97, 255, 97]"
13635,847b58dffffffff,12,0,0,"[0, 255, 0, 100]","[97, 255, 97]"
13636,847b591ffffffff,12,0,0,"[0, 255, 0, 100]","[97, 255, 97]"
13637,847b595ffffffff,75,0,0,"[0, 255, 0, 100]","[97, 255, 97]"
13638,847b5a9ffffffff,15,0,0,"[0, 255, 0, 100]","[97, 255, 97]"
13639,847b5b9ffffffff,4,0,0,"[0, 255, 0, 100]","[97, 255, 97]"
13640,847b6b5ffffffff,2,0,0,"[0, 255, 0, 100]","[97, 255, 97]"
13641,847b885ffffffff,104,0,0,"[0, 255, 0, 100]","[97, 255, 97]"
13642,847b8a9ffffffff,76,0,0,"[0, 255, 0, 100]","[97, 255, 97]"
13643,847bb0dffffffff,25,0,0,"[0, 255, 0, 100]","[97, 255, 97]"
13644,847bb41ffffffff,147,0,0,"[0, 255, 0, 100]","[97, 255, 97]"
13645,847bb47ffffffff,30,0,0,"[0, 255, 0, 100]","[97, 255, 97]"
13646,847bb49ffffffff,4,0,0,"[0, 255, 0, 100]","[97, 255, 97]"
13647,847bb63ffffffff,41,0,0,"[0, 255, 0, 100]","[97, 255, 97]"
13648,847bb6bffffffff,16,0,0,"[0, 255, 0, 100]","[97, 255, 97]"
13649,847c437ffffffff,1,0,0,"[0, 255, 0, 100]","[97, 255, 97]"
13650,847c4a1ffffffff,22,0,0,"[0, 255, 0, 100]","[97, 255, 97]"
13651,847c4a7ffffffff,59,0,0,"[0, 255, 0, 100]","[97, 255, 97]"
13652,847c4adffffffff,159,0,0,"[0, 255, 0, 100]","[97, 255, 97]"
13653,847c4c1ffffffff,80,0,0,"[0, 255, 0, 100]","[97, 255, 97]"
13654,847c4c5ffffffff,2,0,0,"[0, 255, 0, 100]","[97, 255, 97]"
13655,847c4c7ffffffff,133,0,0,"[0, 255, 0, 100]","[97, 255, 97]"
13656,847c4e7ffffffff,104,0,0,"[0, 255, 0, 100]","[97, 255, 97]"
13657,847c4ebffffffff,12,0,0,"[0, 255, 0, 100]","[97, 255, 97]"
13658,847c513ffffffff,17,0,0,"[0, 255, 0, 100]","[97, 255, 97]"
13659,847c51bffffffff,24,0,0,"[0, 255, 0, 100]","[97, 255, 97]"
13660,847c583ffffffff,10,0,0,"[0, 255, 0, 100]","[97, 255, 97]"
13661,847c58bffffffff,200,0,0,"[0, 255, 0, 100]","[97, 255, 97]"
13662,847c599ffffffff,24,0,0,"[0, 255, 0, 100]","[97, 255, 97]"
13663,847c5c5ffffffff,130,0,0,"[0, 255, 0, 100]","[97, 255, 97]"
13664,847c5cdffffffff,66,0,0,"[0, 255, 0, 100]","[97, 255, 97]"
13665,847c5d3ffffffff,74,0,0,"[0, 255, 0, 100]","[97, 255, 97]"
13666,847c5d5ffffffff,126,0,0,"[0, 255, 0, 100]","[97, 255, 97]"
13667,847c5ddffffffff,19,0,0,"[0, 255, 0, 100]","[97, 255, 97]"
13668,847c5e3ffffffff,20,0,0,"[0, 255, 0, 100]","[97, 255, 97]"
13669,847c5ebffffffff,205,0,0,"[0, 255, 0, 100]","[97, 255, 97]"
13670,847c617ffffffff,97,0,0,"[0, 255, 0, 100]","[97, 255, 97]"
13671,847c653ffffffff,82,0,0,"[0, 255, 0, 100]","[97, 255, 97]"
13672,847c65bffffffff,155,0,0,"[0, 255, 0, 100]","[97, 255, 97]"
13673,847c6c5ffffffff,44,0,0,"[0, 255, 0, 100]","[97, 255, 97]"
13674,847c6c7ffffffff,2,0,0,"[0, 255, 0, 100]","[97, 255, 97]"
13675,847c6e9ffffffff,141,0,0,"[0, 255, 0, 100]","[97, 255, 97]"
13676,847cc11ffffffff,15,0,0,"[0, 255, 0, 100]","[97, 255, 97]"
13677,847cc15ffffffff,51,0,0,"[0, 255, 0, 100]","[97, 255, 97]"
13678,847cc17ffffffff,101,0,0,"[0, 255, 0, 100]","[97, 255, 97]"
13679,847cc33ffffffff,176,0,0,"[0, 255, 0, 100]","[97, 255, 97]"
13680,847cc3bffffffff,95,0,0,"[0, 255, 0, 100]","[97, 255, 97]"
13681,847cc53ffffffff,29,0,0,"[0, 255, 0, 100]","[97, 255, 97]"
13682,847cc5bffffffff,76,0,0,"[0, 255, 0, 100]","[97, 255, 97]"
13683,847cdb1ffffffff,31,0,0,"[0, 255, 0, 100]","[97, 255, 97]"
13684,847cdbdffffffff,4,0,0,"[0, 255, 0, 100]","[97, 255, 97]"
13685,847cdd1ffffffff,166,0,0,"[0, 255, 0, 100]","[97, 255, 97]"
13686,847cdd5ffffffff,23,0,0,"[0, 255, 0, 100]","[97, 255, 97]"
13687,847cdd9ffffffff,195,0,0,"[0, 255, 0, 100]","[97, 255, 97]"
13688,847cdddffffffff,18,0,0,"[0, 255, 0, 100]","[97, 255, 97]"
13689,847ce15ffffffff,130,0,0,"[0, 255, 0, 100]","[97, 255, 97]"
13690,847ce17ffffffff,6,0,0,"[0, 255, 0, 100]","[97, 255, 97]"
13691,847ce1dffffffff,22,0,0,"[0, 255, 0, 100]","[97, 255, 97]"
13692,847ce3bffffffff,135,0,0,"[0, 255, 0, 100]","[97, 255, 97]"
13693,847ceadffffffff,41,0,0,"[0, 255, 0, 100]","[97, 255, 97]"
13694,847cee1ffffffff,269,0,0,"[0, 255, 0, 100]","[97, 255, 97]"
13695,847cee5ffffffff,61,0,0,"[0, 255, 0, 100]","[97, 255, 97]"
13696,847cee7ffffffff,178,0,0,"[0, 255, 0, 100]","[97, 255, 97]"
13697,847cee9ffffffff,33,0,0,"[0, 255, 0, 100]","[97, 255, 97]"
13698,847ceedffffffff,245,0,0,"[0, 255, 0, 100]","[97, 255, 97]"
13699,847d591ffffffff,194,0,0,"[0, 255, 0, 100]","[97, 255, 97]"
13700,847d595ffffffff,16,0,0,"[0, 255, 0, 100]","[97, 255, 97]"
13701,847d599ffffffff,182,0,0,"[0, 255, 0, 100]","[97, 255, 97]"
13702,847d59dffffffff,3,0,0,"[0, 255, 0, 100]","[97, 255, 97]"
13703,847d5d3ffffffff,74,0,0,"[0, 255, 0, 100]","[97, 255, 97]"
13704,847d6c1ffffffff,64,0,0,"[0, 255, 0, 100]","[97, 255, 97]"
13705,847d6c9ffffffff,108,0,0,"[0, 255, 0, 100]","[97, 255, 97]"
13706,847d987ffffffff,127,0,0,"[0, 255, 0, 100]","[97, 255, 97]"
13707,847d9a9ffffffff,56,0,0,"[0, 255, 0, 100]","[97, 255, 97]"
13708,847d9abffffffff,57,0,0,"[0, 255, 0, 100]","[97, 255, 97]"
13709,847d9b9ffffffff,38,0,0,"[0, 255, 0, 100]","[97, 255, 97]"
13710,847d9e7ffffffff,105,0,0,"[0, 255, 0, 100]","[97, 255, 97]"
13711,847f001ffffffff,29,0,0,"[0, 255, 0, 100]","[97, 255, 97]"
13712,847f009ffffffff,18,0,0,"[0, 255, 0, 100]","[97, 255, 97]"
13713,847f1a9ffffffff,6,0,0,"[0, 255, 0, 100]","[97, 255, 97]"
13714,847f215ffffffff,3,0,0,"[0, 255, 0, 100]","[97, 255, 97]"
13715,847f21dffffffff,2,0,0,"[0, 255, 0, 100]","[97, 255, 97]"
13716,847f2a1ffffffff,46,0,0,"[0, 255, 0, 100]","[97, 255, 97]"
13717,847f2a9ffffffff,19,0,0,"[0, 255, 0, 100]","[97, 255, 97]"
13718,847f2abffffffff,65,0,0,"[0, 255, 0, 100]","[97, 255, 97]"
13719,847f827ffffffff,2,0,0,"[0, 255, 0, 100]","[97, 255, 97]"
13720,847f8d1ffffffff,52,0,0,"[0, 255, 0, 100]","[97, 255, 97]"
13721,847f8d5ffffffff,90,0,0,"[0, 255, 0, 100]","[97, 255, 97]"
13722,847f8ddffffffff,142,0,0,"[0, 255, 0, 100]","[97, 255, 97]"
13723,847f923ffffffff,3,0,0,"[0, 255, 0, 100]","[97, 255, 97]"
13724,847f92bffffffff,45,0,0,"[0, 255, 0, 100]","[97, 255, 97]"
13725,847f993ffffffff,1,0,0,"[0, 255, 0, 100]","[97, 255, 97]"
13726,847f997ffffffff,6,0,0,"[0, 255, 0, 100]","[97, 255, 97]"
13727,847f9cdffffffff,16,0,0,"[0, 255, 0, 100]","[97, 255, 97]"
13728,847fab7ffffffff,69,0,0,"[0, 255, 0, 100]","[97, 255, 97]"
13729,8480027ffffffff,5,0,0,"[0, 255, 0, 100]","[97, 255, 97]"
13730,848002dffffffff,3,0,0,"[0, 255, 0, 100]","[97, 255, 97]"
13731,848004bffffffff,35,0,0,"[0, 255, 0, 100]","[97, 255, 97]"
13732,8480051ffffffff,209,0,0,"[0, 255, 0, 100]","[97, 255, 97]"
13733,8480057ffffffff,156,0,0,"[0, 255, 0, 100]","[97, 255, 97]"
13734,8480061ffffffff,2,0,0,"[0, 255, 0, 100]","[97, 255, 97]"
13735,8480067ffffffff,11,0,0,"[0, 255, 0, 100]","[97, 255, 97]"
13736,8480089ffffffff,133,0,0,"[0, 255, 0, 100]","[97, 255, 97]"
13737,84800c1ffffffff,1,0,0,"[0, 255, 0, 100]","[97, 255, 97]"
13738,84800c3ffffffff,192,0,0,"[0, 255, 0, 100]","[97, 255, 97]"
13739,84800cbffffffff,52,0,0,"[0, 255, 0, 100]","[97, 255, 97]"
13740,8480101ffffffff,7,0,0,"[0, 255, 0, 100]","[97, 255, 97]"
13741,8480105ffffffff,263,0,0,"[0, 255, 0, 100]","[97, 255, 97]"
13742,848010dffffffff,163,0,0,"[0, 255, 0, 100]","[97, 255, 97]"
13743,848011bffffffff,1,0,0,"[0, 255, 0, 100]","[97, 255, 97]"
13744,848011dffffffff,5,0,0,"[0, 255, 0, 100]","[97, 255, 97]"
13745,8480147ffffffff,1,0,0,"[0, 255, 0, 100]","[97, 255, 97]"
13746,8480151ffffffff,10,0,0,"[0, 255, 0, 100]","[97, 255, 97]"
13747,8480157ffffffff,19,0,0,"[0, 255, 0, 100]","[97, 255, 97]"
13748,848016bffffffff,25,0,0,"[0, 255, 0, 100]","[97, 255, 97]"
13749,8480231ffffffff,58,0,0,"[0, 255, 0, 100]","[97, 255, 97]"
13750,8480233ffffffff,31,0,0,"[0, 255, 0, 100]","[97, 255, 97]"
13751,8480235ffffffff,132,0,0,"[0, 255, 0, 100]","[97, 255, 97]"
13752,84802a1ffffffff,203,0,0,"[0, 255, 0, 100]","[97, 255, 97]"
13753,84802a3ffffffff,24,0,0,"[0, 255, 0, 100]","[97, 255, 97]"
13754,84802b5ffffffff,135,0,0,"[0, 255, 0, 100]","[97, 255, 97]"
13755,8480307ffffffff,8,0,0,"[0, 255, 0, 100]","[97, 255, 97]"
13756,848032dffffffff,17,0,0,"[0, 255, 0, 100]","[97, 255, 97]"
13757,8480335ffffffff,1,0,0,"[0, 255, 0, 100]","[97, 255, 97]"
13758,848033dffffffff,109,0,0,"[0, 255, 0, 100]","[97, 255, 97]"
13759,8480347ffffffff,16,0,0,"[0, 255, 0, 100]","[97, 255, 97]"
13760,848034bffffffff,4,0,0,"[0, 255, 0, 100]","[97, 255, 97]"
13761,848034dffffffff,24,0,0,"[0, 255, 0, 100]","[97, 255, 97]"
13762,848035dffffffff,1,0,0,"[0, 255, 0, 100]","[97, 255, 97]"
13763,8480369ffffffff,7,0,0,"[0, 255, 0, 100]","[97, 255, 97]"
13764,8480809ffffffff,12,0,0,"[0, 255, 0, 100]","[97, 255, 97]"
13765,848080bffffffff,24,0,0,"[0, 255, 0, 100]","[97, 255, 97]"
13766,8480851ffffffff,14,0,0,"[0, 255, 0, 100]","[97, 255, 97]"
13767,8480855ffffffff,17,0,0,"[0, 255, 0, 100]","[97, 255, 97]"
13768,8480965ffffffff,71,0,0,"[0, 255, 0, 100]","[97, 255, 97]"
13769,84809a3ffffffff,46,0,0,"[0, 255, 0, 100]","[97, 255, 97]"
13770,84809bdffffffff,72,0,0,"[0, 255, 0, 100]","[97, 255, 97]"
13771,84809c1ffffffff,11,0,0,"[0, 255, 0, 100]","[97, 255, 97]"
13772,84809cbffffffff,5,0,0,"[0, 255, 0, 100]","[97, 255, 97]"
13773,8480a03ffffffff,12,0,0,"[0, 255, 0, 100]","[97, 255, 97]"
13774,8480a0bffffffff,106,0,0,"[0, 255, 0, 100]","[97, 255, 97]"
13775,8480a31ffffffff,25,0,0,"[0, 255, 0, 100]","[97, 255, 97]"
13776,8480a33ffffffff,2,0,0,"[0, 255, 0, 100]","[97, 255, 97]"
13777,8480a55ffffffff,48,0,0,"[0, 255, 0, 100]","[97, 255, 97]"
13778,8480a97ffffffff,1,0,0,"[0, 255, 0, 100]","[97, 255, 97]"
13779,8480abbffffffff,1,0,0,"[0, 255, 0, 100]","[97, 255, 97]"
13780,8480b45ffffffff,73,0,0,"[0, 255, 0, 100]","[97, 255, 97]"
13781,8480c0dffffffff,6,0,0,"[0, 255, 0, 100]","[97, 255, 97]"
13782,8480c63ffffffff,14,0,0,"[0, 255, 0, 100]","[97, 255, 97]"
13783,8480c6bffffffff,10,0,0,"[0, 255, 0, 100]","[97, 255, 97]"
13784,8480f65ffffffff,9,0,0,"[0, 255, 0, 100]","[97, 255, 97]"
13785,8480f6dffffffff,22,0,0,"[0, 255, 0, 100]","[97, 255, 97]"
13786,8481001ffffffff,46,0,0,"[0, 255, 0, 100]","[97, 255, 97]"
13787,8481009ffffffff,106,0,0,"[0, 255, 0, 100]","[97, 255, 97]"
13788,848100dffffffff,5,0,0,"[0, 255, 0, 100]","[97, 255, 97]"
13789,8481043ffffffff,154,0,0,"[0, 255, 0, 100]","[97, 255, 97]"
13790,8481065ffffffff,1,0,0,"[0, 255, 0, 100]","[97, 255, 97]"
13791,848106dffffffff,90,0,0,"[0, 255, 0, 100]","[97, 255, 97]"
13792,8481103ffffffff,9,0,0,"[0, 255, 0, 100]","[97, 255, 97]"
13793,8481105ffffffff,2,0,0,"[0, 255, 0, 100]","[97, 255, 97]"
13794,8481107ffffffff,74,0,0,"[0, 255, 0, 100]","[97, 255, 97]"
13795,848110bffffffff,2,0,0,"[0, 255, 0, 100]","[97, 255, 97]"
13796,848110dffffffff,74,0,0,"[0, 255, 0, 100]","[97, 255, 97]"
13797,8481121ffffffff,9,0,0,"[0, 255, 0, 100]","[97, 255, 97]"
13798,8481127ffffffff,2,0,0,"[0, 255, 0, 100]","[97, 255, 97]"
13799,8481129ffffffff,7,0,0,"[0, 255, 0, 100]","[97, 255, 97]"
13800,8481141ffffffff,1,0,0,"[0, 255, 0, 100]","[97, 255, 97]"
13801,8481143ffffffff,35,0,0,"[0, 255, 0, 100]","[97, 255, 97]"
13802,8481145ffffffff,42,0,0,"[0, 255, 0, 100]","[97, 255, 97]"
13803,8481147ffffffff,53,0,0,"[0, 255, 0, 100]","[97, 255, 97]"
13804,848114bffffffff,11,0,0,"[0, 255, 0, 100]","[97, 255, 97]"
13805,8481155ffffffff,86,0,0,"[0, 255, 0, 100]","[97, 255, 97]"
13806,8481163ffffffff,3,0,0,"[0, 255, 0, 100]","[97, 255, 97]"
13807,8481169ffffffff,44,0,0,"[0, 255, 0, 100]","[97, 255, 97]"
13808,848116bffffffff,258,0,0,"[0, 255, 0, 100]","[97, 255, 97]"
13809,8481185ffffffff,51,0,0,"[0, 255, 0, 100]","[97, 255, 97]"
13810,848118dffffffff,102,0,0,"[0, 255, 0, 100]","[97, 255, 97]"
13811,84811a5ffffffff,5,0,0,"[0, 255, 0, 100]","[97, 255, 97]"
13812,84811a7ffffffff,3,0,0,"[0, 255, 0, 100]","[97, 255, 97]"
13813,84811c1ffffffff,98,0,0,"[0, 255, 0, 100]","[97, 255, 97]"
13814,84811c7ffffffff,178,0,0,"[0, 255, 0, 100]","[97, 255, 97]"
13815,84811c9ffffffff,56,0,0,"[0, 255, 0, 100]","[97, 255, 97]"
13816,84811cbffffffff,24,0,0,"[0, 255, 0, 100]","[97, 255, 97]"
13817,8481215ffffffff,21,0,0,"[0, 255, 0, 100]","[97, 255, 97]"
13818,848121dffffffff,159,0,0,"[0, 255, 0, 100]","[97, 255, 97]"
13819,8481221ffffffff,50,0,0,"[0, 255, 0, 100]","[97, 255, 97]"
13820,8481223ffffffff,33,0,0,"[0, 255, 0, 100]","[97, 255, 97]"
13821,8481227ffffffff,2,0,0,"[0, 255, 0, 100]","[97, 255, 97]"
13822,8481229ffffffff,4,0,0,"[0, 255, 0, 100]","[97, 255, 97]"
13823,8481231ffffffff,48,0,0,"[0, 255, 0, 100]","[97, 255, 97]"
13824,8481233ffffffff,103,0,0,"[0, 255, 0, 100]","[97, 255, 97]"
13825,848123bffffffff,31,0,0,"[0, 255, 0, 100]","[97, 255, 97]"
13826,848124bffffffff,6,0,0,"[0, 255, 0, 100]","[97, 255, 97]"
13827,848124dffffffff,56,0,0,"[0, 255, 0, 100]","[97, 255, 97]"
13828,8481261ffffffff,58,0,0,"[0, 255, 0, 100]","[97, 255, 97]"
13829,848126dffffffff,25,0,0,"[0, 255, 0, 100]","[97, 255, 97]"
13830,8481303ffffffff,107,0,0,"[0, 255, 0, 100]","[97, 255, 97]"
13831,8481307ffffffff,33,0,0,"[0, 255, 0, 100]","[97, 255, 97]"
13832,8481309ffffffff,48,0,0,"[0, 255, 0, 100]","[97, 255, 97]"
13833,8481335ffffffff,14,0,0,"[0, 255, 0, 100]","[97, 255, 97]"
13834,8481339ffffffff,5,0,0,"[0, 255, 0, 100]","[97, 255, 97]"
13835,848133dffffffff,31,0,0,"[0, 255, 0, 100]","[97, 255, 97]"
13836,8481353ffffffff,47,0,0,"[0, 255, 0, 100]","[97, 255, 97]"
13837,8481355ffffffff,15,0,0,"[0, 255, 0, 100]","[97, 255, 97]"
13838,8481357ffffffff,60,0,0,"[0, 255, 0, 100]","[97, 255, 97]"
13839,8481589ffffffff,63,0,0,"[0, 255, 0, 100]","[97, 255, 97]"
13840,8481655ffffffff,8,0,0,"[0, 255, 0, 100]","[97, 255, 97]"
13841,8481657ffffffff,15,0,0,"[0, 255, 0, 100]","[97, 255, 97]"
13842,8481815ffffffff,3,0,0,"[0, 255, 0, 100]","[97, 255, 97]"
13843,8481817ffffffff,1,0,0,"[0, 255, 0, 100]","[97, 255, 97]"
13844,848181dffffffff,4,0,0,"[0, 255, 0, 100]","[97, 255, 97]"
13845,8481833ffffffff,36,0,0,"[0, 255, 0, 100]","[97, 255, 97]"
13846,8481839ffffffff,284,0,0,"[0, 255, 0, 100]","[97, 255, 97]"
13847,8481851ffffffff,87,0,0,"[0, 255, 0, 100]","[97, 255, 97]"
13848,8481857ffffffff,95,0,0,"[0, 255, 0, 100]","[97, 255, 97]"
13849,8481859ffffffff,87,0,0,"[0, 255, 0, 100]","[97, 255, 97]"
13850,84818a5ffffffff,43,0,0,"[0, 255, 0, 100]","[97, 255, 97]"
13851,84818cdffffffff,8,0,0,"[0, 255, 0, 100]","[97, 255, 97]"
13852,84818dbffffffff,6,0,0,"[0, 255, 0, 100]","[97, 255, 97]"
13853,8481935ffffffff,6,0,0,"[0, 255, 0, 100]","[97, 255, 97]"
13854,84819d1ffffffff,8,0,0,"[0, 255, 0, 100]","[97, 255, 97]"
13855,84819d9ffffffff,25,0,0,"[0, 255, 0, 100]","[97, 255, 97]"
13856,8481a11ffffffff,73,0,0,"[0, 255, 0, 100]","[97, 255, 97]"
13857,8481a19ffffffff,52,0,0,"[0, 255, 0, 100]","[97, 255, 97]"
13858,8481a1bffffffff,1,0,0,"[0, 255, 0, 100]","[97, 255, 97]"
13859,8481a33ffffffff,62,0,0,"[0, 255, 0, 100]","[97, 255, 97]"
13860,8481a3bffffffff,2,0,0,"[0, 255, 0, 100]","[97, 255, 97]"
13861,8481a5dffffffff,6,0,0,"[0, 255, 0, 100]","[97, 255, 97]"
13862,8481a87ffffffff,5,0,0,"[0, 255, 0, 100]","[97, 255, 97]"
13863,8481a8bffffffff,1,0,0,"[0, 255, 0, 100]","[97, 255, 97]"
13864,8481a8dffffffff,6,0,0,"[0, 255, 0, 100]","[97, 255, 97]"
13865,8481a93ffffffff,104,0,0,"[0, 255, 0, 100]","[97, 255, 97]"
13866,8481ab3ffffffff,4,0,0,"[0, 255, 0, 100]","[97, 255, 97]"
13867,8481ab5ffffffff,2,0,0,"[0, 255, 0, 100]","[97, 255, 97]"
13868,8481abdffffffff,50,0,0,"[0, 255, 0, 100]","[97, 255, 97]"
13869,8481ac1ffffffff,68,0,0,"[0, 255, 0, 100]","[97, 255, 97]"
13870,8481ac3ffffffff,9,0,0,"[0, 255, 0, 100]","[97, 255, 97]"
13871,8481ac5ffffffff,16,0,0,"[0, 255, 0, 100]","[97, 255, 97]"
13872,8481ac7ffffffff,19,0,0,"[0, 255, 0, 100]","[97, 255, 97]"
13873,8481ad5ffffffff,26,0,0,"[0, 255, 0, 100]","[97, 255, 97]"
13874,8482063ffffffff,4,0,0,"[0, 255, 0, 100]","[97, 255, 97]"
13875,84821d1ffffffff,5,0,0,"[0, 255, 0, 100]","[97, 255, 97]"
13876,84821d7ffffffff,1,0,0,"[0, 255, 0, 100]","[97, 255, 97]"
13877,84821ddffffffff,1,0,0,"[0, 255, 0, 100]","[97, 255, 97]"
13878,8482c09ffffffff,13,0,0,"[0, 255, 0, 100]","[97, 255, 97]"
13879,8482c35ffffffff,1,0,0,"[0, 255, 0, 100]","[97, 255, 97]"
13880,8482c55ffffffff,133,0,0,"[0, 255, 0, 100]","[97, 255, 97]"
13881,8482ca5ffffffff,34,0,0,"[0, 255, 0, 100]","[97, 255, 97]"
13882,8482ca7ffffffff,5,0,0,"[0, 255, 0, 100]","[97, 255, 97]"
13883,8482d83ffffffff,21,0,0,"[0, 255, 0, 100]","[97, 255, 97]"
13884,8482dd3ffffffff,141,0,0,"[0, 255, 0, 100]","[97, 255, 97]"
13885,8482de1ffffffff,78,0,0,"[0, 255, 0, 100]","[97, 255, 97]"
13886,8482f01ffffffff,6,0,0,"[0, 255, 0, 100]","[97, 255, 97]"
13887,8482f09ffffffff,1,0,0,"[0, 255, 0, 100]","[97, 255, 97]"
13888,8482f6dffffffff,54,0,0,"[0, 255, 0, 100]","[97, 255, 97]"
13889,84831e7ffffffff,17,0,0,"[0, 255, 0, 100]","[97, 255, 97]"
13890,84831e9ffffffff,4,0,0,"[0, 255, 0, 100]","[97, 255, 97]"
13891,84831ebffffffff,13,0,0,"[0, 255, 0, 100]","[97, 255, 97]"
13892,8484059ffffffff,10,0,0,"[0, 255, 0, 100]","[97, 255, 97]"
13893,84842e5ffffffff,11,0,0,"[0, 255, 0, 100]","[97, 255, 97]"
13894,84845a1ffffffff,165,0,0,"[0, 255, 0, 100]","[97, 255, 97]"
13895,84845b1ffffffff,20,0,0,"[0, 255, 0, 100]","[97, 255, 97]"
13896,84845bdffffffff,35,0,0,"[0, 255, 0, 100]","[97, 255, 97]"
13897,8484823ffffffff,104,0,0,"[0, 255, 0, 100]","[97, 255, 97]"
13898,848483dffffffff,2,0,0,"[0, 255, 0, 100]","[97, 255, 97]"
13899,84848c5ffffffff,3,0,0,"[0, 255, 0, 100]","[97, 255, 97]"
13900,84848c7ffffffff,5,0,0,"[0, 255, 0, 100]","[97, 255, 97]"
13901,8485709ffffffff,2,0,0,"[0, 255, 0, 100]","[97, 255, 97]"
13902,8485719ffffffff,34,0,0,"[0, 255, 0, 100]","[97, 255, 97]"
13903,8485755ffffffff,24,0,0,"[0, 255, 0, 100]","[97, 255, 97]"
13904,8485757ffffffff,88,0,0,"[0, 255, 0, 100]","[97, 255, 97]"
13905,8485805ffffffff,3,0,0,"[0, 255, 0, 100]","[97, 255, 97]"
13906,848582bffffffff,4,0,0,"[0, 255, 0, 100]","[97, 255, 97]"
13907,8485a01ffffffff,58,0,0,"[0, 255, 0, 100]","[97, 255, 97]"
13908,8485a05ffffffff,29,0,0,"[0, 255, 0, 100]","[97, 255, 97]"
13909,8485a09ffffffff,71,0,0,"[0, 255, 0, 100]","[97, 255, 97]"
13910,8485a0dffffffff,8,0,0,"[0, 255, 0, 100]","[97, 255, 97]"
13911,8485a23ffffffff,463,0,0,"[0, 255, 0, 100]","[97, 255, 97]"
13912,8485a43ffffffff,88,0,0,"[0, 255, 0, 100]","[97, 255, 97]"
13913,8486081ffffffff,136,0,0,"[0, 255, 0, 100]","[97, 255, 97]"
13914,8486087ffffffff,142,0,0,"[0, 255, 0, 100]","[97, 255, 97]"
13915,8486089ffffffff,219,0,0,"[0, 255, 0, 100]","[97, 255, 97]"
13916,84860b9ffffffff,45,0,0,"[0, 255, 0, 100]","[97, 255, 97]"
13917,84860bdffffffff,8,0,0,"[0, 255, 0, 100]","[97, 255, 97]"
13918,84860c3ffffffff,96,0,0,"[0, 255, 0, 100]","[97, 255, 97]"
13919,84860cbffffffff,81,0,0,"[0, 255, 0, 100]","[97, 255, 97]"
13920,8486805ffffffff,87,0,0,"[0, 255, 0, 100]","[97, 255, 97]"
13921,8486807ffffffff,147,0,0,"[0, 255, 0, 100]","[97, 255, 97]"
13922,848680dffffffff,250,0,0,"[0, 255, 0, 100]","[97, 255, 97]"
13923,8486833ffffffff,37,0,0,"[0, 255, 0, 100]","[97, 255, 97]"
13924,848683bffffffff,3,0,0,"[0, 255, 0, 100]","[97, 255, 97]"
13925,848683dffffffff,80,0,0,"[0, 255, 0, 100]","[97, 255, 97]"
13926,8486841ffffffff,18,0,0,"[0, 255, 0, 100]","[97, 255, 97]"
13927,8486845ffffffff,34,0,0,"[0, 255, 0, 100]","[97, 255, 97]"
13928,8486847ffffffff,70,0,0,"[0, 255, 0, 100]","[97, 255, 97]"
13929,84868e5ffffffff,1,0,0,"[0, 255, 0, 100]","[97, 255, 97]"
13930,8486995ffffffff,51,0,0,"[0, 255, 0, 100]","[97, 255, 97]"
13931,8486997ffffffff,5,0,0,"[0, 255, 0, 100]","[97, 255, 97]"
13932,848699dffffffff,132,0,0,"[0, 255, 0, 100]","[97, 255, 97]"
13933,84869d3ffffffff,2,0,0,"[0, 255, 0, 100]","[97, 255, 97]"
13934,84869dbffffffff,131,0,0,"[0, 255, 0, 100]","[97, 255, 97]"
13935,8486a95ffffffff,88,0,0,"[0, 255, 0, 100]","[97, 255, 97]"
13936,8486aa1ffffffff,189,0,0,"[0, 255, 0, 100]","[97, 255, 97]"
13937,8486aabffffffff,102,0,0,"[0, 255, 0, 100]","[97, 255, 97]"
13938,8486aadffffffff,128,0,0,"[0, 255, 0, 100]","[97, 255, 97]"
13939,8486ab9ffffffff,34,0,0,"[0, 255, 0, 100]","[97, 255, 97]"
13940,8486abdffffffff,240,0,0,"[0, 255, 0, 100]","[97, 255, 97]"
13941,8486c11ffffffff,76,0,0,"[0, 255, 0, 100]","[97, 255, 97]"
13942,8486c19ffffffff,122,0,0,"[0, 255, 0, 100]","[97, 255, 97]"
13943,8486c1dffffffff,30,0,0,"[0, 255, 0, 100]","[97, 255, 97]"
13944,8486c53ffffffff,115,0,0,"[0, 255, 0, 100]","[97, 255, 97]"
13945,8486c57ffffffff,1,0,0,"[0, 255, 0, 100]","[97, 255, 97]"
13946,8486c5bffffffff,52,0,0,"[0, 255, 0, 100]","[97, 255, 97]"
13947,8486ca5ffffffff,90,0,0,"[0, 255, 0, 100]","[97, 255, 97]"
13948,8486cadffffffff,136,0,0,"[0, 255, 0, 100]","[97, 255, 97]"
13949,8486cc5ffffffff,84,0,0,"[0, 255, 0, 100]","[97, 255, 97]"
13950,8486ccdffffffff,40,0,0,"[0, 255, 0, 100]","[97, 255, 97]"
13951,8486ce5ffffffff,36,0,0,"[0, 255, 0, 100]","[97, 255, 97]"
13952,8486ce7ffffffff,16,0,0,"[0, 255, 0, 100]","[97, 255, 97]"
13953,8486d93ffffffff,24,0,0,"[0, 255, 0, 100]","[97, 255, 97]"
13954,8486d9bffffffff,72,0,0,"[0, 255, 0, 100]","[97, 255, 97]"
13955,8486ddbffffffff,32,0,0,"[0, 255, 0, 100]","[97, 255, 97]"
13956,8486e03ffffffff,136,0,0,"[0, 255, 0, 100]","[97, 255, 97]"
13957,8486e0bffffffff,75,0,0,"[0, 255, 0, 100]","[97, 255, 97]"
13958,8486e15ffffffff,4,0,0,"[0, 255, 0, 100]","[97, 255, 97]"
13959,8486e55ffffffff,167,0,0,"[0, 255, 0, 100]","[97, 255, 97]"
13960,8486e5dffffffff,19,0,0,"[0, 255, 0, 100]","[97, 255, 97]"
13961,8486ea7ffffffff,37,0,0,"[0, 255, 0, 100]","[97, 255, 97]"
13962,84878edffffffff,6,0,0,"[0, 255, 0, 100]","[97, 255, 97]"
13963,8487909ffffffff,52,0,0,"[0, 255, 0, 100]","[97, 255, 97]"
13964,8487947ffffffff,99,0,0,"[0, 255, 0, 100]","[97, 255, 97]"
13965,8487961ffffffff,6,0,0,"[0, 255, 0, 100]","[97, 255, 97]"
13966,848796bffffffff,189,0,0,"[0, 255, 0, 100]","[97, 255, 97]"
13967,8487b17ffffffff,5,0,0,"[0, 255, 0, 100]","[97, 255, 97]"
13968,8488053ffffffff,2,0,0,"[0, 255, 0, 100]","[97, 255, 97]"
13969,8488057ffffffff,14,0,0,"[0, 255, 0, 100]","[97, 255, 97]"
13970,84882a9ffffffff,33,0,0,"[0, 255, 0, 100]","[97, 255, 97]"
13971,84882adffffffff,192,0,0,"[0, 255, 0, 100]","[97, 255, 97]"
13972,8488541ffffffff,2,0,0,"[0, 255, 0, 100]","[97, 255, 97]"
13973,8488545ffffffff,84,0,0,"[0, 255, 0, 100]","[97, 255, 97]"
13974,8488561ffffffff,7,0,0,"[0, 255, 0, 100]","[97, 255, 97]"
13975,8488565ffffffff,32,0,0,"[0, 255, 0, 100]","[97, 255, 97]"
13976,8488945ffffffff,2,0,0,"[0, 255, 0, 100]","[97, 255, 97]"
13977,8488969ffffffff,219,0,0,"[0, 255, 0, 100]","[97, 255, 97]"
13978,848896dffffffff,217,0,0,"[0, 255, 0, 100]","[97, 255, 97]"
13979,8488cb7ffffffff,2,0,0,"[0, 255, 0, 100]","[97, 255, 97]"
13980,8489111ffffffff,116,0,0,"[0, 255, 0, 100]","[97, 255, 97]"
13981,8489115ffffffff,97,0,0,"[0, 255, 0, 100]","[97, 255, 97]"
13982,8489117ffffffff,111,0,0,"[0, 255, 0, 100]","[97, 255, 97]"
13983,8489131ffffffff,115,0,0,"[0, 255, 0, 100]","[97, 255, 97]"
13984,848913bffffffff,139,0,0,"[0, 255, 0, 100]","[97, 255, 97]"
13985,8489229ffffffff,1,0,0,"[0, 255, 0, 100]","[97, 255, 97]"
13986,848922dffffffff,32,0,0,"[0, 255, 0, 100]","[97, 255, 97]"
13987,8489267ffffffff,68,0,0,"[0, 255, 0, 100]","[97, 255, 97]"
13988,8489319ffffffff,195,0,0,"[0, 255, 0, 100]","[97, 255, 97]"
13989,848931dffffffff,11,0,0,"[0, 255, 0, 100]","[97, 255, 97]"
13990,8489353ffffffff,189,0,0,"[0, 255, 0, 100]","[97, 255, 97]"
13991,848964bffffffff,10,0,0,"[0, 255, 0, 100]","[97, 255, 97]"
13992,8489a33ffffffff,2,0,0,"[0, 255, 0, 100]","[97, 255, 97]"
13993,848a009ffffffff,90,0,0,"[0, 255, 0, 100]","[97, 255, 97]"
13994,848a029ffffffff,42,0,0,"[0, 255, 0, 100]","[97, 255, 97]"
13995,848a02bffffffff,29,0,0,"[0, 255, 0, 100]","[97, 255, 97]"
13996,848a055ffffffff,1,0,0,"[0, 255, 0, 100]","[97, 255, 97]"
13997,848a1c7ffffffff,94,0,0,"[0, 255, 0, 100]","[97, 255, 97]"
13998,848a331ffffffff,4,0,0,"[0, 255, 0, 100]","[97, 255, 97]"
13999,848a335ffffffff,6,0,0,"[0, 255, 0, 100]","[97, 255, 97]"
14000,848a349ffffffff,50,0,0,"[0, 255, 0, 100]","[97, 255, 97]"
14001,848a34dffffffff,16,0,0,"[0, 255, 0, 100]","[97, 255, 97]"
14002,848a463ffffffff,4,0,0,"[0, 255, 0, 100]","[97, 255, 97]"
14003,848a467ffffffff,53,0,0,"[0, 255, 0, 100]","[97, 255, 97]"
14004,848a46dffffffff,109,0,0,"[0, 255, 0, 100]","[97, 255, 97]"
14005,848a495ffffffff,32,0,0,"[0, 255, 0, 100]","[97, 255, 97]"
14006,848a8d1ffffffff,12,0,0,"[0, 255, 0, 100]","[97, 255, 97]"
14007,848aa81ffffffff,2,0,0,"[0, 255, 0, 100]","[97, 255, 97]"
14008,848aa8dffffffff,4,0,0,"[0, 255, 0, 100]","[97, 255, 97]"
14009,848aa97ffffffff,29,0,0,"[0, 255, 0, 100]","[97, 255, 97]"
14010,848ac45ffffffff,39,0,0,"[0, 255, 0, 100]","[97, 255, 97]"
14011,848ace1ffffffff,16,0,0,"[0, 255, 0, 100]","[97, 255, 97]"
14012,848ace5ffffffff,6,0,0,"[0, 255, 0, 100]","[97, 255, 97]"
14013,848ad91ffffffff,23,0,0,"[0, 255, 0, 100]","[97, 255, 97]"
14014,848ad99ffffffff,27,0,0,"[0, 255, 0, 100]","[97, 255, 97]"
14015,848af13ffffffff,8,0,0,"[0, 255, 0, 100]","[97, 255, 97]"
14016,848af23ffffffff,10,0,0,"[0, 255, 0, 100]","[97, 255, 97]"
14017,848af35ffffffff,175,0,0,"[0, 255, 0, 100]","[97, 255, 97]"
14018,848af69ffffffff,13,0,0,"[0, 255, 0, 100]","[97, 255, 97]"
14019,848af6bffffffff,93,0,0,"[0, 255, 0, 100]","[97, 255, 97]"
14020,848af6dffffffff,100,0,0,"[0, 255, 0, 100]","[97, 255, 97]"
14021,848b021ffffffff,48,0,0,"[0, 255, 0, 100]","[97, 255, 97]"
14022,848b02dffffffff,4,0,0,"[0, 255, 0, 100]","[97, 255, 97]"
14023,848b097ffffffff,19,0,0,"[0, 255, 0, 100]","[97, 255, 97]"
14024,848b0d5ffffffff,91,0,0,"[0, 255, 0, 100]","[97, 255, 97]"
14025,848b0d7ffffffff,22,0,0,"[0, 255, 0, 100]","[97, 255, 97]"
14026,848b213ffffffff,73,0,0,"[0, 255, 0, 100]","[97, 255, 97]"
14027,848b21bffffffff,30,0,0,"[0, 255, 0, 100]","[97, 255, 97]"
14028,848b221ffffffff,4,0,0,"[0, 255, 0, 100]","[97, 255, 97]"
14029,848b239ffffffff,47,0,0,"[0, 255, 0, 100]","[97, 255, 97]"
14030,848b23bffffffff,39,0,0,"[0, 255, 0, 100]","[97, 255, 97]"
14031,848b23dffffffff,62,0,0,"[0, 255, 0, 100]","[97, 255, 97]"
14032,848b243ffffffff,11,0,0,"[0, 255, 0, 100]","[97, 255, 97]"
14033,848b251ffffffff,49,0,0,"[0, 255, 0, 100]","[97, 255, 97]"
14034,848b259ffffffff,39,0,0,"[0, 255, 0, 100]","[97, 255, 97]"
14035,848b2bbffffffff,64,0,0,"[0, 255, 0, 100]","[97, 255, 97]"
14036,848b2c9ffffffff,36,0,0,"[0, 255, 0, 100]","[97, 255, 97]"
14037,848b2e9ffffffff,51,0,0,"[0, 255, 0, 100]","[97, 255, 97]"
14038,848b309ffffffff,19,0,0,"[0, 255, 0, 100]","[97, 255, 97]"
14039,848b355ffffffff,100,0,0,"[0, 255, 0, 100]","[97, 255, 97]"
14040,848b357ffffffff,4,0,0,"[0, 255, 0, 100]","[97, 255, 97]"
14041,848b465ffffffff,97,0,0,"[0, 255, 0, 100]","[97, 255, 97]"
14042,848b467ffffffff,125,0,0,"[0, 255, 0, 100]","[97, 255, 97]"
14043,848b50bffffffff,14,0,0,"[0, 255, 0, 100]","[97, 255, 97]"
14044,848b543ffffffff,100,0,0,"[0, 255, 0, 100]","[97, 255, 97]"
14045,848b619ffffffff,3,0,0,"[0, 255, 0, 100]","[97, 255, 97]"
14046,848b61bffffffff,7,0,0,"[0, 255, 0, 100]","[97, 255, 97]"
14047,848b641ffffffff,18,0,0,"[0, 255, 0, 100]","[97, 255, 97]"
14048,848b64bffffffff,18,0,0,"[0, 255, 0, 100]","[97, 255, 97]"
14049,848b659ffffffff,12,0,0,"[0, 255, 0, 100]","[97, 255, 97]"
14050,848b6c3ffffffff,18,0,0,"[0, 255, 0, 100]","[97, 255, 97]"
14051,848b6c9ffffffff,24,0,0,"[0, 255, 0, 100]","[97, 255, 97]"
14052,848b733ffffffff,27,0,0,"[0, 255, 0, 100]","[97, 255, 97]"
14053,848b76dffffffff,14,0,0,"[0, 255, 0, 100]","[97, 255, 97]"
14054,848bab1ffffffff,1,0,0,"[0, 255, 0, 100]","[97, 255, 97]"
14055,848c107ffffffff,152,0,0,"[0, 255, 0, 100]","[97, 255, 97]"
14056,848c123ffffffff,67,0,0,"[0, 255, 0, 100]","[97, 255, 97]"
14057,848c12bffffffff,1,0,0,"[0, 255, 0, 100]","[97, 255, 97]"
14058,848c139ffffffff,13,0,0,"[0, 255, 0, 100]","[97, 255, 97]"
14059,848c13dffffffff,18,0,0,"[0, 255, 0, 100]","[97, 255, 97]"
14060,848c149ffffffff,8,0,0,"[0, 255, 0, 100]","[97, 255, 97]"
14061,848c14bffffffff,1,0,0,"[0, 255, 0, 100]","[97, 255, 97]"
14062,848c161ffffffff,63,0,0,"[0, 255, 0, 100]","[97, 255, 97]"
14063,848c163ffffffff,17,0,0,"[0, 255, 0, 100]","[97, 255, 97]"
14064,848c169ffffffff,1,0,0,"[0, 255, 0, 100]","[97, 255, 97]"
14065,848c16bffffffff,5,0,0,"[0, 255, 0, 100]","[97, 255, 97]"
14066,848c335ffffffff,3,0,0,"[0, 255, 0, 100]","[97, 255, 97]"
14067,848c64dffffffff,5,0,0,"[0, 255, 0, 100]","[97, 255, 97]"
14068,848c665ffffffff,3,0,0,"[0, 255, 0, 100]","[97, 255, 97]"
14069,848c75bffffffff,105,0,0,"[0, 255, 0, 100]","[97, 255, 97]"
14070,848c8cbffffffff,2,0,0,"[0, 255, 0, 100]","[97, 255, 97]"
14071,848c90bffffffff,1,0,0,"[0, 255, 0, 100]","[97, 255, 97]"
14072,848c955ffffffff,1,0,0,"[0, 255, 0, 100]","[97, 255, 97]"
14073,848c9c9ffffffff,7,0,0,"[0, 255, 0, 100]","[97, 255, 97]"
14074,848c9d1ffffffff,1,0,0,"[0, 255, 0, 100]","[97, 255, 97]"
14075,848c9ddffffffff,2,0,0,"[0, 255, 0, 100]","[97, 255, 97]"
14076,848ca21ffffffff,1,0,0,"[0, 255, 0, 100]","[97, 255, 97]"
14077,848ca2bffffffff,35,0,0,"[0, 255, 0, 100]","[97, 255, 97]"
14078,848cab5ffffffff,29,0,0,"[0, 255, 0, 100]","[97, 255, 97]"
14079,848cabdffffffff,21,0,0,"[0, 255, 0, 100]","[97, 255, 97]"
14080,848cb07ffffffff,23,0,0,"[0, 255, 0, 100]","[97, 255, 97]"
14081,848cb0dffffffff,14,0,0,"[0, 255, 0, 100]","[97, 255, 97]"
14082,848cb1bffffffff,1,0,0,"[0, 255, 0, 100]","[97, 255, 97]"
14083,848cb37ffffffff,17,0,0,"[0, 255, 0, 100]","[97, 255, 97]"
14084,848cb5bffffffff,1,0,0,"[0, 255, 0, 100]","[97, 255, 97]"
14085,848cd33ffffffff,3,0,0,"[0, 255, 0, 100]","[97, 255, 97]"
14086,848cd3bffffffff,177,0,0,"[0, 255, 0, 100]","[97, 255, 97]"
14087,848cd91ffffffff,139,0,0,"[0, 255, 0, 100]","[97, 255, 97]"
14088,848cd93ffffffff,124,0,0,"[0, 255, 0, 100]","[97, 255, 97]"
14089,848cd99ffffffff,83,0,0,"[0, 255, 0, 100]","[97, 255, 97]"
14090,848cdd7ffffffff,11,0,0,"[0, 255, 0, 100]","[97, 255, 97]"
14091,848cdedffffffff,6,0,0,"[0, 255, 0, 100]","[97, 255, 97]"
14092,848cf2bffffffff,13,0,0,"[0, 255, 0, 100]","[97, 255, 97]"
14093,848d151ffffffff,15,0,0,"[0, 255, 0, 100]","[97, 255, 97]"
14094,848d157ffffffff,20,0,0,"[0, 255, 0, 100]","[97, 255, 97]"
14095,848d15dffffffff,8,0,0,"[0, 255, 0, 100]","[97, 255, 97]"
14096,848d80bffffffff,35,0,0,"[0, 255, 0, 100]","[97, 255, 97]"
14097,848d8ebffffffff,6,0,0,"[0, 255, 0, 100]","[97, 255, 97]"
14098,848d8edffffffff,2,0,0,"[0, 255, 0, 100]","[97, 255, 97]"
14099,848d933ffffffff,12,0,0,"[0, 255, 0, 100]","[97, 255, 97]"
14100,848d935ffffffff,2,0,0,"[0, 255, 0, 100]","[97, 255, 97]"
14101,848d937ffffffff,1,0,0,"[0, 255, 0, 100]","[97, 255, 97]"
14102,848d98bffffffff,6,0,0,"[0, 255, 0, 100]","[97, 255, 97]"
14103,848d995ffffffff,5,0,0,"[0, 255, 0, 100]","[97, 255, 97]"
14104,848d99bffffffff,10,0,0,"[0, 255, 0, 100]","[97, 255, 97]"
14105,848d99dffffffff,7,0,0,"[0, 255, 0, 100]","[97, 255, 97]"
14106,848d9bbffffffff,6,0,0,"[0, 255, 0, 100]","[97, 255, 97]"
14107,848da25ffffffff,2,0,0,"[0, 255, 0, 100]","[97, 255, 97]"
14108,848da61ffffffff,1,0,0,"[0, 255, 0, 100]","[97, 255, 97]"
14109,848da65ffffffff,11,0,0,"[0, 255, 0, 100]","[97, 255, 97]"
14110,848db53ffffffff,1,0,0,"[0, 255, 0, 100]","[97, 255, 97]"
14111,848db5bffffffff,23,0,0,"[0, 255, 0, 100]","[97, 255, 97]"
14112,848e611ffffffff,20,0,0,"[0, 255, 0, 100]","[97, 255, 97]"
14113,848e615ffffffff,34,0,0,"[0, 255, 0, 100]","[97, 255, 97]"
14114,848e621ffffffff,15,0,0,"[0, 255, 0, 100]","[97, 255, 97]"
14115,848e625ffffffff,4,0,0,"[0, 255, 0, 100]","[97, 255, 97]"
14116,848e627ffffffff,8,0,0,"[0, 255, 0, 100]","[97, 255, 97]"
14117,848e62dffffffff,120,0,0,"[0, 255, 0, 100]","[97, 255, 97]"
14118,848e639ffffffff,9,0,0,"[0, 255, 0, 100]","[97, 255, 97]"
14119,848e63bffffffff,4,0,0,"[0, 255, 0, 100]","[97, 255, 97]"
14120,848e66dffffffff,32,0,0,"[0, 255, 0, 100]","[97, 255, 97]"
14121,848e6c9ffffffff,6,0,0,"[0, 255, 0, 100]","[97, 255, 97]"
14122,848e6cdffffffff,3,0,0,"[0, 255, 0, 100]","[97, 255, 97]"
14123,848e6d3ffffffff,3,0,0,"[0, 255, 0, 100]","[97, 255, 97]"
14124,848e6d9ffffffff,4,0,0,"[0, 255, 0, 100]","[97, 255, 97]"
14125,848e6ddffffffff,1,0,0,"[0, 255, 0, 100]","[97, 255, 97]"
14126,848e73dffffffff,10,0,0,"[0, 255, 0, 100]","[97, 255, 97]"
14127,848e75bffffffff,18,0,0,"[0, 255, 0, 100]","[97, 255, 97]"
14128,848f1c5ffffffff,22,0,0,"[0, 255, 0, 100]","[97, 255, 97]"
14129,848f1e1ffffffff,128,0,0,"[0, 255, 0, 100]","[97, 255, 97]"
14130,848f2ddffffffff,1,0,0,"[0, 255, 0, 100]","[97, 255, 97]"
14131,848f401ffffffff,4,0,0,"[0, 255, 0, 100]","[97, 255, 97]"
14132,848f413ffffffff,6,0,0,"[0, 255, 0, 100]","[97, 255, 97]"
14133,848f41bffffffff,1,0,0,"[0, 255, 0, 100]","[97, 255, 97]"
14134,848f531ffffffff,2,0,0,"[0, 255, 0, 100]","[97, 255, 97]"
14135,848f533ffffffff,14,0,0,"[0, 255, 0, 100]","[97, 255, 97]"
14136,848f5a9ffffffff,7,0,0,"[0, 255, 0, 100]","[97, 255, 97]"
14137,848f5abffffffff,4,0,0,"[0, 255, 0, 100]","[97, 255, 97]"
14138,848f5b1ffffffff,15,0,0,"[0, 255, 0, 100]","[97, 255, 97]"
14139,848f5b5ffffffff,11,0,0,"[0, 255, 0, 100]","[97, 255, 97]"
14140,848f5bdffffffff,4,0,0,"[0, 255, 0, 100]","[97, 255, 97]"
14141,848f6adffffffff,12,0,0,"[0, 255, 0, 100]","[97, 255, 97]"
14142,848f6e7ffffffff,5,0,0,"[0, 255, 0, 100]","[97, 255, 97]"
14143,8494103ffffffff,91,0,0,"[0, 255, 0, 100]","[97, 255, 97]"
14144,8494115ffffffff,31,0,0,"[0, 255, 0, 100]","[97, 255, 97]"
14145,8494139ffffffff,15,0,0,"[0, 255, 0, 100]","[97, 255, 97]"
14146,84941a1ffffffff,11,0,0,"[0, 255, 0, 100]","[97, 255, 97]"
14147,8494203ffffffff,72,0,0,"[0, 255, 0, 100]","[97, 255, 97]"
14148,8494225ffffffff,15,0,0,"[0, 255, 0, 100]","[97, 255, 97]"
14149,8494353ffffffff,6,0,0,"[0, 255, 0, 100]","[97, 255, 97]"
14150,8494417ffffffff,22,0,0,"[0, 255, 0, 100]","[97, 255, 97]"
14151,84944e1ffffffff,15,0,0,"[0, 255, 0, 100]","[97, 255, 97]"
14152,84944e5ffffffff,6,0,0,"[0, 255, 0, 100]","[97, 255, 97]"
14153,84944edffffffff,63,0,0,"[0, 255, 0, 100]","[97, 255, 97]"
14154,8494515ffffffff,10,0,0,"[0, 255, 0, 100]","[97, 255, 97]"
14155,849451dffffffff,48,0,0,"[0, 255, 0, 100]","[97, 255, 97]"
14156,8494533ffffffff,69,0,0,"[0, 255, 0, 100]","[97, 255, 97]"
14157,8494537ffffffff,90,0,0,"[0, 255, 0, 100]","[97, 255, 97]"
14158,8494567ffffffff,1,0,0,"[0, 255, 0, 100]","[97, 255, 97]"
14159,849460dffffffff,2,0,0,"[0, 255, 0, 100]","[97, 255, 97]"
14160,849463bffffffff,10,0,0,"[0, 255, 0, 100]","[97, 255, 97]"
14161,8494643ffffffff,6,0,0,"[0, 255, 0, 100]","[97, 255, 97]"
14162,8494647ffffffff,46,0,0,"[0, 255, 0, 100]","[97, 255, 97]"
14163,849466bffffffff,28,0,0,"[0, 255, 0, 100]","[97, 255, 97]"
14164,84946c1ffffffff,61,0,0,"[0, 255, 0, 100]","[97, 255, 97]"
14165,84946c3ffffffff,1,0,0,"[0, 255, 0, 100]","[97, 255, 97]"
14166,8494715ffffffff,35,0,0,"[0, 255, 0, 100]","[97, 255, 97]"
14167,849471dffffffff,10,0,0,"[0, 255, 0, 100]","[97, 255, 97]"
14168,849473bffffffff,2,0,0,"[0, 255, 0, 100]","[97, 255, 97]"
14169,8494801ffffffff,2,0,0,"[0, 255, 0, 100]","[97, 255, 97]"
14170,8494803ffffffff,1,0,0,"[0, 255, 0, 100]","[97, 255, 97]"
14171,849481bffffffff,1,0,0,"[0, 255, 0, 100]","[97, 255, 97]"
14172,8494837ffffffff,68,0,0,"[0, 255, 0, 100]","[97, 255, 97]"
14173,8494851ffffffff,6,0,0,"[0, 255, 0, 100]","[97, 255, 97]"
14174,8494855ffffffff,4,0,0,"[0, 255, 0, 100]","[97, 255, 97]"
14175,849485bffffffff,10,0,0,"[0, 255, 0, 100]","[97, 255, 97]"
14176,849485dffffffff,93,0,0,"[0, 255, 0, 100]","[97, 255, 97]"
14177,8494881ffffffff,2,0,0,"[0, 255, 0, 100]","[97, 255, 97]"
14178,8494889ffffffff,33,0,0,"[0, 255, 0, 100]","[97, 255, 97]"
14179,8494895ffffffff,13,0,0,"[0, 255, 0, 100]","[97, 255, 97]"
14180,8494897ffffffff,67,0,0,"[0, 255, 0, 100]","[97, 255, 97]"
14181,84948b3ffffffff,2,0,0,"[0, 255, 0, 100]","[97, 255, 97]"
14182,84949d9ffffffff,12,0,0,"[0, 255, 0, 100]","[97, 255, 97]"
14183,8494a37ffffffff,13,0,0,"[0, 255, 0, 100]","[97, 255, 97]"
14184,8494a81ffffffff,23,0,0,"[0, 255, 0, 100]","[97, 255, 97]"
14185,8494a87ffffffff,3,0,0,"[0, 255, 0, 100]","[97, 255, 97]"
14186,8494aadffffffff,11,0,0,"[0, 255, 0, 100]","[97, 255, 97]"
14187,8494ae7ffffffff,101,0,0,"[0, 255, 0, 100]","[97, 255, 97]"
14188,8494d61ffffffff,18,0,0,"[0, 255, 0, 100]","[97, 255, 97]"
14189,8494e23ffffffff,1,0,0,"[0, 255, 0, 100]","[97, 255, 97]"
14190,8494ebbffffffff,4,0,0,"[0, 255, 0, 100]","[97, 255, 97]"
14191,8494ed9ffffffff,5,0,0,"[0, 255, 0, 100]","[97, 255, 97]"
14192,8494f61ffffffff,15,0,0,"[0, 255, 0, 100]","[97, 255, 97]"
14193,8494f6bffffffff,19,0,0,"[0, 255, 0, 100]","[97, 255, 97]"
14194,8495009ffffffff,296,0,0,"[0, 255, 0, 100]","[97, 255, 97]"
14195,849500bffffffff,15,0,0,"[0, 255, 0, 100]","[97, 255, 97]"
14196,849504dffffffff,31,0,0,"[0, 255, 0, 100]","[97, 255, 97]"
14197,8495057ffffffff,36,0,0,"[0, 255, 0, 100]","[97, 255, 97]"
14198,84951c9ffffffff,4,0,0,"[0, 255, 0, 100]","[97, 255, 97]"
14199,84951cbffffffff,87,0,0,"[0, 255, 0, 100]","[97, 255, 97]"
14200,84951e3ffffffff,137,0,0,"[0, 255, 0, 100]","[97, 255, 97]"
14201,84952b3ffffffff,5,0,0,"[0, 255, 0, 100]","[97, 255, 97]"
14202,8495419ffffffff,6,0,0,"[0, 255, 0, 100]","[97, 255, 97]"
14203,849541bffffffff,4,0,0,"[0, 255, 0, 100]","[97, 255, 97]"
14204,8495591ffffffff,12,0,0,"[0, 255, 0, 100]","[97, 255, 97]"
14205,8495599ffffffff,11,0,0,"[0, 255, 0, 100]","[97, 255, 97]"
14206,849576bffffffff,29,0,0,"[0, 255, 0, 100]","[97, 255, 97]"
14207,849576dffffffff,95,0,0,"[0, 255, 0, 100]","[97, 255, 97]"
14208,8495a4dffffffff,37,0,0,"[0, 255, 0, 100]","[97, 255, 97]"
14209,8496019ffffffff,2,0,0,"[0, 255, 0, 100]","[97, 255, 97]"
14210,8496105ffffffff,36,0,0,"[0, 255, 0, 100]","[97, 255, 97]"
14211,8496129ffffffff,33,0,0,"[0, 255, 0, 100]","[97, 255, 97]"
14212,8496141ffffffff,30,0,0,"[0, 255, 0, 100]","[97, 255, 97]"
14213,8496149ffffffff,178,0,0,"[0, 255, 0, 100]","[97, 255, 97]"
14214,84961a7ffffffff,10,0,0,"[0, 255, 0, 100]","[97, 255, 97]"
14215,8496233ffffffff,4,0,0,"[0, 255, 0, 100]","[97, 255, 97]"
14216,8496355ffffffff,24,0,0,"[0, 255, 0, 100]","[97, 255, 97]"
14217,8496487ffffffff,15,0,0,"[0, 255, 0, 100]","[97, 255, 97]"
14218,84964b9ffffffff,7,0,0,"[0, 255, 0, 100]","[97, 255, 97]"
14219,8496895ffffffff,107,0,0,"[0, 255, 0, 100]","[97, 255, 97]"
14220,8496901ffffffff,1,0,0,"[0, 255, 0, 100]","[97, 255, 97]"
14221,8496921ffffffff,9,0,0,"[0, 255, 0, 100]","[97, 255, 97]"
14222,849692dffffffff,17,0,0,"[0, 255, 0, 100]","[97, 255, 97]"
14223,8496955ffffffff,59,0,0,"[0, 255, 0, 100]","[97, 255, 97]"
14224,849695dffffffff,82,0,0,"[0, 255, 0, 100]","[97, 255, 97]"
14225,8496a39ffffffff,1,0,0,"[0, 255, 0, 100]","[97, 255, 97]"
14226,8496ab3ffffffff,120,0,0,"[0, 255, 0, 100]","[97, 255, 97]"
14227,8496abbffffffff,14,0,0,"[0, 255, 0, 100]","[97, 255, 97]"
14228,8496cb3ffffffff,28,0,0,"[0, 255, 0, 100]","[97, 255, 97]"
14229,849702dffffffff,2,0,0,"[0, 255, 0, 100]","[97, 255, 97]"
14230,8497091ffffffff,3,0,0,"[0, 255, 0, 100]","[97, 255, 97]"
14231,8497093ffffffff,141,0,0,"[0, 255, 0, 100]","[97, 255, 97]"
14232,8497097ffffffff,264,0,0,"[0, 255, 0, 100]","[97, 255, 97]"
14233,8497099ffffffff,82,0,0,"[0, 255, 0, 100]","[97, 255, 97]"
14234,849709bffffffff,102,0,0,"[0, 255, 0, 100]","[97, 255, 97]"
14235,849709dffffffff,40,0,0,"[0, 255, 0, 100]","[97, 255, 97]"
14236,84970e1ffffffff,29,0,0,"[0, 255, 0, 100]","[97, 255, 97]"
14237,84970e7ffffffff,162,0,0,"[0, 255, 0, 100]","[97, 255, 97]"
14238,8497123ffffffff,4,0,0,"[0, 255, 0, 100]","[97, 255, 97]"
14239,8497135ffffffff,32,0,0,"[0, 255, 0, 100]","[97, 255, 97]"
14240,849713dffffffff,9,0,0,"[0, 255, 0, 100]","[97, 255, 97]"
14241,849714dffffffff,236,0,0,"[0, 255, 0, 100]","[97, 255, 97]"
14242,8497151ffffffff,4,0,0,"[0, 255, 0, 100]","[97, 255, 97]"
14243,8497159ffffffff,26,0,0,"[0, 255, 0, 100]","[97, 255, 97]"
14244,8497183ffffffff,3,0,0,"[0, 255, 0, 100]","[97, 255, 97]"
14245,8497199ffffffff,298,0,0,"[0, 255, 0, 100]","[97, 255, 97]"
14246,8497243ffffffff,4,0,0,"[0, 255, 0, 100]","[97, 255, 97]"
14247,8497299ffffffff,34,0,0,"[0, 255, 0, 100]","[97, 255, 97]"
14248,849729dffffffff,7,0,0,"[0, 255, 0, 100]","[97, 255, 97]"
14249,849731dffffffff,45,0,0,"[0, 255, 0, 100]","[97, 255, 97]"
14250,8497327ffffffff,31,0,0,"[0, 255, 0, 100]","[97, 255, 97]"
14251,8497357ffffffff,35,0,0,"[0, 255, 0, 100]","[97, 255, 97]"
14252,84974bbffffffff,1,0,0,"[0, 255, 0, 100]","[97, 255, 97]"
14253,849756dffffffff,45,0,0,"[0, 255, 0, 100]","[97, 255, 97]"
14254,8497709ffffffff,49,0,0,"[0, 255, 0, 100]","[97, 255, 97]"
14255,8497743ffffffff,27,0,0,"[0, 255, 0, 100]","[97, 255, 97]"
14256,8497745ffffffff,6,0,0,"[0, 255, 0, 100]","[97, 255, 97]"
14257,849788bffffffff,2,0,0,"[0, 255, 0, 100]","[97, 255, 97]"
14258,84978a3ffffffff,3,0,0,"[0, 255, 0, 100]","[97, 255, 97]"
14259,84978b5ffffffff,1,0,0,"[0, 255, 0, 100]","[97, 255, 97]"
14260,84978bdffffffff,2,0,0,"[0, 255, 0, 100]","[97, 255, 97]"
14261,84978d1ffffffff,90,0,0,"[0, 255, 0, 100]","[97, 255, 97]"
14262,84978d5ffffffff,9,0,0,"[0, 255, 0, 100]","[97, 255, 97]"
14263,84978d7ffffffff,23,0,0,"[0, 255, 0, 100]","[97, 255, 97]"
14264,84978d9ffffffff,41,0,0,"[0, 255, 0, 100]","[97, 255, 97]"
14265,8497945ffffffff,3,0,0,"[0, 255, 0, 100]","[97, 255, 97]"
14266,8497969ffffffff,103,0,0,"[0, 255, 0, 100]","[97, 255, 97]"
14267,8497a81ffffffff,32,0,0,"[0, 255, 0, 100]","[97, 255, 97]"
14268,8497ab1ffffffff,1,0,0,"[0, 255, 0, 100]","[97, 255, 97]"
14269,8497ab3ffffffff,3,0,0,"[0, 255, 0, 100]","[97, 255, 97]"
14270,8497ab7ffffffff,6,0,0,"[0, 255, 0, 100]","[97, 255, 97]"
14271,8497ac5ffffffff,71,0,0,"[0, 255, 0, 100]","[97, 255, 97]"
14272,8497ae1ffffffff,17,0,0,"[0, 255, 0, 100]","[97, 255, 97]"
14273,8497ae9ffffffff,131,0,0,"[0, 255, 0, 100]","[97, 255, 97]"
14274,8497b05ffffffff,293,0,0,"[0, 255, 0, 100]","[97, 255, 97]"
14275,8499543ffffffff,102,0,0,"[0, 255, 0, 100]","[97, 255, 97]"
14276,8499547ffffffff,211,0,0,"[0, 255, 0, 100]","[97, 255, 97]"
14277,849956bffffffff,98,0,0,"[0, 255, 0, 100]","[97, 255, 97]"
14278,8499723ffffffff,169,0,0,"[0, 255, 0, 100]","[97, 255, 97]"
14279,8499727ffffffff,4,0,0,"[0, 255, 0, 100]","[97, 255, 97]"
14280,8499739ffffffff,71,0,0,"[0, 255, 0, 100]","[97, 255, 97]"
14281,849973dffffffff,229,0,0,"[0, 255, 0, 100]","[97, 255, 97]"
14282,8499863ffffffff,61,0,0,"[0, 255, 0, 100]","[97, 255, 97]"
14283,8499867ffffffff,74,0,0,"[0, 255, 0, 100]","[97, 255, 97]"
14284,84998adffffffff,139,0,0,"[0, 255, 0, 100]","[97, 255, 97]"
14285,8499951ffffffff,46,0,0,"[0, 255, 0, 100]","[97, 255, 97]"
14286,849995bffffffff,135,0,0,"[0, 255, 0, 100]","[97, 255, 97]"
14287,8499985ffffffff,24,0,0,"[0, 255, 0, 100]","[97, 255, 97]"
14288,849998bffffffff,45,0,0,"[0, 255, 0, 100]","[97, 255, 97]"
14289,849998dffffffff,8,0,0,"[0, 255, 0, 100]","[97, 255, 97]"
14290,84999c1ffffffff,39,0,0,"[0, 255, 0, 100]","[97, 255, 97]"
14291,84999d3ffffffff,45,0,0,"[0, 255, 0, 100]","[97, 255, 97]"
14292,84999d7ffffffff,192,0,0,"[0, 255, 0, 100]","[97, 255, 97]"
14293,84999e3ffffffff,22,0,0,"[0, 255, 0, 100]","[97, 255, 97]"
14294,849a0a1ffffffff,10,0,0,"[0, 255, 0, 100]","[97, 255, 97]"
14295,849a0a9ffffffff,1,0,0,"[0, 255, 0, 100]","[97, 255, 97]"
14296,849a2b3ffffffff,46,0,0,"[0, 255, 0, 100]","[97, 255, 97]"
14297,849a2b7ffffffff,31,0,0,"[0, 255, 0, 100]","[97, 255, 97]"
14298,849a491ffffffff,29,0,0,"[0, 255, 0, 100]","[97, 255, 97]"
14299,849a495ffffffff,11,0,0,"[0, 255, 0, 100]","[97, 255, 97]"
14300,849a499ffffffff,37,0,0,"[0, 255, 0, 100]","[97, 255, 97]"
14301,849a685ffffffff,1,0,0,"[0, 255, 0, 100]","[97, 255, 97]"
14302,849a6a9ffffffff,27,0,0,"[0, 255, 0, 100]","[97, 255, 97]"
14303,849a981ffffffff,148,0,0,"[0, 255, 0, 100]","[97, 255, 97]"
14304,849a987ffffffff,98,0,0,"[0, 255, 0, 100]","[97, 255, 97]"
14305,849a98bffffffff,264,0,0,"[0, 255, 0, 100]","[97, 255, 97]"
14306,849a9abffffffff,1,0,0,"[0, 255, 0, 100]","[97, 255, 97]"
14307,849a9d1ffffffff,3,0,0,"[0, 255, 0, 100]","[97, 255, 97]"
14308,849a9d7ffffffff,152,0,0,"[0, 255, 0, 100]","[97, 255, 97]"
14309,849b499ffffffff,17,0,0,"[0, 255, 0, 100]","[97, 255, 97]"
14310,849b701ffffffff,45,0,0,"[0, 255, 0, 100]","[97, 255, 97]"
14311,849ba95ffffffff,127,0,0,"[0, 255, 0, 100]","[97, 255, 97]"
14312,849ba9dffffffff,151,0,0,"[0, 255, 0, 100]","[97, 255, 97]"
14313,849babbffffffff,4,0,0,"[0, 255, 0, 100]","[97, 255, 97]"
14314,849bad1ffffffff,4,0,0,"[0, 255, 0, 100]","[97, 255, 97]"
14315,849bad7ffffffff,65,0,0,"[0, 255, 0, 100]","[97, 255, 97]"
14316,849c059ffffffff,29,0,0,"[0, 255, 0, 100]","[97, 255, 97]"
14317,849c05bffffffff,57,0,0,"[0, 255, 0, 100]","[97, 255, 97]"
14318,849c191ffffffff,63,0,0,"[0, 255, 0, 100]","[97, 255, 97]"
14319,849c201ffffffff,26,0,0,"[0, 255, 0, 100]","[97, 255, 97]"
14320,849c205ffffffff,26,0,0,"[0, 255, 0, 100]","[97, 255, 97]"
14321,849c207ffffffff,62,0,0,"[0, 255, 0, 100]","[97, 255, 97]"
14322,849c20bffffffff,35,0,0,"[0, 255, 0, 100]","[97, 255, 97]"
14323,849c21dffffffff,1,0,0,"[0, 255, 0, 100]","[97, 255, 97]"
14324,849c231ffffffff,60,0,0,"[0, 255, 0, 100]","[97, 255, 97]"
14325,849c233ffffffff,87,0,0,"[0, 255, 0, 100]","[97, 255, 97]"
14326,849c235ffffffff,4,0,0,"[0, 255, 0, 100]","[97, 255, 97]"
14327,849c237ffffffff,4,0,0,"[0, 255, 0, 100]","[97, 255, 97]"
14328,849c239ffffffff,32,0,0,"[0, 255, 0, 100]","[97, 255, 97]"
14329,849c255ffffffff,78,0,0,"[0, 255, 0, 100]","[97, 255, 97]"
14330,849c259ffffffff,139,0,0,"[0, 255, 0, 100]","[97, 255, 97]"
14331,849c595ffffffff,6,0,0,"[0, 255, 0, 100]","[97, 255, 97]"
14332,849c5b5ffffffff,10,0,0,"[0, 255, 0, 100]","[97, 255, 97]"
14333,849c811ffffffff,11,0,0,"[0, 255, 0, 100]","[97, 255, 97]"
14334,849c813ffffffff,8,0,0,"[0, 255, 0, 100]","[97, 255, 97]"
14335,849c817ffffffff,215,0,0,"[0, 255, 0, 100]","[97, 255, 97]"
14336,849c83bffffffff,51,0,0,"[0, 255, 0, 100]","[97, 255, 97]"
14337,849c8cdffffffff,85,0,0,"[0, 255, 0, 100]","[97, 255, 97]"
14338,849c8e1ffffffff,73,0,0,"[0, 255, 0, 100]","[97, 255, 97]"
14339,849c95dffffffff,17,0,0,"[0, 255, 0, 100]","[97, 255, 97]"
14340,849c9b1ffffffff,4,0,0,"[0, 255, 0, 100]","[97, 255, 97]"
14341,849c9b5ffffffff,2,0,0,"[0, 255, 0, 100]","[97, 255, 97]"
14342,849c9b7ffffffff,93,0,0,"[0, 255, 0, 100]","[97, 255, 97]"
14343,849c9d1ffffffff,19,0,0,"[0, 255, 0, 100]","[97, 255, 97]"
14344,849c9d9ffffffff,76,0,0,"[0, 255, 0, 100]","[97, 255, 97]"
14345,849c9dbffffffff,106,0,0,"[0, 255, 0, 100]","[97, 255, 97]"
14346,849ca25ffffffff,18,0,0,"[0, 255, 0, 100]","[97, 255, 97]"
14347,849ca8bffffffff,104,0,0,"[0, 255, 0, 100]","[97, 255, 97]"
14348,849cab1ffffffff,17,0,0,"[0, 255, 0, 100]","[97, 255, 97]"
14349,849cad7ffffffff,38,0,0,"[0, 255, 0, 100]","[97, 255, 97]"
14350,849cae7ffffffff,128,0,0,"[0, 255, 0, 100]","[97, 255, 97]"
14351,849cf01ffffffff,89,0,0,"[0, 255, 0, 100]","[97, 255, 97]"
14352,849d019ffffffff,64,0,0,"[0, 255, 0, 100]","[97, 255, 97]"
14353,849d01bffffffff,3,0,0,"[0, 255, 0, 100]","[97, 255, 97]"
14354,849d033ffffffff,8,0,0,"[0, 255, 0, 100]","[97, 255, 97]"
14355,849d087ffffffff,42,0,0,"[0, 255, 0, 100]","[97, 255, 97]"
14356,849d093ffffffff,24,0,0,"[0, 255, 0, 100]","[97, 255, 97]"
14357,849d097ffffffff,17,0,0,"[0, 255, 0, 100]","[97, 255, 97]"
14358,849d0b1ffffffff,11,0,0,"[0, 255, 0, 100]","[97, 255, 97]"
14359,849d0b3ffffffff,11,0,0,"[0, 255, 0, 100]","[97, 255, 97]"
14360,849d0b5ffffffff,25,0,0,"[0, 255, 0, 100]","[97, 255, 97]"
14361,849d0b7ffffffff,20,0,0,"[0, 255, 0, 100]","[97, 255, 97]"
14362,849d0c1ffffffff,4,0,0,"[0, 255, 0, 100]","[97, 255, 97]"
14363,849d0e1ffffffff,46,0,0,"[0, 255, 0, 100]","[97, 255, 97]"
14364,849d0edffffffff,27,0,0,"[0, 255, 0, 100]","[97, 255, 97]"
14365,849d211ffffffff,75,0,0,"[0, 255, 0, 100]","[97, 255, 97]"
14366,849d213ffffffff,67,0,0,"[0, 255, 0, 100]","[97, 255, 97]"
14367,849d219ffffffff,27,0,0,"[0, 255, 0, 100]","[97, 255, 97]"
14368,849d21dffffffff,7,0,0,"[0, 255, 0, 100]","[97, 255, 97]"
14369,849d259ffffffff,13,0,0,"[0, 255, 0, 100]","[97, 255, 97]"
14370,849d25bffffffff,2,0,0,"[0, 255, 0, 100]","[97, 255, 97]"
14371,849d25dffffffff,29,0,0,"[0, 255, 0, 100]","[97, 255, 97]"
14372,849d2a5ffffffff,9,0,0,"[0, 255, 0, 100]","[97, 255, 97]"
14373,849d2b5ffffffff,40,0,0,"[0, 255, 0, 100]","[97, 255, 97]"
14374,849d2d9ffffffff,4,0,0,"[0, 255, 0, 100]","[97, 255, 97]"
14375,849d4d5ffffffff,3,0,0,"[0, 255, 0, 100]","[97, 255, 97]"
14376,849d541ffffffff,13,0,0,"[0, 255, 0, 100]","[97, 255, 97]"
14377,849d543ffffffff,34,0,0,"[0, 255, 0, 100]","[97, 255, 97]"
14378,849d55dffffffff,81,0,0,"[0, 255, 0, 100]","[97, 255, 97]"
14379,849e353ffffffff,187,0,0,"[0, 255, 0, 100]","[97, 255, 97]"
14380,849e36dffffffff,1,0,0,"[0, 255, 0, 100]","[97, 255, 97]"
14381,849f0bbffffffff,14,0,0,"[0, 255, 0, 100]","[97, 255, 97]"
14382,849f165ffffffff,178,177,0.994382022,"[0, 255, 0, 100]","[97, 255, 97]"
14383,849f231ffffffff,3,0,0,"[0, 255, 0, 100]","[97, 255, 97]"
14384,849f235ffffffff,52,0,0,"[0, 255, 0, 100]","[97, 255, 97]"
14385,849f437ffffffff,45,0,0,"[0, 255, 0, 100]","[97, 255, 97]"
14386,849f56dffffffff,219,1,0.00456621,"[255, 0, 0, 100]","[255, 0, 0]"
14387,849f5cbffffffff,47,0,0,"[0, 255, 0, 100]","[97, 255, 97]"
14388,849f64bffffffff,1,0,0,"[0, 255, 0, 100]","[97, 255, 97]"
14389,849fab3ffffffff,22,0,0,"[0, 255, 0, 100]","[97, 255, 97]"
14390,849fad1ffffffff,236,0,0,"[0, 255, 0, 100]","[97, 255, 97]"
14391,849fad3ffffffff,58,0,0,"[0, 255, 0, 100]","[97, 255, 97]"
14392,84a2113ffffffff,59,0,0,"[0, 255, 0, 100]","[97, 255, 97]"
14393,84a2115ffffffff,38,0,0,"[0, 255, 0, 100]","[97, 255, 97]"
14394,84a2117ffffffff,7,0,0,"[0, 255, 0, 100]","[97, 255, 97]"
14395,84a21c5ffffffff,219,0,0,"[0, 255, 0, 100]","[97, 255, 97]"
14396,84a2221ffffffff,75,0,0,"[0, 255, 0, 100]","[97, 255, 97]"
14397,84a2223ffffffff,65,0,0,"[0, 255, 0, 100]","[97, 255, 97]"
14398,84a2355ffffffff,123,0,0,"[0, 255, 0, 100]","[97, 255, 97]"
14399,84a2357ffffffff,436,0,0,"[0, 255, 0, 100]","[97, 255, 97]"
14400,84a2401ffffffff,33,0,0,"[0, 255, 0, 100]","[97, 255, 97]"
14401,84a2407ffffffff,280,0,0,"[0, 255, 0, 100]","[97, 255, 97]"
14402,84a2421ffffffff,37,0,0,"[0, 255, 0, 100]","[97, 255, 97]"
14403,84a2423ffffffff,279,0,0,"[0, 255, 0, 100]","[97, 255, 97]"
14404,84a2429ffffffff,32,0,0,"[0, 255, 0, 100]","[97, 255, 97]"
14405,84a242bffffffff,316,0,0,"[0, 255, 0, 100]","[97, 255, 97]"
14406,84a243dffffffff,169,0,0,"[0, 255, 0, 100]","[97, 255, 97]"
14407,84a24e1ffffffff,20,0,0,"[0, 255, 0, 100]","[97, 255, 97]"
14408,84a24e3ffffffff,1,0,0,"[0, 255, 0, 100]","[97, 255, 97]"
14409,84a2509ffffffff,141,0,0,"[0, 255, 0, 100]","[97, 255, 97]"
14410,84a2551ffffffff,140,0,0,"[0, 255, 0, 100]","[97, 255, 97]"
14411,84a2553ffffffff,17,0,0,"[0, 255, 0, 100]","[97, 255, 97]"
14412,84a2555ffffffff,323,0,0,"[0, 255, 0, 100]","[97, 255, 97]"
14413,84a2707ffffffff,15,0,0,"[0, 255, 0, 100]","[97, 255, 97]"
14414,84a271dffffffff,154,0,0,"[0, 255, 0, 100]","[97, 255, 97]"
14415,84a2721ffffffff,34,0,0,"[0, 255, 0, 100]","[97, 255, 97]"
14416,84a2729ffffffff,166,0,0,"[0, 255, 0, 100]","[97, 255, 97]"
14417,84a2757ffffffff,42,0,0,"[0, 255, 0, 100]","[97, 255, 97]"
14418,84a2761ffffffff,138,0,0,"[0, 255, 0, 100]","[97, 255, 97]"
14419,84a2767ffffffff,5,0,0,"[0, 255, 0, 100]","[97, 255, 97]"
14420,84a276dffffffff,40,0,0,"[0, 255, 0, 100]","[97, 255, 97]"
14421,84a30b7ffffffff,18,0,0,"[0, 255, 0, 100]","[97, 255, 97]"
14422,84a3183ffffffff,174,0,0,"[0, 255, 0, 100]","[97, 255, 97]"
14423,84a318bffffffff,5,0,0,"[0, 255, 0, 100]","[97, 255, 97]"
14424,84a31b1ffffffff,95,0,0,"[0, 255, 0, 100]","[97, 255, 97]"
14425,84a31b9ffffffff,269,0,0,"[0, 255, 0, 100]","[97, 255, 97]"
14426,84a31c7ffffffff,30,0,0,"[0, 255, 0, 100]","[97, 255, 97]"
14427,84a3219ffffffff,26,0,0,"[0, 255, 0, 100]","[97, 255, 97]"
14428,84a3253ffffffff,2,0,0,"[0, 255, 0, 100]","[97, 255, 97]"
14429,84a3283ffffffff,1,0,0,"[0, 255, 0, 100]","[97, 255, 97]"
14430,84a3289ffffffff,228,0,0,"[0, 255, 0, 100]","[97, 255, 97]"
14431,84a328bffffffff,164,0,0,"[0, 255, 0, 100]","[97, 255, 97]"
14432,84a329dffffffff,2,0,0,"[0, 255, 0, 100]","[97, 255, 97]"
14433,84a32adffffffff,8,0,0,"[0, 255, 0, 100]","[97, 255, 97]"
14434,84a32c1ffffffff,79,0,0,"[0, 255, 0, 100]","[97, 255, 97]"
14435,84a32c3ffffffff,104,0,0,"[0, 255, 0, 100]","[97, 255, 97]"
14436,84a32cdffffffff,124,0,0,"[0, 255, 0, 100]","[97, 255, 97]"
14437,84a34b1ffffffff,15,0,0,"[0, 255, 0, 100]","[97, 255, 97]"
14438,84a34b9ffffffff,37,0,0,"[0, 255, 0, 100]","[97, 255, 97]"
14439,84a34bbffffffff,50,0,0,"[0, 255, 0, 100]","[97, 255, 97]"
14440,84a3813ffffffff,2,0,0,"[0, 255, 0, 100]","[97, 255, 97]"
14441,84a3817ffffffff,63,0,0,"[0, 255, 0, 100]","[97, 255, 97]"
14442,84a38c1ffffffff,5,0,0,"[0, 255, 0, 100]","[97, 255, 97]"
14443,84a38c5ffffffff,167,0,0,"[0, 255, 0, 100]","[97, 255, 97]"
14444,84a38e9ffffffff,125,0,0,"[0, 255, 0, 100]","[97, 255, 97]"
14445,84a3985ffffffff,186,0,0,"[0, 255, 0, 100]","[97, 255, 97]"
14446,84a3987ffffffff,17,0,0,"[0, 255, 0, 100]","[97, 255, 97]"
14447,84a39a9ffffffff,155,0,0,"[0, 255, 0, 100]","[97, 255, 97]"
14448,84a39e7ffffffff,45,0,0,"[0, 255, 0, 100]","[97, 255, 97]"
14449,84a3b6dffffffff,110,0,0,"[0, 255, 0, 100]","[97, 255, 97]"
14450,84a5547ffffffff,84,0,0,"[0, 255, 0, 100]","[97, 255, 97]"
14451,84a5561ffffffff,157,0,0,"[0, 255, 0, 100]","[97, 255, 97]"
14452,84a5565ffffffff,16,0,0,"[0, 255, 0, 100]","[97, 255, 97]"
14453,84a556bffffffff,251,0,0,"[0, 255, 0, 100]","[97, 255, 97]"
14454,84a5965ffffffff,6,0,0,"[0, 255, 0, 100]","[97, 255, 97]"
14455,84a5969ffffffff,58,0,0,"[0, 255, 0, 100]","[97, 255, 97]"
14456,84a596dffffffff,60,0,0,"[0, 255, 0, 100]","[97, 255, 97]"
14457,84a59a5ffffffff,30,0,0,"[0, 255, 0, 100]","[97, 255, 97]"
14458,84a59adffffffff,47,0,0,"[0, 255, 0, 100]","[97, 255, 97]"
14459,84a5b49ffffffff,4,0,0,"[0, 255, 0, 100]","[97, 255, 97]"
14460,84a6269ffffffff,29,0,0,"[0, 255, 0, 100]","[97, 255, 97]"
14461,84a6907ffffffff,33,0,0,"[0, 255, 0, 100]","[97, 255, 97]"
14462,84a693dffffffff,2,0,0,"[0, 255, 0, 100]","[97, 255, 97]"
14463,84a704dffffffff,10,0,0,"[0, 255, 0, 100]","[97, 255, 97]"
14464,84a710bffffffff,1,0,0,"[0, 255, 0, 100]","[97, 255, 97]"
14465,84a7191ffffffff,6,0,0,"[0, 255, 0, 100]","[97, 255, 97]"
14466,84a7193ffffffff,42,0,0,"[0, 255, 0, 100]","[97, 255, 97]"
14467,84a7265ffffffff,7,0,0,"[0, 255, 0, 100]","[97, 255, 97]"
14468,84a7267ffffffff,11,0,0,"[0, 255, 0, 100]","[97, 255, 97]"
14469,84a726dffffffff,23,0,0,"[0, 255, 0, 100]","[97, 255, 97]"
14470,84a7887ffffffff,2,0,0,"[0, 255, 0, 100]","[97, 255, 97]"
14471,84a78a3ffffffff,2,0,0,"[0, 255, 0, 100]","[97, 255, 97]"
14472,84a78abffffffff,2,0,0,"[0, 255, 0, 100]","[97, 255, 97]"
14473,84a78e1ffffffff,2,0,0,"[0, 255, 0, 100]","[97, 255, 97]"
14474,84a7905ffffffff,26,0,0,"[0, 255, 0, 100]","[97, 255, 97]"
14475,84a792bffffffff,52,0,0,"[0, 255, 0, 100]","[97, 255, 97]"
14476,84a79b3ffffffff,4,0,0,"[0, 255, 0, 100]","[97, 255, 97]"
14477,84a802dffffffff,20,0,0,"[0, 255, 0, 100]","[97, 255, 97]"
14478,84a8045ffffffff,108,0,0,"[0, 255, 0, 100]","[97, 255, 97]"
14479,84a8069ffffffff,3,0,0,"[0, 255, 0, 100]","[97, 255, 97]"
14480,84a8101ffffffff,6,0,0,"[0, 255, 0, 100]","[97, 255, 97]"
14481,84a8103ffffffff,22,0,0,"[0, 255, 0, 100]","[97, 255, 97]"
14482,84a8107ffffffff,541,0,0,"[0, 255, 0, 100]","[97, 255, 97]"
14483,84a810bffffffff,24,0,0,"[0, 255, 0, 100]","[97, 255, 97]"
14484,84a810dffffffff,12,0,0,"[0, 255, 0, 100]","[97, 255, 97]"
14485,84a8111ffffffff,18,0,0,"[0, 255, 0, 100]","[97, 255, 97]"
14486,84a8115ffffffff,310,0,0,"[0, 255, 0, 100]","[97, 255, 97]"
14487,84a811dffffffff,218,0,0,"[0, 255, 0, 100]","[97, 255, 97]"
14488,84a8121ffffffff,35,0,0,"[0, 255, 0, 100]","[97, 255, 97]"
14489,84a8123ffffffff,72,0,0,"[0, 255, 0, 100]","[97, 255, 97]"
14490,84a8125ffffffff,19,0,0,"[0, 255, 0, 100]","[97, 255, 97]"
14491,84a812bffffffff,20,0,0,"[0, 255, 0, 100]","[97, 255, 97]"
14492,84a812dffffffff,37,0,0,"[0, 255, 0, 100]","[97, 255, 97]"
14493,84a8131ffffffff,4,0,0,"[0, 255, 0, 100]","[97, 255, 97]"
14494,84a8139ffffffff,8,0,0,"[0, 255, 0, 100]","[97, 255, 97]"
14495,84a813dffffffff,67,0,0,"[0, 255, 0, 100]","[97, 255, 97]"
14496,84a8141ffffffff,52,0,0,"[0, 255, 0, 100]","[97, 255, 97]"
14497,84a8143ffffffff,6,0,0,"[0, 255, 0, 100]","[97, 255, 97]"
14498,84a8147ffffffff,24,0,0,"[0, 255, 0, 100]","[97, 255, 97]"
14499,84a8149ffffffff,6,0,0,"[0, 255, 0, 100]","[97, 255, 97]"
14500,84a8151ffffffff,20,0,0,"[0, 255, 0, 100]","[97, 255, 97]"
14501,84a8153ffffffff,4,0,0,"[0, 255, 0, 100]","[97, 255, 97]"
14502,84a8163ffffffff,68,0,0,"[0, 255, 0, 100]","[97, 255, 97]"
14503,84a8167ffffffff,10,0,0,"[0, 255, 0, 100]","[97, 255, 97]"
14504,84a8185ffffffff,62,0,0,"[0, 255, 0, 100]","[97, 255, 97]"
14505,84a8187ffffffff,48,0,0,"[0, 255, 0, 100]","[97, 255, 97]"
14506,84a81a1ffffffff,2,0,0,"[0, 255, 0, 100]","[97, 255, 97]"
14507,84a81a3ffffffff,2,0,0,"[0, 255, 0, 100]","[97, 255, 97]"
14508,84a81b3ffffffff,10,0,0,"[0, 255, 0, 100]","[97, 255, 97]"
14509,84a81b9ffffffff,16,0,0,"[0, 255, 0, 100]","[97, 255, 97]"
14510,84a81c1ffffffff,166,0,0,"[0, 255, 0, 100]","[97, 255, 97]"
14511,84a81dbffffffff,18,0,0,"[0, 255, 0, 100]","[97, 255, 97]"
14512,84a8251ffffffff,6,0,0,"[0, 255, 0, 100]","[97, 255, 97]"
14513,84a82e9ffffffff,3,0,0,"[0, 255, 0, 100]","[97, 255, 97]"
14514,84a8315ffffffff,36,0,0,"[0, 255, 0, 100]","[97, 255, 97]"
14515,84a831dffffffff,14,0,0,"[0, 255, 0, 100]","[97, 255, 97]"
14516,84a8325ffffffff,19,0,0,"[0, 255, 0, 100]","[97, 255, 97]"
14517,84a8335ffffffff,15,0,0,"[0, 255, 0, 100]","[97, 255, 97]"
14518,84a833bffffffff,33,0,0,"[0, 255, 0, 100]","[97, 255, 97]"
14519,84a833dffffffff,11,0,0,"[0, 255, 0, 100]","[97, 255, 97]"
14520,84a834bffffffff,68,0,0,"[0, 255, 0, 100]","[97, 255, 97]"
14521,84a835bffffffff,41,0,0,"[0, 255, 0, 100]","[97, 255, 97]"
14522,84a8811ffffffff,6,0,0,"[0, 255, 0, 100]","[97, 255, 97]"
14523,84a8813ffffffff,9,0,0,"[0, 255, 0, 100]","[97, 255, 97]"
14524,84a8817ffffffff,8,0,0,"[0, 255, 0, 100]","[97, 255, 97]"
14525,84a881bffffffff,86,0,0,"[0, 255, 0, 100]","[97, 255, 97]"
14526,84a883bffffffff,81,0,0,"[0, 255, 0, 100]","[97, 255, 97]"
14527,84a8851ffffffff,57,0,0,"[0, 255, 0, 100]","[97, 255, 97]"
14528,84a8857ffffffff,2,0,0,"[0, 255, 0, 100]","[97, 255, 97]"
14529,84a885bffffffff,12,0,0,"[0, 255, 0, 100]","[97, 255, 97]"
14530,84a8863ffffffff,11,0,0,"[0, 255, 0, 100]","[97, 255, 97]"
14531,84a886bffffffff,12,0,0,"[0, 255, 0, 100]","[97, 255, 97]"
14532,84a88a9ffffffff,61,0,0,"[0, 255, 0, 100]","[97, 255, 97]"
14533,84a88abffffffff,3,0,0,"[0, 255, 0, 100]","[97, 255, 97]"
14534,84a88c1ffffffff,22,0,0,"[0, 255, 0, 100]","[97, 255, 97]"
14535,84a88c5ffffffff,145,0,0,"[0, 255, 0, 100]","[97, 255, 97]"
14536,84a88c7ffffffff,10,0,0,"[0, 255, 0, 100]","[97, 255, 97]"
14537,84a88cdffffffff,109,0,0,"[0, 255, 0, 100]","[97, 255, 97]"
14538,84a88e3ffffffff,134,0,0,"[0, 255, 0, 100]","[97, 255, 97]"
14539,84a88e5ffffffff,110,0,0,"[0, 255, 0, 100]","[97, 255, 97]"
14540,84a88e7ffffffff,30,0,0,"[0, 255, 0, 100]","[97, 255, 97]"
14541,84a88e9ffffffff,12,0,0,"[0, 255, 0, 100]","[97, 255, 97]"
14542,84a88ebffffffff,11,0,0,"[0, 255, 0, 100]","[97, 255, 97]"
14543,84a88edffffffff,130,0,0,"[0, 255, 0, 100]","[97, 255, 97]"
14544,84a8913ffffffff,68,0,0,"[0, 255, 0, 100]","[97, 255, 97]"
14545,84a8951ffffffff,21,0,0,"[0, 255, 0, 100]","[97, 255, 97]"
14546,84a8957ffffffff,39,0,0,"[0, 255, 0, 100]","[97, 255, 97]"
14547,84a8959ffffffff,8,0,0,"[0, 255, 0, 100]","[97, 255, 97]"
14548,84a895bffffffff,3,0,0,"[0, 255, 0, 100]","[97, 255, 97]"
14549,84a895dffffffff,21,0,0,"[0, 255, 0, 100]","[97, 255, 97]"
14550,84a8963ffffffff,63,0,0,"[0, 255, 0, 100]","[97, 255, 97]"
14551,84a8989ffffffff,11,0,0,"[0, 255, 0, 100]","[97, 255, 97]"
14552,84a8993ffffffff,9,0,0,"[0, 255, 0, 100]","[97, 255, 97]"
14553,84a8999ffffffff,6,0,0,"[0, 255, 0, 100]","[97, 255, 97]"
14554,84a89a5ffffffff,67,0,0,"[0, 255, 0, 100]","[97, 255, 97]"
14555,84a89a9ffffffff,12,0,0,"[0, 255, 0, 100]","[97, 255, 97]"
14556,84a89adffffffff,15,0,0,"[0, 255, 0, 100]","[97, 255, 97]"
14557,84a89b1ffffffff,6,0,0,"[0, 255, 0, 100]","[97, 255, 97]"
14558,84a89b3ffffffff,15,0,0,"[0, 255, 0, 100]","[97, 255, 97]"
14559,84a89b5ffffffff,49,0,0,"[0, 255, 0, 100]","[97, 255, 97]"
14560,84a89c5ffffffff,5,0,0,"[0, 255, 0, 100]","[97, 255, 97]"
14561,84a89c7ffffffff,59,0,0,"[0, 255, 0, 100]","[97, 255, 97]"
14562,84a89d1ffffffff,3,0,0,"[0, 255, 0, 100]","[97, 255, 97]"
14563,84a89d7ffffffff,25,0,0,"[0, 255, 0, 100]","[97, 255, 97]"
14564,84a89dbffffffff,3,0,0,"[0, 255, 0, 100]","[97, 255, 97]"
14565,84a8a03ffffffff,11,0,0,"[0, 255, 0, 100]","[97, 255, 97]"
14566,84a8a07ffffffff,161,0,0,"[0, 255, 0, 100]","[97, 255, 97]"
14567,84a8a19ffffffff,6,0,0,"[0, 255, 0, 100]","[97, 255, 97]"
14568,84a8a21ffffffff,2,0,0,"[0, 255, 0, 100]","[97, 255, 97]"
14569,84a8a2bffffffff,21,0,0,"[0, 255, 0, 100]","[97, 255, 97]"
14570,84a8a39ffffffff,127,0,0,"[0, 255, 0, 100]","[97, 255, 97]"
14571,84a8a3dffffffff,24,0,0,"[0, 255, 0, 100]","[97, 255, 97]"
14572,84a8a51ffffffff,14,0,0,"[0, 255, 0, 100]","[97, 255, 97]"
14573,84a8a53ffffffff,33,0,0,"[0, 255, 0, 100]","[97, 255, 97]"
14574,84a8a67ffffffff,21,0,0,"[0, 255, 0, 100]","[97, 255, 97]"
14575,84a8a69ffffffff,64,0,0,"[0, 255, 0, 100]","[97, 255, 97]"
14576,84a8aa3ffffffff,36,0,0,"[0, 255, 0, 100]","[97, 255, 97]"
14577,84a8aa7ffffffff,19,0,0,"[0, 255, 0, 100]","[97, 255, 97]"
14578,84a8aabffffffff,7,0,0,"[0, 255, 0, 100]","[97, 255, 97]"
14579,84a8ac1ffffffff,20,0,0,"[0, 255, 0, 100]","[97, 255, 97]"
14580,84a8ac9ffffffff,54,0,0,"[0, 255, 0, 100]","[97, 255, 97]"
14581,84a8ad1ffffffff,6,0,0,"[0, 255, 0, 100]","[97, 255, 97]"
14582,84a8ad9ffffffff,8,0,0,"[0, 255, 0, 100]","[97, 255, 97]"
14583,84a8b01ffffffff,42,0,0,"[0, 255, 0, 100]","[97, 255, 97]"
14584,84a8b03ffffffff,10,0,0,"[0, 255, 0, 100]","[97, 255, 97]"
14585,84a8b07ffffffff,160,0,0,"[0, 255, 0, 100]","[97, 255, 97]"
14586,84a8b11ffffffff,1,0,0,"[0, 255, 0, 100]","[97, 255, 97]"
14587,84a8b15ffffffff,13,0,0,"[0, 255, 0, 100]","[97, 255, 97]"
14588,84a8b17ffffffff,20,0,0,"[0, 255, 0, 100]","[97, 255, 97]"
14589,84a8b19ffffffff,3,0,0,"[0, 255, 0, 100]","[97, 255, 97]"
14590,84a8b1bffffffff,64,0,0,"[0, 255, 0, 100]","[97, 255, 97]"
14591,84a8b37ffffffff,6,0,0,"[0, 255, 0, 100]","[97, 255, 97]"
14592,84a8b39ffffffff,8,0,0,"[0, 255, 0, 100]","[97, 255, 97]"
14593,84a8b51ffffffff,17,0,0,"[0, 255, 0, 100]","[97, 255, 97]"
14594,84a8c25ffffffff,178,0,0,"[0, 255, 0, 100]","[97, 255, 97]"
14595,84a8c65ffffffff,12,0,0,"[0, 255, 0, 100]","[97, 255, 97]"
14596,84a8d19ffffffff,2,0,0,"[0, 255, 0, 100]","[97, 255, 97]"
14597,84a8d1bffffffff,108,0,0,"[0, 255, 0, 100]","[97, 255, 97]"
14598,84a8d3dffffffff,72,0,0,"[0, 255, 0, 100]","[97, 255, 97]"
14599,84a8d53ffffffff,15,0,0,"[0, 255, 0, 100]","[97, 255, 97]"
14600,84a8d8bffffffff,14,0,0,"[0, 255, 0, 100]","[97, 255, 97]"
14601,84a8d9dffffffff,26,0,0,"[0, 255, 0, 100]","[97, 255, 97]"
14602,84a8dcdffffffff,28,0,0,"[0, 255, 0, 100]","[97, 255, 97]"
14603,84a8e31ffffffff,84,0,0,"[0, 255, 0, 100]","[97, 255, 97]"
14604,84a8e6dffffffff,2,0,0,"[0, 255, 0, 100]","[97, 255, 97]"
14605,84a8f33ffffffff,16,0,0,"[0, 255, 0, 100]","[97, 255, 97]"
14606,84a91b5ffffffff,25,0,0,"[0, 255, 0, 100]","[97, 255, 97]"
14607,84a944bffffffff,28,0,0,"[0, 255, 0, 100]","[97, 255, 97]"
14608,84a9465ffffffff,34,0,0,"[0, 255, 0, 100]","[97, 255, 97]"
14609,84a9559ffffffff,4,0,0,"[0, 255, 0, 100]","[97, 255, 97]"
14610,84a9625ffffffff,48,0,0,"[0, 255, 0, 100]","[97, 255, 97]"
14611,84a9641ffffffff,88,0,0,"[0, 255, 0, 100]","[97, 255, 97]"
14612,84a9647ffffffff,148,0,0,"[0, 255, 0, 100]","[97, 255, 97]"
14613,84a9719ffffffff,1,0,0,"[0, 255, 0, 100]","[97, 255, 97]"
14614,84a9891ffffffff,8,0,0,"[0, 255, 0, 100]","[97, 255, 97]"
14615,84a9895ffffffff,2,0,0,"[0, 255, 0, 100]","[97, 255, 97]"
14616,84a9899ffffffff,10,0,0,"[0, 255, 0, 100]","[97, 255, 97]"
14617,84a989bffffffff,15,0,0,"[0, 255, 0, 100]","[97, 255, 97]"
14618,84a98b7ffffffff,6,0,0,"[0, 255, 0, 100]","[97, 255, 97]"
14619,84a9993ffffffff,7,0,0,"[0, 255, 0, 100]","[97, 255, 97]"
14620,84a9997ffffffff,25,0,0,"[0, 255, 0, 100]","[97, 255, 97]"
14621,84a99bbffffffff,15,0,0,"[0, 255, 0, 100]","[97, 255, 97]"
14622,84aa507ffffffff,104,0,0,"[0, 255, 0, 100]","[97, 255, 97]"
14623,84aa56bffffffff,2,0,0,"[0, 255, 0, 100]","[97, 255, 97]"
14624,84aa911ffffffff,176,0,0,"[0, 255, 0, 100]","[97, 255, 97]"
14625,84aa913ffffffff,78,0,0,"[0, 255, 0, 100]","[97, 255, 97]"
14626,84aa9c5ffffffff,176,0,0,"[0, 255, 0, 100]","[97, 255, 97]"
14627,84aa9c7ffffffff,1,0,0,"[0, 255, 0, 100]","[97, 255, 97]"
14628,84ad16bffffffff,1,0,0,"[0, 255, 0, 100]","[97, 255, 97]"
14629,84ad361ffffffff,6,0,0,"[0, 255, 0, 100]","[97, 255, 97]"
14630,84ad367ffffffff,5,0,0,"[0, 255, 0, 100]","[97, 255, 97]"
14631,84ad36dffffffff,6,0,0,"[0, 255, 0, 100]","[97, 255, 97]"
14632,84ad81bffffffff,5,0,0,"[0, 255, 0, 100]","[97, 255, 97]"
14633,84ad85bffffffff,1,0,0,"[0, 255, 0, 100]","[97, 255, 97]"
14634,84ada4dffffffff,1,0,0,"[0, 255, 0, 100]","[97, 255, 97]"
14635,84adad5ffffffff,13,0,0,"[0, 255, 0, 100]","[97, 255, 97]"
14636,84adad7ffffffff,4,0,0,"[0, 255, 0, 100]","[97, 255, 97]"
14637,84adb3dffffffff,2,0,0,"[0, 255, 0, 100]","[97, 255, 97]"
14638,84b0b01ffffffff,15,0,0,"[0, 255, 0, 100]","[97, 255, 97]"
14639,84b0b03ffffffff,9,0,0,"[0, 255, 0, 100]","[97, 255, 97]"
14640,84b0b0bffffffff,106,0,0,"[0, 255, 0, 100]","[97, 255, 97]"
14641,84b0b19ffffffff,40,0,0,"[0, 255, 0, 100]","[97, 255, 97]"
14642,84b0b1dffffffff,31,0,0,"[0, 255, 0, 100]","[97, 255, 97]"
14643,84b2001ffffffff,5,0,0,"[0, 255, 0, 100]","[97, 255, 97]"
14644,84b20c3ffffffff,16,0,0,"[0, 255, 0, 100]","[97, 255, 97]"
14645,84b2191ffffffff,22,0,0,"[0, 255, 0, 100]","[97, 255, 97]"
14646,84b2193ffffffff,9,0,0,"[0, 255, 0, 100]","[97, 255, 97]"
14647,84b2199ffffffff,2,0,0,"[0, 255, 0, 100]","[97, 255, 97]"
14648,84b219bffffffff,3,0,0,"[0, 255, 0, 100]","[97, 255, 97]"
14649,84b21d3ffffffff,12,0,0,"[0, 255, 0, 100]","[97, 255, 97]"
14650,84b21e3ffffffff,7,0,0,"[0, 255, 0, 100]","[97, 255, 97]"
14651,84b21ebffffffff,4,0,0,"[0, 255, 0, 100]","[97, 255, 97]"
14652,84b2221ffffffff,70,0,0,"[0, 255, 0, 100]","[97, 255, 97]"
14653,84b2255ffffffff,6,0,0,"[0, 255, 0, 100]","[97, 255, 97]"
14654,84b2261ffffffff,126,0,0,"[0, 255, 0, 100]","[97, 255, 97]"
14655,84b2269ffffffff,9,0,0,"[0, 255, 0, 100]","[97, 255, 97]"
14656,84b2437ffffffff,1,0,0,"[0, 255, 0, 100]","[97, 255, 97]"
14657,84b2439ffffffff,40,0,0,"[0, 255, 0, 100]","[97, 255, 97]"
14658,84b243bffffffff,41,0,0,"[0, 255, 0, 100]","[97, 255, 97]"
14659,84b24e9ffffffff,11,0,0,"[0, 255, 0, 100]","[97, 255, 97]"
14660,84b24ebffffffff,19,0,0,"[0, 255, 0, 100]","[97, 255, 97]"
14661,84b2521ffffffff,13,0,0,"[0, 255, 0, 100]","[97, 255, 97]"
14662,84b25ebffffffff,2,0,0,"[0, 255, 0, 100]","[97, 255, 97]"
14663,84b2625ffffffff,8,0,0,"[0, 255, 0, 100]","[97, 255, 97]"
14664,84b2649ffffffff,61,0,0,"[0, 255, 0, 100]","[97, 255, 97]"
14665,84b26c3ffffffff,82,0,0,"[0, 255, 0, 100]","[97, 255, 97]"
14666,84b26cbffffffff,1,0,0,"[0, 255, 0, 100]","[97, 255, 97]"
14667,84b26d5ffffffff,4,0,0,"[0, 255, 0, 100]","[97, 255, 97]"
14668,84b271bffffffff,23,0,0,"[0, 255, 0, 100]","[97, 255, 97]"
14669,84b2c0bffffffff,6,0,0,"[0, 255, 0, 100]","[97, 255, 97]"
14670,84b2c15ffffffff,16,0,0,"[0, 255, 0, 100]","[97, 255, 97]"
14671,84b2c39ffffffff,1,0,0,"[0, 255, 0, 100]","[97, 255, 97]"
14672,84b2c4bffffffff,13,0,0,"[0, 255, 0, 100]","[97, 255, 97]"
14673,84b2c55ffffffff,28,0,0,"[0, 255, 0, 100]","[97, 255, 97]"
14674,84b2d9dffffffff,2,0,0,"[0, 255, 0, 100]","[97, 255, 97]"
14675,84b2e35ffffffff,35,0,0,"[0, 255, 0, 100]","[97, 255, 97]"
14676,84b2e45ffffffff,52,0,0,"[0, 255, 0, 100]","[97, 255, 97]"
14677,84b2e67ffffffff,1,0,0,"[0, 255, 0, 100]","[97, 255, 97]"
14678,84b2ec1ffffffff,20,0,0,"[0, 255, 0, 100]","[97, 255, 97]"
14679,84b2ec5ffffffff,2,0,0,"[0, 255, 0, 100]","[97, 255, 97]"
14680,84b2eebffffffff,24,0,0,"[0, 255, 0, 100]","[97, 255, 97]"
14681,84b3037ffffffff,6,0,0,"[0, 255, 0, 100]","[97, 255, 97]"
14682,84b304dffffffff,23,0,0,"[0, 255, 0, 100]","[97, 255, 97]"
14683,84b30b5ffffffff,71,0,0,"[0, 255, 0, 100]","[97, 255, 97]"
14684,84b3193ffffffff,43,0,0,"[0, 255, 0, 100]","[97, 255, 97]"
14685,84b31d7ffffffff,41,0,0,"[0, 255, 0, 100]","[97, 255, 97]"
14686,84b31d9ffffffff,3,0,0,"[0, 255, 0, 100]","[97, 255, 97]"
14687,84b320dffffffff,8,0,0,"[0, 255, 0, 100]","[97, 255, 97]"
14688,84b326dffffffff,107,0,0,"[0, 255, 0, 100]","[97, 255, 97]"
14689,84b32e1ffffffff,47,0,0,"[0, 255, 0, 100]","[97, 255, 97]"
14690,84b32e3ffffffff,47,0,0,"[0, 255, 0, 100]","[97, 255, 97]"
14691,84b3305ffffffff,73,0,0,"[0, 255, 0, 100]","[97, 255, 97]"
14692,84b3347ffffffff,4,0,0,"[0, 255, 0, 100]","[97, 255, 97]"
14693,84b3355ffffffff,11,0,0,"[0, 255, 0, 100]","[97, 255, 97]"
14694,84b336bffffffff,20,0,0,"[0, 255, 0, 100]","[97, 255, 97]"
14695,84b3411ffffffff,3,0,0,"[0, 255, 0, 100]","[97, 255, 97]"
14696,84b34a7ffffffff,2,0,0,"[0, 255, 0, 100]","[97, 255, 97]"
14697,84b34e5ffffffff,1,0,0,"[0, 255, 0, 100]","[97, 255, 97]"
14698,84b35bbffffffff,1,0,0,"[0, 255, 0, 100]","[97, 255, 97]"
14699,84b35dbffffffff,32,0,0,"[0, 255, 0, 100]","[97, 255, 97]"
14700,84b3611ffffffff,88,0,0,"[0, 255, 0, 100]","[97, 255, 97]"
14701,84b3619ffffffff,3,0,0,"[0, 255, 0, 100]","[97, 255, 97]"
14702,84b3621ffffffff,30,0,0,"[0, 255, 0, 100]","[97, 255, 97]"
14703,84b3623ffffffff,3,0,0,"[0, 255, 0, 100]","[97, 255, 97]"
14704,84b3629ffffffff,1,0,0,"[0, 255, 0, 100]","[97, 255, 97]"
14705,84b4c95ffffffff,108,0,0,"[0, 255, 0, 100]","[97, 255, 97]"
14706,84b4c9dffffffff,40,0,0,"[0, 255, 0, 100]","[97, 255, 97]"
14707,84b4cb1ffffffff,154,0,0,"[0, 255, 0, 100]","[97, 255, 97]"
14708,84b4cb5ffffffff,99,0,0,"[0, 255, 0, 100]","[97, 255, 97]"
14709,84b4cb9ffffffff,195,0,0,"[0, 255, 0, 100]","[97, 255, 97]"
14710,84b80adffffffff,53,0,0,"[0, 255, 0, 100]","[97, 255, 97]"
14711,84b8185ffffffff,16,0,0,"[0, 255, 0, 100]","[97, 255, 97]"
14712,84b81a9ffffffff,1,0,0,"[0, 255, 0, 100]","[97, 255, 97]"
14713,84b81dbffffffff,46,0,0,"[0, 255, 0, 100]","[97, 255, 97]"
14714,84b820dffffffff,4,0,0,"[0, 255, 0, 100]","[97, 255, 97]"
14715,84b8259ffffffff,1,0,0,"[0, 255, 0, 100]","[97, 255, 97]"
14716,84b825bffffffff,14,0,0,"[0, 255, 0, 100]","[97, 255, 97]"
14717,84b8263ffffffff,18,0,0,"[0, 255, 0, 100]","[97, 255, 97]"
14718,84b840dffffffff,20,0,0,"[0, 255, 0, 100]","[97, 255, 97]"
14719,84b8411ffffffff,6,0,0,"[0, 255, 0, 100]","[97, 255, 97]"
14720,84b841dffffffff,2,0,0,"[0, 255, 0, 100]","[97, 255, 97]"
14721,84b8503ffffffff,78,0,0,"[0, 255, 0, 100]","[97, 255, 97]"
14722,84b851dffffffff,9,0,0,"[0, 255, 0, 100]","[97, 255, 97]"
14723,84b8603ffffffff,1,0,0,"[0, 255, 0, 100]","[97, 255, 97]"
14724,84b86b9ffffffff,10,0,0,"[0, 255, 0, 100]","[97, 255, 97]"
14725,84b86c9ffffffff,1,0,0,"[0, 255, 0, 100]","[97, 255, 97]"
14726,84b874bffffffff,59,0,0,"[0, 255, 0, 100]","[97, 255, 97]"
14727,84b8883ffffffff,3,0,0,"[0, 255, 0, 100]","[97, 255, 97]"
14728,84b88b5ffffffff,7,0,0,"[0, 255, 0, 100]","[97, 255, 97]"
14729,84b896bffffffff,5,0,0,"[0, 255, 0, 100]","[97, 255, 97]"
14730,84b8a4bffffffff,18,0,0,"[0, 255, 0, 100]","[97, 255, 97]"
14731,84b8ac9ffffffff,36,0,0,"[0, 255, 0, 100]","[97, 255, 97]"
14732,84b8c05ffffffff,3,0,0,"[0, 255, 0, 100]","[97, 255, 97]"
14733,84b8c09ffffffff,122,0,0,"[0, 255, 0, 100]","[97, 255, 97]"
14734,84b8c0bffffffff,17,0,0,"[0, 255, 0, 100]","[97, 255, 97]"
14735,84b8c0dffffffff,31,0,0,"[0, 255, 0, 100]","[97, 255, 97]"
14736,84b8c2bffffffff,74,0,0,"[0, 255, 0, 100]","[97, 255, 97]"
14737,84b8c37ffffffff,3,0,0,"[0, 255, 0, 100]","[97, 255, 97]"
14738,84b8c3dffffffff,59,0,0,"[0, 255, 0, 100]","[97, 255, 97]"
14739,84b8c47ffffffff,3,0,0,"[0, 255, 0, 100]","[97, 255, 97]"
14740,84b8c63ffffffff,65,0,0,"[0, 255, 0, 100]","[97, 255, 97]"
14741,84b8c6bffffffff,14,0,0,"[0, 255, 0, 100]","[97, 255, 97]"
14742,84b8dddffffffff,4,0,0,"[0, 255, 0, 100]","[97, 255, 97]"
14743,84b8e11ffffffff,19,0,0,"[0, 255, 0, 100]","[97, 255, 97]"
14744,84b8e1dffffffff,58,0,0,"[0, 255, 0, 100]","[97, 255, 97]"
14745,84b9093ffffffff,25,0,0,"[0, 255, 0, 100]","[97, 255, 97]"
14746,84b9097ffffffff,58,0,0,"[0, 255, 0, 100]","[97, 255, 97]"
14747,84b9111ffffffff,16,0,0,"[0, 255, 0, 100]","[97, 255, 97]"
14748,84b9125ffffffff,1,0,0,"[0, 255, 0, 100]","[97, 255, 97]"
14749,84b9169ffffffff,75,0,0,"[0, 255, 0, 100]","[97, 255, 97]"
14750,84b916bffffffff,14,0,0,"[0, 255, 0, 100]","[97, 255, 97]"
14751,84b9315ffffffff,2,0,0,"[0, 255, 0, 100]","[97, 255, 97]"
14752,84b953bffffffff,50,0,0,"[0, 255, 0, 100]","[97, 255, 97]"
14753,84b9565ffffffff,9,0,0,"[0, 255, 0, 100]","[97, 255, 97]"
14754,84b95edffffffff,4,0,0,"[0, 255, 0, 100]","[97, 255, 97]"
14755,84b9621ffffffff,1,0,0,"[0, 255, 0, 100]","[97, 255, 97]"
14756,84b9625ffffffff,78,0,0,"[0, 255, 0, 100]","[97, 255, 97]"
14757,84b9833ffffffff,1,0,0,"[0, 255, 0, 100]","[97, 255, 97]"
14758,84b983bffffffff,3,0,0,"[0, 255, 0, 100]","[97, 255, 97]"
14759,84b98b1ffffffff,13,0,0,"[0, 255, 0, 100]","[97, 255, 97]"
14760,84b98b5ffffffff,20,0,0,"[0, 255, 0, 100]","[97, 255, 97]"
14761,84b98d5ffffffff,12,0,0,"[0, 255, 0, 100]","[97, 255, 97]"
14762,84b9ac3ffffffff,20,0,0,"[0, 255, 0, 100]","[97, 255, 97]"
14763,84b9acdffffffff,34,0,0,"[0, 255, 0, 100]","[97, 255, 97]"
14764,84b9b49ffffffff,9,0,0,"[0, 255, 0, 100]","[97, 255, 97]"
14765,84b9b4dffffffff,1,0,0,"[0, 255, 0, 100]","[97, 255, 97]"
14766,84ba2c1ffffffff,28,0,0,"[0, 255, 0, 100]","[97, 255, 97]"
14767,84ba2c9ffffffff,6,0,0,"[0, 255, 0, 100]","[97, 255, 97]"
14768,84ba5b1ffffffff,1,0,0,"[0, 255, 0, 100]","[97, 255, 97]"
14769,84ba5b7ffffffff,37,0,0,"[0, 255, 0, 100]","[97, 255, 97]"
14770,84bac99ffffffff,6,0,0,"[0, 255, 0, 100]","[97, 255, 97]"
14771,84bacd3ffffffff,5,0,0,"[0, 255, 0, 100]","[97, 255, 97]"
14772,84bade5ffffffff,31,0,0,"[0, 255, 0, 100]","[97, 255, 97]"
14773,84baecbffffffff,3,0,0,"[0, 255, 0, 100]","[97, 255, 97]"
14774,84bb085ffffffff,11,0,0,"[0, 255, 0, 100]","[97, 255, 97]"
14775,84bb089ffffffff,59,0,0,"[0, 255, 0, 100]","[97, 255, 97]"
14776,84bb08bffffffff,58,0,0,"[0, 255, 0, 100]","[97, 255, 97]"
14777,84bb09bffffffff,29,0,0,"[0, 255, 0, 100]","[97, 255, 97]"
14778,84bb0abffffffff,114,0,0,"[0, 255, 0, 100]","[97, 255, 97]"
14779,84bb0bbffffffff,138,0,0,"[0, 255, 0, 100]","[97, 255, 97]"
14780,84bb0d9ffffffff,258,0,0,"[0, 255, 0, 100]","[97, 255, 97]"
14781,84bb0dbffffffff,98,0,0,"[0, 255, 0, 100]","[97, 255, 97]"
14782,84bb291ffffffff,20,0,0,"[0, 255, 0, 100]","[97, 255, 97]"
14783,84bb295ffffffff,151,0,0,"[0, 255, 0, 100]","[97, 255, 97]"
14784,84bb299ffffffff,66,0,0,"[0, 255, 0, 100]","[97, 255, 97]"
14785,84bb2b7ffffffff,3,0,0,"[0, 255, 0, 100]","[97, 255, 97]"
14786,84bb2d3ffffffff,83,0,0,"[0, 255, 0, 100]","[97, 255, 97]"
14787,84bb501ffffffff,992,0,0,"[0, 255, 0, 100]","[97, 255, 97]"
14788,84bb505ffffffff,21,5,0.238095238,"[255, 0, 0, 100]","[255, 0, 0]"
14789,84bb509ffffffff,17,0,0,"[0, 255, 0, 100]","[97, 255, 97]"
14790,84bb541ffffffff,81,0,0,"[0, 255, 0, 100]","[97, 255, 97]"
14791,84bb543ffffffff,149,0,0,"[0, 255, 0, 100]","[97, 255, 97]"
14792,84bb545ffffffff,6,0,0,"[0, 255, 0, 100]","[97, 255, 97]"
14793,84bb547ffffffff,120,0,0,"[0, 255, 0, 100]","[97, 255, 97]"
14794,84bb549ffffffff,3,0,0,"[0, 255, 0, 100]","[97, 255, 97]"
14795,84bb561ffffffff,317,0,0,"[0, 255, 0, 100]","[97, 255, 97]"
14796,84bb569ffffffff,17,0,0,"[0, 255, 0, 100]","[97, 255, 97]"
14797,84bb56dffffffff,141,0,0,"[0, 255, 0, 100]","[97, 255, 97]"
14798,84bb6abffffffff,1,0,0,"[0, 255, 0, 100]","[97, 255, 97]"
14799,84bb723ffffffff,96,0,0,"[0, 255, 0, 100]","[97, 255, 97]"
14800,84bb725ffffffff,123,0,0,"[0, 255, 0, 100]","[97, 255, 97]"
14801,84bb741ffffffff,8,0,0,"[0, 255, 0, 100]","[97, 255, 97]"
14802,84bb743ffffffff,1,0,0,"[0, 255, 0, 100]","[97, 255, 97]"
14803,84bb745ffffffff,15,0,0,"[0, 255, 0, 100]","[97, 255, 97]"
14804,84bb747ffffffff,1,0,0,"[0, 255, 0, 100]","[97, 255, 97]"
14805,84bb75dffffffff,7,0,0,"[0, 255, 0, 100]","[97, 255, 97]"
14806,84bb765ffffffff,26,0,0,"[0, 255, 0, 100]","[97, 255, 97]"
14807,84bb767ffffffff,2,0,0,"[0, 255, 0, 100]","[97, 255, 97]"
14808,84bc091ffffffff,8,0,0,"[0, 255, 0, 100]","[97, 255, 97]"
14809,84bc099ffffffff,63,0,0,"[0, 255, 0, 100]","[97, 255, 97]"
14810,84bc197ffffffff,5,0,0,"[0, 255, 0, 100]","[97, 255, 97]"
14811,84bc1b7ffffffff,191,0,0,"[0, 255, 0, 100]","[97, 255, 97]"
14812,84bc421ffffffff,8,0,0,"[0, 255, 0, 100]","[97, 255, 97]"
14813,84bc42dffffffff,24,0,0,"[0, 255, 0, 100]","[97, 255, 97]"
14814,84bc43bffffffff,6,0,0,"[0, 255, 0, 100]","[97, 255, 97]"
14815,84bc457ffffffff,3,0,0,"[0, 255, 0, 100]","[97, 255, 97]"
14816,84bc485ffffffff,4,0,0,"[0, 255, 0, 100]","[97, 255, 97]"
14817,84bc4a9ffffffff,4,0,0,"[0, 255, 0, 100]","[97, 255, 97]"
14818,84bc4ddffffffff,15,0,0,"[0, 255, 0, 100]","[97, 255, 97]"
14819,84bc4e3ffffffff,1,0,0,"[0, 255, 0, 100]","[97, 255, 97]"
14820,84bc543ffffffff,60,0,0,"[0, 255, 0, 100]","[97, 255, 97]"
14821,84bc54bffffffff,3,0,0,"[0, 255, 0, 100]","[97, 255, 97]"
14822,84bc5adffffffff,54,0,0,"[0, 255, 0, 100]","[97, 255, 97]"
14823,84bc5e1ffffffff,3,0,0,"[0, 255, 0, 100]","[97, 255, 97]"
14824,84bc5e7ffffffff,3,0,0,"[0, 255, 0, 100]","[97, 255, 97]"
14825,84bc6b3ffffffff,9,0,0,"[0, 255, 0, 100]","[97, 255, 97]"
14826,84bc6b7ffffffff,28,0,0,"[0, 255, 0, 100]","[97, 255, 97]"
14827,84bc739ffffffff,10,0,0,"[0, 255, 0, 100]","[97, 255, 97]"
14828,84bc73dffffffff,3,0,0,"[0, 255, 0, 100]","[97, 255, 97]"
14829,84bc893ffffffff,135,0,0,"[0, 255, 0, 100]","[97, 255, 97]"
14830,84bc897ffffffff,262,0,0,"[0, 255, 0, 100]","[97, 255, 97]"
14831,84bc8b3ffffffff,31,0,0,"[0, 255, 0, 100]","[97, 255, 97]"
14832,84bc8b7ffffffff,73,0,0,"[0, 255, 0, 100]","[97, 255, 97]"
14833,84bc8bbffffffff,140,0,0,"[0, 255, 0, 100]","[97, 255, 97]"
14834,84bcac1ffffffff,47,0,0,"[0, 255, 0, 100]","[97, 255, 97]"
14835,84bcac7ffffffff,2,0,0,"[0, 255, 0, 100]","[97, 255, 97]"
14836,84bcc03ffffffff,1,0,0,"[0, 255, 0, 100]","[97, 255, 97]"
14837,84bcc05ffffffff,72,0,0,"[0, 255, 0, 100]","[97, 255, 97]"
14838,84bcc09ffffffff,71,0,0,"[0, 255, 0, 100]","[97, 255, 97]"
14839,84bcc0dffffffff,10,0,0,"[0, 255, 0, 100]","[97, 255, 97]"
14840,84bcc11ffffffff,68,0,0,"[0, 255, 0, 100]","[97, 255, 97]"
14841,84bcc15ffffffff,114,0,0,"[0, 255, 0, 100]","[97, 255, 97]"
14842,84bcc21ffffffff,69,0,0,"[0, 255, 0, 100]","[97, 255, 97]"
14843,84bcc23ffffffff,572,0,0,"[0, 255, 0, 100]","[97, 255, 97]"
14844,84bcc27ffffffff,1,0,0,"[0, 255, 0, 100]","[97, 255, 97]"
14845,84bcc29ffffffff,2,0,0,"[0, 255, 0, 100]","[97, 255, 97]"
14846,84bcc2bffffffff,17,0,0,"[0, 255, 0, 100]","[97, 255, 97]"
14847,84bcc2dffffffff,22,0,0,"[0, 255, 0, 100]","[97, 255, 97]"
14848,84bcc35ffffffff,184,0,0,"[0, 255, 0, 100]","[97, 255, 97]"
14849,84bcc39ffffffff,24,0,0,"[0, 255, 0, 100]","[97, 255, 97]"
14850,84bcc3dffffffff,41,0,0,"[0, 255, 0, 100]","[97, 255, 97]"
14851,84bcc41ffffffff,12,0,0,"[0, 255, 0, 100]","[97, 255, 97]"
14852,84bcc43ffffffff,4,0,0,"[0, 255, 0, 100]","[97, 255, 97]"
14853,84bcc63ffffffff,68,0,0,"[0, 255, 0, 100]","[97, 255, 97]"
14854,84bcc87ffffffff,2,0,0,"[0, 255, 0, 100]","[97, 255, 97]"
14855,84bccabffffffff,5,0,0,"[0, 255, 0, 100]","[97, 255, 97]"
14856,84bccbdffffffff,1,0,0,"[0, 255, 0, 100]","[97, 255, 97]"
14857,84bccedffffffff,2,0,0,"[0, 255, 0, 100]","[97, 255, 97]"
14858,84bcd15ffffffff,111,0,0,"[0, 255, 0, 100]","[97, 255, 97]"
14859,84bcd1bffffffff,113,0,0,"[0, 255, 0, 100]","[97, 255, 97]"
14860,84bcd1dffffffff,9,0,0,"[0, 255, 0, 100]","[97, 255, 97]"
14861,84bcd23ffffffff,14,0,0,"[0, 255, 0, 100]","[97, 255, 97]"
14862,84bcd29ffffffff,16,0,0,"[0, 255, 0, 100]","[97, 255, 97]"
14863,84bcd2dffffffff,25,0,0,"[0, 255, 0, 100]","[97, 255, 97]"
14864,84bcd41ffffffff,106,0,0,"[0, 255, 0, 100]","[97, 255, 97]"
14865,84bcd6dffffffff,65,0,0,"[0, 255, 0, 100]","[97, 255, 97]"
14866,84bcd81ffffffff,7,0,0,"[0, 255, 0, 100]","[97, 255, 97]"
14867,84bcd89ffffffff,37,0,0,"[0, 255, 0, 100]","[97, 255, 97]"
14868,84bcd8dffffffff,52,0,0,"[0, 255, 0, 100]","[97, 255, 97]"
14869,84bcdb5ffffffff,29,0,0,"[0, 255, 0, 100]","[97, 255, 97]"
14870,84bcdbdffffffff,3,0,0,"[0, 255, 0, 100]","[97, 255, 97]"
14871,84bcdc1ffffffff,29,0,0,"[0, 255, 0, 100]","[97, 255, 97]"
14872,84bcdc5ffffffff,119,0,0,"[0, 255, 0, 100]","[97, 255, 97]"
14873,84bcdcdffffffff,29,0,0,"[0, 255, 0, 100]","[97, 255, 97]"
14874,84bcddbffffffff,22,0,0,"[0, 255, 0, 100]","[97, 255, 97]"
14875,84bcde3ffffffff,1,0,0,"[0, 255, 0, 100]","[97, 255, 97]"
14876,84bcde9ffffffff,6,0,0,"[0, 255, 0, 100]","[97, 255, 97]"
14877,84bce17ffffffff,29,0,0,"[0, 255, 0, 100]","[97, 255, 97]"
14878,84bce61ffffffff,174,0,0,"[0, 255, 0, 100]","[97, 255, 97]"
14879,84bce6dffffffff,30,0,0,"[0, 255, 0, 100]","[97, 255, 97]"
14880,84bcea3ffffffff,2,0,0,"[0, 255, 0, 100]","[97, 255, 97]"
14881,84bcec1ffffffff,6,0,0,"[0, 255, 0, 100]","[97, 255, 97]"
14882,84bced3ffffffff,33,0,0,"[0, 255, 0, 100]","[97, 255, 97]"
14883,84bceedffffffff,23,0,0,"[0, 255, 0, 100]","[97, 255, 97]"
14884,84bcf15ffffffff,74,0,0,"[0, 255, 0, 100]","[97, 255, 97]"
14885,84bcf17ffffffff,119,0,0,"[0, 255, 0, 100]","[97, 255, 97]"
14886,84bcf51ffffffff,74,0,0,"[0, 255, 0, 100]","[97, 255, 97]"
14887,84bcf59ffffffff,44,0,0,"[0, 255, 0, 100]","[97, 255, 97]"
14888,84bcf5dffffffff,115,0,0,"[0, 255, 0, 100]","[97, 255, 97]"
14889,84be081ffffffff,91,0,0,"[0, 255, 0, 100]","[97, 255, 97]"
14890,84be085ffffffff,17,0,0,"[0, 255, 0, 100]","[97, 255, 97]"
14891,84be089ffffffff,7,0,0,"[0, 255, 0, 100]","[97, 255, 97]"
14892,84be08bffffffff,29,0,0,"[0, 255, 0, 100]","[97, 255, 97]"
14893,84be08dffffffff,180,0,0,"[0, 255, 0, 100]","[97, 255, 97]"
14894,84be099ffffffff,20,0,0,"[0, 255, 0, 100]","[97, 255, 97]"
14895,84be0a5ffffffff,12,0,0,"[0, 255, 0, 100]","[97, 255, 97]"
14896,84be0adffffffff,54,0,0,"[0, 255, 0, 100]","[97, 255, 97]"
14897,84be0b1ffffffff,3,0,0,"[0, 255, 0, 100]","[97, 255, 97]"
14898,84be0b7ffffffff,18,0,0,"[0, 255, 0, 100]","[97, 255, 97]"
14899,84be0b9ffffffff,3,0,0,"[0, 255, 0, 100]","[97, 255, 97]"
14900,84be0bdffffffff,4,0,0,"[0, 255, 0, 100]","[97, 255, 97]"
14901,84be0d3ffffffff,8,0,0,"[0, 255, 0, 100]","[97, 255, 97]"
14902,84be0d5ffffffff,12,0,0,"[0, 255, 0, 100]","[97, 255, 97]"
14903,84be0ddffffffff,55,0,0,"[0, 255, 0, 100]","[97, 255, 97]"
14904,84be0e3ffffffff,554,0,0,"[0, 255, 0, 100]","[97, 255, 97]"
14905,84be0e5ffffffff,28,0,0,"[0, 255, 0, 100]","[97, 255, 97]"
14906,84be0e7ffffffff,11,0,0,"[0, 255, 0, 100]","[97, 255, 97]"
14907,84be167ffffffff,9,0,0,"[0, 255, 0, 100]","[97, 255, 97]"
14908,84be181ffffffff,9,0,0,"[0, 255, 0, 100]","[97, 255, 97]"
14909,84be18bffffffff,27,0,0,"[0, 255, 0, 100]","[97, 255, 97]"
14910,84be1a1ffffffff,71,0,0,"[0, 255, 0, 100]","[97, 255, 97]"
14911,84be1a3ffffffff,14,0,0,"[0, 255, 0, 100]","[97, 255, 97]"
14912,84be1b1ffffffff,4,0,0,"[0, 255, 0, 100]","[97, 255, 97]"
14913,84be1d3ffffffff,111,0,0,"[0, 255, 0, 100]","[97, 255, 97]"
14914,84be293ffffffff,37,0,0,"[0, 255, 0, 100]","[97, 255, 97]"
14915,84be403ffffffff,5,0,0,"[0, 255, 0, 100]","[97, 255, 97]"
14916,84be423ffffffff,23,0,0,"[0, 255, 0, 100]","[97, 255, 97]"
14917,84be439ffffffff,4,0,0,"[0, 255, 0, 100]","[97, 255, 97]"
14918,84be46bffffffff,7,0,0,"[0, 255, 0, 100]","[97, 255, 97]"
14919,84be505ffffffff,3,0,0,"[0, 255, 0, 100]","[97, 255, 97]"
14920,84be521ffffffff,4,0,0,"[0, 255, 0, 100]","[97, 255, 97]"
14921,84be525ffffffff,22,0,0,"[0, 255, 0, 100]","[97, 255, 97]"
14922,84be529ffffffff,1,0,0,"[0, 255, 0, 100]","[97, 255, 97]"
14923,84be543ffffffff,48,0,0,"[0, 255, 0, 100]","[97, 255, 97]"
14924,84be55dffffffff,11,0,0,"[0, 255, 0, 100]","[97, 255, 97]"
14925,84be59dffffffff,14,0,0,"[0, 255, 0, 100]","[97, 255, 97]"
14926,84be5a9ffffffff,23,0,0,"[0, 255, 0, 100]","[97, 255, 97]"
14927,84be631ffffffff,14,0,0,"[0, 255, 0, 100]","[97, 255, 97]"
14928,84be635ffffffff,45,0,0,"[0, 255, 0, 100]","[97, 255, 97]"
14929,84be639ffffffff,24,0,0,"[0, 255, 0, 100]","[97, 255, 97]"
14930,84be661ffffffff,10,0,0,"[0, 255, 0, 100]","[97, 255, 97]"
14931,84be665ffffffff,18,0,0,"[0, 255, 0, 100]","[97, 255, 97]"
14932,84be667ffffffff,3,0,0,"[0, 255, 0, 100]","[97, 255, 97]"
14933,84be70dffffffff,1,0,0,"[0, 255, 0, 100]","[97, 255, 97]"
14934,84be717ffffffff,2,0,0,"[0, 255, 0, 100]","[97, 255, 97]"
14935,84be727ffffffff,110,0,0,"[0, 255, 0, 100]","[97, 255, 97]"
14936,84be72bffffffff,1,0,0,"[0, 255, 0, 100]","[97, 255, 97]"
14937,84be72dffffffff,199,0,0,"[0, 255, 0, 100]","[97, 255, 97]"
14938,84be733ffffffff,2,0,0,"[0, 255, 0, 100]","[97, 255, 97]"
14939,84be759ffffffff,3,0,0,"[0, 255, 0, 100]","[97, 255, 97]"
14940,84be75bffffffff,89,0,0,"[0, 255, 0, 100]","[97, 255, 97]"
14941,84be763ffffffff,82,0,0,"[0, 255, 0, 100]","[97, 255, 97]"
14942,84be76bffffffff,12,0,0,"[0, 255, 0, 100]","[97, 255, 97]"
14943,84be88bffffffff,13,0,0,"[0, 255, 0, 100]","[97, 255, 97]"
14944,84be891ffffffff,38,0,0,"[0, 255, 0, 100]","[97, 255, 97]"
14945,84be8b1ffffffff,48,0,0,"[0, 255, 0, 100]","[97, 255, 97]"
14946,84be8b5ffffffff,10,0,0,"[0, 255, 0, 100]","[97, 255, 97]"
14947,84be8b9ffffffff,115,0,0,"[0, 255, 0, 100]","[97, 255, 97]"
14948,84be8d1ffffffff,190,0,0,"[0, 255, 0, 100]","[97, 255, 97]"
14949,84be8d5ffffffff,31,6,0.193548387,"[255, 0, 0, 100]","[255, 0, 0]"
14950,84be8dbffffffff,215,0,0,"[0, 255, 0, 100]","[97, 255, 97]"
14951,84be8ddffffffff,52,0,0,"[0, 255, 0, 100]","[97, 255, 97]"
14952,84be9c5ffffffff,20,0,0,"[0, 255, 0, 100]","[97, 255, 97]"
14953,84be9e9ffffffff,15,0,0,"[0, 255, 0, 100]","[97, 255, 97]"
14954,84bec01ffffffff,11,0,0,"[0, 255, 0, 100]","[97, 255, 97]"
14955,84bec03ffffffff,18,0,0,"[0, 255, 0, 100]","[97, 255, 97]"
14956,84bec59ffffffff,4,0,0,"[0, 255, 0, 100]","[97, 255, 97]"
14957,84bec81ffffffff,6,0,0,"[0, 255, 0, 100]","[97, 255, 97]"
14958,84bec8bffffffff,37,0,0,"[0, 255, 0, 100]","[97, 255, 97]"
14959,84bec95ffffffff,1,0,0,"[0, 255, 0, 100]","[97, 255, 97]"
14960,84bed19ffffffff,135,0,0,"[0, 255, 0, 100]","[97, 255, 97]"
14961,84bed21ffffffff,25,0,0,"[0, 255, 0, 100]","[97, 255, 97]"
14962,84bed25ffffffff,16,0,0,"[0, 255, 0, 100]","[97, 255, 97]"
14963,84bed29ffffffff,32,0,0,"[0, 255, 0, 100]","[97, 255, 97]"
14964,84bed2dffffffff,82,0,0,"[0, 255, 0, 100]","[97, 255, 97]"
14965,84bed37ffffffff,70,0,0,"[0, 255, 0, 100]","[97, 255, 97]"
14966,84bed43ffffffff,6,0,0,"[0, 255, 0, 100]","[97, 255, 97]"
14967,84bed4dffffffff,44,0,0,"[0, 255, 0, 100]","[97, 255, 97]"
14968,84bed6dffffffff,46,0,0,"[0, 255, 0, 100]","[97, 255, 97]"
14969,84bee09ffffffff,29,0,0,"[0, 255, 0, 100]","[97, 255, 97]"
14970,84bee21ffffffff,17,0,0,"[0, 255, 0, 100]","[97, 255, 97]"
14971,84bee29ffffffff,16,0,0,"[0, 255, 0, 100]","[97, 255, 97]"
14972,84bee47ffffffff,36,0,0,"[0, 255, 0, 100]","[97, 255, 97]"
14973,84beec5ffffffff,8,0,0,"[0, 255, 0, 100]","[97, 255, 97]"
14974,84bef29ffffffff,1,0,0,"[0, 255, 0, 100]","[97, 255, 97]"
14975,84bef31ffffffff,16,0,0,"[0, 255, 0, 100]","[97, 255, 97]"
14976,84bef33ffffffff,20,0,0,"[0, 255, 0, 100]","[97, 255, 97]"
14977,84bef45ffffffff,36,0,0,"[0, 255, 0, 100]","[97, 255, 97]"
14978,84bef59ffffffff,32,0,0,"[0, 255, 0, 100]","[97, 255, 97]"
14979,84bf1adffffffff,19,0,0,"[0, 255, 0, 100]","[97, 255, 97]"
14980,84bf297ffffffff,4,0,0,"[0, 255, 0, 100]","[97, 255, 97]"
14981,84bf52dffffffff,6,0,0,"[0, 255, 0, 100]","[97, 255, 97]"
14982,84bf76dffffffff,29,0,0,"[0, 255, 0, 100]","[97, 255, 97]"
14983,84bfa2dffffffff,1,0,0,"[0, 255, 0, 100]","[97, 255, 97]"
14984,84c2251ffffffff,6,0,0,"[0, 255, 0, 100]","[97, 255, 97]"
14985,84c22e1ffffffff,43,0,0,"[0, 255, 0, 100]","[97, 255, 97]"
14986,84c22ebffffffff,12,0,0,"[0, 255, 0, 100]","[97, 255, 97]"
14987,84c2c49ffffffff,78,0,0,"[0, 255, 0, 100]","[97, 255, 97]"
14988,84c2d03ffffffff,9,0,0,"[0, 255, 0, 100]","[97, 255, 97]"
14989,84c2d31ffffffff,6,0,0,"[0, 255, 0, 100]","[97, 255, 97]"
14990,84c2e01ffffffff,1,0,0,"[0, 255, 0, 100]","[97, 255, 97]"
14991,84c2e03ffffffff,11,0,0,"[0, 255, 0, 100]","[97, 255, 97]"
14992,84c2e07ffffffff,165,0,0,"[0, 255, 0, 100]","[97, 255, 97]"
14993,84c2e1bffffffff,3,0,0,"[0, 255, 0, 100]","[97, 255, 97]"
14994,84c2e23ffffffff,42,0,0,"[0, 255, 0, 100]","[97, 255, 97]"
14995,84c2e31ffffffff,2,0,0,"[0, 255, 0, 100]","[97, 255, 97]"
14996,84c2e39ffffffff,169,0,0,"[0, 255, 0, 100]","[97, 255, 97]"
14997,84c2e3dffffffff,79,0,0,"[0, 255, 0, 100]","[97, 255, 97]"
14998,84c2ee1ffffffff,51,0,0,"[0, 255, 0, 100]","[97, 255, 97]"
14999,84c2eedffffffff,255,0,0,"[0, 255, 0, 100]","[97, 255, 97]"
15000,84c2f3dffffffff,2,0,0,"[0, 255, 0, 100]","[97, 255, 97]"
15001,84c3043ffffffff,26,0,0,"[0, 255, 0, 100]","[97, 255, 97]"
15002,84c3055ffffffff,18,0,0,"[0, 255, 0, 100]","[97, 255, 97]"
15003,84c3491ffffffff,12,0,0,"[0, 255, 0, 100]","[97, 255, 97]"
15004,84c3499ffffffff,11,0,0,"[0, 255, 0, 100]","[97, 255, 97]"
15005,84c34c3ffffffff,59,0,0,"[0, 255, 0, 100]","[97, 255, 97]"
15006,84c34c7ffffffff,2,0,0,"[0, 255, 0, 100]","[97, 255, 97]"
15007,84c34cbffffffff,13,0,0,"[0, 255, 0, 100]","[97, 255, 97]"
15008,84c36c3ffffffff,41,0,0,"[0, 255, 0, 100]","[97, 255, 97]"
15009,84c36c7ffffffff,3,0,0,"[0, 255, 0, 100]","[97, 255, 97]"
15010,84c59d7ffffffff,3,0,0,"[0, 255, 0, 100]","[97, 255, 97]"
15011,84c9927ffffffff,3,0,0,"[0, 255, 0, 100]","[97, 255, 97]"
15012,84c9929ffffffff,1,0,0,"[0, 255, 0, 100]","[97, 255, 97]"
15013,84c9967ffffffff,33,0,0,"[0, 255, 0, 100]","[97, 255, 97]"
15014,84ca0d3ffffffff,31,0,0,"[0, 255, 0, 100]","[97, 255, 97]"
15015,84ca0d9ffffffff,69,0,0,"[0, 255, 0, 100]","[97, 255, 97]"
15016,84ca0dbffffffff,265,0,0,"[0, 255, 0, 100]","[97, 255, 97]"
15017,84ca725ffffffff,1,0,0,"[0, 255, 0, 100]","[97, 255, 97]"
15018,84ca72dffffffff,26,0,0,"[0, 255, 0, 100]","[97, 255, 97]"
15019,84cc8a3ffffffff,86,0,0,"[0, 255, 0, 100]","[97, 255, 97]"
15020,84cc8abffffffff,84,0,0,"[0, 255, 0, 100]","[97, 255, 97]"
15021,84cc8b1ffffffff,337,0,0,"[0, 255, 0, 100]","[97, 255, 97]"
15022,84cc8b3ffffffff,2,0,0,"[0, 255, 0, 100]","[97, 255, 97]"
15023,84cc8bdffffffff,291,0,0,"[0, 255, 0, 100]","[97, 255, 97]"
15024,84cd489ffffffff,67,0,0,"[0, 255, 0, 100]","[97, 255, 97]"
15025,84cd48bffffffff,26,0,0,"[0, 255, 0, 100]","[97, 255, 97]"
15026,84cd49dffffffff,106,0,0,"[0, 255, 0, 100]","[97, 255, 97]"
15027,84cd4c3ffffffff,89,0,0,"[0, 255, 0, 100]","[97, 255, 97]"
15028,84cd4c7ffffffff,51,0,0,"[0, 255, 0, 100]","[97, 255, 97]"
15029,84cd4d7ffffffff,42,0,0,"[0, 255, 0, 100]","[97, 255, 97]"
15030,84ce36dffffffff,1,0,0,"[0, 255, 0, 100]","[97, 255, 97]"
15031,84ce8c1ffffffff,6,0,0,"[0, 255, 0, 100]","[97, 255, 97]"
15032,84ce8c5ffffffff,6,0,0,"[0, 255, 0, 100]","[97, 255, 97]"
15033,84ce8c7ffffffff,2,0,0,"[0, 255, 0, 100]","[97, 255, 97]"
15034,84ce8e3ffffffff,15,0,0,"[0, 255, 0, 100]","[97, 255, 97]"
15035,84ce8e9ffffffff,2,0,0,"[0, 255, 0, 100]","[97, 255, 97]"
15036,84cea11ffffffff,1,0,0,"[0, 255, 0, 100]","[97, 255, 97]"
15037,84cf129ffffffff,49,0,0,"[0, 255, 0, 100]","[97, 255, 97]"
15038,84cf12bffffffff,1,0,0,"[0, 255, 0, 100]","[97, 255, 97]"
15039,84cfab3ffffffff,5,0,0,"[0, 255, 0, 100]","[97, 255, 97]"
15040,84d3609ffffffff,43,0,0,"[0, 255, 0, 100]","[97, 255, 97]"
15041,84d3643ffffffff,168,0,0,"[0, 255, 0, 100]","[97, 255, 97]"
15042,84d365dffffffff,114,0,0,"[0, 255, 0, 100]","[97, 255, 97]"
15043,84d39e3ffffffff,129,0,0,"[0, 255, 0, 100]","[97, 255, 97]"
15044,84d39e7ffffffff,11,0,0,"[0, 255, 0, 100]","[97, 255, 97]"
15045,84d39ebffffffff,96,0,0,"[0, 255, 0, 100]","[97, 255, 97]"
15046,84d594dffffffff,3,0,0,"[0, 255, 0, 100]","[97, 255, 97]"
15047,84da809ffffffff,61,0,0,"[0, 255, 0, 100]","[97, 255, 97]"
15048,84da815ffffffff,7,0,0,"[0, 255, 0, 100]","[97, 255, 97]"
15049,84da855ffffffff,1,0,0,"[0, 255, 0, 100]","[97, 255, 97]"
15050,84da90bffffffff,74,0,0,"[0, 255, 0, 100]","[97, 255, 97]"
15051,84da947ffffffff,51,0,0,"[0, 255, 0, 100]","[97, 255, 97]"
15052,84da94bffffffff,59,0,0,"[0, 255, 0, 100]","[97, 255, 97]"
15053,84da957ffffffff,1,0,0,"[0, 255, 0, 100]","[97, 255, 97]"
15054,84da959ffffffff,3,0,0,"[0, 255, 0, 100]","[97, 255, 97]"
15055,84da95dffffffff,5,0,0,"[0, 255, 0, 100]","[97, 255, 97]"
15056,84dab37ffffffff,51,0,0,"[0, 255, 0, 100]","[97, 255, 97]"
15057,84de701ffffffff,188,0,0,"[0, 255, 0, 100]","[97, 255, 97]"
15058,84de70bffffffff,2,0,0,"[0, 255, 0, 100]","[97, 255, 97]"
15059,84de763ffffffff,66,0,0,"[0, 255, 0, 100]","[97, 255, 97]"
15060,84df4c1ffffffff,1,0,0,"[0, 255, 0, 100]","[97, 255, 97]"
15061,84df69dffffffff,7,0,0,"[0, 255, 0, 100]","[97, 255, 97]"
15062,84e22d9ffffffff,24,0,0,"[0, 255, 0, 100]","[97, 255, 97]"
15063,84e26d9ffffffff,1,0,0,"[0, 255, 0, 100]","[97, 255, 97]"
15064,84e3513ffffffff,55,0,0,"[0, 255, 0, 100]","[97, 255, 97]"
15065,84e3517ffffffff,13,0,0,"[0, 255, 0, 100]","[97, 255, 97]"
15066,84e3533ffffffff,174,0,0,"[0, 255, 0, 100]","[97, 255, 97]"
15067,84e35e9ffffffff,116,0,0,"[0, 255, 0, 100]","[97, 255, 97]"
15068,84e35edffffffff,32,0,0,"[0, 255, 0, 100]","[97, 255, 97]"
15069,84f3401ffffffff,60,0,0,"[0, 255, 0, 100]","[97, 255, 97]"
15070,84f3403ffffffff,146,0,0,"[0, 255, 0, 100]","[97, 255, 97]"
15071,84f340dffffffff,210,0,0,"[0, 255, 0, 100]","[97, 255, 97]"