"rounded_latitude","rounded_longitude","avg_nic"
34,-16.4,4.8
34,-15.3,0
34,-15,0
34,-14.9,0
34,-10.7,0
34,-8,4
34,-7.8,0
34,-7.5,0
34,-7.4,4.57142857142857
34,-7.2,0
34,-7.1,0
34,-6.6,5
34,11.1,6.75
34,26.8,8
34,30.2,5.33333333333333
34,30.3,8
34,30.7,8
34,30.8,8
34,30.9,8
34,31.4,7.11111111111111
34,31.5,8
34,31.6,8
34,31.7,8
34,34.1,7.5
34,44.6,2.66666666666667
34.1,-16.4,4.8
34.1,-16.3,0
34.1,-14.9,1.33333333333333
34.1,-14.8,0
34.1,-10.7,0
34.1,-10.6,0
34.1,-8,0
34.1,-7.8,4
34.1,-7.7,1.14285714285714
34.1,-7.4,1.68421052631579
34.1,-7.3,7.27272727272727
34.1,-7.1,0.242424242424242
34.1,-7,0.32
34.1,-6.6,8
34.1,-6.5,6.4
34.1,11.1,6.45454545454545
34.1,11.2,6.2
34.1,26.8,8
34.1,30,8.25
34.1,30.1,6.85714285714286
34.1,30.2,7.22222222222222
34.1,30.3,8
34.1,30.4,6.45454545454545
34.1,30.6,6.18181818181818
34.1,30.7,5
34.1,30.9,7.27272727272727
34.1,31.2,5
34.1,31.3,8.1
34.1,31.4,8
34.1,31.5,8
34.1,31.6,8
34.1,31.7,7.33333333333333
34.1,34.1,8
34.1,44.6,4
34.2,-14.8,0
34.2,-14.7,0
34.2,-10.6,0
34.2,-10.5,0.615384615384615
34.2,-8,0
34.2,-7.7,0
34.2,-7.6,0
34.2,-7.5,0
34.2,-7.4,0
34.2,-7.3,3.47826086956522
34.2,-7.2,8
34.2,-7,0
34.2,-6.9,2.10526315789474
34.2,-6.8,8
34.2,-6.7,8
34.2,-6.5,6.08333333333333
34.2,11.2,7.64285714285714
34.2,11.3,7
34.2,24.3,4
34.2,24.4,0
34.2,24.5,1.77777777777778
34.2,24.6,8
34.2,26.7,8
34.2,30,6.85714285714286
34.2,30.3,7.33333333333333
34.2,30.4,5.77777777777778
34.2,30.5,5.71428571428571
34.2,30.6,5.33333333333333
34.2,30.9,5.81818181818182
34.2,31,7.27272727272727
34.2,31.1,6.4
34.2,31.2,8
34.2,31.5,8
34.2,31.6,8
34.2,31.7,8
34.2,34.1,8
34.2,44.5,3
34.2,44.6,0
34.3,-14.6,0
34.3,-10.5,1.6
34.3,-10.4,0
34.3,-8,1.23076923076923
34.3,-7.5,1.45454545454545
34.3,-7.4,0
34.3,-7.3,0
34.3,-7.2,7
34.3,-6.4,4.92307692307692
34.3,11.3,5.125
34.3,24,0
34.3,24.1,3.2
34.3,24.2,3.63636363636364
34.3,24.3,5.33333333333333
34.3,26.6,8
34.3,30.2,5.05263157894737
34.3,30.3,5.75
34.3,30.4,4
34.3,30.8,5.44444444444444
34.3,30.9,6.40740740740741
34.3,31,5.33333333333333
34.3,31.5,8
34.3,31.6,8
34.3,34.1,8
34.3,44.5,4
34.4,-14.5,0
34.4,-10.4,0
34.4,-10.3,0
34.4,-8,0.615384615384615
34.4,-7.4,1.23076923076923
34.4,-7.3,1.6
34.4,-7.2,1.6
34.4,-7.1,1.14285714285714
34.4,-6.4,5.90909090909091
34.4,-6.3,8
34.4,-3.6,8
34.4,-3.5,7.11111111111111
34.4,-3.4,5.7
34.4,-3.3,4
34.4,11.3,8
34.4,11.4,5.92307692307692
34.4,23.7,0
34.4,23.8,0
34.4,23.9,0
34.4,26.4,8
34.4,26.6,8
34.4,27.8,0
34.4,27.9,0
34.4,28.8,4.45454545454545
34.4,28.9,6.85714285714286
34.4,29,3.875
34.4,29.1,8
34.4,30,4
34.4,30.1,6.08333333333333
34.4,30.2,6.04
34.4,30.6,5.33333333333333
34.4,30.7,7.21052631578947
34.4,30.8,6.66666666666667
34.4,30.9,7.27272727272727
34.4,34.1,7.2
34.4,44.3,0
34.4,44.4,3
34.4,44.5,2.28571428571429
34.5,-14.4,0
34.5,-14.3,0
34.5,-10.3,0.8
34.5,-10.2,1.6
34.5,-8,2
34.5,-7.3,0
34.5,-7.2,5
34.5,-6.3,7.38461538461539
34.5,-3.3,3.57142857142857
34.5,-3.2,7.2
34.5,-3.1,6.22222222222222
34.5,-3,8
34.5,11.4,7.5
34.5,11.5,7.53333333333333
34.5,16.7,3.2
34.5,16.8,2.66666666666667
34.5,16.9,3.42857142857143
34.5,17,1
34.5,17.1,1
34.5,17.2,1
34.5,17.3,2
34.5,17.4,4
34.5,17.5,1.14285714285714
34.5,17.6,0
34.5,17.7,3.42857142857143
34.5,17.8,1.14285714285714
34.5,17.9,4.44444444444444
34.5,18,1
34.5,18.1,0.888888888888889
34.5,18.2,1
34.5,18.3,0.888888888888889
34.5,18.4,3.42857142857143
34.5,23.3,0
34.5,23.5,0
34.5,23.6,0
34.5,26.3,8
34.5,26.5,8
34.5,27.8,4
34.5,28.4,4
34.5,28.5,4.8
34.5,28.6,4
34.5,28.7,2
34.5,29.9,2.4
34.5,30,4.44444444444444
34.5,30.1,7.1
34.5,30.2,8
34.5,30.4,6.08333333333333
34.5,30.5,4.48
34.5,30.6,6
34.5,30.9,8
34.5,32.1,7.33333333333333
34.5,34.1,7.27272727272727
34.5,44.3,3.55555555555556
34.5,44.4,2.18181818181818
34.6,-20.5,8
34.6,-20.4,8
34.6,-14.3,8
34.6,-14.2,8
34.6,-10.2,0
34.6,-10.1,0
34.6,-7.2,1
34.6,-7.1,7.11111111111111
34.6,-6.3,8
34.6,-6.2,8.07692307692308
34.6,-3,4
34.6,-2.9,5.33333333333333
34.6,-2.8,4.9
34.6,-2.7,5.33333333333333
34.6,11.6,8
34.6,11.7,7.42857142857143
34.6,22.8,8
34.6,22.9,8
34.6,23,5.33333333333333
34.6,25.5,0
34.6,25.6,0
34.6,25.7,0
34.6,25.8,0
34.6,26.5,5.61538461538461
34.6,27.7,6.4
34.6,27.9,8
34.6,28,2
34.6,28.1,3
34.6,28.2,0
34.6,29.8,5.33333333333333
34.6,29.9,6.4
34.6,30.1,5.33333333333333
34.6,30.2,4.45454545454545
34.6,30.3,6.85185185185185
34.6,30.4,6.0625
34.6,30.9,6.22222222222222
34.6,32,7.46666666666667
34.6,32.1,8
34.6,44.2,0
34.6,44.3,1.6
34.6,44.4,4.36363636363636
34.6,44.6,8
34.7,-20.3,8
34.7,-14.1,8
34.7,-10.1,0
34.7,-10,0
34.7,-6.2,8
34.7,-6.1,8
34.7,-6,8
34.7,-2.7,8
34.7,-2.6,7.11111111111111
34.7,-2.5,7.2
34.7,-2.4,6.88888888888889
34.7,-2.3,8
34.7,11.8,7.38461538461539
34.7,11.9,6.15384615384615
34.7,22,8
34.7,22.1,6.22222222222222
34.7,22.2,7.27272727272727
34.7,22.3,8.05263157894737
34.7,22.4,7.61904761904762
34.7,22.5,8
34.7,22.6,8.09523809523809
34.7,22.7,8
34.7,22.8,8
34.7,25.9,2.66666666666667
34.7,26,0
34.7,26.1,1
34.7,26.2,0
34.7,26.3,1.77777777777778
34.7,26.4,6
34.7,26.5,0.888888888888889
34.7,26.6,0.888888888888889
34.7,26.7,0
34.7,26.8,1
34.7,26.9,4.57142857142857
34.7,27,2.66666666666667
34.7,27.7,4
34.7,27.9,7.11111111111111
34.7,29.7,3.5
34.7,29.8,2.66666666666667
34.7,30,5.48
34.7,30.1,4.77777777777778
34.7,30.2,6.46666666666667
34.7,30.9,8
34.7,31.5,7
34.7,31.6,6.63636363636364
34.7,31.7,8
34.7,31.8,7.5
34.7,31.9,6.5
34.7,32,7.23809523809524
34.7,44.2,4
34.7,44.3,1.14285714285714
34.7,44.4,8
34.7,44.6,9
34.8,-20.3,8
34.8,-20.2,8
34.8,-14.1,8
34.8,-14,4
34.8,-13.9,0
34.8,-10,0.5
34.8,-6.1,8
34.8,-6,7.61904761904762
34.8,-5.9,8
34.8,-2.3,8
34.8,-2.2,6.66666666666667
34.8,-2.1,6.06060606060606
34.8,-2,5.025
34.8,-1.9,6.95
34.8,11.9,9
34.8,12,4
34.8,21.5,8
34.8,21.6,8.1
34.8,21.7,7.74193548387097
34.8,21.8,8.03225806451613
34.8,21.9,7
34.8,22,7.63636363636364
34.8,22.1,7.27272727272727
34.8,22.2,8
34.8,22.3,8
34.8,25.8,0
34.8,27,0
34.8,27.1,0
34.8,27.2,4.57142857142857
34.8,27.6,4.36363636363636
34.8,29.6,3.33333333333333
34.8,29.7,2.66666666666667
34.8,29.8,4.71428571428571
34.8,29.9,5.08333333333333
34.8,30,5.33333333333333
34.8,30.8,8
34.8,30.9,6.90909090909091
34.8,31,4.8
34.8,31.1,7.2
34.8,31.2,5.6
34.8,31.3,7.3
34.8,31.4,6.54545454545455
34.8,31.5,0
34.8,31.8,8
34.8,31.9,7.53125
34.8,32,8
34.8,44.2,0
34.8,44.3,4.44444444444444
34.8,44.5,9
34.8,45,0
34.9,-23.2,0
34.9,-23.1,8
34.9,-23,8
34.9,-20.2,8
34.9,-20.1,8
34.9,-13.9,8
34.9,-13.8,4
34.9,-12.4,8
34.9,-10.7,0
34.9,-10,0
34.9,-9.9,0
34.9,-8.8,5
34.9,-8.7,8.33333333333333
34.9,-6,8
34.9,-5.9,8
34.9,-2.2,4.8695652173913
34.9,-2.1,4.14285714285714
34.9,-2,4.8
34.9,-1.9,8
34.9,-1.8,6.11111111111111
34.9,-1.7,5.5
34.9,-1.6,8
34.9,11.6,5.71428571428571
34.9,21,8
34.9,21.1,7.2
34.9,21.2,6.4
34.9,21.3,7.21052631578947
34.9,21.4,6.90909090909091
34.9,21.5,6.26086956521739
34.9,21.6,7.57894736842105
34.9,21.7,8
34.9,27.5,2.66666666666667
34.9,27.6,8
34.9,29.5,4
34.9,29.6,6.22222222222222
34.9,29.7,4
34.9,29.8,3.87096774193548
34.9,29.9,5.125
34.9,30.5,8
34.9,30.6,5
34.9,30.7,4.27272727272727
34.9,30.8,8
34.9,30.9,6.54545454545455
34.9,31.8,7.48387096774194
34.9,31.9,8
34.9,33.4,7.27272727272727
34.9,33.5,6
34.9,33.6,6.16129032258065
34.9,44.1,0
34.9,44.2,5.44444444444444
34.9,44.3,8
34.9,44.5,5.66666666666667
34.9,44.9,0
35,-22.8,8
35,-22.7,8
35,-20,2.66666666666667
35,-19.9,0
35,-13.8,4
35,-13.7,0
35,-12.3,8
35,-10.7,0.615384615384615
35,-8.7,4.57142857142857
35,-7.2,8
35,-5.9,8
35,-5.8,8
35,-1.6,7
35,-1.5,5.6
35,-1.4,4
35,11.6,6.66666666666667
35,20.4,0
35,20.5,0
35,20.6,5.53846153846154
35,20.7,8
35,20.8,8
35,20.9,7.27272727272727
35,21,6.15384615384615
35,21.1,6
35,21.2,6.66666666666667
35,21.3,7.27272727272727
35,21.4,7.33333333333333
35,21.5,8
35,27.3,4
35,27.4,3.2
35,27.5,4.8
35,29.3,4.71428571428571
35,29.4,4.55555555555556
35,29.5,4.71428571428571
35,29.6,6.4
35,29.7,5.1304347826087
35,29.8,6.4
35,29.9,4.33333333333333
35,30,3.2
35,30.1,4.8
35,30.2,4
35,30.3,6
35,30.4,4
35,30.5,5
35,30.6,5.71428571428571
35,30.7,7.875
35,30.8,8
35,30.9,6.66666666666667
35,31,8
35,31.1,4
35,31.7,7.36
35,31.8,7.2
35,33,3.2
35,33.1,8
35,33.2,6.0625
35,33.3,6.21428571428571
35,33.4,8
35,44.1,1.6
35,44.2,4
35,44.4,2.66666666666667
35,44.9,0
35.1,-22.7,8
35.1,-22.6,8
35.1,-22.5,8
35.1,-22.4,8
35.1,-19.9,6
35.1,-19.8,0
35.1,-13.7,8
35.1,-13.6,2
35.1,-12.2,4
35.1,-10.7,0
35.1,-10.6,0
35.1,-8.7,0
35.1,-8.6,4.66666666666667
35.1,-7.2,5.71428571428571
35.1,-7.1,6.4
35.1,-6.7,8
35.1,-6.4,6.4
35.1,-6.3,8
35.1,-5.8,8
35.1,-1.4,5.71428571428571
35.1,-1.3,5.6
35.1,-1.2,2.66666666666667
35.1,6.7,8
35.1,11.6,2.66666666666667
35.1,12.3,9
35.1,19.7,0
35.1,19.8,0
35.1,19.9,0
35.1,20,0
35.1,20.1,0
35.1,20.2,0
35.1,20.3,0
35.1,20.4,0
35.1,20.5,8
35.1,20.6,6.66666666666667
35.1,20.7,8
35.1,20.8,7.27272727272727
35.1,20.9,7.2
35.1,21,6
35.1,27.2,0
35.1,27.3,6
35.1,27.4,0.571428571428571
35.1,29.3,0
35.1,29.4,4
35.1,29.5,3.33333333333333
35.1,29.6,4.47826086956522
35.1,29.7,5.6
35.1,29.8,4.57142857142857
35.1,30.9,8
35.1,31.6,8.16666666666667
35.1,31.7,7.5625
35.1,32.7,5.25
35.1,32.8,4
35.1,32.9,8
35.1,33,6.85714285714286
35.1,44.1,2.66666666666667
35.1,44.4,6
35.2,-22.3,8
35.2,-22.2,8
35.2,-22.1,8
35.2,-19.8,8
35.2,-19.7,2.4
35.2,-19.6,0
35.2,-13.6,8
35.2,-13.5,2.66666666666667
35.2,-12.1,0
35.2,-10.6,0
35.2,-10.5,0
35.2,-8.6,4.57142857142857
35.2,-8.5,2.66666666666667
35.2,-7.1,6.4
35.2,-7,8
35.2,-6.7,8
35.2,-6.6,7.42857142857143
35.2,-6.3,7.27272727272727
35.2,-6.2,8
35.2,-5.7,8
35.2,-1.2,8
35.2,-1.1,6.22222222222222
35.2,-1,8
35.2,6.7,8
35.2,11.6,5.125
35.2,12.4,9
35.2,12.5,9
35.2,19.2,0
35.2,19.3,0
35.2,19.4,0
35.2,19.5,0
35.2,19.6,0
35.2,19.7,0
35.2,20.2,8
35.2,20.3,7.33333333333333
35.2,20.4,8
35.2,20.5,3.42857142857143
35.2,26.4,2.66666666666667
35.2,27.1,1.06666666666667
35.2,27.2,0
35.2,27.3,1.45454545454545
35.2,27.4,0
35.2,29.3,5.75
35.2,29.4,5.33333333333333
35.2,29.5,5.63636363636364
35.2,29.6,2.66666666666667
35.2,30.9,7.27272727272727
35.2,31.5,8
35.2,31.6,6.66666666666667
35.2,31.8,8
35.2,32.3,3.42857142857143
35.2,32.4,5.5
35.2,32.5,4
35.2,32.6,3.38095238095238
35.2,44,3.2
35.2,44.1,8
35.2,44.3,8
35.2,44.4,6.83333333333333
35.3,-22.1,8
35.3,-22,8
35.3,-21.9,8
35.3,-19.6,0
35.3,-19.5,2
35.3,-13.5,0
35.3,-12,0
35.3,-10.5,1.6
35.3,-9.9,0
35.3,-9.8,6.54545454545455
35.3,-8.5,5.09090909090909
35.3,-8.4,8
35.3,-7,8
35.3,-6.9,1.6
35.3,-6.6,8
35.3,-6.5,4
35.3,-6.2,6.76923076923077
35.3,-6.1,8
35.3,-5.7,8
35.3,-5.6,8
35.3,-5.4,8
35.3,-1,6.66666666666667
35.3,-0.9,4.9
35.3,-0.8,6.6
35.3,6.7,8
35.3,11.6,8.33333333333333
35.3,11.7,4
35.3,12.5,9
35.3,25.1,8
35.3,26.3,3.33333333333333
35.3,26.4,4
35.3,26.9,0
35.3,27,1.6
35.3,27.2,0
35.3,27.3,0.888888888888889
35.3,28,4
35.3,29.2,6.66666666666667
35.3,29.3,8
35.3,29.6,8
35.3,29.7,6
35.3,29.8,6.85714285714286
35.3,30.9,8
35.3,31.5,6.85714285714286
35.3,31.7,6.4
35.3,31.8,7.5
35.3,31.9,8
35.3,32,7.11111111111111
35.3,32.1,5.6
35.3,32.2,0
35.3,32.3,5.33333333333333
35.3,44,4
35.3,44.3,3.33333333333333
35.4,-21.8,8
35.4,-21.7,8
35.4,-21.6,8
35.4,-19.4,8
35.4,-13.4,0
35.4,-12,0
35.4,-11.9,2
35.4,-10.5,0
35.4,-10.4,0
35.4,-9.8,4.66666666666667
35.4,-9.7,0
35.4,-8.5,4.84615384615385
35.4,-8.4,6.76923076923077
35.4,-6.9,8
35.4,-6.8,7.33333333333333
35.4,-6.5,6
35.4,-6.1,7.42857142857143
35.4,-6,8
35.4,-5.6,8
35.4,-5.5,8
35.4,-5.4,8
35.4,-5.3,8
35.4,-0.8,6
35.4,-0.7,4
35.4,6.7,8
35.4,11.7,4.08333333333333
35.4,25.1,7.32
35.4,26.2,8.14285714285714
35.4,26.3,4.8
35.4,26.8,3.2
35.4,26.9,2.18181818181818
35.4,27.2,3.69230769230769
35.4,27.8,6.4
35.4,27.9,4.66666666666667
35.4,28,4.5
35.4,28.7,8
35.4,28.8,3.2
35.4,28.9,5.5
35.4,29.4,5.72727272727273
35.4,29.5,7.11111111111111
35.4,29.6,8.3
35.4,30.3,6
35.4,31.4,5.71428571428571
35.4,31.5,6.4
35.4,31.6,8
35.4,31.7,5.6
35.4,31.8,7.2
35.4,31.9,8
35.4,44,8
35.4,44.2,5
35.4,44.3,8
35.5,-21.6,8
35.5,-13.3,0
35.5,-13.2,0
35.5,-11.9,8
35.5,-10.4,3.42857142857143
35.5,-10.3,1
35.5,-9.7,6.76923076923077
35.5,-8.5,5.33333333333333
35.5,-8.4,8
35.5,-8.3,6.15384615384615
35.5,-6.7,7
35.5,-6.5,7.55555555555556
35.5,-6.4,7.11111111111111
35.5,-6,7.42857142857143
35.5,-5.9,8
35.5,-5.5,8
35.5,-5.4,8
35.5,-5.3,8
35.5,-5.2,8.125
35.5,-0.9,8
35.5,-0.8,4.36363636363636
35.5,6.7,8
35.5,11.7,4.36363636363636
35.5,12.5,8
35.5,12.6,8
35.5,14.6,4.44444444444444
35.5,14.7,4.70588235294118
35.5,16.6,6.66666666666667
35.5,16.7,5.18181818181818
35.5,16.8,4
35.5,16.9,5.81818181818182
35.5,17,6.4
35.5,17.1,6.4
35.5,17.2,4.8
35.5,18.5,1.6
35.5,22.5,8
35.5,22.6,7.46666666666667
35.5,22.7,8
35.5,24.1,8
35.5,24.2,8
35.5,24.3,4.44444444444444
35.5,25.1,7.30555555555556
35.5,25.7,4.36363636363636
35.5,26.1,8.25
35.5,26.2,6.4
35.5,26.7,3.42857142857143
35.5,26.8,0.8
35.5,27.1,1.6
35.5,27.2,0
35.5,27.6,0
35.5,27.7,4
35.5,27.8,3.42857142857143
35.5,28.6,8
35.5,28.7,8
35.5,29.1,6.85714285714286
35.5,29.2,6.15384615384615
35.5,29.3,7.36363636363636
35.5,29.4,9
35.5,30.2,8
35.5,30.3,3.125
35.5,31.2,4
35.5,31.3,6
35.5,31.4,6.54545454545455
35.5,31.5,6
35.5,31.9,8
35.5,43.9,8
35.5,44,8
35.5,44.2,8
35.6,-13.1,0
35.6,-11.8,8
35.6,-10.3,2.88
35.6,-10.2,4
35.6,-9.7,3.55555555555556
35.6,-9.6,6
35.6,-8.4,3.69230769230769
35.6,-8.3,8
35.6,-8.2,6.22222222222222
35.6,-6.6,6.66666666666667
35.6,-6.5,8
35.6,-6.4,7.60869565217391
35.6,-5.9,8
35.6,-5.8,8
35.6,-5.4,8
35.6,-5.3,8
35.6,-5.2,8
35.6,-5.1,7.2
35.6,-0.9,4
35.6,-0.8,7.52631578947368
35.6,-0.7,8
35.6,-0.6,8
35.6,6.7,8
35.6,11.7,5.81818181818182
35.6,14.5,4.36363636363636
35.6,14.6,5.33333333333333
35.6,14.7,6.57142857142857
35.6,14.8,4
35.6,14.9,4.30769230769231
35.6,15,3.91836734693878
35.6,15.8,6.31578947368421
35.6,15.9,6.42857142857143
35.6,16,4.36363636363636
35.6,16.1,4.95238095238095
35.6,16.2,2.66666666666667
35.6,16.3,3.42857142857143
35.6,16.4,3.16666666666667
35.6,16.5,6.54545454545455
35.6,16.6,4
35.6,17.9,0
35.6,18,0.888888888888889
35.6,18.1,0
35.6,18.2,4
35.6,18.3,2.28571428571429
35.6,18.4,1.14285714285714
35.6,18.5,0
35.6,22.3,8
35.6,22.4,7.68
35.6,22.5,8
35.6,24.1,5.33333333333333
35.6,24.3,0.571428571428571
35.6,25,0
35.6,25.1,1.6
35.6,25.6,6
35.6,25.7,8.66666666666667
35.6,26.1,3.76923076923077
35.6,26.6,1
35.6,26.7,1
35.6,27.5,5.33333333333333
35.6,27.6,5.33333333333333
35.6,28.4,6.22222222222222
35.6,28.5,5
35.6,28.8,8.25
35.6,28.9,6.15384615384615
35.6,29,7.35714285714286
35.6,29.1,8
35.6,30.1,6.4
35.6,30.2,6
35.6,31.2,6.54545454545455
35.6,31.3,4
35.6,31.9,7.29166666666667
35.6,43.9,8
35.6,44.1,0
35.6,44.2,8
35.7,-21,0
35.7,-13,0
35.7,-11.7,8
35.7,-10.2,2.07407407407407
35.7,-9.6,5.53846153846154
35.7,-8.4,5.71428571428571
35.7,-8.2,6
35.7,-8.1,4
35.7,-6.5,8
35.7,-6.4,7.94117647058824
35.7,-6.3,8
35.7,-5.8,8
35.7,-5.7,8
35.7,-5.3,8
35.7,-5.2,8
35.7,-5.1,4.8
35.7,-5,6.4
35.7,-0.6,8
35.7,-0.5,4.875
35.7,6.6,8
35.7,11.7,0.666666666666667
35.7,14.4,5.86666666666667
35.7,14.5,4.36363636363636
35.7,14.6,8
35.7,14.7,6.44444444444444
35.7,14.8,8
35.7,14.9,2.80701754385965
35.7,15,5.6
35.7,15.1,4.36363636363636
35.7,15.2,2.90909090909091
35.7,15.3,5.18181818181818
35.7,15.4,5.90909090909091
35.7,15.5,5.18181818181818
35.7,15.6,4
35.7,15.7,6.54545454545455
35.7,15.8,8
35.7,17.4,0
35.7,17.5,0.888888888888889
35.7,17.6,2
35.7,17.7,4
35.7,17.8,0
35.7,17.9,1.14285714285714
35.7,22.1,0
35.7,22.2,6
35.7,22.3,6.8
35.7,24,4.19047619047619
35.7,24.1,0
35.7,25,1.41176470588235
35.7,25.5,4
35.7,25.6,2.66666666666667
35.7,26,4.08333333333333
35.7,26.5,0.666666666666667
35.7,26.6,1.33333333333333
35.7,27.3,5.33333333333333
35.7,27.4,4.92307692307692
35.7,27.5,0
35.7,28.2,5.71428571428571
35.7,28.3,7.2
35.7,28.4,0
35.7,28.7,8.25
35.7,28.8,6.88888888888889
35.7,30,6.45454545454545
35.7,30.1,5.33333333333333
35.7,30.2,5.33333333333333
35.7,31.1,4.44444444444444
35.7,31.2,8
35.7,31.9,4.8695652173913
35.7,43.9,8
35.7,44.1,0
35.8,-20.9,0
35.8,-20.8,8
35.8,-20.7,8
35.8,-20.6,6.66666666666667
35.8,-20.5,0
35.8,-13,0
35.8,-12.9,0
35.8,-11.6,8
35.8,-10.2,4.44444444444444
35.8,-10.1,4.88888888888889
35.8,-9.6,6.4
35.8,-9.5,8
35.8,-8.4,6.76923076923077
35.8,-8.1,5.33333333333333
35.8,-6.4,5.53846153846154
35.8,-6.3,8
35.8,-6.2,6.4
35.8,-5.7,7.81818181818182
35.8,-5.6,7.38461538461539
35.8,-5.2,8
35.8,-5,8
35.8,-4.9,6.63636363636364
35.8,-0.5,4
35.8,-0.4,5.71428571428571
35.8,6.6,4.8
35.8,11.7,4
35.8,11.8,5.33333333333333
35.8,14.3,4.26315789473684
35.8,14.4,6.85714285714286
35.8,14.5,7.84905660377358
35.8,14.6,8
35.8,14.8,1.42857142857143
35.8,14.9,1.06666666666667
35.8,16.8,4
35.8,16.9,5.33333333333333
35.8,17,5
35.8,17.1,4
35.8,17.2,5
35.8,17.3,6
35.8,17.4,0
35.8,22,7.68181818181818
35.8,22.1,7.70833333333333
35.8,23.9,4.26666666666667
35.8,24,5.33333333333333
35.8,24.9,0
35.8,25,0.571428571428571
35.8,25.4,4.9375
35.8,25.5,8
35.8,25.9,3.55555555555556
35.8,26,3.75
35.8,26.4,1.84615384615385
35.8,26.5,0
35.8,27.3,8
35.8,28,8
35.8,28.1,3
35.8,28.2,5.33333333333333
35.8,29.8,8
35.8,29.9,6.8
35.8,30,8
35.8,30.1,8
35.8,31,6.4
35.8,31.1,8
35.8,31.9,6.60869565217391
35.8,43.8,0
35.8,44,0
35.9,-20.5,8
35.9,-20.4,4
35.9,-20.3,2.28571428571429
35.9,-20.2,6
35.9,-20.1,8
35.9,-15.7,0
35.9,-15.6,0
35.9,-15.5,0
35.9,-12.8,0
35.9,-11.5,8
35.9,-10.1,1.68421052631579
35.9,-10,1.14285714285714
35.9,-9.5,6.08333333333333
35.9,-8.3,5.53846153846154
35.9,-8.1,4
35.9,-8,8
35.9,-6.3,8
35.9,-6.2,8
35.9,-5.6,8
35.9,-5.5,8
35.9,-5.4,8.08333333333333
35.9,-5.1,8
35.9,-4.9,8
35.9,-4.8,6.4
35.9,-0.4,5
35.9,-0.3,6.85714285714286
35.9,6.6,8
35.9,11.8,4.36363636363636
35.9,14.1,3.42857142857143
35.9,14.2,5.60606060606061
35.9,14.3,8
35.9,14.4,8
35.9,14.5,4.83453237410072
35.9,14.7,2.85714285714286
35.9,14.8,1.03225806451613
35.9,15.9,8
35.9,16.7,2.66666666666667
35.9,16.8,0
35.9,21.8,7.57894736842105
35.9,21.9,7.04
35.9,22,6
35.9,23.8,2.66666666666667
35.9,23.9,0
35.9,24.8,0.888888888888889
35.9,24.9,1.6
35.9,25.2,8
35.9,25.3,1.6
35.9,25.8,4.57142857142857
35.9,25.9,7
35.9,26.6,0.421052631578947
35.9,26.7,0.666666666666667
35.9,27.8,2
35.9,27.9,4.8
35.9,28,4
35.9,29.7,6.28571428571429
35.9,29.8,7.1
35.9,29.9,8
35.9,31.9,5
35.9,43.8,0
35.9,44,0
36,-20,8
36,-19.9,8
36,-16,0
36,-15.8,0
36,-12.7,0
36,-12.6,0
36,-11.5,8
36,-11.4,0
36,-10,2.85714285714286
36,-9.5,5.33333333333333
36,-9.4,7.2
36,-8.3,7.38461538461539
36,-8,7
36,-6.2,8
36,-6.1,8
36,-5.9,8
36,-5.5,8
36,-5.4,8.03846153846154
36,-5.3,8
36,-5.2,7.9
36,-4.8,6.76923076923077
36,6.6,8
36,9.9,8
36,10,8
36,11.8,5.81818181818182
36,14,2.82352941176471
36,14.1,3.23333333333333
36,14.2,6.6
36,14.3,8.25531914893617
36,14.4,8.83018867924528
36,14.5,0
36,14.7,0.571428571428571
36,15.2,0
36,15.3,4
36,15.4,5.33333333333333
36,15.5,3.55555555555556
36,15.6,4.8
36,15.7,4
36,15.8,4
36,15.9,0
36,17.5,4
36,21.6,8
36,21.7,7.04
36,21.8,8
36,23.7,5.21739130434783
36,23.8,5.33333333333333
36,24.4,5.14285714285714
36,24.5,8
36,24.7,0
36,24.8,0
36,24.9,5.86666666666667
36,25.1,0
36,25.2,2.28571428571429
36,25.7,8
36,25.8,6.09090909090909
36,26.5,0
36,26.6,0.5
36,27.6,4.8
36,27.7,5.81818181818182
36,27.8,2
36,29.6,6.47619047619048
36,29.7,4.9
36,31.7,8.42857142857143
36,31.8,4
36,31.9,4.05555555555556
36,43.8,8
36,43.9,0
36.1,-19.7,8
36.1,-16.2,0
36.1,-16.1,0
36.1,-12.5,0
36.1,-11.3,0
36.1,-11.2,8
36.1,-10,2.66666666666667
36.1,-9.9,8
36.1,-9.4,6.66666666666667
36.1,-9.3,4
36.1,-8.6,5.33333333333333
36.1,-8.3,7.33333333333333
36.1,-6.2,8
36.1,-6.1,7.55555555555556
36.1,-5.9,8
36.1,-5.4,8
36.1,-5.3,8
36.1,-5.2,7.775
36.1,-5.1,8
36.1,-5,6
36.1,-4.8,6.4
36.1,-4.7,5.33333333333333
36.1,-3,8.09090909090909
36.1,-2.9,8
36.1,6.6,8
36.1,9.9,8
36.1,11.8,5.81818181818182
36.1,13.9,2.4
36.1,14,3.42105263157895
36.1,14.1,1.9047619047619
36.1,14.2,7.40350877192982
36.1,14.3,9
36.1,14.5,2.66666666666667
36.1,14.6,4.45833333333333
36.1,14.7,3.75
36.1,14.8,4.95238095238095
36.1,14.9,4.73684210526316
36.1,15,6.66666666666667
36.1,15.1,4.36363636363636
36.1,15.2,3.42857142857143
36.1,16.7,2
36.1,16.8,3.29411764705882
36.1,16.9,0.470588235294118
36.1,17,1.41176470588235
36.1,17.1,4
36.1,17.2,1.33333333333333
36.1,17.3,1
36.1,17.4,4.26666666666667
36.1,17.5,0
36.1,21.4,8
36.1,21.5,6.47619047619048
36.1,21.6,8
36.1,23.6,2.33333333333333
36.1,23.7,2.66666666666667
36.1,24.3,6.15384615384615
36.1,24.4,5
36.1,24.6,4.8
36.1,24.7,4.66666666666667
36.1,24.8,7
36.1,24.9,4
36.1,25,3.2
36.1,25.1,4.23076923076923
36.1,25.7,6.85714285714286
36.1,26.9,5.09090909090909
36.1,27.5,4
36.1,27.6,6.4
36.1,29.4,6.83333333333333
36.1,29.5,5.27777777777778
36.1,29.6,0
36.1,43.8,8
36.1,43.9,0
36.2,-19.6,8
36.2,-16.6,0
36.2,-16.5,0
36.2,-16.3,0
36.2,-12.4,0
36.2,-11.2,1.77777777777778
36.2,-11.1,0
36.2,-9.9,7.11111111111111
36.2,-9.8,6.4
36.2,-9.3,6
36.2,-8.6,6.4
36.2,-8.5,6.28571428571429
36.2,-8.3,5.33333333333333
36.2,-8.2,6.54545454545455
36.2,-6.2,7.41666666666667
36.2,-6.1,7.55555555555556
36.2,-5.9,8
36.2,-5.4,8
36.2,-5.3,7.8
36.2,-5.2,7.83333333333333
36.2,-5.1,8
36.2,-5,7.65217391304348
36.2,-4.9,7
36.2,-4.7,6.85714285714286
36.2,-2.9,7.46153846153846
36.2,-2.8,8
36.2,6.6,8
36.2,9.8,8
36.2,9.9,7.65217391304348
36.2,10,8
36.2,10.1,8
36.2,10.2,8
36.2,11.8,0
36.2,13.7,0
36.2,13.8,2.43478260869565
36.2,13.9,2.85714285714286
36.2,14,3.52173913043478
36.2,14.1,1.87878787878788
36.2,14.2,3.55555555555556
36.2,14.3,7.2
36.2,14.4,3.3
36.2,14.5,5.71428571428571
36.2,14.6,2
36.2,16.7,0
36.2,23.5,6
36.2,23.6,4.8
36.2,24.1,5.33333333333333
36.2,24.2,5.21428571428571
36.2,24.3,0
36.2,24.5,4
36.2,24.6,3.07692307692308
36.2,24.9,4
36.2,25,4.4375
36.2,25.1,6.4
36.2,25.2,5.85714285714286
36.2,25.3,5.71428571428571
36.2,25.6,4
36.2,25.7,0
36.2,26.8,0
36.2,26.9,3.33333333333333
36.2,29.2,8
36.2,29.3,6
36.2,29.4,6.66666666666667
36.2,43.8,0
36.3,-16.8,0
36.3,-16.7,0
36.3,-12.3,0
36.3,-11.1,0
36.3,-11,0.8
36.3,-9.8,2.85714285714286
36.3,-9.3,8
36.3,-9.2,6.25
36.3,-8.4,7.55555555555556
36.3,-8.3,8
36.3,-8.2,8
36.3,-6.1,8
36.3,-5.9,7.38461538461539
36.3,-5.1,8
36.3,-5,8.03448275862069
36.3,-4.9,6.97435897435897
36.3,-4.8,7.57894736842105
36.3,-4.7,6.63636363636364
36.3,-4.6,4
36.3,-4.4,8.83870967741935
36.3,-4.3,9
36.3,-4,7.88888888888889
36.3,-3.9,6.85714285714286
36.3,-2.8,8.07142857142857
36.3,-2.7,8
36.3,6.6,2
36.3,8.9,4.8
36.3,9,5.81818181818182
36.3,9.1,8
36.3,9.2,8
36.3,9.3,8
36.3,9.4,8
36.3,9.5,8
36.3,9.6,8.09090909090909
36.3,9.7,8
36.3,9.8,8
36.3,13.5,0
36.3,13.6,6.15384615384615
36.3,13.7,3.25925925925926
36.3,13.8,6
36.3,13.9,4
36.3,14,1.18518518518519
36.3,23.5,4.8
36.3,24,8
36.3,24.1,7.11111111111111
36.3,24.4,2.66666666666667
36.3,24.5,7
36.3,24.8,4.16666666666667
36.3,24.9,2.90909090909091
36.3,25,3.92857142857143
36.3,25.1,4.36363636363636
36.3,25.2,8
36.3,25.4,8
36.3,25.5,6.1304347826087
36.3,25.6,2
36.3,26.8,1.71428571428571
36.3,28.1,5.33333333333333
36.3,28.2,5
36.3,28.3,6.4
36.3,29.1,3
36.3,29.2,3.78260869565217
36.3,30.6,8
36.3,31.5,2.55555555555556
36.3,31.6,3.42857142857143
36.3,43.8,0
36.4,-12.2,0
36.4,-11,4
36.4,-10.9,4.66666666666667
36.4,-9.8,0
36.4,-9.7,5.53846153846154
36.4,-9.2,4.36363636363636
36.4,-8.3,8.04347826086956
36.4,-8.2,8
36.4,-7.8,7
36.4,-6.1,8
36.4,-6,8
36.4,-5.9,8
36.4,-5.8,6.66666666666667
36.4,-5,5.33333333333333
36.4,-4.9,8
36.4,-4.8,7.51020408163265
36.4,-4.7,8.05263157894737
36.4,-4.6,8
36.4,-4.5,8.97058823529412
36.4,-4.4,8.92307692307692
36.4,-4.1,7.27272727272727
36.4,-4,7.57894736842105
36.4,-2.7,8.07142857142857
36.4,-2.6,8.33333333333333
36.4,6.6,0
36.4,6.7,4
36.4,6.9,8
36.4,7,2.66666666666667
36.4,7.1,0
36.4,7.2,2.83333333333333
36.4,7.3,8
36.4,8.8,4
36.4,8.9,6.5
36.4,9.8,8
36.4,13.5,5.1
36.4,13.6,2.90909090909091
36.4,13.8,2
36.4,13.9,1.25
36.4,23.4,6.54545454545455
36.4,23.5,0
36.4,23.8,8
36.4,23.9,8
36.4,24,0
36.4,24.3,8
36.4,24.4,7.4
36.4,24.9,5
36.4,25,5.52631578947368
36.4,25.5,5
36.4,26.7,5.71428571428571
36.4,26.8,4.05555555555556
36.4,26.9,2.66666666666667
36.4,27,5
36.4,27.3,0
36.4,27.4,1.14285714285714
36.4,27.5,3.2
36.4,27.6,2.46153846153846
36.4,27.7,3.5
36.4,27.8,8
36.4,27.9,7.19230769230769
36.4,28,6.69767441860465
36.4,28.1,7.64285714285714
36.4,28.2,8
36.4,29,8
36.4,29.1,3.42857142857143
36.4,30.5,1.88235294117647
36.4,30.6,0.210526315789474
36.4,30.7,0
36.4,30.8,0
36.4,30.9,0
36.4,31.6,8
36.4,31.7,4.55555555555556
36.4,31.8,6.3
36.4,31.9,1.14285714285714
36.4,43.7,0
36.4,43.8,0
36.5,-12.2,0
36.5,-12.1,0
36.5,-10.8,4
36.5,-10.7,0
36.5,-9.7,4.57142857142857
36.5,-9.6,5.71428571428571
36.5,-8.2,8
36.5,-8.1,7.72
36.5,-8,8
36.5,-7.8,6.54545454545455
36.5,-6.1,8
36.5,-6,8
36.5,-5.8,6.76923076923077
36.5,-4.8,6.85714285714286
36.5,-4.7,7.68
36.5,-4.6,8.63636363636364
36.5,-4.5,8.91176470588235
36.5,-4.3,8
36.5,-4.2,8
36.5,-4.1,8
36.5,-2.8,8
36.5,-2.6,6.93333333333333
36.5,-2.5,8
36.5,0.7,8
36.5,0.8,6
36.5,0.9,8
36.5,1,8
36.5,3,2
36.5,4.5,0
36.5,4.6,0
36.5,4.7,4
36.5,4.8,1.6
36.5,4.9,0.888888888888889
36.5,5,4.44444444444444
36.5,5.1,4.57142857142857
36.5,5.2,4
36.5,5.3,2
36.5,5.4,1
36.5,5.5,4
36.5,5.9,3.42857142857143
36.5,6,6.22222222222222
36.5,6.1,4.44444444444444
36.5,6.2,4.8
36.5,6.3,4.57142857142857
36.5,6.5,0
36.5,9.7,6.85714285714286
36.5,9.8,8
36.5,10.2,8
36.5,13.4,5.86666666666667
36.5,13.5,4
36.5,13.8,3.63636363636364
36.5,14.6,10
36.5,23.4,8
36.5,23.7,5.53846153846154
36.5,23.8,7
36.5,24.3,4.5
36.5,24.7,0
36.5,24.8,3.63636363636364
36.5,24.9,3
36.5,25.4,5.71428571428571
36.5,25.5,4.38709677419355
36.5,26.4,3.55555555555556
36.5,26.5,3.63636363636364
36.5,26.6,2.77777777777778
36.5,26.7,4.35135135135135
36.5,27,3.2
36.5,27.1,1.9047619047619
36.5,27.2,2.52631578947368
36.5,27.3,0.727272727272727
36.5,27.4,0
36.5,27.6,2.66666666666667
36.5,27.7,2.90909090909091
36.5,27.8,3.14285714285714
36.5,27.9,4.95555555555556
36.5,28,1.2
36.5,28.1,5.05263157894737
36.5,28.2,6.4
36.5,28.3,8
36.5,28.9,8.33333333333333
36.5,29,5.09090909090909
36.5,30.4,6
36.5,30.5,6.4
36.5,31.9,6.25
36.5,32,2.4
36.5,32.1,2.75
36.5,32.2,1.6
36.5,43.7,0
36.6,-12,1.33333333333333
36.6,-9.6,7.36363636363636
36.6,-8.1,5.33333333333333
36.6,-8,6.46153846153846
36.6,-7.9,5
36.6,-7.8,6.54545454545455
36.6,-6.4,6.4390243902439
36.6,-6.3,9
36.6,-6,8
36.6,-5.9,8
36.6,-5.8,7.33333333333333
36.6,-4.7,8
36.6,-4.6,8
36.6,-4.5,8
36.6,-4.4,8
36.6,-4.3,8
36.6,-4.2,7.25
36.6,-4.1,8
36.6,-2.8,8
36.6,-2.7,7.93333333333333
36.6,-2.5,7.53333333333333
36.6,-2.4,8
36.6,1,8
36.6,1.1,8
36.6,1.2,8
36.6,1.3,8
36.6,1.4,8
36.6,1.5,8
36.6,1.6,8
36.6,1.7,8
36.6,1.8,8
36.6,1.9,6.66666666666667
36.6,2,7
36.6,2.1,7.11111111111111
36.6,2.2,7.11111111111111
36.6,2.3,8
36.6,2.4,6
36.6,2.5,8
36.6,2.6,8
36.6,2.7,5
36.6,3,0
36.6,3.1,0.888888888888889
36.6,3.7,3.6
36.6,3.8,3.2
36.6,3.9,3.26666666666667
36.6,4,2.35294117647059
36.6,4.1,3.78947368421053
36.6,4.2,1
36.6,4.3,0.888888888888889
36.6,4.4,0
36.6,9.7,7.38461538461539
36.6,10.2,8
36.6,11.2,7.2
36.6,11.3,8
36.6,11.4,7.2
36.6,11.5,8
36.6,11.6,7.27272727272727
36.6,11.7,8
36.6,11.8,8
36.6,11.9,8
36.6,13.3,4
36.6,13.4,4
36.6,13.7,4.26666666666667
36.6,14.6,10
36.6,14.7,10
36.6,15.3,8
36.6,23.4,6.15384615384615
36.6,23.5,6.85714285714286
36.6,23.6,7.5
36.6,23.7,8
36.6,24.2,5.5625
36.6,24.6,2.28571428571429
36.6,24.7,3.88888888888889
36.6,24.9,2.90909090909091
36.6,25.4,2.42424242424242
36.6,25.5,4.24137931034483
36.6,25.9,6.22222222222222
36.6,26,5.33333333333333
36.6,26.1,4.33333333333333
36.6,26.2,5.44444444444444
36.6,26.3,2.66666666666667
36.6,26.6,3
36.6,26.7,2.28571428571429
36.6,26.8,4
36.6,26.9,1.51351351351351
36.6,27,2.18181818181818
36.6,27.1,4.23529411764706
36.6,27.2,5.76
36.6,27.4,2
36.6,27.5,5.90909090909091
36.6,27.6,3.42857142857143
36.6,27.7,3.42857142857143
36.6,27.8,4.33333333333333
36.6,28.8,2.33333333333333
36.6,28.9,6.5
36.6,29,3.2
36.6,30.3,8
36.6,30.4,5
36.6,32.2,1.16666666666667
36.6,32.3,4.66666666666667
36.6,32.4,1.54545454545455
36.6,32.5,4
36.6,32.6,4.8
36.6,32.7,8
36.6,43.6,0
36.7,-24.7,6.4
36.7,-24.6,5.81818181818182
36.7,-7.9,6.4
36.7,-7.8,6.28571428571429
36.7,-6,0
36.7,-5.9,8
36.7,-5.8,8
36.7,-5.7,8
36.7,-4.6,8.02439024390244
36.7,-4.5,7.488
36.7,-4.4,6.28571428571429
36.7,-4.2,5.84090909090909
36.7,-4.1,8.02777777777778
36.7,-4,5.64705882352941
36.7,-3.9,8
36.7,-2.7,8
36.7,-2.6,8
36.7,-2.4,7.46666666666667
36.7,-2.3,8
36.7,2.8,3.55555555555556
36.7,2.9,4.55555555555556
36.7,3,5.33333333333333
36.7,3.1,3.07692307692308
36.7,3.2,2
36.7,3.3,4.57142857142857
36.7,3.4,4.44444444444444
36.7,3.5,5.17647058823529
36.7,3.6,4.21052631578947
36.7,3.7,5.28571428571429
36.7,3.8,3.55555555555556
36.7,3.9,4.55555555555556
36.7,4,6.4
36.7,4.1,5.17647058823529
36.7,4.2,2
36.7,4.3,2.35294117647059
36.7,4.4,4
36.7,4.5,4.88888888888889
36.7,4.6,3.80952380952381
36.7,4.7,4.23529411764706
36.7,4.8,2.28571428571429
36.7,4.9,4
36.7,5,3.55555555555556
36.7,5.1,4
36.7,5.2,0.888888888888889
36.7,5.3,1
36.7,5.4,2
36.7,9.6,8
36.7,9.7,8
36.7,9.9,6.4
36.7,10,8
36.7,10.1,8
36.7,10.2,7.11111111111111
36.7,10.3,7
36.7,10.4,8
36.7,10.5,5.33333333333333
36.7,10.6,7.05882352941176
36.7,10.7,6.66666666666667
36.7,10.8,7.15789473684211
36.7,10.9,7.11111111111111
36.7,11,6.76923076923077
36.7,11.1,8
36.7,13.6,4.92307692307692
36.7,13.7,6
36.7,14.7,10
36.7,14.8,9.85714285714286
36.7,15.4,8
36.7,16,0
36.7,16.1,0
36.7,23.4,7.15789473684211
36.7,23.5,8
36.7,24.1,4
36.7,24.2,4
36.7,24.4,6
36.7,24.5,3
36.7,24.6,6
36.7,24.8,4
36.7,24.9,5.86666666666667
36.7,25,4.8
36.7,25.2,4
36.7,25.3,3.87096774193548
36.7,25.4,0
36.7,25.5,3.42307692307692
36.7,25.6,5.33333333333333
36.7,25.7,3.55555555555556
36.7,25.8,2.66666666666667
36.7,26.5,5.125
36.7,26.6,3.86206896551724
36.7,26.7,3.6875
36.7,26.8,2.85714285714286
36.7,26.9,0
36.7,27.1,8
36.7,27.2,6.45714285714286
36.7,27.3,5.09090909090909
36.7,27.4,4
36.7,27.6,4.8
36.7,27.7,3.55555555555556
36.7,28.1,8
36.7,28.2,9
36.7,28.7,6.4
36.7,28.8,3.55555555555556
36.7,29,5.33333333333333
36.7,30.2,5.33333333333333
36.7,30.3,6.54545454545455
36.7,32.5,3
36.7,32.6,4.17391304347826
36.7,32.7,4.08333333333333
36.7,32.8,8
36.7,43.6,0
36.8,-24.9,5.71428571428571
36.8,-24.8,3.33333333333333
36.8,-24.7,4.57142857142857
36.8,-11.8,1.77777777777778
36.8,-8.1,8
36.8,-7.8,7.6
36.8,-7.7,7.42857142857143
36.8,-7.6,8
36.8,-6.5,0
36.8,-6,0
36.8,-5.9,6.54545454545455
36.8,-5.8,8
36.8,-5.7,8
36.8,-4.8,6.4
36.8,-4.7,7.57333333333333
36.8,-4.4,10.8181818181818
36.8,-4.3,7
36.8,-4.2,6.78125
36.8,-4.1,7.825
36.8,-4,7.86666666666667
36.8,-3.9,8
36.8,-3.8,7.2
36.8,-3.7,8
36.8,-2.6,6.66666666666667
36.8,-2.5,8
36.8,-2.3,7.0625
36.8,-2.2,7
36.8,3.2,0
36.8,3.3,0.615384615384615
36.8,3.4,0
36.8,5.4,4
36.8,5.5,4.44444444444444
36.8,5.6,5.6
36.8,5.7,0
36.8,7.8,5.33333333333333
36.8,7.9,5.33333333333333
36.8,8,0.888888888888889
36.8,8.1,4.8
36.8,8.2,3.42857142857143
36.8,8.3,3.55555555555556
36.8,8.4,0
36.8,8.5,6
36.8,8.6,6.22222222222222
36.8,8.7,4.4
36.8,8.8,6.22222222222222
36.8,8.9,3.55555555555556
36.8,9,4.8
36.8,9.1,7.66666666666667
36.8,9.2,7.15789473684211
36.8,9.3,7.57894736842105
36.8,9.4,8
36.8,9.5,8
36.8,9.6,7.57894736842105
36.8,9.7,5
36.8,9.8,8
36.8,9.9,8
36.8,10.2,0.571428571428571
36.8,13.5,3.69230769230769
36.8,13.6,3.29411764705882
36.8,14.1,4
36.8,14.2,6
36.8,14.3,8
36.8,14.6,0
36.8,14.7,4.5
36.8,15.4,8
36.8,15.5,8
36.8,16.2,0
36.8,23.3,8
36.8,23.4,8
36.8,24.3,5.33333333333333
36.8,24.4,6.42222222222222
36.8,24.5,4.23529411764706
36.8,24.6,6.08333333333333
36.8,24.7,4.36363636363636
36.8,24.8,4.21739130434783
36.8,25.1,6.6
36.8,25.2,3.63636363636364
36.8,26.5,3.88
36.8,26.6,2.90909090909091
36.8,26.7,5
36.8,27,4.76470588235294
36.8,27.1,6.82352941176471
36.8,27.2,3.42857142857143
36.8,27.5,4.94444444444444
36.8,27.6,6.23076923076923
36.8,28.6,6.66666666666667
36.8,28.7,6.22222222222222
36.8,30.1,0
36.8,30.2,4.92307692307692
36.8,30.8,8
36.8,30.9,8
36.8,31,8
36.8,31.1,7.74193548387097
36.8,31.2,6.15384615384615
36.8,31.3,6.15384615384615
36.8,31.4,8
36.8,31.5,8
36.8,31.6,8
36.8,31.7,5.6
36.8,31.8,7.2
36.8,31.9,8
36.8,32.5,7.27272727272727
36.8,32.6,8.33333333333333
36.8,43.5,0
36.9,-25,6.66666666666667
36.9,-24.9,4
36.9,-11.8,4
36.9,-11.7,0
36.9,-11.6,0
36.9,-8.1,8
36.9,-7.8,7.33333333333333
36.9,-7.6,7.63636363636364
36.9,-7.5,8.16666666666667
36.9,-6.5,0
36.9,-6.4,0
36.9,-6.3,0
36.9,-5.9,0
36.9,-5.8,8
36.9,-5.7,8
36.9,-5.6,8
36.9,-4.8,6.77464788732394
36.9,-4.2,8.14285714285714
36.9,-4.1,6.41463414634146
36.9,-3.9,8
36.9,-3.7,7
36.9,-3.6,8.27272727272727
36.9,-3.5,8
36.9,-2.5,6.4
36.9,-2.4,8
36.9,-2.2,8
36.9,3.4,0.727272727272727
36.9,3.5,1.14285714285714
36.9,7.7,0
36.9,7.8,0
36.9,8,5.71428571428571
36.9,8.1,5.6
36.9,8.2,1.6
36.9,8.3,0
36.9,8.4,5.09090909090909
36.9,8.5,4
36.9,8.6,2.4
36.9,9.6,6.54545454545455
36.9,10.2,7.38461538461539
36.9,12.9,0
36.9,13,8
36.9,13.4,5.72727272727273
36.9,13.5,6.36842105263158
36.9,13.7,8
36.9,13.8,8
36.9,14.3,8
36.9,14.4,7.875
36.9,14.5,8
36.9,14.7,2.58823529411765
36.9,16.3,0
36.9,16.5,0
36.9,19.9,8
36.9,20,6.66666666666667
36.9,23.3,8
36.9,23.9,6
36.9,24,7.2
36.9,24.1,4.27272727272727
36.9,24.2,6.51851851851852
36.9,24.3,4.45
36.9,24.4,5.33333333333333
36.9,24.5,7.66666666666667
36.9,24.7,4.125
36.9,24.8,4
36.9,25,3.42857142857143
36.9,25.1,3.94444444444444
36.9,26.4,4.44444444444444
36.9,26.5,4.9
36.9,26.6,5.14285714285714
36.9,26.8,5.71428571428571
36.9,26.9,6.94117647058824
36.9,27,6.84210526315789
36.9,27.4,6.95454545454545
36.9,27.5,6.7
36.9,28.5,8.16666666666667
36.9,28.6,5.33333333333333
36.9,30.1,4.48
36.9,30.8,6
36.9,31,8
36.9,31.1,8
36.9,31.2,6.51612903225806
36.9,31.3,8
36.9,31.4,8
36.9,32.4,6.4
36.9,32.5,8
36.9,33.1,7.71428571428571
36.9,33.2,8
36.9,33.3,7.2
36.9,33.4,6.4
36.9,34.3,1.33333333333333
36.9,34.4,0.275862068965517
36.9,43.5,0
37,-11.6,2.66666666666667
37,-11.5,1.6
37,-8.1,7.92592592592593
37,-8,7.37272727272727
37,-7.9,8
37,-7.8,7.82417582417582
37,-7.7,4.3448275862069
37,-7.6,2.25
37,-7.5,8
37,-7.4,6
37,-5.8,7.42857142857143
37,-5.6,8
37,-4.9,4.66666666666667
37,-4.8,4.56923076923077
37,-4.7,3.2
37,-4.5,0.347826086956522
37,-4.1,7.05882352941176
37,-4,8
37,-3.9,8
37,-3.8,8
37,-3.5,8
37,-3.4,7.27272727272727
37,-3.3,6
37,-2.4,8
37,-2.3,8
37,-2.2,8
37,3.5,0
37,3.6,1.45454545454545
37,9.5,7.27272727272727
37,9.6,8
37,10.1,8
37,10.2,6.93333333333333
37,10.3,8
37,13.3,5.71428571428571
37,13.4,6.66666666666667
37,13.5,5.27272727272727
37,14.6,4
37,14.7,4.91666666666667
37,14.8,8
37,16.6,0
37,16.7,0
37,19.7,7.2
37,19.8,6
37,19.9,8
37,23.3,6.75
37,23.6,8
37,23.7,5.6
37,23.8,6.4
37,23.9,7
37,24,7
37,24.1,7.5625
37,24.2,5.33333333333333
37,24.4,4
37,24.5,7.27272727272727
37,24.6,8
37,24.7,5.7
37,24.9,4.77777777777778
37,25,5.53846153846154
37,26.4,4.74074074074074
37,26.5,5
37,26.8,9
37,26.9,6.81818181818182
37,27.3,5.92307692307692
37,27.4,4.8
37,27.7,4
37,28.5,8
37,30,5.40909090909091
37,30.1,8
37,30.7,8
37,30.8,7.53125
37,31,7.11111111111111
37,31.1,8
37,31.2,6.28571428571429
37,31.5,8
37,32.2,8
37,32.3,7.33333333333333
37,32.4,8
37,33.4,7
37,33.5,6.42857142857143
37,34.4,0.825
37,34.5,2.52631578947368
37,35.3,8.33620689655172
37,43.4,0
37.1,-11.5,1
37.1,-11.4,5
37.1,-8.1,7.47727272727273
37.1,-8,8
37.1,-7.7,4.54166666666667
37.1,-7.6,4
37.1,-7.4,8
37.1,-7.3,8
37.1,-5.6,7.72727272727273
37.1,-5,5.05263157894737
37.1,-4.9,2.66666666666667
37.1,-4.8,3.8
37.1,-4.7,5.69230769230769
37.1,-4.5,2.4
37.1,-4.4,3.38461538461538
37.1,-4,7.30434782608696
37.1,-3.8,8
37.1,-3.7,7.38461538461539
37.1,-3.3,8.125
37.1,-3.2,8
37.1,-3.1,8.33333333333333
37.1,-2.3,7.3
37.1,-2.2,8
37.1,3.6,0
37.1,3.7,1.33333333333333
37.1,3.8,0
37.1,7.7,8
37.1,9.5,7.27272727272727
37.1,10.1,4.19047619047619
37.1,10.2,8
37.1,10.4,3.2
37.1,10.5,1.33333333333333
37.1,13.3,3.33333333333333
37.1,14.7,6.75
37.1,14.8,8
37.1,14.9,8
37.1,15,8.16666666666667
37.1,16.8,0
37.1,16.9,0
37.1,19.5,7
37.1,19.6,6
37.1,19.7,5.33333333333333
37.1,23.2,6.15384615384615
37.1,23.3,7.38095238095238
37.1,23.4,8
37.1,23.5,6.66666666666667
37.1,23.6,8
37.1,23.7,7.88888888888889
37.1,23.8,8
37.1,23.9,6.85714285714286
37.1,24,5.33333333333333
37.1,24.4,8.07142857142857
37.1,24.6,7.57894736842105
37.1,24.7,4
37.1,24.8,0
37.1,24.9,0
37.1,26.2,4
37.1,26.3,4.55555555555556
37.1,26.5,4
37.1,26.7,0
37.1,26.8,7.42857142857143
37.1,27.1,6.4
37.1,27.2,6.03703703703704
37.1,27.3,8
37.1,27.6,8
37.1,27.7,6.15384615384615
37.1,28.1,0
37.1,29.9,2.52631578947368
37.1,30,4
37.1,30.5,7.71428571428571
37.1,30.6,8
37.1,30.7,6.76923076923077
37.1,30.8,7.66666666666667
37.1,30.9,6.625
37.1,31,2.75
37.1,31.2,2.66666666666667
37.1,31.5,7.88888888888889
37.1,31.6,7.42857142857143
37.1,31.7,8
37.1,31.8,0
37.1,32.1,8
37.1,32.2,7
37.1,33.5,8
37.1,33.6,4.33333333333333
37.1,35.3,8
37.1,35.4,8.10344827586207
37.1,42.7,0
37.1,43.4,0
37.2,-17.6,0
37.2,-11.4,0
37.2,-11.3,2
37.2,-8.6,7.6551724137931
37.2,-8.2,4
37.2,-8.1,7.56410256410256
37.2,-8,7.33333333333333
37.2,-7.7,7.20408163265306
37.2,-7.6,6.54545454545455
37.2,-6.3,0
37.2,-6.2,0
37.2,-5.8,8
37.2,-5.6,6.36363636363636
37.2,-5,4.5
37.2,-4,7.49180327868852
37.2,-3.7,8
37.2,-3.6,8
37.2,-3.4,4
37.2,-3.1,5.71428571428571
37.2,-2.2,6.36363636363636
37.2,3.4,4.8
37.2,3.8,0.615384615384615
37.2,3.9,1.6
37.2,7.6,0
37.2,10.1,6.85714285714286
37.2,10.5,4
37.2,10.6,4.57142857142857
37.2,10.7,0
37.2,13.3,5.33333333333333
37.2,14.7,2.125
37.2,15,8
37.2,15.1,6.22222222222222
37.2,15.2,6.4
37.2,17.1,0
37.2,17.2,0
37.2,19.3,5.33333333333333
37.2,19.4,4.44444444444444
37.2,19.5,8
37.2,22.8,8
37.2,22.9,6.85714285714286
37.2,23,6.76923076923077
37.2,23.1,4.92307692307692
37.2,23.3,6.4
37.2,23.4,5.33333333333333
37.2,23.5,8
37.2,23.6,8
37.2,23.7,6.5
37.2,24.4,6.66666666666667
37.2,24.5,7.42857142857143
37.2,24.6,7.27272727272727
37.2,24.7,0
37.2,24.8,0.444444444444444
37.2,26,3.55555555555556
37.2,26.1,5.5
37.2,26.2,6.54545454545455
37.2,26.3,4.8
37.2,26.7,3.42857142857143
37.2,27,4.1
37.2,27.1,5.43478260869565
37.2,27.6,7.38461538461539
37.2,27.8,5
37.2,27.9,4.41379310344828
37.2,28,4
37.2,28.1,0
37.2,28.2,0
37.2,28.3,0
37.2,29.2,0
37.2,29.8,3.82352941176471
37.2,29.9,4
37.2,30.3,2
37.2,30.4,7.5
37.2,30.5,7.5
37.2,30.6,8
37.2,30.7,7.05882352941176
37.2,30.8,7.11111111111111
37.2,31,7.72413793103448
37.2,31.2,0.8
37.2,31.8,7.33333333333333
37.2,31.9,7.42307692307692
37.2,32,7.27272727272727
37.2,33.6,7.75
37.2,33.7,3
37.2,35.1,8
37.2,35.2,8
37.2,35.3,7.68421052631579
37.2,35.4,8.26315789473684
37.2,42.7,0
37.2,43.3,0
37.3,-17.5,0
37.3,-17.4,0
37.3,-8.2,7.05882352941176
37.3,-8.1,6.27777777777778
37.3,-8,8
37.3,-7.9,8
37.3,-7.7,6.88372093023256
37.3,-7.6,6.18518518518519
37.3,-6.2,0
37.3,-5.8,8
37.3,-5.6,5.25
37.3,-5,5.53846153846154
37.3,-4,7.79411764705882
37.3,-3.9,7.625
37.3,-3.6,7.39130434782609
37.3,-3.5,8
37.3,-3.3,6.83333333333333
37.3,-3.2,7.27272727272727
37.3,-3.1,6.85714285714286
37.3,-3,8
37.3,-2.1,6
37.3,3.4,5.71428571428571
37.3,3.9,6
37.3,4,6
37.3,7.6,0
37.3,10.1,7.5
37.3,10.7,3.07692307692308
37.3,10.8,8
37.3,13.3,5.53846153846154
37.3,14.7,4.08333333333333
37.3,14.8,2
37.3,15.3,7
37.3,15.4,8.11111111111111
37.3,15.5,8
37.3,17.3,0
37.3,19,8
37.3,19.1,6
37.3,19.2,5.86666666666667
37.3,19.3,2.66666666666667
37.3,21.6,4
37.3,22.5,4.92307692307692
37.3,22.6,6.28571428571429
37.3,22.7,5.53846153846154
37.3,22.8,7
37.3,23,7.83333333333333
37.3,23.1,7.11111111111111
37.3,23.2,6.22222222222222
37.3,23.3,8
37.3,23.5,6.76923076923077
37.3,23.6,7.1875
37.3,24.3,6.4
37.3,24.4,5.94117647058824
37.3,24.5,6.21875
37.3,24.6,4.5
37.3,24.7,3.11538461538462
37.3,24.9,6
37.3,25.1,5.1
37.3,25.2,4.71428571428571
37.3,25.3,3
37.3,25.5,0
37.3,25.7,6.85714285714286
37.3,25.8,6.4
37.3,25.9,8
37.3,26.2,4.92307692307692
37.3,26.6,5.90909090909091
37.3,26.7,3
37.3,27,6.78571428571429
37.3,27.5,7.9
37.3,27.6,8
37.3,29.3,3.29411764705882
37.3,29.7,4
37.3,29.8,3.33333333333333
37.3,30.2,6.4
37.3,30.3,4.44444444444444
37.3,30.5,8.0625
37.3,30.6,7.2
37.3,30.7,2
37.3,30.8,6.22222222222222
37.3,30.9,6
37.3,31,5.33333333333333
37.3,31.2,2.90909090909091
37.3,31.7,8
37.3,31.8,8
37.3,31.9,8
37.3,32,8.11111111111111
37.3,32.1,5.81818181818182
37.3,32.2,8
37.3,33.7,8
37.3,33.8,7.71428571428571
37.3,34.8,7
37.3,34.9,7.66666666666667
37.3,35.2,5.33333333333333
37.3,35.3,5.07407407407407
37.3,42.6,0
37.3,43.3,0
37.3,43.8,0
37.4,-17.2,0
37.4,-17.1,0
37.4,-17,0
37.4,-10,8
37.4,-8.2,4.5
37.4,-8.1,6.6
37.4,-7.9,7.27272727272727
37.4,-7.7,6.13333333333333
37.4,-7.6,5.27586206896552
37.4,-5.8,7.89130434782609
37.4,-5.7,7.54545454545455
37.4,-5.6,7.01587301587302
37.4,-5.5,2
37.4,-5,6.54545454545455
37.4,-4.6,9
37.4,-4.5,9
37.4,-4.4,9
37.4,-4.3,8.5
37.4,-4,7.42857142857143
37.4,-3.9,7.48387096774194
37.4,-3.6,7.26923076923077
37.4,-3.5,7.23076923076923
37.4,-3.4,7.1
37.4,-3.3,6
37.4,-3,8.2
37.4,-2.9,8
37.4,-2.8,8.5
37.4,-2.5,8
37.4,-2.4,7.27272727272727
37.4,-2.3,8
37.4,-2.1,8
37.4,-2,8
37.4,1.2,8
37.4,3.4,0
37.4,3.5,0
37.4,4,3.2
37.4,4.1,4
37.4,10,8
37.4,10.1,8
37.4,10.8,8
37.4,10.9,5.75
37.4,13.3,3.63636363636364
37.4,14.8,5.15789473684211
37.4,14.9,8
37.4,15.5,8
37.4,15.6,7.875
37.4,15.7,8
37.4,18.8,4
37.4,18.9,4
37.4,19,1.5
37.4,19.1,0
37.4,21.3,4
37.4,21.4,5.33333333333333
37.4,21.5,5.33333333333333
37.4,22.3,5.81818181818182
37.4,22.4,6.18181818181818
37.4,22.5,7.2
37.4,22.9,6.66666666666667
37.4,23,8
37.4,23.4,8
37.4,23.5,6.76923076923077
37.4,24,5.85714285714286
37.4,24.1,3.11111111111111
37.4,24.2,4.83333333333333
37.4,24.3,6.66666666666667
37.4,24.4,6.85714285714286
37.4,24.5,4.76
37.4,24.6,6.66666666666667
37.4,24.7,6.54545454545455
37.4,24.8,4.89285714285714
37.4,24.9,4.6
37.4,25,5.1
37.4,25.1,8
37.4,25.3,4.8
37.4,25.4,4
37.4,25.5,6.58823529411765
37.4,25.6,7.17647058823529
37.4,25.7,6.28571428571429
37.4,26.1,8
37.4,26.2,8.33333333333333
37.4,26.5,6.22222222222222
37.4,26.6,2.66666666666667
37.4,26.8,7.125
37.4,27.5,5.2
37.4,29.3,2
37.4,29.4,4
37.4,29.6,5.38461538461539
37.4,29.7,0
37.4,30.1,2.5
37.4,30.2,2.4
37.4,30.4,7.85714285714286
37.4,30.5,8
37.4,30.6,6.66666666666667
37.4,30.9,6.31578947368421
37.4,31,6.4
37.4,31.2,6
37.4,31.7,7
37.4,31.8,7
37.4,32.3,8
37.4,32.4,7.11111111111111
37.4,32.5,8.18181818181818
37.4,33.9,8.2
37.4,34.8,7.14285714285714
37.4,35.3,5.25
37.4,35.4,3.8
37.4,42.4,0
37.4,43.1,0
37.4,43.2,0
37.4,43.6,0
37.4,43.7,0
37.5,-16.8,0
37.5,-16.7,0
37.5,-10,8
37.5,-9.9,8
37.5,-8.2,5.53846153846154
37.5,-8.1,5.25
37.5,-7.9,8
37.5,-7.7,8
37.5,-7.6,7.32608695652174
37.5,-5.7,8
37.5,-5.6,8
37.5,-5.5,5.26315789473684
37.5,-5.4,2.8
37.5,-5.3,8
37.5,-5.1,6
37.5,-5,2.6986301369863
37.5,-4.9,2.25
37.5,-4.8,1.44186046511628
37.5,-4.7,7
37.5,-4,8.66666666666667
37.5,-3.9,7.47916666666667
37.5,-3.6,8
37.5,-3.5,5.5
37.5,-3.4,7.6
37.5,-2.8,8
37.5,-2.7,6.66666666666667
37.5,-2.6,8
37.5,-2.5,8
37.5,-2.3,8
37.5,-2.2,8
37.5,-2.1,6.66666666666667
37.5,-1.3,8
37.5,-0.1,7
37.5,1.2,7.5
37.5,3.5,1.23076923076923
37.5,10,8
37.5,10.9,8
37.5,11,8
37.5,13.3,5.33333333333333
37.5,13.4,9
37.5,14.8,6.5625
37.5,14.9,8
37.5,15,7.57894736842105
37.5,15.1,8
37.5,15.7,8
37.5,15.8,8
37.5,18.9,0
37.5,20.9,8
37.5,21.1,5.33333333333333
37.5,21.2,6.22222222222222
37.5,21.3,3.22222222222222
37.5,22.1,6.66666666666667
37.5,22.2,5.6
37.5,22.3,8
37.5,23,0
37.5,23.1,1.14285714285714
37.5,23.2,5.86666666666667
37.5,23.3,4.70588235294118
37.5,23.4,6.32558139534884
37.5,23.5,5.89473684210526
37.5,23.7,8
37.5,23.9,5.09090909090909
37.5,24,5.15
37.5,24.1,4.26666666666667
37.5,24.2,5.0625
37.5,24.3,6.2
37.5,24.4,6.11904761904762
37.5,24.5,4
37.5,24.6,4
37.5,24.7,4.55
37.5,24.8,7.30434782608696
37.5,24.9,7.36363636363636
37.5,25,6.22222222222222
37.5,25.2,8
37.5,25.3,7.27272727272727
37.5,25.4,8
37.5,25.5,7.27272727272727
37.5,25.6,8
37.5,26.1,8
37.5,26.4,4
37.5,26.5,5.71428571428571
37.5,26.7,4.9
37.5,26.8,4.57142857142857
37.5,27.4,8
37.5,27.5,5.89473684210526
37.5,29.5,3.07692307692308
37.5,29.6,8
37.5,30,2.28571428571429
37.5,30.1,0
37.5,30.4,8
37.5,30.5,8
37.5,30.6,4
37.5,30.7,8
37.5,30.8,4
37.5,30.9,4.375
37.5,31.1,8
37.5,31.2,8
37.5,31.8,8
37.5,31.9,6.85714285714286
37.5,32.5,8
37.5,32.6,8
37.5,32.7,7.27272727272727
37.5,32.8,8
37.5,34,8
37.5,34.8,6.73333333333333
37.5,35.4,4.3695652173913
37.5,42.2,0
37.5,42.8,0
37.5,43,0
37.5,43.3,0
37.5,43.4,0
37.6,-16.6,0
37.6,-16.4,0
37.6,-9.9,7.2
37.6,-9.8,8
37.6,-8.2,8
37.6,-8.1,6.57142857142857
37.6,-7.9,8
37.6,-7.7,8
37.6,-7.6,7
37.6,-5.7,7.2
37.6,-5.6,8
37.6,-5.5,8
37.6,-5.4,6.26086956521739
37.6,-5.3,3.27272727272727
37.6,-5.2,2.66666666666667
37.6,-5.1,3.84444444444444
37.6,-5,0
37.6,-3.9,7.55555555555556
37.6,-3.8,5.94285714285714
37.6,-3.6,8
37.6,-3.5,7.45454545454545
37.6,-3.4,7.5
37.6,-3.3,5.5
37.6,-2.9,8
37.6,-2.5,8
37.6,-2.4,8
37.6,-2.3,8
37.6,-2.2,8
37.6,-2.1,8
37.6,-2,8
37.6,-1.9,8
37.6,-1.3,7
37.6,-1.2,7.6
37.6,-0.9,7.6
37.6,-0.8,7.3
37.6,-0.7,7.81395348837209
37.6,-0.2,8
37.6,-0.1,8
37.6,1.2,8.07692307692308
37.6,3.5,1.45454545454545
37.6,3.6,8
37.6,5.2,2
37.6,10,8
37.6,11,8
37.6,11.1,8
37.6,13.4,7.33333333333333
37.6,14.8,4.07142857142857
37.6,18.6,0
37.6,18.7,0
37.6,20.9,4.89795918367347
37.6,21,6.15384615384615
37.6,21.1,4
37.6,21.2,3.5
37.6,21.9,0
37.6,22,4.36363636363636
37.6,22.1,4
37.6,22.7,0
37.6,22.8,7.2
37.6,22.9,1.33333333333333
37.6,23,2.18181818181818
37.6,23.1,2.66666666666667
37.6,23.2,2.66666666666667
37.6,23.3,6.66666666666667
37.6,23.4,8
37.6,23.5,6.66666666666667
37.6,23.6,6.91891891891892
37.6,23.7,7.7037037037037
37.6,23.8,5
37.6,23.9,4.54545454545455
37.6,24,4.91176470588235
37.6,24.1,5
37.6,24.2,6.25
37.6,24.3,7
37.6,24.6,5.33333333333333
37.6,24.7,7
37.6,24.8,8.02777777777778
37.6,24.9,7.27272727272727
37.6,25,8
37.6,25.1,8.09090909090909
37.6,25.2,5.71428571428571
37.6,25.3,7.45454545454545
37.6,25.4,7.6
37.6,26.3,8
37.6,26.4,5.33333333333333
37.6,26.6,3.55555555555556
37.6,26.7,5.71428571428571
37.6,27.4,6.76923076923077
37.6,27.5,5.33333333333333
37.6,29.3,8
37.6,29.4,6.76923076923077
37.6,29.5,3.92857142857143
37.6,30.4,8
37.6,30.5,6.66666666666667
37.6,30.7,8
37.6,30.8,4.8
37.6,30.9,4.4
37.6,31.1,4.75
37.6,31.9,6.23076923076923
37.6,32,8
37.6,32.8,5.33333333333333
37.6,32.9,6.54545454545455
37.6,33,7.3
37.6,33.1,8
37.6,34.1,8
37.6,34.7,3.45454545454545
37.6,35.4,2.90909090909091
37.6,35.5,1.14285714285714
37.6,42,0
37.6,42.6,0
37.6,42.7,0
37.6,43.1,0
37.6,43.2,0
37.7,-9.8,8
37.7,-9.7,8
37.7,-8.2,6.71428571428571
37.7,-8.1,7
37.7,-7.9,8
37.7,-7.8,8
37.7,-7.7,8
37.7,-7.6,7.75
37.7,-5.6,7.33333333333333
37.7,-5.3,4.68292682926829
37.7,-5.1,1.33333333333333
37.7,-5,1.71428571428571
37.7,-4.9,1.14285714285714
37.7,-4.7,4.6551724137931
37.7,-4.6,4.36363636363636
37.7,-3.9,6.66666666666667
37.7,-3.8,6.61538461538461
37.7,-3.6,7.54545454545455
37.7,-3.5,7.66666666666667
37.7,-3.3,7.33333333333333
37.7,-3.2,7.11111111111111
37.7,-2.9,6.4
37.7,-2.8,3.42857142857143
37.7,-2.2,8
37.7,-1.8,8.11111111111111
37.7,-1.7,8
37.7,-1.6,8
37.7,-0.8,8
37.7,-0.7,8
37.7,-0.2,8.11111111111111
37.7,1.2,8
37.7,3.6,3.69230769230769
37.7,5.2,1.71428571428571
37.7,11.1,8.05
37.7,11.2,8
37.7,13.4,2
37.7,14.8,6.83333333333333
37.7,18,8
37.7,18.1,4
37.7,18.4,0
37.7,18.5,0
37.7,20.7,7
37.7,20.8,8
37.7,20.9,4.50909090909091
37.7,21,6
37.7,21.2,4.37837837837838
37.7,21.8,4
37.7,21.9,5.71428571428571
37.7,22.5,6.85714285714286
37.7,22.6,5.09090909090909
37.7,22.7,4.44444444444444
37.7,23.1,4
37.7,23.2,6
37.7,23.5,8
37.7,23.6,6.93333333333333
37.7,23.7,7.47663551401869
37.7,23.8,5.95588235294118
37.7,23.9,6.25
37.7,24,6.81481481481481
37.7,24.1,6.54545454545455
37.7,24.2,6.39285714285714
37.7,24.6,8
37.7,24.7,6.96774193548387
37.7,24.8,8
37.7,24.9,6.54545454545455
37.7,25,5.33333333333333
37.7,25.2,7.11111111111111
37.7,25.3,8
37.7,25.4,8
37.7,25.5,8
37.7,26.3,6
37.7,26.4,6.4
37.7,26.5,2.66666666666667
37.7,26.6,3.28571428571429
37.7,27.3,5.71428571428571
37.7,27.4,8
37.7,27.5,2.28571428571429
37.7,28,4.57142857142857
37.7,28.1,4
37.7,29.2,4
37.7,29.3,5.91666666666667
37.7,29.4,4.30769230769231
37.7,29.5,0
37.7,30.1,0
37.7,30.2,8.25
37.7,30.4,7.66666666666667
37.7,30.5,4.8
37.7,30.7,6.52380952380952
37.7,30.8,2.66666666666667
37.7,30.9,8
37.7,31.1,4.30769230769231
37.7,32,7.42857142857143
37.7,33.1,8
37.7,34.2,8
37.7,34.3,4
37.7,34.6,6.57142857142857
37.7,34.7,7.66666666666667
37.7,41.8,0
37.7,42,0
37.7,42.3,0
37.7,42.4,0
37.7,42.5,0
37.7,43,0
37.8,-9.7,8.1
37.8,-9.6,8
37.8,-8.2,8
37.8,-8,9
37.8,-7.9,5.33333333333333
37.8,-7.8,5.81818181818182
37.8,-7.6,7.65217391304348
37.8,-5.6,7.27272727272727
37.8,-5.5,7.52941176470588
37.8,-5.3,5
37.8,-4.9,4
37.8,-4.8,5.1
37.8,-4.7,4.04651162790698
37.8,-4.6,5.33333333333333
37.8,-3.9,6
37.8,-3.8,6.38461538461539
37.8,-3.7,5.33333333333333
37.8,-3.6,6.70833333333333
37.8,-3.2,7
37.8,-3.1,6.1
37.8,-3,7.33333333333333
37.8,-2.8,8
37.8,-2.7,8
37.8,-2.6,8
37.8,-1.6,7.75
37.8,-1.5,7.3
37.8,-1.4,6.85714285714286
37.8,-0.8,8
37.8,-0.7,8
37.8,-0.2,8
37.8,1.2,8
37.8,1.3,8
37.8,3.6,2.76923076923077
37.8,3.7,0
37.8,11.2,8
37.8,11.3,7
37.8,17.9,4.8
37.8,18,5.09090909090909
37.8,18.2,0
37.8,18.3,0
37.8,18.4,0
37.8,20.4,8
37.8,20.5,5.33333333333333
37.8,20.6,5.33333333333333
37.8,20.7,8
37.8,20.8,6.54545454545455
37.8,20.9,6.76923076923077
37.8,21.2,4.62857142857143
37.8,21.6,2.66666666666667
37.8,21.7,5.81818181818182
37.8,21.8,8
37.8,21.9,8
37.8,22,6.22222222222222
37.8,22.1,5.33333333333333
37.8,22.4,2.66666666666667
37.8,22.5,8
37.8,23,4
37.8,23.1,8
37.8,23.6,6.7
37.8,23.7,5.33333333333333
37.8,23.8,5.59217877094972
37.8,23.9,0
37.8,24,6.90909090909091
37.8,24.1,7.13636363636364
37.8,24.2,6.76923076923077
37.8,24.5,7.52941176470588
37.8,24.6,8
37.8,24.7,8.06666666666667
37.8,25,6.85714285714286
37.8,25.1,7.61904761904762
37.8,25.2,8
37.8,25.3,8
37.8,25.4,8
37.8,26.2,8
37.8,26.3,7
37.8,26.4,6.22222222222222
37.8,26.5,4
37.8,26.6,0
37.8,26.7,4.57142857142857
37.8,26.8,6.60869565217391
37.8,27.2,4
37.8,27.3,7.17647058823529
37.8,27.5,3.33333333333333
37.8,27.9,6.22222222222222
37.8,28,4.57142857142857
37.8,29.1,5.33333333333333
37.8,29.2,5.09090909090909
37.8,29.3,3.63636363636364
37.8,29.4,2.66666666666667
37.8,30.1,5.72727272727273
37.8,30.4,6.79411764705882
37.8,30.7,6.26086956521739
37.8,30.9,4
37.8,31.5,5.33333333333333
37.8,32,4
37.8,32.1,7.33333333333333
37.8,34.4,0
37.8,34.5,8
37.8,34.6,6.08333333333333
37.8,41.6,0
37.8,41.7,0
37.8,41.8,0
37.8,42.1,0
37.8,42.2,0
37.8,42.7,0
37.8,42.9,0
37.8,44.9,0
37.8,45,0
37.9,-9.6,8
37.9,-9.5,8
37.9,-8.2,6.28571428571429
37.9,-8,9
37.9,-7.9,6.22222222222222
37.9,-7.8,6.29787234042553
37.9,-7.6,7.27272727272727
37.9,-5.5,4
37.9,-5.4,8
37.9,-5.3,6.31578947368421
37.9,-4.6,6.4
37.9,-4.5,7
37.9,-4.4,7.33333333333333
37.9,-4.3,4
37.9,-3.9,8
37.9,-3.8,6.05128205128205
37.9,-3.7,6.81481481481481
37.9,-3.6,7.1304347826087
37.9,-3,6
37.9,-2.9,7.66666666666667
37.9,-2.6,6.22222222222222
37.9,-2.5,8.16666666666667
37.9,-1.4,8
37.9,-1.3,8
37.9,-1.2,8
37.9,-0.7,8
37.9,-0.2,8
37.9,1.3,6.84615384615385
37.9,3.7,4.85714285714286
37.9,11.2,7
37.9,11.3,8.08333333333333
37.9,11.4,8
37.9,13.5,8
37.9,17.8,6
37.9,17.9,5.71428571428571
37.9,18.1,0
37.9,20,4.84210526315789
37.9,20.1,1.51351351351351
37.9,20.2,3.86206896551724
37.9,20.3,3.36842105263158
37.9,20.4,4.8
37.9,20.5,2.66666666666667
37.9,20.6,3.63636363636364
37.9,20.7,5.91304347826087
37.9,20.8,5.62162162162162
37.9,20.9,1.23076923076923
37.9,21.2,0.888888888888889
37.9,21.4,4
37.9,21.5,5.71428571428571
37.9,21.6,3.42857142857143
37.9,21.7,6.22222222222222
37.9,21.8,8
37.9,22.3,5.09090909090909
37.9,22.4,8
37.9,22.9,5.71428571428571
37.9,23,5.81818181818182
37.9,23.6,7.33333333333333
37.9,23.7,8.31111111111111
37.9,23.8,7.640625
37.9,23.9,4.3609022556391
37.9,24,5.27586206896552
37.9,24.1,7.21428571428571
37.9,24.2,7.15789473684211
37.9,24.4,7.38461538461539
37.9,24.5,5.33333333333333
37.9,24.6,8
37.9,24.7,8
37.9,24.9,7.27272727272727
37.9,25,8.11111111111111
37.9,25.2,5.33333333333333
37.9,25.3,8
37.9,26.1,8
37.9,26.2,8
37.9,26.3,4.8
37.9,26.4,6.5
37.9,26.5,4
37.9,26.7,1.84615384615385
37.9,27.1,2
37.9,27.2,5.86666666666667
37.9,27.3,5.33333333333333
37.9,27.5,3.63636363636364
37.9,27.7,3.0625
37.9,27.8,3.2
37.9,27.9,0
37.9,29,4
37.9,29.1,5.33333333333333
37.9,29.2,0.888888888888889
37.9,29.3,6.4
37.9,30.1,6.3
37.9,30.3,8
37.9,30.4,7.4
37.9,30.7,4.8
37.9,30.9,7.88888888888889
37.9,31.5,4.36363636363636
37.9,31.6,2.66666666666667
37.9,32.1,6.8
37.9,32.2,6.875
37.9,34.5,4.26666666666667
37.9,35.2,8
37.9,36.1,4.44444444444444
37.9,36.2,5.33333333333333
37.9,41.5,0
37.9,41.6,0
37.9,41.8,0
37.9,41.9,0
37.9,42,0
37.9,42.6,0
37.9,44.7,0
38,-9.5,8
38,-9.4,8
38,-8.2,8
38,-7.9,7.81395348837209
38,-7.8,6.85714285714286
38,-7.7,8.7
38,-7.6,8
38,-5.5,4.8
38,-5.4,6.08333333333333
38,-5.3,6.85714285714286
38,-4.3,6.66666666666667
38,-4.2,4.8
38,-4.1,5.81818181818182
38,-4,0
38,-3.9,6.4
38,-3.8,7
38,-3.7,5.83333333333333
38,-3.6,6.29166666666667
38,-2.9,7
38,-2.8,7.125
38,-2.7,4
38,-2.5,8
38,-2.4,6.95652173913043
38,-2.3,8
38,-1.3,9
38,-1.2,8.66666666666667
38,-0.2,7.1
38,1.3,8
38,3.7,5.62962962962963
38,11.3,8
38,11.4,8
38,11.5,7.27272727272727
38,12.4,8
38,13.1,2.66666666666667
38,13.2,5.41666666666667
38,13.3,6
38,13.4,2.18181818181818
38,17.7,7.2
38,17.8,8
38,17.9,0
38,18,0
38,20,1.64102564102564
38,20.1,4.04705882352941
38,20.2,5.24137931034483
38,20.3,1.06666666666667
38,20.4,4.57142857142857
38,20.5,0
38,20.6,5.53846153846154
38,20.7,0.571428571428571
38,20.8,2.54545454545455
38,20.9,2.24
38,21.2,5.71428571428571
38,21.3,5.05263157894737
38,21.4,5.33333333333333
38,21.5,4.8
38,22.2,5.71428571428571
38,22.3,7
38,22.8,7
38,22.9,6.83333333333333
38,23.6,7.33333333333333
38,23.7,0
38,23.8,7.49411764705882
38,23.9,8
38,24,7.65573770491803
38,24.1,7.68
38,24.2,8
38,24.3,8
38,24.4,6.4
38,24.5,7.42857142857143
38,24.6,8
38,24.7,7.16666666666667
38,24.8,7.54545454545455
38,24.9,6.3
38,25.1,8
38,25.2,7.53846153846154
38,26.1,7.38461538461539
38,26.2,6.22222222222222
38,26.3,4.36363636363636
38,26.4,2.66666666666667
38,27,5.16666666666667
38,27.1,3
38,27.2,7.38461538461539
38,27.5,4.76470588235294
38,27.6,3.42857142857143
38,27.7,2.66666666666667
38,29.1,2
38,29.2,2.28571428571429
38,30,6.83333333333333
38,30.1,6
38,30.3,6.65217391304348
38,30.6,4
38,30.7,5.36363636363636
38,30.9,4
38,31,8
38,31.5,5.81818181818182
38,31.6,4.8
38,32.2,5.66666666666667
38,32.3,8
38,34.4,7.72727272727273
38,34.5,8
38,34.6,0
38,35.2,8
38,36,7
38,36.1,0
38,41.4,0
38,41.7,0
38.1,-14.5,4
38.1,-9.4,8
38.1,-9.3,6.4
38.1,-9.2,5.33333333333333
38.1,-8.2,8
38.1,-7.9,7.5
38.1,-7.8,7.2
38.1,-7.7,8
38.1,-7.6,5.71428571428571
38.1,-5.4,4.16
38.1,-5.3,7.52941176470588
38.1,-4,8
38.1,-3.9,7.2
38.1,-3.8,7.41025641025641
38.1,-3.7,6
38.1,-3.6,6
38.1,-2.9,5.21428571428571
38.1,-2.7,7.375
38.1,-2.6,7.125
38.1,-2.3,7.05882352941176
38.1,-2.2,7.46666666666667
38.1,-1.2,8
38.1,-1.1,8.8
38.1,-1,8
38.1,-0.9,8.5
38.1,-0.7,4
38.1,-0.6,6
38.1,-0.2,8
38.1,1.3,7.92857142857143
38.1,3.7,8
38.1,3.8,7.66666666666667
38.1,4.9,4.8
38.1,5,5
38.1,11.3,8
38.1,11.4,8.1
38.1,11.5,8
38.1,11.6,7.27272727272727
38.1,12.1,7.41666666666667
38.1,12.3,8
38.1,12.4,6.66666666666667
38.1,12.8,6.66666666666667
38.1,12.9,7.33333333333333
38.1,13,7.90909090909091
38.1,13.1,4.44444444444444
38.1,17.5,8
38.1,17.6,6
38.1,17.7,2
38.1,17.8,0
38.1,19.9,0
38.1,20,2.66666666666667
38.1,20.4,5.33333333333333
38.1,20.5,4.70588235294118
38.1,20.9,3.39393939393939
38.1,21,6
38.1,21.1,6.5
38.1,21.2,2.90909090909091
38.1,22.1,4
38.1,22.2,5.33333333333333
38.1,23.6,7.4
38.1,23.7,6.7027027027027
38.1,23.8,6
38.1,23.9,8
38.1,24,7.2
38.1,24.1,8
38.1,24.2,8
38.1,24.3,8
38.1,24.4,8
38.1,24.5,8
38.1,24.6,8
38.1,24.7,6.81481481481481
38.1,24.8,8
38.1,25.1,7.42857142857143
38.1,26,7.33333333333333
38.1,26.1,6.72727272727273
38.1,26.2,5
38.1,26.3,4.30769230769231
38.1,26.9,5.33333333333333
38.1,27,4.8
38.1,27.1,7.2
38.1,27.2,4.85714285714286
38.1,27.3,4.23529411764706
38.1,27.4,4.39393939393939
38.1,27.5,2.85714285714286
38.1,28.8,4
38.1,28.9,1.14285714285714
38.1,29,0
38.1,29.1,2.66666666666667
38.1,30,8
38.1,30.2,8
38.1,30.3,8
38.1,30.4,5.33333333333333
38.1,30.6,5.86363636363636
38.1,31,6.5
38.1,31.5,7.22222222222222
38.1,31.6,4
38.1,31.7,8
38.1,32.3,6.84615384615385
38.1,34.3,7.83333333333333
38.1,34.4,8
38.1,34.7,0
38.1,34.8,0
38.1,41.2,0
38.1,41.3,0
38.1,41.6,0
38.2,-9.3,8
38.2,-9.2,8
38.2,-9.1,7.6
38.2,-9,7.27272727272727
38.2,-8.2,8
38.2,-7.8,8
38.2,-7.6,0
38.2,-5.5,8
38.2,-5.4,6.5625
38.2,-5.3,5.76
38.2,-5.2,8.125
38.2,-5.1,1.33333333333333
38.2,-5,0
38.2,-3.8,6.32432432432432
38.2,-3.7,6.08333333333333
38.2,-3.6,7.13513513513514
38.2,-2.8,6.69565217391304
38.2,-2.7,4.44444444444444
38.2,-2.6,6.21052631578947
38.2,-2.5,6.08333333333333
38.2,-2.4,7
38.2,-2.2,8
38.2,-2.1,8
38.2,-2,5.33333333333333
38.2,-0.9,8.25
38.2,-0.8,8.5
38.2,-0.7,7.625
38.2,-0.6,8.5
38.2,-0.3,8
38.2,-0.2,8
38.2,1.3,7.38461538461539
38.2,3.8,6.57142857142857
38.2,5,1.6
38.2,5.1,0.615384615384615
38.2,5.2,0
38.2,11.4,8
38.2,11.5,8
38.2,11.6,8
38.2,11.7,8
38.2,12.1,7.33333333333333
38.2,12.2,0
38.2,12.3,6.85714285714286
38.2,12.5,5.77777777777778
38.2,12.6,7.75
38.2,12.7,7.33333333333333
38.2,12.8,5.5
38.2,13,8
38.2,13.1,8
38.2,17.4,7.75
38.2,17.5,5.71428571428571
38.2,17.6,0
38.2,17.7,0
38.2,20.3,0
38.2,20.4,6.15384615384615
38.2,20.5,8
38.2,20.6,4.8
38.2,20.7,6.85714285714286
38.2,20.8,5.33333333333333
38.2,20.9,1
38.2,22.1,6.28571428571429
38.2,22.9,8
38.2,23.5,4.8
38.2,23.6,7.30555555555556
38.2,23.7,4.79166666666667
38.2,23.8,7.11111111111111
38.2,23.9,7.33333333333333
38.2,24.2,6.4
38.2,24.3,6.85714285714286
38.2,24.4,6.15384615384615
38.2,24.5,6.57142857142857
38.2,24.6,7.69230769230769
38.2,25,8
38.2,25.1,8
38.2,25.3,1.6
38.2,25.4,3.85714285714286
38.2,25.6,4.875
38.2,25.7,4.8
38.2,25.8,8
38.2,25.9,6.22222222222222
38.2,26,6.28571428571429
38.2,26.1,2.66666666666667
38.2,26.2,5.21428571428571
38.2,26.8,5.33333333333333
38.2,26.9,3.33333333333333
38.2,27.1,2.46153846153846
38.2,27.2,3.29411764705882
38.2,27.3,3.2
38.2,28.7,4
38.2,28.8,4.36363636363636
38.2,28.9,0
38.2,29,2.90909090909091
38.2,29.1,7.8
38.2,29.2,7.6
38.2,29.5,0
38.2,29.9,8
38.2,30,7
38.2,30.2,5.38095238095238
38.2,30.3,7.1
38.2,30.4,8
38.2,30.6,5.33333333333333
38.2,31,7.11111111111111
38.2,31.6,4.08333333333333
38.2,31.7,4.08333333333333
38.2,32.4,6.92857142857143
38.2,34.2,5.33333333333333
38.2,34.3,6.45454545454545
38.2,34.9,0
38.2,40.7,0
38.2,40.8,0
38.2,40.9,0
38.2,41.1,0
38.2,41.4,0
38.2,41.5,0
38.3,-9.3,7.75
38.3,-9.2,7.89041095890411
38.3,-9.1,7.51515151515152
38.3,-9,8
38.3,-8.9,7.55555555555556
38.3,-8.2,7.38461538461539
38.3,-7.8,6.66666666666667
38.3,-7.7,8
38.3,-5.7,6.54545454545455
38.3,-5.4,8
38.3,-5.3,1.41176470588235
38.3,-5.2,8
38.3,-5,2.66666666666667
38.3,-3.8,7.11111111111111
38.3,-3.7,7.38461538461539
38.3,-3.6,7.38235294117647
38.3,-3.5,6.2
38.3,-2.6,4.38888888888889
38.3,-2.5,4.24
38.3,-2.4,7.44444444444444
38.3,-2,7.38461538461539
38.3,-1.9,8.1
38.3,-0.8,6.375
38.3,-0.7,8
38.3,-0.6,8.07936507936508
38.3,-0.5,8.08974358974359
38.3,-0.4,8.10714285714286
38.3,-0.3,8.11538461538461
38.3,1.3,8
38.3,1.4,8
38.3,3,6.66666666666667
38.3,3.1,8
38.3,3.8,7.33333333333333
38.3,3.9,7.26666666666667
38.3,5.2,4
38.3,5.3,1.33333333333333
38.3,9.7,8
38.3,9.8,8
38.3,11.5,6.84615384615385
38.3,11.8,7.38461538461539
38.3,11.9,6.4
38.3,12,4.66666666666667
38.3,12.1,4.52173913043478
38.3,12.2,6.22222222222222
38.3,12.3,6.84
38.3,12.4,6.34782608695652
38.3,12.5,8
38.3,13,3.69230769230769
38.3,17.3,8
38.3,17.4,3.2
38.3,17.5,0
38.3,19.8,4
38.3,19.9,2
38.3,20,4
38.3,20.2,0.888888888888889
38.3,20.3,5.71428571428571
38.3,20.4,7.11111111111111
38.3,20.5,3.55555555555556
38.3,20.9,1.23076923076923
38.3,22,6.28571428571429
38.3,22.1,7.27272727272727
38.3,22.2,8
38.3,22.7,6.4
38.3,22.8,5.53846153846154
38.3,22.9,8.5
38.3,23.4,8
38.3,23.5,7.22727272727273
38.3,23.6,7.63157894736842
38.3,23.7,5.81818181818182
38.3,23.8,8
38.3,24.2,8
38.3,24.3,8
38.3,24.4,7.14814814814815
38.3,24.5,7.63636363636364
38.3,24.6,5.09090909090909
38.3,24.9,8
38.3,25,8
38.3,25.5,6
38.3,25.6,3.2
38.3,25.8,6.4
38.3,25.9,6.78947368421053
38.3,26,4.8
38.3,26.1,6.69230769230769
38.3,26.2,8
38.3,26.5,4.8
38.3,26.6,3.2
38.3,26.8,4.66666666666667
38.3,27,3.05882352941176
38.3,27.1,3.43333333333333
38.3,27.2,4.57142857142857
38.3,27.3,4.94444444444444
38.3,27.4,6.4
38.3,27.5,3.42857142857143
38.3,27.6,5.875
38.3,28.6,4
38.3,28.7,4.44444444444444
38.3,28.8,0
38.3,28.9,2.46153846153846
38.3,29,8
38.3,29.4,4
38.3,29.5,8
38.3,29.9,8
38.3,30.2,6
38.3,30.5,6
38.3,30.6,6.54545454545455
38.3,31,5.6
38.3,31.6,6.4
38.3,31.7,5.28571428571429
38.3,31.8,6.66666666666667
38.3,31.9,5.5
38.3,32.4,8.25
38.3,32.5,7.33333333333333
38.3,34.2,7.38461538461539
38.3,35,0
38.3,40.5,0
38.3,40.7,0
38.3,40.9,0
38.3,41,0
38.3,41.3,0
38.4,-9.5,7.2
38.4,-9.4,8
38.4,-9.3,8
38.4,-9.2,10.3506493506494
38.4,-9.1,7.4
38.4,-9,7.54545454545455
38.4,-8.9,8
38.4,-8.8,7.57894736842105
38.4,-8.2,8
38.4,-7.7,8.07692307692308
38.4,-5.7,6
38.4,-5.6,6.4
38.4,-5.4,7.46153846153846
38.4,-5.3,5.33333333333333
38.4,-5.2,5.66666666666667
38.4,-5.1,6.5
38.4,-5,4
38.4,-4.9,5.33333333333333
38.4,-3.8,6.90909090909091
38.4,-3.7,8
38.4,-3.6,8.05
38.4,-3.5,7.54545454545455
38.4,-1.9,7.11111111111111
38.4,-1.8,7.55555555555556
38.4,-1.7,8
38.4,-0.8,6.73684210526316
38.4,-0.4,8
38.4,-0.3,8.08571428571429
38.4,-0.2,7.875
38.4,-0.1,7.45833333333333
38.4,0,6.44444444444444
38.4,1.4,6.85714285714286
38.4,2.4,7
38.4,2.7,8
38.4,2.8,8
38.4,2.9,8
38.4,3,8
38.4,3.1,6
38.4,3.9,6
38.4,5.3,1.14285714285714
38.4,5.4,1.45454545454545
38.4,9.7,8
38.4,11.5,7.2
38.4,11.8,6.52941176470588
38.4,11.9,6.74193548387097
38.4,12,7.38461538461539
38.4,12.1,7.70833333333333
38.4,13,2.46153846153846
38.4,13.5,6
38.4,13.6,0
38.4,13.8,5.33333333333333
38.4,17.2,7.27272727272727
38.4,17.3,4
38.4,19.3,4
38.4,19.4,2.18181818181818
38.4,19.5,6
38.4,19.6,3.2
38.4,19.7,0.727272727272727
38.4,19.8,0
38.4,20.1,3.33333333333333
38.4,20.2,2
38.4,20.9,1.5
38.4,21.9,6
38.4,22,5.77777777777778
38.4,22.1,5.33333333333333
38.4,22.5,8
38.4,22.6,7.36
38.4,22.7,8
38.4,23.3,5.53846153846154
38.4,23.4,7.11111111111111
38.4,23.5,7
38.4,23.6,7.66666666666667
38.4,24.1,8
38.4,24.2,7.23809523809524
38.4,24.3,7.69565217391304
38.4,24.5,8.08333333333333
38.4,24.6,8
38.4,24.7,5.91666666666667
38.4,24.8,6.68421052631579
38.4,24.9,8
38.4,25.4,0
38.4,25.5,4.53846153846154
38.4,25.7,5
38.4,25.8,6.22222222222222
38.4,26,4.44444444444444
38.4,26.1,6.66666666666667
38.4,26.3,0
38.4,26.4,3.69230769230769
38.4,26.5,5.33333333333333
38.4,26.7,1.71428571428571
38.4,26.8,4
38.4,26.9,4.14285714285714
38.4,27,2.66666666666667
38.4,27.3,4.66666666666667
38.4,27.6,8
38.4,27.7,4.75
38.4,27.8,6.25
38.4,27.9,7
38.4,28,5.33333333333333
38.4,28.1,3.125
38.4,28.2,4.57142857142857
38.4,28.5,2
38.4,28.6,4.44444444444444
38.4,28.8,5
38.4,28.9,7.27272727272727
38.4,29.3,1.6
38.4,29.4,4.7
38.4,29.9,6.66666666666667
38.4,30.1,5.29166666666667
38.4,30.2,4
38.4,30.5,6.91666666666667
38.4,30.6,6.33333333333333
38.4,31,4.16666666666667
38.4,31.7,6.54545454545455
38.4,31.8,7
38.4,31.9,4
38.4,32,4.44444444444444
38.4,32.1,7.25
38.4,32.5,2.66666666666667
38.4,32.6,8
38.4,34.2,8
38.4,35.1,0
38.4,40.4,0
38.4,41,0
38.4,41.1,0
38.4,41.2,0
38.5,-9.5,7.6734693877551
38.5,-9.4,7.75757575757576
38.5,-9.3,8
38.5,-9.2,8
38.5,-9.1,9
38.5,-9,3.86666666666667
38.5,-8.9,3.04761904761905
38.5,-8.8,1.6
38.5,-8.7,3.69230769230769
38.5,-8.3,8
38.5,-8.2,8
38.5,-7.7,8
38.5,-7.6,8
38.5,-5.6,8
38.5,-5.5,8
38.5,-5.4,8
38.5,-5.3,7.27272727272727
38.5,-5.1,7.5
38.5,-4.9,6.4
38.5,-4.8,7
38.5,-3.8,4.58333333333333
38.5,-3.7,7.71428571428571
38.5,-3.6,7.27272727272727
38.5,-3.5,7.11764705882353
38.5,-3.4,5.5
38.5,-2.1,8
38.5,-1.7,8
38.5,-1.6,8
38.5,-0.8,7.6
38.5,-0.6,7.33333333333333
38.5,-0.5,5
38.5,-0.3,7.44827586206897
38.5,0,7
38.5,0.1,7.33333333333333
38.5,0.2,8
38.5,0.3,6.71428571428571
38.5,1.4,7.125
38.5,2.3,8
38.5,2.4,7.11111111111111
38.5,2.5,8
38.5,2.6,8
38.5,2.7,8
38.5,3,8
38.5,3.9,7
38.5,4,6.125
38.5,5.4,0
38.5,5.5,1.23076923076923
38.5,5.6,6
38.5,9.6,8
38.5,9.7,8
38.5,11.5,8.11111111111111
38.5,11.6,7.55555555555556
38.5,11.7,7.7037037037037
38.5,11.8,8
38.5,11.9,8.08333333333333
38.5,12.1,8.25
38.5,12.2,8
38.5,13,5.53846153846154
38.5,13.4,4.4
38.5,13.5,6.6
38.5,13.7,0
38.5,15.8,8
38.5,15.9,5.53846153846154
38.5,17,8
38.5,17.1,7.38461538461539
38.5,17.2,8
38.5,19,0
38.5,19.1,4
38.5,19.2,4.36363636363636
38.5,19.3,0
38.5,20,2.28571428571429
38.5,20.7,4
38.5,20.8,2.18181818181818
38.5,20.9,3.73333333333333
38.5,21.7,0
38.5,21.8,6.66666666666667
38.5,21.9,6.5
38.5,22.3,8
38.5,22.4,7.92857142857143
38.5,22.5,7.29166666666667
38.5,22.6,8
38.5,23.2,6
38.5,23.3,8
38.5,23.4,3.5
38.5,23.5,5.36363636363636
38.5,23.6,7.31818181818182
38.5,24,8
38.5,24.1,7.33333333333333
38.5,24.2,6.93333333333333
38.5,24.5,7.27272727272727
38.5,24.7,7.2
38.5,24.8,6.11111111111111
38.5,24.9,4
38.5,25.4,3.5
38.5,25.6,5.33333333333333
38.5,25.7,6.81818181818182
38.5,25.9,6.33333333333333
38.5,26,5.52631578947368
38.5,26.1,8
38.5,26.2,4.63636363636364
38.5,26.3,2.66666666666667
38.5,26.6,2.66666666666667
38.5,26.7,4.8
38.5,26.8,3.27777777777778
38.5,26.9,4.8
38.5,27.3,2.66666666666667
38.5,28.2,8
38.5,28.3,4.44444444444444
38.5,28.4,4.57142857142857
38.5,28.5,3.94444444444444
38.5,28.6,7
38.5,28.7,4.92857142857143
38.5,28.8,6
38.5,28.9,8
38.5,29.3,4.84615384615385
38.5,29.8,6.22222222222222
38.5,29.9,5.33333333333333
38.5,30.1,6.65217391304348
38.5,30.4,4
38.5,30.5,6.54545454545455
38.5,30.6,4
38.5,31.8,6.85714285714286
38.5,32.1,4.16666666666667
38.5,32.2,6.54545454545455
38.5,32.3,8
38.5,35.2,0
38.5,41,0
38.5,41.1,0
38.5,41.2,0
38.5,41.3,0
38.6,-9.6,8
38.6,-9.5,8.02439024390244
38.6,-9.4,8
38.6,-9.3,8
38.6,-9.2,7.99029126213592
38.6,-9.1,7.56451612903226
38.6,-9,8.96969696969697
38.6,-8.9,9
38.6,-8.8,8.33333333333333
38.6,-8.3,8
38.6,-7.6,6.89473684210526
38.6,-7.5,8
38.6,-5.5,7.33333333333333
38.6,-5.4,8
38.6,-5.3,7.42857142857143
38.6,-5.1,8
38.6,-5,7
38.6,-4.8,7.27272727272727
38.6,-4.7,8
38.6,-3.8,7.5
38.6,-3.7,6.95238095238095
38.6,-3.6,7.92307692307692
38.6,-3.5,8
38.6,-3.4,7.6551724137931
38.6,-2,7.11111111111111
38.6,-1.9,8
38.6,-1.6,8
38.6,-1.5,8
38.6,-0.8,8.125
38.6,-0.7,7.52727272727273
38.6,-0.6,7.46153846153846
38.6,-0.3,8
38.6,0.3,6
38.6,0.4,8
38.6,1.4,9
38.6,2,6
38.6,2.1,8
38.6,2.2,8
38.6,2.3,8.125
38.6,2.4,7.2
38.6,3,7.2
38.6,4,6
38.6,5.6,7
38.6,5.7,5.81818181818182
38.6,9.6,8
38.6,11.5,8
38.6,11.6,8
38.6,11.9,8
38.6,12.2,7.2
38.6,13,4
38.6,13.1,6.5
38.6,13.4,5.86666666666667
38.6,13.7,6
38.6,14.5,8
38.6,15.8,0
38.6,16.9,8
38.6,17,8
38.6,17.9,8
38.6,18,7.27272727272727
38.6,18.1,5.09090909090909
38.6,18.2,6.4
38.6,18.3,4.8
38.6,18.4,6.4
38.6,18.5,5.09090909090909
38.6,18.6,2.90909090909091
38.6,18.7,0.727272727272727
38.6,18.8,1.45454545454545
38.6,18.9,0.571428571428571
38.6,19,3.2
38.6,19.2,0
38.6,19.3,4
38.6,20.6,2.28571428571429
38.6,20.7,1.45454545454545
38.6,20.9,2.18181818181818
38.6,21.6,3.33333333333333
38.6,21.7,4.36363636363636
38.6,21.8,5.33333333333333
38.6,21.9,4.16666666666667
38.6,22,3.42857142857143
38.6,22.2,6.66666666666667
38.6,22.3,8
38.6,22.4,7.42857142857143
38.6,23.1,6.4
38.6,23.2,7.2
38.6,23.4,7.21428571428571
38.6,23.5,7.30434782608696
38.6,23.9,6.4
38.6,24,6.85714285714286
38.6,24.2,6.66666666666667
38.6,24.5,8
38.6,24.6,7.2
38.6,24.7,6.55555555555556
38.6,24.9,5.71428571428571
38.6,25.3,4.07142857142857
38.6,25.4,8
38.6,25.5,6.61538461538461
38.6,25.6,4.08333333333333
38.6,25.8,6.4
38.6,25.9,6.66666666666667
38.6,26,4.8
38.6,26.1,6.23076923076923
38.6,26.2,8
38.6,26.5,5.33333333333333
38.6,26.6,3
38.6,26.7,4.63157894736842
38.6,27.3,3.63636363636364
38.6,28.3,4
38.6,28.4,2.66666666666667
38.6,28.5,5.33333333333333
38.6,28.6,6
38.6,28.7,6.4
38.6,28.9,8
38.6,29.1,8
38.6,29.2,3.69230769230769
38.6,29.8,6.45454545454545
38.6,30,7.65217391304348
38.6,30.1,4
38.6,30.4,6.66666666666667
38.6,30.6,8.33333333333333
38.6,31.8,4
38.6,31.9,6.66666666666667
38.6,32.3,8.5
38.6,32.4,7.36363636363636
38.6,32.5,4
38.6,35.3,0
38.6,40.9,0
38.6,41.3,0
38.6,41.5,0
38.6,41.6,0
38.6,41.7,0
38.6,41.8,0
38.6,44.9,3.2
38.6,45,4.66666666666667
38.7,-9.6,7.61904761904762
38.7,-9.5,8
38.7,-9.4,8
38.7,-9.3,7.65217391304348
38.7,-9.2,7.94202898550725
38.7,-9.1,0
38.7,-9,8.63461538461539
38.7,-8.8,8.41304347826087
38.7,-8.3,7.92307692307692
38.7,-7.8,7.51428571428571
38.7,-7.7,8.02272727272727
38.7,-7.6,7.39285714285714
38.7,-7.5,8
38.7,-5.4,8
38.7,-5.3,8
38.7,-5.2,8
38.7,-5,7.14814814814815
38.7,-4.9,4.57142857142857
38.7,-4.8,0
38.7,-4.7,6.22222222222222
38.7,-3.8,8.125
38.7,-3.7,8
38.7,-3.6,7.46153846153846
38.7,-3.4,7.42857142857143
38.7,-3.3,7.66666666666667
38.7,-1.9,8
38.7,-1.8,6.85714285714286
38.7,-1.7,8
38.7,-1,8.33333333333333
38.7,-0.9,7.97297297297297
38.7,-0.8,7.56603773584906
38.7,-0.7,7
38.7,-0.3,8
38.7,-0.2,8
38.7,1.4,9
38.7,1.5,8.14285714285714
38.7,1.6,7.10526315789474
38.7,1.7,7.22222222222222
38.7,1.8,8
38.7,1.9,8
38.7,2,8
38.7,2.4,8
38.7,2.5,8
38.7,3,8
38.7,4,6.41666666666667
38.7,5.7,8
38.7,5.8,5.81818181818182
38.7,5.9,8
38.7,9.2,8
38.7,9.3,7.9
38.7,9.5,8
38.7,9.6,8
38.7,11.5,8
38.7,12.2,7.27272727272727
38.7,12.6,6.25
38.7,13.1,5.41666666666667
38.7,13.3,6.4375
38.7,13.6,7.125
38.7,13.7,4
38.7,14.5,5.86666666666667
38.7,16.9,8
38.7,17.9,8
38.7,18.8,4.8
38.7,18.9,0
38.7,19,4
38.7,19.1,3.2
38.7,19.2,0
38.7,20.5,1.84615384615385
38.7,20.6,1.33333333333333
38.7,20.9,0
38.7,21,4
38.7,21.4,6
38.7,21.5,6
38.7,21.6,4.5
38.7,21.7,4
38.7,21.8,2.4
38.7,22,7.2
38.7,22.1,7.38461538461539
38.7,22.2,8
38.7,22.3,8
38.7,23,6.5
38.7,23.1,5.14285714285714
38.7,23.3,6.55555555555556
38.7,23.4,7.6
38.7,23.5,7.30434782608696
38.7,23.7,8
38.7,23.8,6.66666666666667
38.7,23.9,8
38.7,24.5,7.11111111111111
38.7,24.6,8
38.7,24.8,2.66666666666667
38.7,25.2,2.46153846153846
38.7,25.3,5.71428571428571
38.7,25.4,7.2
38.7,25.5,8
38.7,25.7,4
38.7,25.8,6.45
38.7,25.9,5.09090909090909
38.7,26,8
38.7,26.4,5.9
38.7,26.5,6.4
38.7,26.6,5.41025641025641
38.7,27.3,2.18181818181818
38.7,28.2,4.63636363636364
38.7,28.3,3.36842105263158
38.7,28.4,7.125
38.7,28.5,7
38.7,29,8
38.7,29.1,4.36363636363636
38.7,29.2,2.66666666666667
38.7,29.7,8
38.7,29.8,6.85714285714286
38.7,30,6.33333333333333
38.7,30.4,5.71428571428571
38.7,30.6,6.5
38.7,31.9,6.58333333333333
38.7,32.5,4.57142857142857
38.7,32.6,8
38.7,32.7,5
38.7,35.4,0
38.7,39.1,0
38.7,39.2,0
38.7,39.3,0
38.7,39.4,0
38.7,39.5,0
38.7,39.6,0
38.7,40.8,0
38.7,44.8,4
38.7,44.9,8
38.8,-9.6,8
38.8,-9.5,4
38.8,-9.2,8
38.8,-9.1,7.66957210776545
38.8,-9,8
38.8,-8.8,8
38.8,-8.3,8
38.8,-7.5,8
38.8,-7.4,8
38.8,-5.4,8
38.8,-5.3,7.38461538461539
38.8,-5.2,8
38.8,-5,7.5
38.8,-4.9,7.37037037037037
38.8,-4.8,5
38.8,-4.7,8
38.8,-4.6,8
38.8,-3.7,8
38.8,-3.3,7.27777777777778
38.8,-1.7,7.27272727272727
38.8,-1.6,7.5
38.8,-1.2,8
38.8,-1.1,8
38.8,-1,7.375
38.8,-0.9,7.375
38.8,-0.2,7.1
38.8,0.3,7.5
38.8,0.4,5.90909090909091
38.8,0.5,6.63636363636364
38.8,0.6,7.25
38.8,1.3,8
38.8,1.4,8
38.8,1.5,7.55555555555556
38.8,1.6,7.11764705882353
38.8,1.7,7.26666666666667
38.8,1.8,7.23529411764706
38.8,1.9,7.75
38.8,2,5.72727272727273
38.8,2.5,6.4
38.8,2.9,8
38.8,3,8
38.8,5.9,5.33333333333333
38.8,6,6.22222222222222
38.8,9.1,8
38.8,9.2,8
38.8,9.5,8
38.8,12.2,8
38.8,12.5,0
38.8,12.6,6.4375
38.8,13.1,4
38.8,13.2,8.1
38.8,13.3,8
38.8,13.5,2.66666666666667
38.8,13.6,4.57142857142857
38.8,14.4,8
38.8,14.5,7.46153846153846
38.8,18.4,8
38.8,18.5,5
38.8,18.6,5.81818181818182
38.8,18.7,3.2
38.8,18.8,3.33333333333333
38.8,19.8,0.888888888888889
38.8,20.3,2.66666666666667
38.8,20.4,1.23076923076923
38.8,20.9,1.45454545454545
38.8,21,0
38.8,21.2,4
38.8,21.3,4.92307692307692
38.8,21.4,1.33333333333333
38.8,21.5,3.4
38.8,21.6,3
38.8,21.7,8
38.8,21.8,4.8
38.8,21.9,6.85714285714286
38.8,22,4
38.8,22.1,7.46666666666667
38.8,22.2,8
38.8,22.8,8
38.8,22.9,5.64705882352941
38.8,23,7.42857142857143
38.8,23.3,5.14285714285714
38.8,23.4,5
38.8,23.5,6.07692307692308
38.8,23.7,4.8
38.8,24.8,2.15384615384615
38.8,25.1,1.45454545454545
38.8,25.2,6
38.8,25.3,7
38.8,25.6,6.66666666666667
38.8,25.7,6.15
38.8,25.8,5.53846153846154
38.8,25.9,0
38.8,26.2,6
38.8,26.3,7.27272727272727
38.8,26.4,6.17647058823529
38.8,26.5,4.54285714285714
38.8,27.3,5.90909090909091
38.8,28.1,5.09090909090909
38.8,28.2,5.88888888888889
38.8,28.3,7.33333333333333
38.8,28.4,6
38.8,29,4.63157894736842
38.8,29.1,2.28571428571429
38.8,29.7,6
38.8,29.9,6.84210526315789
38.8,30,6.66666666666667
38.8,30.5,5.8
38.8,30.6,0
38.8,31.9,7
38.8,32,7.3
38.8,38.4,0
38.8,38.5,0
38.8,38.7,0
38.8,38.8,0
38.8,38.9,0
38.9,-11.2,8
38.9,-11.1,7.11111111111111
38.9,-11,8
38.9,-10.9,7.11111111111111
38.9,-10.8,4
38.9,-10.7,8
38.9,-10.6,6.54545454545455
38.9,-10.5,6.4
38.9,-10.4,7.27272727272727
38.9,-10.3,8
38.9,-10.2,7.27272727272727
38.9,-10.1,8
38.9,-10,6.15384615384615
38.9,-9.9,7.33333333333333
38.9,-9.8,8
38.9,-9.5,8
38.9,-9.2,8
38.9,-9.1,7.87096774193548
38.9,-9,8
38.9,-8.9,8
38.9,-8.8,8
38.9,-8.3,6.36363636363636
38.9,-7.4,8
38.9,-5.3,8
38.9,-5.2,8
38.9,-4.9,8.03448275862069
38.9,-4.8,7.65217391304348
38.9,-4.7,8
38.9,-4.6,7.5625
38.9,-4.5,8.14285714285714
38.9,-3.6,8
38.9,-3.3,7.90909090909091
38.9,-3.2,8
38.9,-1.6,8
38.9,-1.5,8
38.9,-1.4,8
38.9,-1.3,8
38.9,-1.2,6.15384615384615
38.9,-1.1,6.6
38.9,-1,7
38.9,-0.2,0
38.9,0.6,7.57142857142857
38.9,0.7,6.63636363636364
38.9,0.8,7.45454545454545
38.9,0.9,7.83333333333333
38.9,1.1,8
38.9,1.2,7.55555555555556
38.9,1.3,7.11111111111111
38.9,1.4,8.08333333333333
38.9,1.5,7.97727272727273
38.9,1.6,8
38.9,2,6.75
38.9,2.1,7.64285714285714
38.9,2.2,8.78571428571429
38.9,2.3,8.5
38.9,2.5,8
38.9,2.6,8
38.9,2.7,8
38.9,2.9,7.33333333333333
38.9,6,6.4
38.9,6.1,8
38.9,8.9,8
38.9,9,8
38.9,9.1,8
38.9,9.4,7.875
38.9,9.5,8
38.9,12.2,8
38.9,12.5,6.5
38.9,12.6,7.22222222222222
38.9,13.1,6.27777777777778
38.9,13.2,6.88888888888889
38.9,13.5,6.11111111111111
38.9,14.4,7.53846153846154
38.9,15.9,8
38.9,16,8
38.9,17.9,8
38.9,18,6.4
38.9,18.1,7.27272727272727
38.9,18.2,8
38.9,18.3,4.44444444444444
38.9,18.4,3.55555555555556
38.9,19.4,0
38.9,19.5,4
38.9,19.7,2.28571428571429
38.9,20.2,2
38.9,20.3,1.14285714285714
38.9,20.9,0.8
38.9,21.1,1.6
38.9,21.2,2.28571428571429
38.9,21.3,5.6
38.9,21.4,4.14285714285714
38.9,21.5,0.888888888888889
38.9,21.6,4.33333333333333
38.9,21.7,6
38.9,21.8,8
38.9,21.9,5.33333333333333
38.9,22,5
38.9,22.7,8
38.9,22.8,6.85714285714286
38.9,22.9,7.11111111111111
38.9,23.2,6.66666666666667
38.9,23.4,7.41666666666667
38.9,24.8,2.66666666666667
38.9,24.9,2
38.9,25,2.28571428571429
38.9,25.1,6.93333333333333
38.9,25.2,8
38.9,25.5,8
38.9,25.6,5.44
38.9,25.7,6.83333333333333
38.9,26.1,8
38.9,26.2,6
38.9,26.3,5.70967741935484
38.9,26.4,6.17647058823529
38.9,27.1,5.6
38.9,27.3,2.81818181818182
38.9,28,3.52380952380952
38.9,28.1,6.81818181818182
38.9,28.2,8
38.9,28.9,6.85714285714286
38.9,29,3.63636363636364
38.9,29.7,8
38.9,29.9,6.65217391304348
38.9,30.5,8
38.9,32,7
38.9,32.1,8.2
38.9,33.5,8
38.9,38.2,0
39,-25,0
39,-24.9,4
39,-24.8,0.8
39,-24.7,0
39,-13.3,5.33333333333333
39,-13.2,7.11111111111111
39,-13.1,7
39,-13,7
39,-12.9,8
39,-12.8,5.6
39,-12.7,7.11111111111111
39,-12.6,7.11111111111111
39,-12.5,3.55555555555556
39,-12.4,8
39,-12.3,6.22222222222222
39,-12.2,6.4
39,-12.1,6
39,-12,7
39,-11.9,6.22222222222222
39,-11.8,8
39,-11.7,5.33333333333333
39,-11.6,5.33333333333333
39,-11.1,8
39,-11,6.4
39,-10.9,5.6
39,-10.8,8
39,-10.7,8
39,-10.6,8
39,-10.5,8
39,-10.4,7
39,-9.5,8
39,-9.4,7.76470588235294
39,-9.3,7.30434782608696
39,-9.2,8
39,-9.1,7.77142857142857
39,-9,8
39,-8.9,8
39,-8.5,8
39,-8.3,5.91666666666667
39,-7.4,8
39,-7.3,8.125
39,-5.2,8
39,-5.1,7.57894736842105
39,-5,6.4
39,-4.9,8
39,-4.8,8
39,-4.7,8
39,-4.6,8
39,-4.5,6.53125
39,-4.4,8
39,-3.6,8
39,-3.2,6.66666666666667
39,-1.4,8.14285714285714
39,-1.3,7.90322580645161
39,-1.2,6.86666666666667
39,-0.5,6.66666666666667
39,0.8,8
39,0.9,7.78571428571429
39,1,7.52380952380952
39,1.1,7.11764705882353
39,1.2,7.7037037037037
39,1.6,4.375
39,1.7,3.89473684210526
39,1.8,4.63157894736842
39,1.9,7.57894736842105
39,2,5.33333333333333
39,2.5,8
39,2.7,8
39,2.8,8
39,2.9,8
39,8.8,8
39,8.9,8
39,9.4,8
39,12.2,7.33333333333333
39,12.4,6
39,12.5,6.81481481481481
39,12.6,8
39,13,8
39,13.1,7.21052631578947
39,13.2,6.6
39,13.4,6.5
39,13.5,4
39,14.4,5.69230769230769
39,15.5,3.2
39,15.7,6.22222222222222
39,15.8,8
39,15.9,8
39,17.4,8
39,17.5,8
39,17.6,8
39,17.7,8
39,17.8,8
39,17.9,8
39,19.3,8
39,19.4,4.58333333333333
39,19.6,2
39,19.7,0
39,20,1.6
39,20.1,1.23076923076923
39,20.2,0
39,20.8,8
39,20.9,4.36363636363636
39,21.1,5.44444444444444
39,21.2,5.61538461538461
39,21.3,1.42857142857143
39,21.4,2.83870967741935
39,21.5,3.33333333333333
39,21.8,5.71428571428571
39,21.9,5.14285714285714
39,22.7,6.66666666666667
39,22.8,6
39,23.1,7.5
39,23.2,6
39,23.4,7.33333333333333
39,24.9,1.77777777777778
39,25,6.09523809523809
39,25.1,4
39,25.5,7.40740740740741
39,26,8
39,26.1,4.30769230769231
39,26.2,5.41935483870968
39,26.3,5
39,26.5,8
39,26.6,8
39,27.1,4.36363636363636
39,27.3,4.75
39,27.9,4
39,28,7.27272727272727
39,28.1,3.14705882352941
39,28.2,3.31034482758621
39,28.3,8
39,28.8,6.4
39,28.9,3.52631578947368
39,29.8,7.22222222222222
39,29.9,8
39,32.1,8.25
39,33.4,8
39,33.5,8
39,36.8,0
39,36.9,0
39,37,0
39,37.1,0
39,37.3,0
39,37.4,0
39,37.6,0
39,43.9,4
39.1,-10.3,8
39.1,-10.2,8
39.1,-10.1,7.11111111111111
39.1,-10,8
39.1,-9.9,7.15789473684211
39.1,-9.8,6.28571428571429
39.1,-9.7,6.85714285714286
39.1,-9.6,8
39.1,-9.5,5
39.1,-9.3,8
39.1,-9.2,8
39.1,-9,7.75757575757576
39.1,-8.9,8
39.1,-8.8,8
39.1,-8.7,7.55555555555556
39.1,-8.5,7.33333333333333
39.1,-8.4,8
39.1,-8.3,6.72727272727273
39.1,-7.4,8
39.1,-7.3,6.4
39.1,-5.1,7.38461538461539
39.1,-5,8
39.1,-4.9,6.04761904761905
39.1,-4.8,7.75
39.1,-4.7,8
39.1,-4.6,8
39.1,-4.5,8
39.1,-4.4,6.75
39.1,-3.7,6
39.1,-3.6,6.55555555555556
39.1,-3.2,7.41666666666667
39.1,-3.1,8
39.1,-1.4,6.875
39.1,-1.3,6.6
39.1,-1.2,7.42857142857143
39.1,-1.1,8
39.1,-0.5,6.75
39.1,0.5,8
39.1,0.6,8
39.1,0.7,8
39.1,0.8,8
39.1,1.2,7.63157894736842
39.1,1.3,8
39.1,1.4,7.27272727272727
39.1,1.5,6.66666666666667
39.1,1.6,4.66666666666667
39.1,1.7,6.15384615384615
39.1,2.5,8
39.1,2.8,8
39.1,2.9,8
39.1,8.7,8
39.1,8.8,8
39.1,9.3,7.9
39.1,9.4,8
39.1,9.5,8
39.1,10.3,8
39.1,12.2,8
39.1,12.4,5.37037037037037
39.1,12.5,6.66666666666667
39.1,13,6.66666666666667
39.1,13.2,5.18181818181818
39.1,14.4,6.85714285714286
39.1,15.4,8
39.1,15.5,8
39.1,15.6,8
39.1,15.7,8
39.1,17.4,8
39.1,19.2,2.66666666666667
39.1,19.3,4.44444444444444
39.1,19.5,1.77777777777778
39.1,19.6,0
39.1,19.9,1.45454545454545
39.1,20,1.6
39.1,20.1,8
39.1,20.8,5.6
39.1,20.9,2.66666666666667
39.1,21,4
39.1,21.1,1.26315789473684
39.1,21.2,2.76923076923077
39.1,21.3,3.25
39.1,21.6,8
39.1,21.7,6.4
39.1,21.8,5
39.1,22.5,8
39.1,22.6,6.76923076923077
39.1,22.7,8
39.1,23.1,6.58333333333333
39.1,23.2,8
39.1,23.3,7.11111111111111
39.1,23.4,8
39.1,24.8,3.55555555555556
39.1,24.9,4.33333333333333
39.1,25.4,7.42857142857143
39.1,25.8,4.57142857142857
39.1,25.9,3.2
39.1,26,5.95454545454545
39.1,26.1,6.13636363636364
39.1,26.2,4.57142857142857
39.1,27.1,4.57142857142857
39.1,27.2,4
39.1,27.3,2.90909090909091
39.1,27.8,6.25
39.1,27.9,5.09090909090909
39.1,28.3,2.24242424242424
39.1,28.4,7
39.1,28.8,4.61538461538461
39.1,29.8,7.25
39.1,32.1,8
39.1,33.2,8
39.1,33.3,7.27272727272727
39.1,33.4,8
39.1,36.1,0
39.1,36.2,0
39.1,36.3,0
39.1,36.4,0
39.1,36.6,0
39.1,36.7,0
39.1,43.5,8
39.1,43.6,4.5
39.1,43.7,0
39.1,43.8,0
39.2,-10.4,8
39.2,-10.3,7.18181818181818
39.2,-10.2,7.33333333333333
39.2,-10.1,7.33333333333333
39.2,-10,6.4
39.2,-9.9,6.66666666666667
39.2,-9.8,7.11111111111111
39.2,-9.7,7.55555555555556
39.2,-9.6,8
39.2,-9.5,8
39.2,-9.4,8
39.2,-9.2,8
39.2,-9.1,10.3766233766234
39.2,-9,8
39.2,-8.9,8
39.2,-8.8,8.16666666666667
39.2,-8.7,8
39.2,-8.6,6.93333333333333
39.2,-8.5,8.675
39.2,-8.4,9
39.2,-8.3,8.51666666666667
39.2,-8.2,8.26923076923077
39.2,-8.1,8
39.2,-8,8
39.2,-7.4,8
39.2,-7.3,8
39.2,-7.2,8
39.2,-5,8
39.2,-4.8,7.11111111111111
39.2,-4.7,7.57894736842105
39.2,-4.6,8
39.2,-4.5,8
39.2,-4.4,7.42857142857143
39.2,-4.3,7.69230769230769
39.2,-3.8,8
39.2,-3.7,6.6875
39.2,-3.1,8
39.2,-3,6.85714285714286
39.2,-1.5,6.94117647058824
39.2,-1.4,6.71428571428571
39.2,-1.1,5
39.2,-1,7.7037037037037
39.2,-0.9,7
39.2,-0.5,6.72
39.2,-0.4,7
39.2,-0.3,5.33333333333333
39.2,0.1,8
39.2,0.2,8
39.2,0.3,8.125
39.2,0.4,8
39.2,0.5,8
39.2,1.2,6.93333333333333
39.2,1.5,6.4
39.2,1.6,8
39.2,1.7,6.95652173913043
39.2,1.8,5.6
39.2,2.1,3.55555555555556
39.2,2.2,5.71428571428571
39.2,2.5,8
39.2,2.8,8.1875
39.2,2.9,7.59090909090909
39.2,3,6.4
39.2,8.5,8
39.2,8.6,8
39.2,9.1,7.78947368421053
39.2,9.3,8.0625
39.2,9.4,8
39.2,10.2,8
39.2,10.3,7.9
39.2,12.2,8.1
39.2,12.3,0
39.2,12.4,5.94871794871795
39.2,12.9,7.27272727272727
39.2,13,8
39.2,13.2,2.90909090909091
39.2,14.3,7.27272727272727
39.2,14.4,4
39.2,15.2,8
39.2,15.3,8
39.2,15.4,8
39.2,15.9,7.33333333333333
39.2,19.1,5.90909090909091
39.2,19.2,6.6
39.2,19.4,2.28571428571429
39.2,19.5,0
39.2,19.7,0
39.2,19.8,1.71428571428571
39.2,19.9,1.33333333333333
39.2,20,2
39.2,20.3,2
39.2,20.5,0
39.2,20.6,1.6
39.2,20.8,4.75
39.2,20.9,1.06666666666667
39.2,21,2.81481481481481
39.2,21.1,2.66666666666667
39.2,21.2,4
39.2,21.3,4
39.2,21.5,7
39.2,21.6,4.63157894736842
39.2,22.4,8
39.2,22.5,8
39.2,23,8
39.2,23.1,7.26315789473684
39.2,23.2,6
39.2,23.3,6.75
39.2,24.7,8
39.2,24.8,4.92307692307692
39.2,24.9,8
39.2,25.3,6.3
39.2,25.4,8
39.2,25.6,8
39.2,25.7,5.33333333333333
39.2,25.8,5.95652173913043
39.2,25.9,4.93333333333333
39.2,26,5.38888888888889
39.2,26.1,4.92307692307692
39.2,27.2,5
39.2,27.6,8
39.2,27.7,5.09090909090909
39.2,27.8,4
39.2,28.3,8
39.2,28.7,6.22222222222222
39.2,28.8,8
39.2,29.7,5.71428571428571
39.2,29.8,4
39.2,33.1,0
39.2,33.2,5.81818181818182
39.2,35.7,4.8
39.2,35.8,5
39.2,35.9,0
39.2,36,1.6
39.2,36.7,0
39.2,36.8,4
39.2,36.9,5.6
39.2,37,3.14285714285714
39.2,37.1,0
39.2,43.3,3.83333333333333
39.2,43.4,7
39.2,43.5,5.5
39.3,-11,8
39.3,-10.6,8
39.3,-10.5,4.92307692307692
39.3,-10.4,8
39.3,-9.4,8
39.3,-9.3,7.11111111111111
39.3,-9.2,8
39.3,-9.1,8
39.3,-9,7.6
39.3,-8.9,7.6
39.3,-8.8,8
39.3,-8.7,8
39.3,-8.6,8.25
39.3,-8.5,6.85714285714286
39.3,-8.4,8
39.3,-8.3,7.07692307692308
39.3,-8,8
39.3,-7.9,8.1
39.3,-7.8,8
39.3,-7.7,8
39.3,-7.3,8
39.3,-7.2,8
39.3,-7.1,8
39.3,-7,8
39.3,-6.9,8
39.3,-5,7.11111111111111
39.3,-4.9,8
39.3,-4.7,7.47058823529412
39.3,-4.6,6.46666666666667
39.3,-4.5,7.63636363636364
39.3,-4.4,8
39.3,-4.3,8
39.3,-4.2,6.31578947368421
39.3,-3.8,7.5
39.3,-3.7,7.66666666666667
39.3,-3.5,8
39.3,-3,8.04166666666667
39.3,-2.9,8
39.3,-1.6,8
39.3,-1.5,8
39.3,-0.9,8
39.3,-0.8,8
39.3,-0.7,4.8
39.3,-0.6,4.8
39.3,-0.5,7.34615384615385
39.3,-0.3,5.06666666666667
39.3,0,8
39.3,0.1,6.66666666666667
39.3,1.2,7.46666666666667
39.3,2.2,6.85714285714286
39.3,2.3,6.4
39.3,2.4,6.85714285714286
39.3,2.5,8
39.3,2.6,4
39.3,2.7,5
39.3,2.8,7.55555555555556
39.3,2.9,8
39.3,3,7.37837837837838
39.3,3.1,7.5
39.3,8.3,8
39.3,8.4,6.4
39.3,8.5,8
39.3,9,7.47727272727273
39.3,9.1,8
39.3,9.2,7.18181818181818
39.3,9.3,8
39.3,10.1,8
39.3,10.2,7
39.3,12.2,8
39.3,12.3,7.76666666666667
39.3,12.4,6.22222222222222
39.3,12.8,7
39.3,12.9,7.5
39.3,14.3,6.76923076923077
39.3,15,4
39.3,15.1,7.27272727272727
39.3,15.2,8
39.3,15.6,8
39.3,15.7,4
39.3,15.8,8
39.3,15.9,8
39.3,18.1,5.33333333333333
39.3,18.2,3
39.3,18.3,1.77777777777778
39.3,18.4,1.14285714285714
39.3,18.5,0
39.3,18.6,1
39.3,18.7,1.33333333333333
39.3,18.8,1.6
39.3,18.9,0.888888888888889
39.3,19,4
39.3,19.1,1.77777777777778
39.3,19.2,0
39.3,19.3,2.66666666666667
39.3,19.4,1.41176470588235
39.3,19.5,0
39.3,19.7,1.77777777777778
39.3,19.8,0.888888888888889
39.3,20.3,0.444444444444444
39.3,20.4,2.4
39.3,20.5,3.9
39.3,20.6,1.33333333333333
39.3,20.7,1.88235294117647
39.3,20.8,2.93181818181818
39.3,20.9,6.5625
39.3,21,7.5
39.3,21.1,0.8
39.3,21.2,4.63157894736842
39.3,21.4,6.15384615384615
39.3,21.5,5.47368421052632
39.3,22.3,7.11111111111111
39.3,22.4,5.71428571428571
39.3,22.9,8
39.3,23,7.66666666666667
39.3,23.2,6
39.3,23.3,7.11111111111111
39.3,24.6,8
39.3,24.7,8
39.3,25,2.66666666666667
39.3,25.2,5.71428571428571
39.3,25.3,8.14285714285714
39.3,25.5,5.71428571428571
39.3,25.6,4.83333333333333
39.3,25.7,5
39.3,25.8,1.33333333333333
39.3,25.9,5.17647058823529
39.3,26,1.77777777777778
39.3,27.2,4.21739130434783
39.3,27.5,6.54545454545455
39.3,27.6,8
39.3,28.3,5
39.3,28.6,5.5
39.3,28.7,6.54545454545455
39.3,29.7,4
39.3,33,2.28571428571429
39.3,33.1,0
39.3,35.4,3.875
39.3,35.5,3
39.3,35.6,2.66666666666667
39.3,35.7,5.33333333333333
39.3,36.3,4.57142857142857
39.3,36.4,2.66666666666667
39.3,36.5,3
39.3,36.6,5.71428571428571
39.3,36.7,0
39.3,40.1,0
39.3,43,1.75
39.3,43.1,6.33333333333333
39.3,43.2,5.11111111111111
39.3,43.3,8
39.4,-12.7,8
39.4,-12.6,7.11111111111111
39.4,-12.5,7.2
39.4,-12.4,7.11111111111111
39.4,-12.3,8
39.4,-11,8
39.4,-10.9,6.4
39.4,-10.8,8
39.4,-10.7,7.27272727272727
39.4,-10.6,5.81818181818182
39.4,-8.9,8
39.4,-8.8,7.69230769230769
39.4,-8.7,8
39.4,-8.6,8.38709677419355
39.4,-8.5,8
39.4,-8.4,7.63636363636364
39.4,-8.3,7.53846153846154
39.4,-7.7,8
39.4,-7.6,8
39.4,-7.5,8
39.4,-7.4,8
39.4,-7.2,7.53333333333333
39.4,-6.9,8
39.4,-6.8,7.2
39.4,-6.7,8
39.4,-4.7,8
39.4,-4.6,6.54545454545455
39.4,-4.5,7.61904761904762
39.4,-4.4,7.55555555555556
39.4,-4.3,8
39.4,-4.2,7.15789473684211
39.4,-4.1,7.55555555555556
39.4,-3.8,7.07142857142857
39.4,-3.7,8
39.4,-3.5,8
39.4,-2.9,7.07692307692308
39.4,-1.8,7.11111111111111
39.4,-1.7,7.42857142857143
39.4,-1.6,8
39.4,-0.8,6.69230769230769
39.4,-0.7,7.39130434782609
39.4,-0.6,8
39.4,-0.5,7.69230769230769
39.4,-0.4,7.76923076923077
39.4,-0.3,7.69473684210526
39.4,-0.2,6.22222222222222
39.4,-0.1,6.66666666666667
39.4,0,8
39.4,0.1,8
39.4,1.2,8
39.4,1.3,8
39.4,1.9,8
39.4,2,8
39.4,2.1,7.2
39.4,2.2,8
39.4,2.3,7.11111111111111
39.4,2.4,7.52941176470588
39.4,2.5,7.54545454545455
39.4,2.6,7.31578947368421
39.4,2.7,7.17857142857143
39.4,2.8,7.07407407407407
39.4,2.9,7.6
39.4,3,7.23809523809524
39.4,3.1,7.39024390243902
39.4,3.2,7.15789473684211
39.4,3.3,7.72413793103448
39.4,3.4,0
39.4,8.2,8
39.4,8.3,8
39.4,9,7.84090909090909
39.4,9.1,8
39.4,9.2,8
39.4,10,7.2
39.4,10.1,8
39.4,12.2,8
39.4,12.3,6.97435897435897
39.4,12.8,8
39.4,12.9,8
39.4,13,8
39.4,14.3,6.15384615384615
39.4,14.8,6.66666666666667
39.4,14.9,6.22222222222222
39.4,15,6.4
39.4,15.5,5.6
39.4,15.6,8
39.4,15.7,7.33333333333333
39.4,18.9,7.2
39.4,19,4
39.4,19.2,0
39.4,19.3,3.2
39.4,19.5,0
39.4,19.6,2
39.4,20.2,1.2
39.4,20.3,0.842105263157895
39.4,20.4,0
39.4,20.5,2.79166666666667
39.4,20.6,4.65714285714286
39.4,20.7,7.13333333333333
39.4,21,8
39.4,21.1,5.71428571428571
39.4,21.3,6.58823529411765
39.4,21.4,7.05882352941176
39.4,22.2,5.45454545454545
39.4,22.3,8
39.4,22.7,0
39.4,22.8,6.22222222222222
39.4,22.9,8
39.4,23,8
39.4,23.2,8
39.4,24.5,6.66666666666667
39.4,24.6,5.33333333333333
39.4,24.7,7.27272727272727
39.4,25,1.23076923076923
39.4,25.3,8
39.4,25.4,5.09523809523809
39.4,25.5,5.65625
39.4,25.6,5.57142857142857
39.4,25.8,3.875
39.4,25.9,2.66666666666667
39.4,27.2,4.77272727272727
39.4,27.3,6.4
39.4,27.4,5.09090909090909
39.4,27.5,9
39.4,28.2,6.4
39.4,28.5,7.33333333333333
39.4,28.6,5.18181818181818
39.4,29.6,8
39.4,29.7,8.2
39.4,30.6,4.8
39.4,33,0
39.4,34.9,3.42857142857143
39.4,35,4
39.4,35.1,6
39.4,35.2,4.71428571428571
39.4,35.3,1.33333333333333
39.4,35.4,8
39.4,35.8,8
39.4,35.9,2.28571428571429
39.4,36,6.25
39.4,36.1,4
39.4,36.2,3.2
39.4,36.3,8
39.4,39.6,0
39.4,39.7,0
39.4,42.7,5.66666666666667
39.4,42.8,6
39.4,42.9,8.14285714285714
39.5,-13.1,8
39.5,-13,6.4
39.5,-12.9,4
39.5,-12.8,8
39.5,-12.7,8
39.5,-11.1,5.33333333333333
39.5,-11,4.66666666666667
39.5,-10.9,6.4
39.5,-10.8,6.8
39.5,-8.8,8
39.5,-8.7,6.4
39.5,-8.6,8.30769230769231
39.5,-8.5,7.83333333333333
39.5,-8.4,8
39.5,-8.3,7.69642857142857
39.5,-8.2,7.41666666666667
39.5,-7.4,8
39.5,-7.3,8
39.5,-7.2,7.38461538461539
39.5,-7.1,7.9375
39.5,-6.7,8
39.5,-6.6,8
39.5,-6.5,8
39.5,-6.4,8
39.5,-4.6,7.69230769230769
39.5,-4.4,7.63636363636364
39.5,-4.3,8
39.5,-4.2,8
39.5,-4.1,6.76923076923077
39.5,-4,7
39.5,-3.9,3.5
39.5,-3.8,7.44444444444444
39.5,-3.6,8
39.5,-3.5,7.34782608695652
39.5,-2.9,8
39.5,-2.8,7.11111111111111
39.5,-2,8
39.5,-1.9,7.42857142857143
39.5,-1.8,8
39.5,-0.6,7.23809523809524
39.5,-0.5,7.40045766590389
39.5,-0.4,7.66666666666667
39.5,-0.1,6.66666666666667
39.5,0,6.66666666666667
39.5,0.1,7.55555555555556
39.5,1.2,7.53333333333333
39.5,1.3,7.11111111111111
39.5,1.4,8
39.5,2,8
39.5,2.1,8
39.5,2.4,6.93333333333333
39.5,2.5,7.75
39.5,2.6,7.9
39.5,2.7,7.65771812080537
39.5,2.8,5.71428571428571
39.5,2.9,11
39.5,3.1,7
39.5,3.2,7.26086956521739
39.5,3.3,7.14814814814815
39.5,3.4,7.75
39.5,3.5,8
39.5,8,0
39.5,8.1,8
39.5,8.2,8
39.5,9,7.55555555555556
39.5,9.1,8
39.5,9.9,7.83333333333333
39.5,10,8
39.5,12.1,8
39.5,12.2,7.15
39.5,12.3,8
39.5,13,6.84615384615385
39.5,14.2,7.33333333333333
39.5,14.3,4
39.5,14.6,8
39.5,14.7,6.4
39.5,14.8,8
39.5,15.3,4
39.5,15.4,5
39.5,15.5,4
39.5,15.6,7.11111111111111
39.5,18.8,5.33333333333333
39.5,18.9,6.4
39.5,19.1,8
39.5,19.2,1.84615384615385
39.5,19.3,6
39.5,19.4,6.54545454545455
39.5,19.5,4
39.5,20,2.4
39.5,20.1,5.42105263157895
39.5,20.2,2.07407407407407
39.5,20.3,5.5
39.5,20.4,3.53125
39.5,20.5,6.23076923076923
39.5,20.9,0.5
39.5,21,6.28571428571429
39.5,21.2,7.2
39.5,21.3,6
39.5,22,6
39.5,22.1,4.33333333333333
39.5,22.2,8
39.5,22.6,6.85714285714286
39.5,22.7,8
39.5,24.4,6.15384615384615
39.5,24.7,8.08333333333333
39.5,25.2,6.22222222222222
39.5,25.3,4.8
39.5,25.4,6.8
39.5,25.5,8
39.5,25.7,2
39.5,25.8,4
39.5,27.2,5.12121212121212
39.5,27.3,6.3
39.5,28.2,7.3
39.5,28.5,5.33333333333333
39.5,29.6,5.78571428571429
39.5,30.5,7.33333333333333
39.5,33.9,3
39.5,34,4.7
39.5,34.1,6.36363636363636
39.5,34.2,5.33333333333333
39.5,35.8,2.66666666666667
39.5,39.5,0
39.5,41.5,4
39.5,42.5,0
39.5,42.6,3
39.6,-13.6,8
39.6,-13.5,5.33333333333333
39.6,-13.4,7.11111111111111
39.6,-13.3,8
39.6,-13.2,6.22222222222222
39.6,-11.3,8
39.6,-11.2,6.66666666666667
39.6,-11.1,8
39.6,-10.8,8
39.6,-10.7,7.38461538461539
39.6,-8.6,6.38461538461539
39.6,-8.5,7.91379310344828
39.6,-8.4,7.35294117647059
39.6,-8.3,7.54545454545455
39.6,-8.2,8
39.6,-8.1,7.66666666666667
39.6,-7.7,8
39.6,-7.6,8
39.6,-7.5,7.2
39.6,-7.4,7.11111111111111
39.6,-7.3,8
39.6,-7.2,8
39.6,-7.1,8
39.6,-7,7.2
39.6,-6.4,8
39.6,-6.3,7.54545454545455
39.6,-6.2,8
39.6,-4.6,6.66666666666667
39.6,-4.5,8
39.6,-4.4,7.27272727272727
39.6,-4.3,7.27272727272727
39.6,-4.2,7.23809523809524
39.6,-4.1,7.27272727272727
39.6,-4,6.93333333333333
39.6,-3.9,6.96428571428571
39.6,-3.8,8
39.6,-3.7,8
39.6,-3.6,8
39.6,-3.5,8
39.6,-2.8,8
39.6,-2.7,8
39.6,-1.8,6.22222222222222
39.6,-0.5,7.61904761904762
39.6,-0.4,7.69230769230769
39.6,0.1,7.52941176470588
39.6,0.2,8
39.6,0.3,7.27272727272727
39.6,0.4,5.33333333333333
39.6,0.8,7.2
39.6,0.9,6.66666666666667
39.6,1,7.27272727272727
39.6,1.1,8
39.6,1.2,7.72
39.6,1.3,7.6
39.6,1.4,7.42857142857143
39.6,1.5,7.27272727272727
39.6,1.6,8
39.6,1.7,7.33333333333333
39.6,1.8,7.27272727272727
39.6,1.9,8
39.6,2,8
39.6,2.3,6.70967741935484
39.6,2.4,7.05882352941176
39.6,2.5,8
39.6,2.6,7.05882352941176
39.6,2.7,7.72695035460993
39.6,2.8,7.75221238938053
39.6,2.9,7.35114503816794
39.6,3,3
39.6,3.1,6.5
39.6,3.2,7.9
39.6,3.3,7.65217391304348
39.6,3.4,8.16666666666667
39.6,3.5,8
39.6,3.6,6.91891891891892
39.6,3.7,7.42857142857143
39.6,8,6.66666666666667
39.6,9.1,8
39.6,9.7,8
39.6,9.8,8
39.6,9.9,8
39.6,12.1,8.05555555555556
39.6,12.2,7.46666666666667
39.6,13,5.33333333333333
39.6,13.1,7.27272727272727
39.6,14.2,7.33333333333333
39.6,15.2,4.66666666666667
39.6,15.3,4.8
39.6,15.4,3.78947368421053
39.6,15.5,5.33333333333333
39.6,18.8,6.76923076923077
39.6,19.1,7.6
39.6,19.2,6.4
39.6,19.3,8
39.6,19.8,0
39.6,19.9,0.727272727272727
39.6,20,2.42857142857143
39.6,20.1,1.61538461538462
39.6,20.2,1.83333333333333
39.6,20.3,4.63157894736842
39.6,20.4,4.8
39.6,20.5,5.09090909090909
39.6,20.6,4.44444444444444
39.6,20.7,3.42857142857143
39.6,20.9,5.62162162162162
39.6,21,6.54545454545455
39.6,21.1,5.88235294117647
39.6,21.2,5.81818181818182
39.6,21.6,3.42857142857143
39.6,21.9,6.4
39.6,22,4.57142857142857
39.6,22.1,8
39.6,22.5,7.33333333333333
39.6,22.6,4.8
39.6,23.4,8
39.6,24.6,7.27272727272727
39.6,24.7,7.42857142857143
39.6,25.1,6.45454545454545
39.6,25.2,5.29166666666667
39.6,25.3,5.04761904761905
39.6,25.6,2.28571428571429
39.6,25.7,5.14285714285714
39.6,27,4
39.6,27.1,6.66666666666667
39.6,27.2,5.53846153846154
39.6,27.3,6.45454545454545
39.6,27.4,8
39.6,28.1,7
39.6,28.4,6.45454545454545
39.6,28.5,8
39.6,29.5,5.6
39.6,29.6,8
39.6,30,7.28571428571429
39.6,30.1,8
39.6,30.4,8
39.6,30.5,7.27272727272727
39.6,32.9,0
39.6,33.1,0
39.6,34,3.2
39.6,34.1,6.23529411764706
39.6,34.2,5.71428571428571
39.6,34.3,6.18181818181818
39.6,34.4,6.8
39.6,34.5,7.26086956521739
39.6,34.6,6.8
39.6,34.7,4.95238095238095
39.6,34.8,4.8
39.6,34.9,6.5
39.6,35,5.44444444444444
39.6,35.1,2.18181818181818
39.6,35.2,5.55555555555556
39.6,35.3,4.875
39.6,40.5,8
39.6,43,8
39.6,43.1,4
39.7,-13.9,6.4
39.7,-13.8,5.33333333333333
39.7,-13.7,8
39.7,-13.6,7
39.7,-11.6,5.33333333333333
39.7,-11.5,6.54545454545455
39.7,-11.4,6.66666666666667
39.7,-11.3,8
39.7,-10.7,4
39.7,-10.6,6.85714285714286
39.7,-9.9,8
39.7,-8.6,8.98039215686275
39.7,-8.5,8.07142857142857
39.7,-8.4,7.80357142857143
39.7,-8.3,8.38095238095238
39.7,-8,8
39.7,-7.9,8
39.7,-7.3,8
39.7,-7.2,8
39.7,-7.1,7.40740740740741
39.7,-7,8
39.7,-6.9,8
39.7,-6.8,8.05555555555556
39.7,-6.7,8
39.7,-6.3,8
39.7,-6.2,6.8
39.7,-6.1,7.11111111111111
39.7,-4.5,7.30434782608696
39.7,-4.4,8
39.7,-4.2,8
39.7,-4.1,6
39.7,-4,8
39.7,-3.9,7.23529411764706
39.7,-3.8,6.85714285714286
39.7,-3.6,8
39.7,-3.5,7.48387096774194
39.7,-2.7,8
39.7,-2.6,8
39.7,-1.8,6.22222222222222
39.7,-0.4,6.63414634146341
39.7,-0.3,7.23529411764706
39.7,-0.2,7.23809523809524
39.7,-0.1,5
39.7,0,8
39.7,0.1,5.81818181818182
39.7,0.2,7.11111111111111
39.7,1.2,6.93333333333333
39.7,1.3,7.46666666666667
39.7,1.4,7.46666666666667
39.7,2.1,7.9
39.7,2.2,7.14285714285714
39.7,2.3,6.66666666666667
39.7,2.4,7.2
39.7,2.5,8
39.7,2.6,8
39.7,2.7,7.52941176470588
39.7,2.8,7.16216216216216
39.7,2.9,6.38775510204082
39.7,3,2.58620689655172
39.7,3.1,2.4
39.7,3.2,1.66666666666667
39.7,3.3,2.83870967741935
39.7,3.4,6.8
39.7,3.5,8
39.7,3.6,8.07142857142857
39.7,3.7,6.28571428571429
39.7,3.8,7.27272727272727
39.7,3.9,6.76923076923077
39.7,4,4
39.7,4.2,0
39.7,9.1,7.92857142857143
39.7,9.6,8
39.7,9.7,8
39.7,12.1,7.35294117647059
39.7,12.2,6.85714285714286
39.7,13,3.54545454545455
39.7,13.1,8
39.7,13.2,7
39.7,13.8,6.86666666666667
39.7,15.1,4.36363636363636
39.7,15.2,3.5
39.7,15.3,5.26086956521739
39.7,15.4,4
39.7,15.8,8
39.7,18.7,7.11111111111111
39.7,18.8,4
39.7,18.9,8
39.7,19,6.72
39.7,19.1,4.8
39.7,19.6,1.33333333333333
39.7,19.7,6.51851851851852
39.7,19.8,2.66666666666667
39.7,19.9,3.27272727272727
39.7,20,2.47619047619048
39.7,20.1,2.24
39.7,20.7,6
39.7,20.8,4.64516129032258
39.7,20.9,5.73913043478261
39.7,21,6.04444444444444
39.7,21.1,7
39.7,21.2,8.125
39.7,21.5,6
39.7,21.6,4.8
39.7,21.7,8
39.7,21.8,5.53846153846154
39.7,21.9,6.54545454545455
39.7,22.2,6
39.7,22.3,6.66666666666667
39.7,22.4,8
39.7,22.6,7.27272727272727
39.7,22.7,8
39.7,23.3,8
39.7,23.4,8
39.7,24.5,8
39.7,24.6,6.33333333333333
39.7,24.7,8
39.7,25,4
39.7,25.1,4.86842105263158
39.7,25.2,5.05882352941176
39.7,25.3,0
39.7,25.5,3.2
39.7,25.6,4
39.7,25.7,7.875
39.7,26.9,6
39.7,27,6
39.7,27.3,3.54545454545455
39.7,27.4,6.5
39.7,28.1,5.33333333333333
39.7,28.3,8
39.7,28.4,7.25
39.7,29.5,5.81818181818182
39.7,30,4.66666666666667
39.7,30.4,6.76923076923077
39.7,32.5,8
39.7,32.6,8
39.7,32.7,0
39.7,32.8,0
39.7,33.6,6.66666666666667
39.7,33.7,6.4
39.7,33.8,5.44444444444444
39.7,33.9,4.875
39.7,34,7
39.7,34.8,6.4
39.7,34.9,5.33333333333333
39.7,35,5.81818181818182
39.7,35.1,2.66666666666667
39.7,35.2,5
39.7,35.3,4
39.7,35.4,5.33333333333333
39.7,35.7,5.33333333333333
39.7,35.8,3
39.7,35.9,3.25
39.7,36,4.55555555555556
39.7,36.1,2.4
39.7,36.2,1.14285714285714
39.7,36.3,4
39.7,36.4,3.71428571428571
39.7,42.9,4.57142857142857
39.7,43,7
39.8,-11.7,8
39.8,-11.6,7.11111111111111
39.8,-10.6,2.66666666666667
39.8,-10.5,6
39.8,-9.9,8
39.8,-9.8,8.1
39.8,-8.6,8.03703703703704
39.8,-8.5,7.33333333333333
39.8,-8.4,7.81081081081081
39.8,-8.3,8
39.8,-7.9,8
39.8,-7.8,7.42857142857143
39.8,-7,8
39.8,-6.9,7.95454545454545
39.8,-6.8,8
39.8,-6.7,8.1
39.8,-6.6,8
39.8,-6.5,7.52941176470588
39.8,-6.4,7.55555555555556
39.8,-6.3,8
39.8,-6.2,8
39.8,-6.1,6.75
39.8,-6,7.38461538461539
39.8,-5.9,6.66666666666667
39.8,-4.6,8
39.8,-4.5,7.52941176470588
39.8,-4.4,7.26666666666667
39.8,-4.1,7.38461538461539
39.8,-4,7.02702702702703
39.8,-3.9,7.11111111111111
39.8,-3.8,8
39.8,-3.5,7.61016949152542
39.8,-3.4,8
39.8,-2.6,5.71428571428571
39.8,-1.9,3.23076923076923
39.8,-1.3,8
39.8,-1,5.33333333333333
39.8,-0.9,5.81818181818182
39.8,-0.8,6.4
39.8,-0.7,7.375
39.8,-0.6,6.54545454545455
39.8,-0.5,7.3
39.8,-0.4,6.93333333333333
39.8,-0.3,6.85714285714286
39.8,-0.2,5.33333333333333
39.8,-0.1,5.81818181818182
39.8,0.2,6.46666666666667
39.8,1.2,7.42857142857143
39.8,1.3,8
39.8,1.4,8
39.8,2,7.44827586206897
39.8,2.1,7.08
39.8,2.6,7.2
39.8,2.7,8
39.8,2.8,8
39.8,2.9,7.77142857142857
39.8,3,5.6
39.8,3.1,5.57575757575758
39.8,3.2,6
39.8,3.3,8
39.8,3.4,8
39.8,3.5,7.56756756756757
39.8,3.6,6.54545454545455
39.8,3.7,8
39.8,3.8,6.54545454545455
39.8,3.9,5.09090909090909
39.8,4,5.91304347826087
39.8,4.1,6.72727272727273
39.8,4.2,5.33333333333333
39.8,4.3,5.71428571428571
39.8,9.1,7.38461538461539
39.8,9.5,8
39.8,9.6,8
39.8,12,6.18181818181818
39.8,12.1,8
39.8,13,5.09090909090909
39.8,13.2,8
39.8,13.3,8
39.8,13.9,6.16666666666667
39.8,15,4.44444444444444
39.8,15.1,6.78571428571429
39.8,15.2,5.45454545454545
39.8,15.3,8
39.8,15.8,6.54545454545455
39.8,18.6,8
39.8,18.7,7.11111111111111
39.8,18.9,7.36
39.8,19,0
39.8,19.4,4.57142857142857
39.8,19.5,2.46153846153846
39.8,19.6,5.71428571428571
39.8,19.7,2.66666666666667
39.8,19.8,1.77777777777778
39.8,19.9,2
39.8,20.1,2
39.8,20.6,0
39.8,20.7,5.14285714285714
39.8,20.8,5.71428571428571
39.8,20.9,4.8
39.8,21,8
39.8,21.2,8
39.8,21.3,8
39.8,21.4,6.4
39.8,21.5,7.57894736842105
39.8,21.7,8
39.8,21.8,5.33333333333333
39.8,21.9,6.54545454545455
39.8,22,7.05882352941176
39.8,22.1,7.40740740740741
39.8,22.2,6.22222222222222
39.8,22.3,8
39.8,22.4,6.54545454545455
39.8,22.5,6.66666666666667
39.8,23.3,8
39.8,24.5,6.85714285714286
39.8,24.6,7.38461538461539
39.8,24.7,6
39.8,24.9,6
39.8,25,4.82608695652174
39.8,25.1,5.78571428571429
39.8,25.2,3.33333333333333
39.8,25.4,1.6
39.8,25.5,3.8
39.8,25.6,7.2
39.8,26.8,4
39.8,26.9,6
39.8,27.3,5.41666666666667
39.8,27.4,5.33333333333333
39.8,28,5.71428571428571
39.8,28.1,0
39.8,28.3,8
39.8,29.4,5.33333333333333
39.8,29.5,6.66666666666667
39.8,29.9,7.3
39.8,30,8
39.8,30.3,6
39.8,30.4,6.83333333333333
39.8,32.6,6.33333333333333
39.8,32.7,0
39.8,33.1,8
39.8,33.2,7.2
39.8,33.3,8.22222222222222
39.8,33.4,7.11111111111111
39.8,33.5,6.4
39.8,33.6,8
39.8,36.4,2.66666666666667
39.8,36.5,4.44444444444444
39.8,36.6,4.44444444444444
39.8,36.7,4.57142857142857
39.8,36.8,5.33333333333333
39.8,36.9,7.55555555555556
39.8,37,8
39.8,37.3,8
39.8,37.5,8
39.8,37.6,8
39.8,42.7,3.5
39.8,42.8,6.85714285714286
39.8,42.9,8
39.9,-10.5,5.33333333333333
39.9,-10.4,6.76923076923077
39.9,-9.8,8
39.9,-8.6,8
39.9,-8.5,8.07692307692308
39.9,-8.4,7.92857142857143
39.9,-7.8,6.66666666666667
39.9,-7.7,8
39.9,-6.9,6.5
39.9,-6.8,7.69230769230769
39.9,-6.7,8
39.9,-5.9,7.38461538461539
39.9,-5.8,7.62857142857143
39.9,-5.7,7.42857142857143
39.9,-5.6,6.5
39.9,-5.5,7.27272727272727
39.9,-5.1,8
39.9,-5,8
39.9,-4.9,8
39.9,-4.8,7.11111111111111
39.9,-4.7,8
39.9,-4.6,8
39.9,-4.5,7.54545454545455
39.9,-4.4,7.44444444444444
39.9,-4.3,8
39.9,-4.1,5.33333333333333
39.9,-4,7.5
39.9,-3.9,7.04
39.9,-3.8,7.38461538461539
39.9,-3.5,8
39.9,-3.4,7.83673469387755
39.9,-3.3,7.69230769230769
39.9,-3.2,8
39.9,-2,3.5
39.9,-1.9,6.3
39.9,-1.5,8
39.9,-1.4,8
39.9,-1.3,8
39.9,-0.3,7.13513513513514
39.9,-0.1,0
39.9,0,6.95652173913043
39.9,0.1,5.6
39.9,0.2,8
39.9,0.3,8
39.9,1.2,8
39.9,1.3,8.05263157894737
39.9,1.8,7.66666666666667
39.9,1.9,7.30232558139535
39.9,2,7.1875
39.9,2.6,8
39.9,2.9,8
39.9,3,7.40740740740741
39.9,3.1,8
39.9,3.2,8
39.9,3.3,5
39.9,3.6,7.46666666666667
39.9,3.7,7.23809523809524
39.9,3.8,8
39.9,3.9,4
39.9,4.2,7.2
39.9,4.3,6.95652173913043
39.9,4.4,8
39.9,9.1,8
39.9,9.2,8
39.9,9.3,8
39.9,9.4,7.66666666666667
39.9,9.5,8
39.9,11.9,8
39.9,12,7.51612903225806
39.9,12.1,8.5
39.9,13,5.33333333333333
39.9,13.3,8
39.9,13.4,8
39.9,13.9,6.23076923076923
39.9,14,4
39.9,14.9,4
39.9,15,5.05263157894737
39.9,15.1,5.84210526315789
39.9,15.2,0
39.9,15.7,6
39.9,15.8,8
39.9,18,0
39.9,18.1,0
39.9,18.2,0
39.9,18.6,6.22222222222222
39.9,18.8,6.4
39.9,18.9,8
39.9,19.4,4.57142857142857
39.9,19.5,5.28571428571429
39.9,19.7,0
39.9,20.1,0.5
39.9,20.5,1.45454545454545
39.9,20.6,2.96296296296296
39.9,20.7,7
39.9,20.8,4.88888888888889
39.9,21.3,8
39.9,21.4,4.66666666666667
39.9,21.6,6
39.9,21.7,4.57142857142857
39.9,21.8,8
39.9,21.9,7.23809523809524
39.9,22,7.2
39.9,22.1,8
39.9,22.2,7.27272727272727
39.9,22.3,7.15789473684211
39.9,22.4,8
39.9,23.3,8
39.9,23.8,6.85714285714286
39.9,23.9,5.33333333333333
39.9,24,8
39.9,24.1,6.85714285714286
39.9,24.4,7.1
39.9,24.5,7.53571428571429
39.9,24.6,5.33333333333333
39.9,24.7,5.33333333333333
39.9,24.8,6.85714285714286
39.9,24.9,7
39.9,25,6.08
39.9,25.1,4.44444444444444
39.9,25.2,1.6
39.9,25.3,5.33333333333333
39.9,25.4,4
39.9,25.5,5.81818181818182
39.9,26.7,4.95238095238095
39.9,26.8,6.25
39.9,27.3,7.33333333333333
39.9,27.4,5.90909090909091
39.9,28,6.15384615384615
39.9,29.3,6.66666666666667
39.9,29.4,5.53846153846154
39.9,29.9,7.36363636363636
39.9,30.3,6.76923076923077
39.9,32.3,0
39.9,32.5,0
39.9,32.6,8
39.9,32.7,6.54545454545455
39.9,32.8,8
39.9,32.9,8
39.9,33,8
39.9,33.1,8
39.9,33.4,0
39.9,33.5,4.8
39.9,34.1,6.83333333333333
39.9,34.2,4.375
39.9,34.3,4.44444444444444
39.9,34.4,5.55555555555556
39.9,34.5,3.42857142857143
39.9,34.6,3.55555555555556
39.9,34.7,4.44444444444444
39.9,34.8,3.42857142857143
39.9,34.9,2.28571428571429
39.9,35,2
39.9,35.3,8
39.9,35.4,8
39.9,35.6,8
39.9,36.3,5.33333333333333
39.9,36.4,2
39.9,36.9,8
39.9,37,8
39.9,37.1,6.4375
39.9,37.2,0
39.9,37.8,8
39.9,40.5,0
39.9,42.6,8.125
39.9,42.7,6.66666666666667
40,-10.4,5.33333333333333
40,-10.3,6.75
40,-9.8,7.8
40,-9.7,8
40,-8.5,7.33333333333333
40,-8.4,7.925
40,-7.7,8
40,-7.6,8
40,-7.5,8
40,-6.8,8
40,-6.7,8
40,-5.7,7.93333333333333
40,-5.6,7.34615384615385
40,-5.5,6.66666666666667
40,-5.4,5.09090909090909
40,-5.3,6.66666666666667
40,-4.9,8
40,-4.8,7.5
40,-4.7,8
40,-4.6,7
40,-4.5,5.7
40,-4.4,7.53846153846154
40,-4.3,7.79545454545455
40,-4.2,7.57894736842105
40,-4.1,7.71428571428571
40,-4,7.4375
40,-3.9,6
40,-3.8,6.57777777777778
40,-3.5,7.96428571428571
40,-3.4,8
40,-3.3,8.04166666666667
40,-3.2,8
40,-3.1,8
40,-2,5.83333333333333
40,-1.8,6.4
40,-1.7,7.38461538461539
40,-1.6,8
40,-0.3,6.62857142857143
40,0.1,6.22222222222222
40,0.2,4.44444444444444
40,0.3,8
40,1.3,7.80952380952381
40,1.7,7.5
40,1.8,6.94230769230769
40,2.6,8
40,2.9,4
40,3,7.38461538461539
40,3.1,8
40,3.2,7
40,3.3,8
40,3.4,3.69230769230769
40,3.6,4.8
40,3.7,4.88888888888889
40,3.8,8
40,3.9,1.2
40,4.2,5.81818181818182
40,4.3,8
40,4.4,8
40,4.5,8
40,4.6,8
40,9,8
40,9.1,7.95454545454545
40,9.2,7.2
40,9.3,7.33333333333333
40,9.4,8
40,11.9,8.08333333333333
40,12,7.73684210526316
40,13,8
40,13.4,8
40,14,6.85714285714286
40,14.9,3.73333333333333
40,15,4.66666666666667
40,15.1,6
40,15.7,7.5
40,18,0
40,18.1,0
40,18.2,0
40,18.3,0
40,18.8,8
40,19.3,0.571428571428571
40,19.4,4.44444444444444
40,20.1,2.28571428571429
40,20.3,1.33333333333333
40,20.4,0.8
40,20.5,5.33333333333333
40,20.6,4
40,20.7,5.83783783783784
40,20.8,8
40,21.1,0
40,21.2,0
40,21.3,6.28571428571429
40,21.5,6.4
40,21.6,6.4
40,21.7,5.56521739130435
40,21.8,7.46666666666667
40,21.9,8
40,22,8
40,22.1,8
40,22.4,0
40,22.5,8
40,22.6,7.3
40,22.7,8
40,23.3,8
40,23.7,8
40,23.8,6.76923076923077
40,23.9,8
40,24,6.76923076923077
40,24.3,8
40,24.4,7.5
40,24.5,8
40,24.6,6.64
40,24.7,8
40,24.8,8
40,24.9,7
40,25,7.68181818181818
40,25.1,7.63636363636364
40,25.3,8
40,25.4,6.6
40,26.5,5.66666666666667
40,26.6,5.08
40,26.7,8
40,27.3,5.41666666666667
40,27.4,4
40,27.5,6.85714285714286
40,27.9,4.33333333333333
40,29.2,5.125
40,29.3,5.32432432432432
40,29.8,8
40,29.9,5
40,30.2,7
40,30.3,8.42857142857143
40,32.5,8
40,32.6,8
40,32.7,8
40,32.8,4
40,34.2,5.33333333333333
40,34.3,0
40,34.4,3.55555555555556
40,34.5,5
40,34.6,4
40,34.7,7
40,34.8,5
40,34.9,3.42857142857143
40,35,5.78571428571429
40,35.1,6.27777777777778
40,35.2,4.30769230769231
40,35.3,1.33333333333333
40,37.7,8
40,38.6,0
40,40.3,8
40,40.4,0
40,40.5,4
40,40.6,5.71428571428571
40,40.7,7.625
40,40.8,8
40,40.9,7.77777777777778
40,41,6.83333333333333
40,41.1,7.625
40,41.2,7.44444444444444
40,41.3,7.88888888888889
40,41.4,6.22222222222222
40,41.5,7.75
40,42.4,8
40,42.5,7.2
40,42.6,8
40.1,-14.6,8
40.1,-14.5,8
40.1,-14.4,8
40.1,-14.3,8
40.1,-10.3,6
40.1,-10.2,7.33333333333333
40.1,-9.7,7.27272727272727
40.1,-8.6,8
40.1,-8.5,8
40.1,-8.4,8
40.1,-7.5,8
40.1,-7.4,8
40.1,-6.8,8
40.1,-6.7,7.7037037037037
40.1,-6.6,8
40.1,-5.5,6.11764705882353
40.1,-5.4,7
40.1,-5.3,3.2
40.1,-5.2,4
40.1,-5.1,5
40.1,-4.6,8
40.1,-4.5,3.24050632911392
40.1,-4.4,3.69387755102041
40.1,-4.3,7.58333333333333
40.1,-4.2,7.8125
40.1,-4.1,7
40.1,-4,8
40.1,-3.9,7.71428571428571
40.1,-3.8,7.86885245901639
40.1,-3.7,7.63414634146341
40.1,-3.6,8
40.1,-3.5,8.07142857142857
40.1,-3.4,7.70967741935484
40.1,-3.2,7.74193548387097
40.1,-3.1,8
40.1,-3,7.27272727272727
40.1,-2.4,6.4
40.1,-2.3,8
40.1,-2.2,6.4
40.1,-2.1,7.26666666666667
40.1,-2,5.90909090909091
40.1,-1.9,6.54545454545455
40.1,-1.8,7
40.1,-0.3,7.27272727272727
40.1,-0.2,6.33333333333333
40.1,0.3,6.27272727272727
40.1,0.4,8
40.1,1.3,7.82926829268293
40.1,1.7,7.67391304347826
40.1,1.8,8
40.1,1.9,8
40.1,2.9,6.85714285714286
40.1,3,8
40.1,3.1,8
40.1,3.2,7.72413793103448
40.1,3.4,6.15384615384615
40.1,3.7,8
40.1,3.8,7
40.1,3.9,1.33333333333333
40.1,4.3,8
40.1,4.4,7.38461538461539
40.1,4.6,8
40.1,4.7,8
40.1,4.8,8
40.1,5.1,8
40.1,5.2,8
40.1,5.3,8
40.1,5.6,8.1
40.1,5.7,8
40.1,5.8,8
40.1,8.9,8
40.1,9,8
40.1,9.1,7.52941176470588
40.1,9.2,8
40.1,9.3,8
40.1,10.1,9
40.1,10.2,9
40.1,10.3,9
40.1,10.4,8.8
40.1,10.5,8.63636363636364
40.1,10.6,8.9
40.1,10.7,6.875
40.1,10.8,6.5
40.1,10.9,4
40.1,11.9,7.22222222222222
40.1,12,6.4
40.1,13,8
40.1,13.5,7.38461538461539
40.1,14,6.22222222222222
40.1,14.1,6.54545454545455
40.1,14.9,6.4
40.1,15,3.125
40.1,15.7,7.27272727272727
40.1,18,0
40.1,19.1,0
40.1,19.2,4
40.1,19.3,0
40.1,20.1,1
40.1,20.2,0.888888888888889
40.1,20.3,0
40.1,20.4,1.41176470588235
40.1,20.5,3.11111111111111
40.1,20.6,6.85714285714286
40.1,20.7,8
40.1,20.9,6.4
40.1,21.2,5.71428571428571
40.1,21.3,2
40.1,21.4,5.33333333333333
40.1,21.5,7.52941176470588
40.1,21.6,7.03030303030303
40.1,21.7,8
40.1,21.8,8
40.1,21.9,8
40.1,22.7,8
40.1,22.8,8
40.1,22.9,8
40.1,23,8
40.1,23.2,8
40.1,23.3,8
40.1,23.6,8
40.1,23.7,7.42857142857143
40.1,23.8,5.33333333333333
40.1,23.9,7.27272727272727
40.1,24.3,7.61904761904762
40.1,24.4,6.66666666666667
40.1,24.5,7.41666666666667
40.1,24.6,7.27272727272727
40.1,24.7,5.33333333333333
40.1,24.9,6.125
40.1,25,8
40.1,25.1,7
40.1,25.2,8
40.1,25.3,8
40.1,26.4,7.27272727272727
40.1,26.5,6.14285714285714
40.1,27.3,8
40.1,27.4,4
40.1,27.5,5.09090909090909
40.1,27.9,5.81818181818182
40.1,29.1,6.75
40.1,29.2,6.33333333333333
40.1,29.3,8
40.1,29.8,6.66666666666667
40.1,30.1,8
40.1,30.2,5.52173913043478
40.1,32.2,8
40.1,32.3,6.4
40.1,32.4,8
40.1,32.5,6.93333333333333
40.1,32.6,4.41666666666667
40.1,32.7,6.25
40.1,32.8,3.42857142857143
40.1,32.9,3.8125
40.1,33,8
40.1,33.9,3.2
40.1,34,5.33333333333333
40.1,34.1,4.57142857142857
40.1,34.2,6.66666666666667
40.1,34.4,0
40.1,34.5,4.6
40.1,34.6,5.72727272727273
40.1,34.7,5.6
40.1,34.8,6.4
40.1,34.9,5.90909090909091
40.1,35,4.8
40.1,37.4,8
40.1,37.5,7.33333333333333
40.1,37.6,8.2
40.1,38.5,0
40.1,40.6,8
40.1,40.7,8
40.1,40.8,8
40.1,41.5,8
40.1,41.6,5.57142857142857
40.1,41.7,4
40.1,41.8,0
40.1,42.2,5.71428571428571
40.1,42.3,7
40.1,42.4,5.33333333333333
40.1,43.8,3.08108108108108
40.1,43.9,2.93333333333333
40.1,44,2.81081081081081
40.1,44.1,2.8780487804878
40.1,44.2,3.17777777777778
40.1,44.3,2.37837837837838
40.1,44.4,7.89808917197452
40.2,-14.1,4
40.2,-14,4.88888888888889
40.2,-13.9,6.66666666666667
40.2,-13.8,4.88888888888889
40.2,-13.7,6.58823529411765
40.2,-13.6,6
40.2,-10.2,8
40.2,-10.1,7.38461538461539
40.2,-9.7,8
40.2,-9.6,6
40.2,-8.6,8
40.2,-8.4,7.72413793103448
40.2,-7.4,8
40.2,-7.3,8
40.2,-6.7,8
40.2,-6.6,8
40.2,-6.5,8
40.2,-5.4,8
40.2,-5.3,6.5
40.2,-5.2,6.11764705882353
40.2,-5.1,0
40.2,-5,1.33333333333333
40.2,-4.9,5.6
40.2,-4.6,8
40.2,-4.5,8.1
40.2,-4.4,1.18181818181818
40.2,-4.3,7.0625
40.2,-4.2,7.63636363636364
40.2,-4.1,7.27272727272727
40.2,-4,8
40.2,-3.9,8
40.2,-3.8,7.75675675675676
40.2,-3.7,7.5
40.2,-3.6,7.24489795918367
40.2,-3.5,7.65753424657534
40.2,-3.4,7.71764705882353
40.2,-3.3,7.11111111111111
40.2,-3.2,8
40.2,-3.1,8
40.2,-3,6.5
40.2,-2.9,6.4
40.2,-2.8,7
40.2,-2.7,5.53846153846154
40.2,-2.6,5.33333333333333
40.2,-2.5,6.54545454545455
40.2,-2.4,7.41666666666667
40.2,-2.3,3.5
40.2,-2.1,6.46153846153846
40.2,-0.2,6.60869565217391
40.2,0.3,4.57142857142857
40.2,0.4,6.4
40.2,0.5,7.27272727272727
40.2,0.6,8
40.2,1.3,7.80952380952381
40.2,1.6,7.6
40.2,1.7,7.02380952380952
40.2,1.8,7.11111111111111
40.2,2.9,7.33333333333333
40.2,3.1,8
40.2,3.2,6.95652173913043
40.2,3.4,6.28571428571429
40.2,3.7,8
40.2,3.8,6.54545454545455
40.2,3.9,4.14814814814815
40.2,4,8
40.2,4.3,4.12903225806452
40.2,4.4,8
40.2,4.8,8
40.2,4.9,8
40.2,5,8
40.2,5.3,8
40.2,5.4,7.27272727272727
40.2,5.5,6.4
40.2,5.6,6
40.2,5.8,6.85714285714286
40.2,5.9,8.05555555555556
40.2,6,8
40.2,6.1,7.58823529411765
40.2,6.2,8
40.2,8.9,8
40.2,9,8
40.2,9.1,8
40.2,9.2,7.27272727272727
40.2,10.1,8.83333333333333
40.2,10.2,9
40.2,10.3,9
40.2,10.4,9
40.2,10.5,9
40.2,10.6,8.5
40.2,11.8,5.33333333333333
40.2,11.9,6.54545454545455
40.2,13,7.33333333333333
40.2,13.5,8.33333333333333
40.2,13.6,6.875
40.2,14.1,5.89473684210526
40.2,14.9,3.55555555555556
40.2,15.7,5.91666666666667
40.2,18,9
40.2,18.1,6.19672131147541
40.2,19,2
40.2,19.1,1.77777777777778
40.2,20.1,2.66666666666667
40.2,20.3,1.77777777777778
40.2,20.4,2.85714285714286
40.2,20.5,7.11111111111111
40.2,20.6,8
40.2,20.8,5.71428571428571
40.2,20.9,5.71428571428571
40.2,21.1,5.09090909090909
40.2,21.2,8
40.2,21.3,5.33333333333333
40.2,21.4,6.5
40.2,21.5,7.07692307692308
40.2,21.6,6.66666666666667
40.2,21.7,8
40.2,23.1,7.11111111111111
40.2,23.2,8
40.2,23.3,8
40.2,23.5,4.8
40.2,23.6,6.66666666666667
40.2,23.7,5.6
40.2,23.8,4
40.2,24,8
40.2,24.2,8
40.2,24.3,7.42857142857143
40.2,24.4,8
40.2,24.5,6.82352941176471
40.2,24.6,6.93333333333333
40.2,24.8,6.4
40.2,24.9,8
40.2,25,8
40.2,25.1,8
40.2,25.2,8
40.2,26.3,7.04761904761905
40.2,26.4,5.71428571428571
40.2,27.5,7.36363636363636
40.2,27.8,5.53846153846154
40.2,28,4.57142857142857
40.2,29,6.66666666666667
40.2,29.1,6.54054054054054
40.2,29.2,4
40.2,29.8,6.75
40.2,29.9,8
40.2,30.1,6.44
40.2,31.3,8
40.2,31.4,6.36842105263158
40.2,31.5,5.9
40.2,31.6,6.8
40.2,31.7,5.42105263157895
40.2,31.8,5.5625
40.2,31.9,8
40.2,32,7.38461538461539
40.2,32.1,6
40.2,32.2,6.47368421052632
40.2,32.3,7.33333333333333
40.2,32.4,6.08333333333333
40.2,32.9,8
40.2,33,4.76470588235294
40.2,33.1,4
40.2,33.9,6.625
40.2,34,7.11111111111111
40.2,34.1,6
40.2,34.2,5.33333333333333
40.2,34.3,4
40.2,34.4,3.55555555555556
40.2,37.3,8
40.2,37.4,9
40.2,38.4,0
40.2,40.2,8
40.2,40.4,8
40.2,40.5,8
40.2,41.9,8
40.2,42,8
40.2,42.1,6.125
40.2,42.3,8
40.2,42.4,0
40.2,43.7,4.5
40.2,43.8,3.55555555555556
40.2,44.4,8
40.3,-13.6,8
40.3,-13.5,7.11111111111111
40.3,-13.4,4.44444444444444
40.3,-13.3,8
40.3,-13.2,8
40.3,-13.1,8
40.3,-13,6
40.3,-10.1,8
40.3,-10,6
40.3,-9.6,8
40.3,-8.4,7.46666666666667
40.3,-7.3,8
40.3,-7.2,7.14285714285714
40.3,-7.1,8
40.3,-6.6,8
40.3,-6.5,7.65217391304348
40.3,-5.2,7.5
40.3,-5.1,6.17142857142857
40.3,-5,8
40.3,-4.8,6.15384615384615
40.3,-4.7,4.27272727272727
40.3,-4.6,8
40.3,-4.2,7.82608695652174
40.3,-4.1,7.18181818181818
40.3,-4,3.78571428571429
40.3,-3.9,4.58928571428571
40.3,-3.8,7.56666666666667
40.3,-3.7,8
40.3,-3.6,7.55555555555556
40.3,-3.5,8
40.3,-3.4,7.79220779220779
40.3,-3.3,7.73770491803279
40.3,-3.2,7.43859649122807
40.3,-3.1,7.63636363636364
40.3,-3,7.75757575757576
40.3,-2.9,8
40.3,-2.8,8
40.3,-2.7,6
40.3,-2.3,6.125
40.3,-2.2,5.4
40.3,-2.1,6.63157894736842
40.3,-2,7
40.3,-0.2,5.56521739130435
40.3,0.3,4.8
40.3,0.4,6
40.3,0.5,8
40.3,0.6,6.62068965517241
40.3,0.7,6
40.3,1.3,7.41463414634146
40.3,1.6,8
40.3,1.7,8
40.3,1.8,8
40.3,2.8,7.11111111111111
40.3,2.9,6
40.3,3.1,8
40.3,3.2,7.66666666666667
40.3,3.4,8
40.3,3.8,7.38461538461539
40.3,3.9,6.2
40.3,4,8
40.3,4.1,8
40.3,4.3,6.66666666666667
40.3,4.4,8
40.3,4.5,8
40.3,5,8
40.3,5.1,6.85714285714286
40.3,5.6,8
40.3,5.7,5.81818181818182
40.3,5.8,7.5
40.3,5.9,3.42857142857143
40.3,6.1,8
40.3,6.2,8
40.3,6.3,7.57894736842105
40.3,6.4,8.08333333333333
40.3,6.5,8
40.3,6.6,8
40.3,8.8,8.11111111111111
40.3,8.9,8
40.3,9,8
40.3,9.2,8
40.3,11.8,8.08333333333333
40.3,13,8
40.3,13.6,8
40.3,13.7,6.71428571428571
40.3,14.1,5.57142857142857
40.3,14.2,6.66666666666667
40.3,14.7,0
40.3,14.8,7
40.3,15.7,7.27272727272727
40.3,16.2,4
40.3,16.3,8
40.3,18,9
40.3,18.1,4.46428571428571
40.3,18.6,1.33333333333333
40.3,18.8,2
40.3,18.9,2.43478260869565
40.3,19,0.727272727272727
40.3,20.2,3
40.3,20.3,1.84615384615385
40.3,20.4,3.86206896551724
40.3,20.5,6.4
40.3,20.7,5.33333333333333
40.3,20.8,6.54545454545455
40.3,21,5.71428571428571
40.3,21.1,7.2
40.3,21.2,6.17142857142857
40.3,21.3,6.85714285714286
40.3,21.4,8
40.3,21.5,8
40.3,23.1,8
40.3,23.2,8
40.3,23.4,8
40.3,23.5,7.11111111111111
40.3,23.6,6.76923076923077
40.3,23.7,6.4
40.3,23.8,8
40.3,23.9,8
40.3,24,8
40.3,24.1,8
40.3,24.2,7.46666666666667
40.3,24.3,8
40.3,24.4,8
40.3,24.5,7.88888888888889
40.3,24.6,8
40.3,24.7,6.66666666666667
40.3,24.8,8
40.3,24.9,8
40.3,25,7.42857142857143
40.3,25.1,7.33333333333333
40.3,26.1,8.0625
40.3,26.2,7.7037037037037
40.3,26.3,2.66666666666667
40.3,27.3,7.27272727272727
40.3,27.5,6.25
40.3,27.6,4.875
40.3,27.8,8
40.3,27.9,5.05263157894737
40.3,29,5.77777777777778
40.3,29.1,3.4
40.3,29.8,6.47619047619048
40.3,29.9,8
40.3,30,8.1
40.3,30.1,6.66666666666667
40.3,30.8,6.11111111111111
40.3,30.9,8
40.3,31,6.66666666666667
40.3,31.1,6.90909090909091
40.3,31.2,4.88888888888889
40.3,31.3,6
40.3,31.4,5.57142857142857
40.3,31.5,6.93333333333333
40.3,31.6,7.53333333333333
40.3,31.7,6.22222222222222
40.3,31.8,5.875
40.3,31.9,4.5
40.3,32,6
40.3,32.5,6
40.3,33.1,8
40.3,33.2,4.88888888888889
40.3,33.3,6
40.3,33.4,5.42857142857143
40.3,33.8,4.11111111111111
40.3,33.9,4.33333333333333
40.3,38.1,1.4
40.3,38.2,1.83333333333333
40.3,38.3,0
40.3,40,8
40.3,40.1,8
40.3,41.6,8
40.3,41.7,4
40.3,41.8,5.71428571428571
40.3,41.9,5
40.3,42.2,5.71428571428571
40.3,42.3,5.21428571428571
40.3,42.4,5.27777777777778
40.3,43.7,3.2
40.4,-12.9,7.11111111111111
40.4,-12.8,6.22222222222222
40.4,-12.7,5.71428571428571
40.4,-9.6,8
40.4,-9.5,0
40.4,-8.4,6.54545454545455
40.4,-7.2,6.66666666666667
40.4,-7.1,7.38461538461539
40.4,-7,7.27272727272727
40.4,-6.5,8
40.4,-6.4,8
40.4,-5,7.34782608695652
40.4,-4.9,6.09523809523809
40.4,-4.8,8
40.4,-4.7,8
40.4,-4.6,6.66666666666667
40.4,-4.5,6.66666666666667
40.4,-4.4,8
40.4,-4.3,5.33333333333333
40.4,-4.2,5.05263157894737
40.4,-4.1,7.57446808510638
40.4,-4,6.06896551724138
40.4,-3.9,7.5
40.4,-3.8,5.5958904109589
40.4,-3.7,6.30555555555556
40.4,-3.6,8
40.4,-3.5,7.90697674418605
40.4,-3.4,8
40.4,-3.3,7.61904761904762
40.4,-3.2,6.4
40.4,-3.1,6.54545454545455
40.4,-3,8
40.4,-2.9,7.78378378378378
40.4,-2.8,8
40.4,-2.7,7.61904761904762
40.4,-2.6,8
40.4,-2.5,8
40.4,-2.4,8
40.4,-2.3,8
40.4,-2.2,7.15789473684211
40.4,-2,7
40.4,-1.9,6.36363636363636
40.4,-1.8,6.36363636363636
40.4,-1.7,7.2
40.4,-1.6,8
40.4,-0.2,6.4
40.4,-0.1,5
40.4,0,8
40.4,0.4,6.54545454545455
40.4,0.7,4.8
40.4,0.8,6.89655172413793
40.4,0.9,4
40.4,1.2,8
40.4,1.3,7.53333333333333
40.4,1.4,8
40.4,1.5,8
40.4,1.6,7.5
40.4,1.7,7.2
40.4,1.8,8
40.4,2.7,8
40.4,2.8,8
40.4,3.1,6.93333333333333
40.4,3.2,8
40.4,3.4,7.38461538461539
40.4,3.9,7.25
40.4,4,7.61904761904762
40.4,4.1,8
40.4,4.3,6.60869565217391
40.4,4.4,6.4
40.4,4.5,8
40.4,5.1,8.2
40.4,5.2,8
40.4,5.3,8
40.4,5.9,6.33333333333333
40.4,6,5.09090909090909
40.4,6.1,5.81818181818182
40.4,6.2,8
40.4,6.4,7.88888888888889
40.4,6.5,8.25
40.4,6.7,8
40.4,6.8,8.11111111111111
40.4,6.9,8
40.4,7,7.11111111111111
40.4,7.1,7.875
40.4,7.2,8
40.4,8.7,8
40.4,8.8,8
40.4,8.9,8
40.4,9,8
40.4,11.8,7.42857142857143
40.4,12.9,6.4
40.4,13,8
40.4,13.7,8
40.4,13.8,8
40.4,14.1,7.91666666666667
40.4,14.2,5.09090909090909
40.4,14.3,0
40.4,14.6,8
40.4,14.7,0
40.4,15.7,8
40.4,16,8
40.4,16.1,7.375
40.4,16.2,4.8
40.4,17,5.33333333333333
40.4,17.1,8
40.4,17.4,5.71428571428571
40.4,17.5,6.33333333333333
40.4,18.5,1.77777777777778
40.4,18.6,4
40.4,18.7,0.571428571428571
40.4,18.8,0.695652173913043
40.4,20.1,2
40.4,20.2,5.33333333333333
40.4,20.3,3
40.4,20.4,2.28571428571429
40.4,20.7,4.92307692307692
40.4,20.9,6
40.4,21,6.31578947368421
40.4,21.1,6.5
40.4,21.2,7.11111111111111
40.4,23.1,8.08333333333333
40.4,23.3,7.2
40.4,23.4,5.33333333333333
40.4,23.5,6.28571428571429
40.4,23.6,8
40.4,23.7,7
40.4,23.8,8
40.4,24.1,7.66666666666667
40.4,24.2,6.90909090909091
40.4,24.3,5.56521739130435
40.4,24.4,8
40.4,24.5,8
40.4,24.6,5.14285714285714
40.4,24.7,8
40.4,24.9,8
40.4,25,7.92307692307692
40.4,26,7.3030303030303
40.4,26.1,7.57894736842105
40.4,27.3,4.57142857142857
40.4,27.6,5.71428571428571
40.4,27.7,6.85714285714286
40.4,27.8,6.0625
40.4,27.9,8
40.4,29,6.91891891891892
40.4,29.8,5.8
40.4,30,6.65625
40.4,30.7,7.0625
40.4,30.8,4
40.4,30.9,8
40.4,31,6.5
40.4,31.1,5.76190476190476
40.4,31.2,5.69565217391304
40.4,31.3,5.17647058823529
40.4,31.4,7.18181818181818
40.4,31.7,8
40.4,31.8,6.66666666666667
40.4,31.9,4.88888888888889
40.4,32,6.5
40.4,33.4,3
40.4,33.5,5.33333333333333
40.4,33.6,5.28571428571429
40.4,33.7,5.5
40.4,37.8,4.57142857142857
40.4,38,5.5
40.4,39.8,4
40.4,39.9,8
40.4,41.5,4.8
40.4,41.6,5.75
40.4,42.4,0
40.4,42.5,5.66666666666667
40.4,42.6,5.91304347826087
40.4,42.7,4.36363636363636
40.4,42.8,4.8
40.5,-9.5,8
40.5,-8.5,8.33333333333333
40.5,-8.4,6.4
40.5,-7.2,7.33333333333333
40.5,-7,8
40.5,-6.9,7.2
40.5,-6.4,8
40.5,-6.3,8
40.5,-4.8,7.15789473684211
40.5,-4.7,6.36
40.5,-4.6,8
40.5,-4.5,5.5
40.5,-4.4,6.13157894736842
40.5,-4.3,4.14814814814815
40.5,-4.2,8
40.5,-4.1,6.92
40.5,-4,6.35
40.5,-3.9,7.42857142857143
40.5,-3.8,7.46666666666667
40.5,-3.6,7.86986301369863
40.5,-3.5,8.40816326530612
40.5,-3.4,6.3030303030303
40.5,-3.3,7.42857142857143
40.5,-3,3.76470588235294
40.5,-2.9,6.85714285714286
40.5,-2.8,7.36
40.5,-2.7,8
40.5,-2.6,8
40.5,-2.5,6
40.5,-2.4,8
40.5,-2.3,6.76923076923077
40.5,-2.2,8
40.5,-2.1,8
40.5,-2,7.33333333333333
40.5,-1.9,8
40.5,-1.6,7
40.5,-1.5,8
40.5,-1.4,7.27272727272727
40.5,-1.3,7
40.5,-0.1,7.46666666666667
40.5,0,6.15384615384615
40.5,0.4,6.93333333333333
40.5,0.9,6.8
40.5,1,6
40.5,1.2,8
40.5,1.3,7.5
40.5,1.5,7.38461538461539
40.5,1.6,7.42857142857143
40.5,1.7,7.5
40.5,1.8,8
40.5,2.7,7.2
40.5,3.1,8
40.5,3.2,8
40.5,3.3,7.65217391304348
40.5,3.4,7.5
40.5,3.9,7
40.5,4,8
40.5,4.1,8
40.5,4.2,8
40.5,4.3,8
40.5,4.4,8
40.5,4.5,7.46666666666667
40.5,5.8,5.71428571428571
40.5,5.9,8
40.5,6.2,8
40.5,6.3,8
40.5,6.4,7.2
40.5,6.5,5.33333333333333
40.5,6.6,8
40.5,6.7,7
40.5,7.1,8
40.5,7.2,6.85714285714286
40.5,7.3,8
40.5,7.4,8
40.5,7.5,8
40.5,8.7,8.07692307692308
40.5,8.9,8.03030303030303
40.5,9,8
40.5,11.7,7.27272727272727
40.5,11.8,8
40.5,12.8,8
40.5,12.9,8
40.5,13,7.11111111111111
40.5,14.1,7.25
40.5,14.4,6.83333333333333
40.5,14.5,4
40.5,14.6,0
40.5,14.7,3.8
40.5,15.6,6
40.5,15.7,6.4
40.5,15.8,7.22222222222222
40.5,15.9,5.875
40.5,16.5,8
40.5,16.6,6.125
40.5,16.7,8
40.5,16.8,8
40.5,16.9,5.71428571428571
40.5,17,5.33333333333333
40.5,17.1,4.44444444444444
40.5,17.2,7
40.5,17.3,5
40.5,18.4,0
40.5,18.5,1.68421052631579
40.5,18.6,2.10526315789474
40.5,18.7,5.33333333333333
40.5,20,2
40.5,20.1,1.14285714285714
40.5,20.2,3.1304347826087
40.5,20.3,4
40.5,20.4,0
40.5,20.6,7.2
40.5,20.7,8
40.5,20.8,8
40.5,20.9,6
40.5,21,6.47619047619048
40.5,21.7,8
40.5,21.8,5.33333333333333
40.5,22.9,8
40.5,23,8
40.5,23.1,8
40.5,23.2,7.33333333333333
40.5,23.3,7.11111111111111
40.5,23.4,8
40.5,23.6,8
40.5,23.7,6.66666666666667
40.5,24,8
40.5,24.1,7.60975609756098
40.5,24.2,6.85714285714286
40.5,24.3,7.65217391304348
40.5,24.4,8
40.5,24.5,6.51851851851852
40.5,24.6,6.85714285714286
40.5,24.7,8
40.5,24.8,9
40.5,24.9,7.11111111111111
40.5,25.8,8
40.5,25.9,6.66666666666667
40.5,26,8
40.5,27,2.90909090909091
40.5,27.2,1.66666666666667
40.5,27.3,4.57142857142857
40.5,27.7,5.26666666666667
40.5,27.8,5.81481481481481
40.5,28.9,5.81818181818182
40.5,29,5.17647058823529
40.5,29.7,6.15384615384615
40.5,29.9,6.64705882352941
40.5,30,6.76923076923077
40.5,30.6,5.89473684210526
40.5,30.7,4.8
40.5,30.8,6.83333333333333
40.5,30.9,5.5
40.5,31,4.8
40.5,31.1,5.83333333333333
40.5,31.2,6.17647058823529
40.5,31.3,5.83333333333333
40.5,31.4,5.33333333333333
40.5,31.5,6
40.5,31.6,5.875
40.5,31.7,6.85714285714286
40.5,33.7,7
40.5,33.8,5.41666666666667
40.5,33.9,5.3
40.5,34,4.83333333333333
40.5,37.4,7.38461538461539
40.5,37.5,7
40.5,37.6,7.06060606060606
40.5,37.7,6.66666666666667
40.5,42.8,6
40.5,42.9,5.33333333333333
40.5,43,6
40.5,43.1,8
40.6,-9.5,7.92857142857143
40.6,-8.5,8
40.6,-7.2,8
40.6,-6.9,7.5
40.6,-6.8,8
40.6,-6.6,8
40.6,-6.5,8
40.6,-6.4,8
40.6,-6.3,7.42857142857143
40.6,-4.9,8
40.6,-4.8,8
40.6,-4.7,3
40.6,-4.6,4.8
40.6,-4.5,4.30769230769231
40.6,-4.4,8
40.6,-4.3,8
40.6,-4.2,4.28571428571429
40.6,-4.1,6.33333333333333
40.6,-4,7.7037037037037
40.6,-3.9,7.75862068965517
40.6,-3.8,7.27272727272727
40.6,-3.7,7.6734693877551
40.6,-3.6,7.97709923664122
40.6,-3.5,7.92156862745098
40.6,-3.4,5.62162162162162
40.6,-3.3,7.46666666666667
40.6,-3.2,5.09090909090909
40.6,-3.1,8
40.6,-2.9,4.44444444444444
40.6,-2.8,6.85714285714286
40.6,-2.7,4.8
40.6,-2.6,8
40.6,-2.5,4
40.6,-2.3,4.66666666666667
40.6,-1.9,6.4
40.6,-1.8,7.2
40.6,-1.7,7.11111111111111
40.6,-1.6,5.71428571428571
40.6,-1.3,5.33333333333333
40.6,-1.2,8
40.6,-1.1,8
40.6,-1,8
40.6,-0.1,8
40.6,0,7.38461538461539
40.6,0.4,6.4
40.6,0.5,7.88888888888889
40.6,1,6.66666666666667
40.6,1.1,7.30434782608696
40.6,1.2,8
40.6,1.3,8
40.6,1.6,7.42857142857143
40.6,1.7,8
40.6,1.8,7.46666666666667
40.6,2.7,8
40.6,3.1,8
40.6,3.3,8
40.6,3.4,8
40.6,3.5,8
40.6,4,8
40.6,4.1,8
40.6,4.2,8
40.6,4.3,8
40.6,4.4,8
40.6,4.5,6.66666666666667
40.6,4.6,7
40.6,5.8,7.33333333333333
40.6,6.3,6.4
40.6,6.4,8
40.6,6.5,6.85714285714286
40.6,6.6,8
40.6,6.7,8
40.6,6.8,7.61904761904762
40.6,6.9,8
40.6,7,8
40.6,7.1,8
40.6,8,8.14285714285714
40.6,8.1,8
40.6,8.2,8
40.6,8.4,8
40.6,8.5,8
40.6,8.6,8
40.6,8.7,8.3
40.6,8.8,7.74358974358974
40.6,8.9,8
40.6,9,7.2
40.6,9.1,7.2
40.6,9.2,7.36363636363636
40.6,9.3,6.4
40.6,9.4,7.2
40.6,9.5,8
40.6,9.6,8
40.6,9.7,8.125
40.6,11.5,8
40.6,11.7,8
40.6,12.8,7.27272727272727
40.6,12.9,8
40.6,13.8,8
40.6,13.9,5.33333333333333
40.6,14,6.6
40.6,14.1,8
40.6,14.3,2
40.6,14.4,8
40.6,15.4,3.83333333333333
40.6,15.5,8
40.6,15.6,7.66666666666667
40.6,15.7,8
40.6,16.3,8
40.6,16.4,6.125
40.6,16.5,7.88888888888889
40.6,16.6,4
40.6,16.7,5.52631578947368
40.6,16.8,5.70588235294118
40.6,16.9,3.55555555555556
40.6,17,4.71428571428571
40.6,17.1,2.4
40.6,17.2,1
40.6,17.3,8.14285714285714
40.6,18.3,3.07692307692308
40.6,18.4,1.73913043478261
40.6,18.5,2.25
40.6,18.6,2.66666666666667
40.6,19.3,1
40.6,19.4,0
40.6,20,0
40.6,20.1,4.8
40.6,20.2,4
40.6,20.3,4.8
40.6,20.5,5.71428571428571
40.6,20.6,6.85714285714286
40.6,20.7,6.66666666666667
40.6,20.8,6.91891891891892
40.6,20.9,8
40.6,21.6,8
40.6,21.7,7.11111111111111
40.6,22.2,0
40.6,23,8.08333333333333
40.6,23.1,8
40.6,23.2,8
40.6,23.3,8
40.6,23.4,8
40.6,23.5,8
40.6,23.6,8
40.6,23.7,0
40.6,23.9,6.85714285714286
40.6,24,7.80952380952381
40.6,24.1,8
40.6,24.2,7.60869565217391
40.6,24.3,7.52941176470588
40.6,24.4,8
40.6,24.5,6.85714285714286
40.6,24.6,6.21428571428571
40.6,24.7,8
40.6,24.8,7.36363636363636
40.6,24.9,8
40.6,25.7,8
40.6,25.8,6.9375
40.6,27,1.6
40.6,27.1,2.53571428571429
40.6,27.2,2.33333333333333
40.6,27.3,5.85714285714286
40.6,27.7,6.73076923076923
40.6,27.8,5.875
40.6,27.9,7
40.6,28.9,6.58620689655172
40.6,29.3,5.95652173913043
40.6,29.4,5.72727272727273
40.6,29.5,5.5
40.6,29.6,6.21739130434783
40.6,29.7,6.10714285714286
40.6,29.8,6.14285714285714
40.6,29.9,7.03076923076923
40.6,30,4.96551724137931
40.6,30.1,6.60869565217391
40.6,30.2,3.55555555555556
40.6,30.3,4.33333333333333
40.6,30.4,6.5
40.6,30.5,5.04
40.6,30.6,4.80769230769231
40.6,30.7,5.88461538461539
40.6,30.8,4.16
40.6,30.9,3.76470588235294
40.6,31,5.66666666666667
40.6,31.1,6.66666666666667
40.6,31.6,6.22222222222222
40.6,31.7,4.44444444444444
40.6,31.8,5.33333333333333
40.6,31.9,8
40.6,32.3,8
40.6,32.4,6.5
40.6,37.1,7.42857142857143
40.6,37.2,6.96774193548387
40.6,37.3,6.85294117647059
40.6,37.4,6.18181818181818
40.6,43.1,3.42857142857143
40.6,43.2,7.11111111111111
40.6,43.3,6
40.7,-9.5,7.18181818181818
40.7,-9.4,7.78571428571429
40.7,-8.8,9
40.7,-8.7,9
40.7,-8.5,6.15384615384615
40.7,-7.2,7.75
40.7,-7.1,7.46153846153846
40.7,-7,6.78947368421053
40.7,-6.9,6.90322580645161
40.7,-6.8,7.90909090909091
40.7,-6.7,8
40.7,-6.6,8
40.7,-6.3,8
40.7,-6.2,7.38461538461539
40.7,-5,8
40.7,-4.9,7.2
40.7,-4.8,6.4
40.7,-4.7,4
40.7,-4.6,8
40.7,-4.2,6.57142857142857
40.7,-4.1,6.76923076923077
40.7,-4,6.76923076923077
40.7,-3.9,7.63414634146341
40.7,-3.7,7.51020408163265
40.7,-3.6,7.80952380952381
40.7,-3.5,8
40.7,-3.4,6.83157894736842
40.7,-3.3,6.95081967213115
40.7,-3.2,2.66666666666667
40.7,-2.9,0
40.7,-2.8,1.33333333333333
40.7,-2.5,6.22222222222222
40.7,-2.4,6.85714285714286
40.7,-2.3,8
40.7,-1.6,5.33333333333333
40.7,-1.5,6.54545454545455
40.7,-1.4,5.6
40.7,-1.3,5.33333333333333
40.7,-1.2,8
40.7,-0.1,8
40.7,0,7.43478260869565
40.7,0.5,6.93333333333333
40.7,1.1,8
40.7,1.2,7.13513513513514
40.7,1.3,8
40.7,1.6,8
40.7,1.7,6.85714285714286
40.7,1.9,8
40.7,2,8
40.7,3.1,8
40.7,3.3,8
40.7,3.5,8
40.7,4,8
40.7,4.1,7.52941176470588
40.7,4.2,7.33333333333333
40.7,4.4,7.76666666666667
40.7,4.6,7.86666666666667
40.7,5.6,5.33333333333333
40.7,5.7,7.15789473684211
40.7,5.8,8
40.7,5.9,8.06666666666667
40.7,6,5.17647058823529
40.7,6.1,6.4
40.7,6.2,5
40.7,6.3,4.8
40.7,6.4,7
40.7,6.5,8
40.7,6.6,8
40.7,6.7,7.90909090909091
40.7,6.8,6.47058823529412
40.7,6.9,7.15
40.7,7,7.55555555555556
40.7,7.1,7.11764705882353
40.7,7.2,8
40.7,7.3,7.52941176470588
40.7,7.4,8.16666666666667
40.7,7.5,8
40.7,7.6,7.69230769230769
40.7,7.7,8
40.7,7.8,8
40.7,7.9,8
40.7,8,6.66666666666667
40.7,8.1,7
40.7,8.2,8
40.7,8.3,8
40.7,8.4,8.14285714285714
40.7,8.5,8
40.7,8.6,8
40.7,8.7,8
40.7,8.8,7.81818181818182
40.7,9.2,8.16666666666667
40.7,9.3,7.90909090909091
40.7,9.4,7.2
40.7,9.5,8
40.7,9.7,8
40.7,9.8,8
40.7,9.9,7.46666666666667
40.7,10,7.2
40.7,10.1,8
40.7,10.2,8
40.7,11.5,8
40.7,12.7,8
40.7,12.8,7.46666666666667
40.7,12.9,8
40.7,13.5,8
40.7,13.6,8
40.7,13.7,7.2
40.7,13.8,8
40.7,14.1,6.76923076923077
40.7,14.4,5.33333333333333
40.7,14.5,0
40.7,14.6,2
40.7,15.1,8
40.7,15.2,7.9375
40.7,15.3,7.94117647058824
40.7,15.4,7.2
40.7,15.5,6.66666666666667
40.7,15.6,7.15789473684211
40.7,15.7,8
40.7,15.8,8
40.7,15.9,8
40.7,16,4.57142857142857
40.7,16.1,5.71428571428571
40.7,16.2,6.38095238095238
40.7,16.3,5.16
40.7,16.4,4.8
40.7,16.5,6.65217391304348
40.7,16.6,5.26923076923077
40.7,16.7,5.64705882352941
40.7,16.8,5.64705882352941
40.7,16.9,4.93333333333333
40.7,17,4.57142857142857
40.7,17.1,8
40.7,17.6,5.66666666666667
40.7,17.8,8
40.7,17.9,8
40.7,18.1,0
40.7,18.2,1.41176470588235
40.7,18.3,2.66666666666667
40.7,18.4,1.6
40.7,19.1,0
40.7,19.2,1.84615384615385
40.7,19.3,2
40.7,19.9,0
40.7,20,1.77777777777778
40.7,20.2,4.66666666666667
40.7,20.4,4
40.7,20.5,5.71428571428571
40.7,20.6,7.27272727272727
40.7,20.7,8
40.7,21.5,8
40.7,21.6,8
40.7,22.8,4.88888888888889
40.7,22.9,7.27272727272727
40.7,23,7.96875
40.7,23.1,8
40.7,23.2,8
40.7,23.3,7.58823529411765
40.7,23.4,7.30434782608696
40.7,23.5,8
40.7,23.6,8
40.7,23.7,5.33333333333333
40.7,23.8,7.2
40.7,23.9,7.75757575757576
40.7,24,7.66666666666667
40.7,24.1,7.6
40.7,24.2,7.48484848484848
40.7,24.3,8
40.7,24.4,8
40.7,24.5,7.88888888888889
40.7,24.6,7.38461538461539
40.7,24.8,7.33333333333333
40.7,25.6,7.0625
40.7,25.7,6.28571428571429
40.7,27.3,5.53846153846154
40.7,27.6,6.80769230769231
40.7,27.7,8
40.7,27.9,5.33333333333333
40.7,28.6,0
40.7,28.7,6.66666666666667
40.7,28.8,7
40.7,28.9,6.89473684210526
40.7,29.2,7.64444444444444
40.7,29.3,5.75
40.7,29.4,3.68181818181818
40.7,29.5,5.27777777777778
40.7,29.6,5.578125
40.7,29.8,5.89473684210526
40.7,29.9,5.66666666666667
40.7,30.1,4.25
40.7,30.2,5.7
40.7,30.3,6.02439024390244
40.7,30.4,7.24137931034483
40.7,30.5,5.6
40.7,30.7,0
40.7,30.8,0
40.7,31,0
40.7,31.2,5.55
40.7,31.3,7.19047619047619
40.7,31.4,5.75
40.7,31.5,6
40.7,31.6,9
40.7,32.1,4
40.7,32.2,5.33333333333333
40.7,32.3,4
40.7,32.7,6.66666666666667
40.7,32.8,7.85714285714286
40.7,32.9,8
40.7,33,7.125
40.7,33.1,8
40.7,33.2,8
40.7,33.3,8
40.7,33.4,7
40.7,33.5,8
40.7,33.6,8
40.7,33.7,8
40.7,33.8,8
40.7,33.9,4
40.7,34,7
40.7,34.1,5.71428571428571
40.7,34.2,6
40.7,34.3,7.66666666666667
40.7,34.4,6.25
40.7,34.5,3.57142857142857
40.7,34.6,8
40.7,36.7,8
40.7,36.8,7.85714285714286
40.7,36.9,7.30769230769231
40.7,37,7.72413793103448
40.7,37.1,8
40.7,43.3,5.33333333333333
40.7,43.4,7.22222222222222
40.7,43.5,8
40.8,-24.8,0
40.8,-24.7,0
40.8,-10.2,8
40.8,-10.1,7
40.8,-10,6.22222222222222
40.8,-9.9,6
40.8,-9.8,8
40.8,-9.7,8
40.8,-9.6,8
40.8,-9.5,8
40.8,-9.4,7.38235294117647
40.8,-9.3,8
40.8,-9.2,8
40.8,-8.8,9
40.8,-8.7,9
40.8,-8.5,6.76923076923077
40.8,-7.9,8.2
40.8,-7.8,7.76923076923077
40.8,-7.7,7.30769230769231
40.8,-7.6,6.76470588235294
40.8,-7.5,7.27272727272727
40.8,-7.4,6.72727272727273
40.8,-7.3,6.66666666666667
40.8,-7.2,7.8
40.8,-7.1,8
40.8,-6.9,6.63636363636364
40.8,-6.6,7.11111111111111
40.8,-6.5,8
40.8,-6.2,8
40.8,-5.3,3.42857142857143
40.8,-5.2,1.68421052631579
40.8,-5.1,2.66666666666667
40.8,-5,7.23809523809524
40.8,-4.8,6
40.8,-4.7,6.66666666666667
40.8,-4.2,7.38461538461539
40.8,-3.9,7.16666666666667
40.8,-3.8,7.68292682926829
40.8,-3.7,7.23076923076923
40.8,-3.6,7.64444444444444
40.8,-3.4,6.1
40.8,-3.3,6.1978021978022
40.8,-3.2,6.97727272727273
40.8,-3.1,6.25
40.8,-2.8,2
40.8,-2.7,3.2
40.8,-2.4,6.85714285714286
40.8,-2.3,6
40.8,-2.2,5.77777777777778
40.8,-2.1,7
40.8,-1.2,7
40.8,-1.1,7.2
40.8,-1,8
40.8,0,6.82608695652174
40.8,0.1,7.25
40.8,0.5,7.46666666666667
40.8,1.2,6.28571428571429
40.8,1.3,6.15384615384615
40.8,1.4,7.03030303030303
40.8,1.5,8
40.8,1.6,6.31578947368421
40.8,1.7,6.31578947368421
40.8,2,7.2
40.8,3.1,8
40.8,3.3,8
40.8,3.4,8
40.8,3.6,6.11111111111111
40.8,4.1,7.80487804878049
40.8,4.2,6.4
40.8,4.3,8
40.8,4.4,7.7037037037037
40.8,4.5,8
40.8,4.6,8
40.8,4.7,8.2
40.8,4.8,6
40.8,4.9,7.38461538461539
40.8,5,8
40.8,5.1,8
40.8,5.2,8
40.8,5.3,8
40.8,5.4,7.46666666666667
40.8,5.5,8
40.8,5.6,7.38461538461539
40.8,5.7,7.30434782608696
40.8,5.8,7.0625
40.8,5.9,7
40.8,6,7
40.8,6.1,5.33333333333333
40.8,6.2,8
40.8,6.3,8.18181818181818
40.8,6.4,8
40.8,6.5,6
40.8,7.7,8
40.8,7.8,8
40.8,7.9,8.125
40.8,8,8
40.8,8.1,8.125
40.8,8.5,8
40.8,8.6,7.5
40.8,8.7,8
40.8,8.8,8
40.8,8.9,7.42857142857143
40.8,9,8.10526315789474
40.8,9.1,7.63157894736842
40.8,9.2,8
40.8,9.3,7.125
40.8,9.4,8
40.8,9.5,8
40.8,9.8,6
40.8,11.3,8
40.8,11.4,8
40.8,11.5,8
40.8,11.6,8
40.8,11.7,7.90909090909091
40.8,11.8,8
40.8,11.9,7.27272727272727
40.8,12,7.2
40.8,12.1,8
40.8,12.2,8
40.8,12.3,8
40.8,12.4,8.1
40.8,12.5,8
40.8,12.6,8
40.8,12.7,7.375
40.8,12.8,7.42857142857143
40.8,13.2,8
40.8,13.3,8
40.8,13.4,8
40.8,13.5,8
40.8,13.9,8
40.8,14.1,8
40.8,14.7,8
40.8,14.8,8
40.8,14.9,7
40.8,15,7.9375
40.8,15.1,7.27272727272727
40.8,15.2,6.85714285714286
40.8,15.3,8.16666666666667
40.8,15.4,8
40.8,15.5,8
40.8,15.6,7.61111111111111
40.8,15.7,8
40.8,15.8,8
40.8,15.9,8
40.8,16,7
40.8,16.1,6.91304347826087
40.8,16.2,6
40.8,16.3,6.58823529411765
40.8,16.4,6.80769230769231
40.8,16.5,6.17647058823529
40.8,16.6,4.36363636363636
40.8,16.7,8
40.8,17,8
40.8,17.4,6.4
40.8,17.5,5
40.8,17.6,4
40.8,17.7,0
40.8,17.8,4.90322580645161
40.8,18,0
40.8,18.1,1.33333333333333
40.8,18.2,2.54545454545455
40.8,18.3,4
40.8,18.4,1.6
40.8,19,0.8
40.8,19.1,1.45454545454545
40.8,19.8,2.66666666666667
40.8,19.9,2.66666666666667
40.8,20.1,7.2
40.8,20.2,4.8
40.8,20.4,7.2
40.8,20.5,6.22222222222222
40.8,21.4,7.11111111111111
40.8,21.5,8
40.8,22.5,1.14285714285714
40.8,22.6,2.13333333333333
40.8,22.7,0.888888888888889
40.8,22.8,8
40.8,22.9,7.27272727272727
40.8,23,6.22222222222222
40.8,23.1,8
40.8,23.2,8
40.8,23.3,8
40.8,23.4,7.33333333333333
40.8,23.6,0
40.8,23.8,8
40.8,23.9,6.76923076923077
40.8,24,7.38461538461539
40.8,24.1,7.45161290322581
40.8,24.2,7.4
40.8,24.3,7.46666666666667
40.8,24.4,7.6
40.8,24.5,6.66666666666667
40.8,24.6,5
40.8,24.7,7.5
40.8,24.8,6.46153846153846
40.8,24.9,6.90909090909091
40.8,25,7
40.8,25.1,6.66666666666667
40.8,25.2,6.5
40.8,25.3,6.80769230769231
40.8,25.4,7.31034482758621
40.8,25.5,7.24
40.8,25.6,7.36
40.8,25.7,7.94736842105263
40.8,25.8,8
40.8,25.9,7
40.8,27.2,4
40.8,27.3,5.14285714285714
40.8,27.5,6.31578947368421
40.8,27.6,7.11111111111111
40.8,27.7,1.33333333333333
40.8,27.8,4.27272727272727
40.8,27.9,2
40.8,28.5,4
40.8,28.6,5.14285714285714
40.8,28.8,5.6
40.8,29.1,8
40.8,29.2,7.62337662337662
40.8,29.3,7.92592592592593
40.8,29.4,8
40.8,29.5,6.76923076923077
40.8,29.6,6.05
40.8,29.7,6.28571428571429
40.8,29.8,5.6304347826087
40.8,30.1,5.80952380952381
40.8,30.2,6.93333333333333
40.8,30.7,5.33333333333333
40.8,30.8,7.13157894736842
40.8,30.9,6.54054054054054
40.8,31,6.05263157894737
40.8,31.1,6.22222222222222
40.8,31.2,0
40.8,31.4,0
40.8,31.5,0
40.8,32,4
40.8,35.1,0
40.8,36.4,7.66666666666667
40.8,36.5,7.5
40.8,36.6,8
40.8,36.7,7.66666666666667
40.8,39.4,7.5
40.8,43.5,7.8
40.8,43.6,7.11111111111111
40.8,43.7,8
40.8,43.8,6.875
40.8,43.9,8
40.8,44,6.4
40.9,-24.5,0
40.9,-11,4
40.9,-10.9,7
40.9,-10.8,7.11111111111111
40.9,-10.7,6.25
40.9,-10.6,6
40.9,-10.5,7.11111111111111
40.9,-10.4,2.66666666666667
40.9,-10.3,5.875
40.9,-10.2,5.33333333333333
40.9,-9.4,6.82352941176471
40.9,-9.3,6.22222222222222
40.9,-8.7,8.93333333333333
40.9,-8.6,8.59523809523809
40.9,-8.5,7.52380952380952
40.9,-8.1,8
40.9,-8,7.28571428571429
40.9,-7.9,8
40.9,-7.8,8
40.9,-7.7,8
40.9,-7.6,8
40.9,-7.2,6
40.9,-7.1,8
40.9,-6.9,6.16666666666667
40.9,-6.8,6
40.9,-6.5,8
40.9,-6.4,8
40.9,-5.6,4
40.9,-5.5,2
40.9,-5.4,8
40.9,-5.3,5.33333333333333
40.9,-5.1,8
40.9,-5,8
40.9,-4.9,6.4
40.9,-4.8,4
40.9,-4.2,8
40.9,-4.1,8
40.9,-4,7.11111111111111
40.9,-3.9,6.08
40.9,-3.8,7
40.9,-3.7,8
40.9,-3.6,7
40.9,-3.2,7.17741935483871
40.9,-3.1,7.34615384615385
40.9,-3,5.80645161290323
40.9,-2.9,5.75
40.9,-2.8,5.31578947368421
40.9,-2.7,2.89473684210526
40.9,-2.2,8
40.9,-2.1,7
40.9,-2,6.66666666666667
40.9,-1.9,5.6
40.9,0,8
40.9,0.1,7.59090909090909
40.9,0.5,7.42857142857143
40.9,1.1,8
40.9,1.2,8
40.9,1.4,8
40.9,1.5,6.58823529411765
40.9,1.6,8
40.9,1.7,7.7037037037037
40.9,1.8,8
40.9,1.9,8
40.9,2,8
40.9,2.1,7.71428571428571
40.9,3.1,8
40.9,3.4,8
40.9,3.6,7.33333333333333
40.9,3.7,8
40.9,4.1,8
40.9,4.2,8
40.9,4.3,7.88095238095238
40.9,4.4,6.94871794871795
40.9,4.5,7.7906976744186
40.9,4.6,8.26315789473684
40.9,4.7,8
40.9,4.8,8.63636363636364
40.9,4.9,8.66666666666667
40.9,5.6,6.46666666666667
40.9,6,5
40.9,6.1,8
40.9,6.2,6
40.9,6.3,6
40.9,6.4,8
40.9,6.5,7.11111111111111
40.9,6.6,8.33333333333333
40.9,8.1,8
40.9,8.2,8
40.9,8.3,8
40.9,8.4,8.05555555555556
40.9,8.5,8.09090909090909
40.9,8.6,7.6
40.9,8.8,8
40.9,8.9,8
40.9,9.2,8
40.9,9.3,5.33333333333333
40.9,9.5,4.44444444444444
40.9,9.6,7.04
40.9,9.8,8
40.9,9.9,8
40.9,10,8
40.9,10.1,7.2
40.9,10.2,8
40.9,11.4,7
40.9,11.5,8
40.9,12,8
40.9,12.1,7.3
40.9,12.2,8
40.9,12.3,6.28571428571429
40.9,12.4,7.10526315789474
40.9,12.5,7.73333333333333
40.9,12.6,7.69230769230769
40.9,12.7,7.75
40.9,12.8,8.05882352941176
40.9,12.9,7.71428571428571
40.9,13,7.70967741935484
40.9,13.1,8
40.9,13.2,8
40.9,13.3,8
40.9,13.4,8
40.9,13.5,7.94444444444444
40.9,13.6,8
40.9,13.7,8
40.9,13.8,8
40.9,13.9,8
40.9,14,7.33333333333333
40.9,14.1,6.47619047619048
40.9,14.2,6.625
40.9,14.3,7.59322033898305
40.9,14.4,7.45762711864407
40.9,14.5,8
40.9,14.6,7.11111111111111
40.9,14.7,8
40.9,14.8,8
40.9,14.9,6.58333333333333
40.9,15,8
40.9,15.1,8
40.9,15.2,8
40.9,15.3,8
40.9,15.4,8
40.9,15.5,7.22222222222222
40.9,15.6,5.71428571428571
40.9,15.7,5.6
40.9,15.8,6.62068965517241
40.9,15.9,4.21052631578947
40.9,16,4
40.9,16.1,5.71428571428571
40.9,16.2,4
40.9,16.3,3.31578947368421
40.9,16.4,0
40.9,16.5,0
40.9,16.6,0
40.9,16.9,8
40.9,17,8
40.9,17.3,7.2
40.9,17.4,6.4
40.9,17.8,0
40.9,17.9,2.90909090909091
40.9,18,2.66666666666667
40.9,18.1,1.48148148148148
40.9,18.2,2.66666666666667
40.9,18.3,0.666666666666667
40.9,18.8,1.77777777777778
40.9,18.9,1.33333333333333
40.9,19,8
40.9,19.7,5.71428571428571
40.9,19.8,6
40.9,20,8
40.9,20.1,7.33333333333333
40.9,20.3,8
40.9,20.4,5.33333333333333
40.9,21.3,6
40.9,21.4,8
40.9,22.3,1.84615384615385
40.9,22.4,1.39130434782609
40.9,22.5,3.36842105263158
40.9,22.7,8
40.9,22.8,7.53333333333333
40.9,22.9,5.33333333333333
40.9,23,5.09090909090909
40.9,23.1,5.77777777777778
40.9,23.2,8
40.9,23.3,7.46666666666667
40.9,23.6,0
40.9,23.8,7.23809523809524
40.9,23.9,5
40.9,24,8
40.9,24.1,8
40.9,24.2,8
40.9,24.3,8
40.9,24.5,8
40.9,24.6,0
40.9,25.2,7.5
40.9,25.3,7.6
40.9,25.4,7.66666666666667
40.9,25.6,5.85714285714286
40.9,25.7,5
40.9,25.8,5.2
40.9,25.9,6.09523809523809
40.9,26,6.62068965517241
40.9,26.1,7
40.9,26.2,8
40.9,26.3,8
40.9,26.4,8.03448275862069
40.9,26.5,7.69230769230769
40.9,26.6,8
40.9,26.7,7.05882352941176
40.9,26.8,6.22222222222222
40.9,26.9,6.5
40.9,27,7
40.9,27.1,6.5
40.9,27.2,7.36
40.9,27.3,4.7
40.9,27.4,6.5
40.9,27.5,7.15384615384615
40.9,27.6,8.18181818181818
40.9,27.7,5.33333333333333
40.9,27.9,4
40.9,28,5.09090909090909
40.9,28.1,1.6
40.9,28.2,2.18181818181818
40.9,28.4,5.33333333333333
40.9,28.5,6.76923076923077
40.9,28.8,6.71428571428571
40.9,29.2,5.16129032258065
40.9,29.3,5.80681818181818
40.9,29.4,6.98666666666667
40.9,29.5,6.63636363636364
40.9,29.6,6.8
40.9,29.7,5.60975609756098
40.9,29.8,6.35
40.9,29.9,5.42168674698795
40.9,30,6.45454545454545
40.9,30.1,5.33333333333333
40.9,30.2,6.27272727272727
40.9,30.3,6.73684210526316
40.9,30.4,6.28260869565217
40.9,30.5,6.34
40.9,30.6,6.8
40.9,30.7,6.6875
40.9,31.8,4
40.9,31.9,4
40.9,32.4,8
40.9,32.6,8
40.9,32.7,8
40.9,32.8,8
40.9,33,8
40.9,33.1,8
40.9,33.2,8
40.9,33.4,8
40.9,35.2,0
40.9,35.3,0
40.9,35.6,8
40.9,35.7,8
40.9,36.1,7.5
40.9,36.2,8
40.9,36.3,7.85714285714286
40.9,39.4,7.5
40.9,39.5,3.90909090909091
40.9,39.6,5
40.9,39.7,6
40.9,41.7,0
40.9,41.8,0
40.9,41.9,0
40.9,42.1,0
40.9,42.2,5.66666666666667
40.9,42.3,7.7
40.9,42.4,6.3
40.9,42.5,5.77777777777778
40.9,42.6,7.27272727272727
40.9,42.7,6.11111111111111
40.9,42.8,6.54545454545455
40.9,42.9,7.2
40.9,43,5.33333333333333
40.9,43.1,5.375
41,-24,0
41,-23.9,0
41,-23.8,4
41,-23.7,0
41,-23.5,0
41,-9.3,5.53846153846154
41,-8.6,7.41095890410959
41,-8.5,6.02564102564103
41,-8.4,0
41,-7.1,6.54545454545455
41,-6.8,5.41666666666667
41,-6.3,8
41,-6.2,8
41,-5.8,8
41,-5.7,7
41,-5.6,3.42857142857143
41,-5.2,8
41,-5.1,8
41,-5,7.27272727272727
41,-4.9,8
41,-4.4,8
41,-4.3,7.6
41,-4.2,8
41,-4.1,6.22222222222222
41,-3.7,7.42857142857143
41,-3.6,7.875
41,-3.2,6.72
41,-3.1,6.89655172413793
41,-2.7,5.72727272727273
41,-2.6,3.2
41,-2.5,4
41,-2.4,8
41,-2.3,4.57142857142857
41,-2.2,6.22222222222222
41,-2.1,6.66666666666667
41,-1.9,6
41,-1.8,7.33333333333333
41,0,8
41,0.1,7.42857142857143
41,0.5,6.875
41,0.6,7
41,1.2,8
41,1.3,8
41,1.4,6.76923076923077
41,1.5,5.33333333333333
41,1.6,6.88372093023256
41,1.7,6.5
41,1.8,8
41,2.1,7.68
41,2.2,7.2
41,2.3,7.57894736842105
41,2.4,7.57894736842105
41,2.5,7.57894736842105
41,2.6,7.52941176470588
41,2.7,6.4
41,2.8,8
41,2.9,8
41,3,8
41,3.1,8
41,3.2,8
41,3.3,8
41,3.4,7.76666666666667
41,3.5,8
41,3.6,8
41,3.7,7.69565217391304
41,3.8,7.625
41,3.9,7.84210526315789
41,4,8.36842105263158
41,4.1,7.92105263157895
41,4.2,7.85714285714286
41,4.3,7.52941176470588
41,4.4,8
41,4.5,8
41,4.7,8
41,4.8,4.95238095238095
41,4.9,6.4
41,5,6.54545454545455
41,5.1,8.1
41,5.2,7.46153846153846
41,5.3,7.23809523809524
41,5.4,6.90909090909091
41,5.5,7.23333333333333
41,5.6,7.54545454545455
41,5.7,6.76923076923077
41,5.8,7.27272727272727
41,5.9,5.2
41,6,6.05882352941176
41,6.1,6.4
41,6.2,7.92307692307692
41,6.3,7.95
41,6.4,7.71428571428571
41,6.5,6.8
41,6.6,7.11111111111111
41,6.7,7.15789473684211
41,6.8,7.57894736842105
41,6.9,6.66666666666667
41,7,8
41,7.1,8
41,7.2,8
41,7.3,8
41,7.4,8
41,7.5,8
41,8.3,8
41,8.4,6.22222222222222
41,8.5,7
41,8.6,8
41,8.7,8.25
41,8.8,8.11111111111111
41,8.9,8
41,9,8
41,9.3,8
41,9.4,8
41,9.5,8
41,9.6,7.375
41,9.7,7.40740740740741
41,9.8,6.85714285714286
41,10.2,8
41,10.3,7.27272727272727
41,10.4,7.66666666666667
41,10.5,8
41,10.6,8
41,11.4,8
41,12.3,8
41,12.4,8
41,12.5,8
41,12.6,8
41,12.7,7.27272727272727
41,12.8,8
41,12.9,8
41,14,8
41,14.1,6.60869565217391
41,14.4,7.11111111111111
41,14.5,5.64705882352941
41,14.6,6.85714285714286
41,14.8,7.15789473684211
41,14.9,7
41,15,6.76
41,15.1,8
41,15.2,7.5
41,15.3,7.33333333333333
41,15.4,7.11111111111111
41,15.5,7.61904761904762
41,15.6,7.40740740740741
41,15.7,8
41,15.8,0
41,15.9,6.66666666666667
41,16,6.5
41,16.1,6.7
41,16.2,6
41,16.3,2.4
41,16.4,0
41,16.9,8
41,17.1,5.85714285714286
41,17.2,5.81818181818182
41,17.9,0
41,18,2.56
41,18.3,4.66666666666667
41,18.6,1
41,18.7,1.45454545454545
41,18.8,0
41,20,7.27272727272727
41,20.2,8
41,20.3,6.4
41,21.1,6
41,21.2,7.38461538461539
41,22,4.8
41,22.1,3.65
41,22.2,2.46153846153846
41,22.3,4.66666666666667
41,22.4,4.8
41,22.5,8
41,22.6,8
41,22.7,8
41,22.8,8
41,22.9,4.92307692307692
41,23,4.72727272727273
41,23.2,7.42857142857143
41,23.7,6
41,23.8,6.85714285714286
41,23.9,8
41,24,6.85185185185185
41,24.1,6.66666666666667
41,24.2,7.2
41,24.4,8.08333333333333
41,24.5,4
41,24.6,6
41,25.2,7.74285714285714
41,25.3,8.03703703703704
41,26.4,3.28571428571429
41,26.5,4.14285714285714
41,26.7,8
41,26.8,7.11111111111111
41,26.9,4
41,27,0.8
41,27.1,4
41,27.2,5.71428571428571
41,27.3,5.33333333333333
41,27.4,7.33333333333333
41,28.3,3
41,28.4,4.8
41,28.5,5.81818181818182
41,28.6,5.76
41,28.7,5.16
41,28.8,4.05263157894737
41,28.9,5.2258064516129
41,29,7
41,29.1,7.12727272727273
41,29.2,6.52542372881356
41,29.3,7.10714285714286
41,29.4,5.38095238095238
41,29.5,6.15
41,29.6,6.60377358490566
41,29.7,5.28813559322034
41,29.8,5.92857142857143
41,29.9,6.4
41,31.5,0
41,31.6,8
41,31.7,4
41,33.5,8
41,33.6,8
41,33.8,8
41,33.9,8
41,35.2,0
41,35.3,0
41,35.5,4
41,35.6,0
41,35.7,4
41,35.9,8
41,36,8
41,38.9,0
41,39,0
41,39.7,5.875
41,39.8,4.81818181818182
41.1,-23.5,2
41.1,-23.4,0.888888888888889
41.1,-23.3,0
41.1,-23.2,0
41.1,-23.1,0
41.1,-9.3,6.14285714285714
41.1,-8.7,8
41.1,-8.6,7.84905660377358
41.1,-8.5,4.08510638297872
41.1,-8.4,6.22222222222222
41.1,-8.2,5.6
41.1,-8.1,7
41.1,-8,7.33333333333333
41.1,-7.1,7.27272727272727
41.1,-6.8,5.81818181818182
41.1,-6.2,6.5
41.1,-6.1,8
41.1,-4.6,8
41.1,-4.5,7.65217391304348
41.1,-4.4,7.33333333333333
41.1,-4.3,8
41.1,-3.7,8
41.1,-3.6,7.45833333333333
41.1,-3.2,6.93333333333333
41.1,-3.1,6.93333333333333
41.1,-3,7.46153846153846
41.1,-2.6,4.57142857142857
41.1,-2.1,0
41.1,-2,7.11111111111111
41.1,-1.9,5.6
41.1,-1.8,4
41.1,-1.7,5.53846153846154
41.1,-1.6,4
41.1,0.1,8
41.1,0.2,7.57894736842105
41.1,0.6,6.06666666666667
41.1,1.6,7.6
41.1,1.7,6.85714285714286
41.1,1.8,7.12244897959184
41.1,1.9,6.63414634146341
41.1,2,8
41.1,2.1,7.55555555555556
41.1,2.2,7.30434782608696
41.1,2.3,7.65217391304348
41.1,2.4,7.27272727272727
41.1,2.5,6.93333333333333
41.1,2.6,8
41.1,2.7,7.11111111111111
41.1,2.8,7.57894736842105
41.1,2.9,6.66666666666667
41.1,3,7.57894736842105
41.1,3.1,7.56756756756757
41.1,3.2,8
41.1,3.3,7.75
41.1,3.4,7.85714285714286
41.1,3.5,7.27272727272727
41.1,3.6,8.04545454545454
41.1,3.7,8
41.1,3.8,7.46666666666667
41.1,3.9,7.375
41.1,4,7.68
41.1,4.1,7.375
41.1,4.2,7.66666666666667
41.1,4.3,7.26984126984127
41.1,4.4,7.58333333333333
41.1,4.5,7.45714285714286
41.1,4.6,6.85714285714286
41.1,4.7,7.73333333333333
41.1,4.8,8.3
41.1,4.9,7.11111111111111
41.1,5,6.54545454545455
41.1,5.1,4
41.1,5.2,6.85714285714286
41.1,5.4,8
41.1,5.5,8
41.1,5.7,5.18181818181818
41.1,5.8,5.66666666666667
41.1,6.1,8
41.1,6.2,8
41.1,8.3,7.91666666666667
41.1,8.5,7.57894736842105
41.1,9,8.25
41.1,9.1,8
41.1,9.2,8
41.1,9.6,8
41.1,9.7,7.13888888888889
41.1,9.8,8
41.1,9.9,7.11111111111111
41.1,10.5,5.33333333333333
41.1,10.6,8
41.1,10.7,7.55882352941176
41.1,10.8,7.38461538461539
41.1,10.9,8
41.1,11.4,7.69565217391304
41.1,12.2,8
41.1,12.3,8
41.1,12.6,7.75757575757576
41.1,12.7,8
41.1,12.8,8
41.1,14,7.27272727272727
41.1,14.1,6.77777777777778
41.1,14.4,8
41.1,14.6,8
41.1,14.7,4.8
41.1,14.8,6.14285714285714
41.1,14.9,5.8125
41.1,15,8
41.1,15.2,8
41.1,15.3,8
41.1,15.4,8.07142857142857
41.1,15.5,6.85714285714286
41.1,15.6,7
41.1,15.7,5.09090909090909
41.1,15.8,6.34782608695652
41.1,15.9,4.26666666666667
41.1,16,4
41.1,16.7,8
41.1,16.8,8
41.1,16.9,8.5
41.1,17,7.2
41.1,17.1,8
41.1,17.7,0
41.1,17.8,2
41.1,17.9,1.2
41.1,18.2,5.33333333333333
41.1,18.3,0
41.1,18.4,1.33333333333333
41.1,18.5,1.33333333333333
41.1,18.6,4
41.1,18.9,6.33333333333333
41.1,19,5
41.1,19.1,3.47619047619048
41.1,19.2,2.66666666666667
41.1,19.3,3
41.1,19.4,7.11111111111111
41.1,19.5,8
41.1,19.6,6
41.1,19.7,7.11111111111111
41.1,19.8,8
41.1,19.9,7.27272727272727
41.1,20,8
41.1,20.1,8
41.1,20.2,7.2
41.1,21,3.55555555555556
41.1,21.1,7
41.1,21.8,7.11111111111111
41.1,21.9,6.54545454545455
41.1,22,8
41.1,22.1,1.33333333333333
41.1,22.2,1.33333333333333
41.1,22.3,8
41.1,22.4,8
41.1,22.5,8
41.1,22.7,8
41.1,22.8,7.11111111111111
41.1,22.9,8
41.1,23,5.33333333333333
41.1,23.1,6.15384615384615
41.1,23.2,8
41.1,23.6,8
41.1,23.7,8
41.1,23.8,2.4
41.1,23.9,7
41.1,24,7.65
41.1,24.1,8
41.1,24.3,8
41.1,24.4,8
41.1,24.5,7.38461538461539
41.1,25,8
41.1,25.1,7.40909090909091
41.1,25.2,8
41.1,26.4,3.82758620689655
41.1,26.5,2.66666666666667
41.1,27.1,5.14285714285714
41.1,27.2,5.70833333333333
41.1,27.3,6.1875
41.1,27.4,3.63636363636364
41.1,27.5,4.8
41.1,27.6,4.45454545454545
41.1,27.7,5.6
41.1,27.8,5.33333333333333
41.1,27.9,4
41.1,28,2.75
41.1,28.1,2.66666666666667
41.1,28.2,8
41.1,28.3,4.36363636363636
41.1,28.4,5.73333333333333
41.1,28.5,4.80281690140845
41.1,28.6,5.64705882352941
41.1,28.7,6.47619047619048
41.1,28.8,5.88888888888889
41.1,29.1,6.02564102564103
41.1,29.2,5.09090909090909
41.1,29.4,5.33333333333333
41.1,29.5,8
41.1,29.6,7.4
41.1,30.4,7.75
41.1,30.5,6.66666666666667
41.1,30.6,7
41.1,31.3,4
41.1,31.4,4
41.1,35.1,0
41.1,38.2,0
41.1,38.4,0
41.1,38.5,0
41.1,38.6,0
41.1,38.8,0
41.1,39.1,0
41.1,39.3,0
41.1,40.8,8
41.2,-22.9,1.6
41.2,-22.8,0
41.2,-22.7,4.8
41.2,-22.6,8
41.2,-22.4,8
41.2,-9.3,7
41.2,-9.2,5.25
41.2,-8.7,7.8974358974359
41.2,-8.5,5.33333333333333
41.2,-8.4,5
41.2,-8.3,4
41.2,-8,8
41.2,-7.9,6.85714285714286
41.2,-7.8,6.15384615384615
41.2,-7.7,8
41.2,-7.6,6.76923076923077
41.2,-7.5,6.66666666666667
41.2,-7.1,8
41.2,-6.8,6.36363636363636
41.2,-6.1,6.85714285714286
41.2,-6,8
41.2,-4.7,7.09090909090909
41.2,-4.6,8
41.2,-4.3,8
41.2,-3.6,7.76811594202899
41.2,-3.2,7.38461538461539
41.2,-3.1,8
41.2,-3,7.33333333333333
41.2,-2.9,7
41.2,-2.7,8
41.2,-2.6,6.22222222222222
41.2,-2.5,6.66666666666667
41.2,-1.9,4
41.2,-1.8,5.71428571428571
41.2,-1.6,5.33333333333333
41.2,-1.5,8
41.2,-1.1,9
41.2,-0.2,8
41.2,-0.1,8
41.2,0,8
41.2,0.1,8
41.2,0.2,7.29411764705882
41.2,0.6,6.53333333333333
41.2,1.1,6.66666666666667
41.2,1.6,8
41.2,1.8,8
41.2,1.9,8
41.2,2,7.90243902439024
41.2,2.1,8
41.2,2.2,8
41.2,2.3,7.66666666666667
41.2,2.4,6.54545454545455
41.2,2.5,7.61290322580645
41.2,2.6,7.44827586206897
41.2,2.7,7.7037037037037
41.2,2.8,7.96296296296296
41.2,2.9,7
41.2,3,8
41.2,3.1,8
41.2,3.4,8
41.2,3.5,8
41.2,3.7,7.57692307692308
41.2,3.8,6.90909090909091
41.2,4.3,8
41.2,4.4,7.8
41.2,4.5,7.56363636363636
41.2,5.4,6.90909090909091
41.2,5.8,4.30769230769231
41.2,8.5,8
41.2,9.1,8.05263157894737
41.2,9.2,8.92857142857143
41.2,9.5,8
41.2,9.6,8
41.2,9.7,7
41.2,9.8,8.11111111111111
41.2,9.9,6
41.2,10,8
41.2,10.1,7.11111111111111
41.2,10.2,8
41.2,10.3,8
41.2,10.5,8
41.2,10.8,6.85714285714286
41.2,10.9,8
41.2,11,7.51515151515152
41.2,11.1,7.63636363636364
41.2,11.2,6.4
41.2,11.3,8
41.2,11.4,8
41.2,12.1,8
41.2,12.2,8
41.2,12.5,7.74285714285714
41.2,12.6,8.04166666666667
41.2,14,7
41.2,14.1,8
41.2,14.2,8
41.2,14.3,5.33333333333333
41.2,14.4,7.07692307692308
41.2,14.5,7.33333333333333
41.2,14.6,2.66666666666667
41.2,14.7,4
41.2,15,8
41.2,15.1,8
41.2,15.2,6.85714285714286
41.2,15.3,6.4
41.2,15.7,7
41.2,16.8,6.88888888888889
41.2,16.9,8
41.2,17.6,4.57142857142857
41.2,17.7,2.76923076923077
41.2,17.8,4.57142857142857
41.2,18.2,4.70588235294118
41.2,18.3,2.18181818181818
41.2,18.4,0
41.2,18.6,4
41.2,18.7,2.66666666666667
41.2,18.8,2.88235294117647
41.2,18.9,5.14285714285714
41.2,19.2,1.77777777777778
41.2,19.3,4.36363636363636
41.2,19.4,4.92307692307692
41.2,19.5,0
41.2,19.8,8
41.2,19.9,7.2
41.2,20.1,8
41.2,20.8,8
41.2,20.9,5.33333333333333
41.2,21,5.33333333333333
41.2,21.6,7
41.2,21.7,7.2
41.2,21.8,8
41.2,21.9,8
41.2,22,7.27272727272727
41.2,22.1,5.5
41.2,22.2,6.4
41.2,22.3,7.27272727272727
41.2,22.7,8
41.2,22.9,5.33333333333333
41.2,23,7.33333333333333
41.2,23.1,8
41.2,23.2,3.2
41.2,23.3,0
41.2,23.6,7.38461538461539
41.2,23.7,1.71428571428571
41.2,23.8,5.33333333333333
41.2,23.9,7.29166666666667
41.2,24,8
41.2,24.3,8
41.2,24.4,7.38461538461539
41.2,24.5,8
41.2,24.9,8.1
41.2,25,7.21951219512195
41.2,25.1,8
41.2,27.2,7.89583333333333
41.2,27.3,4.66666666666667
41.2,28.1,6.92857142857143
41.2,28.2,5.8125
41.2,28.3,5.71428571428571
41.2,28.6,7.03125
41.2,28.7,7
41.2,28.8,6.72955974842767
41.2,28.9,7.42666666666667
41.2,29,7
41.2,29.1,6.203125
41.2,29.2,5.77777777777778
41.2,29.5,8
41.2,31.2,4
41.2,34.9,0
41.2,35,0
41.2,36.5,0
41.2,36.6,8
41.2,36.7,4
41.2,36.8,1.81818181818182
41.2,36.9,4.33333333333333
41.2,37,6.5
41.2,37.1,5.70588235294118
41.2,37.2,5.6
41.2,37.3,7.25
41.2,37.4,8
41.2,37.5,7
41.2,37.6,7.77777777777778
41.2,37.7,7
41.2,37.8,8
41.2,37.9,8
41.2,38,7.75
41.2,39.4,0
41.2,40.5,8
41.2,40.9,8
41.2,41.1,8
41.2,41.2,8
41.2,41.3,7.5
41.2,41.5,5.61538461538461
41.2,41.6,4
41.2,43.8,8
41.2,43.9,5.33333333333333
41.2,44,8
41.3,-9.2,5.71428571428571
41.3,-8.7,8
41.3,-8.5,6
41.3,-8.3,4.30769230769231
41.3,-8.2,8
41.3,-7.8,5.45454545454545
41.3,-7.7,2.92307692307692
41.3,-7.6,1.33333333333333
41.3,-7.5,8
41.3,-7.4,6.93333333333333
41.3,-7.3,6.3
41.3,-7.2,8
41.3,-7.1,7.55555555555556
41.3,-6.8,7
41.3,-6.7,5.6
41.3,-6,6
41.3,-5.9,7.33333333333333
41.3,-5.8,8
41.3,-5.1,8
41.3,-4.3,8
41.3,-3.6,7.09090909090909
41.3,-3.5,7.46666666666667
41.3,-3.2,8
41.3,-3.1,7.2
41.3,-3,7.33333333333333
41.3,-2.9,7.11111111111111
41.3,-2.8,5.33333333333333
41.3,-2.6,3.63636363636364
41.3,-2.5,6
41.3,-1.8,5.71428571428571
41.3,-1.7,8
41.3,-1.5,4.44444444444444
41.3,-1.4,5.71428571428571
41.3,-1,3.6
41.3,-0.9,2
41.3,-0.8,6.22222222222222
41.3,-0.7,6
41.3,-0.6,8
41.3,-0.5,8
41.3,-0.4,8
41.3,-0.3,7.55555555555556
41.3,-0.2,7.5
41.3,-0.1,7.11111111111111
41.3,0,6.58823529411765
41.3,0.1,6.57142857142857
41.3,0.2,7.71929824561404
41.3,0.3,7.11111111111111
41.3,0.4,8
41.3,0.5,7.11111111111111
41.3,0.6,7.18518518518519
41.3,0.7,7
41.3,0.8,8
41.3,0.9,7
41.3,1,7.11111111111111
41.3,1.1,7.65217391304348
41.3,1.2,7.11111111111111
41.3,1.3,6
41.3,1.4,6.4
41.3,1.5,7
41.3,1.7,8
41.3,1.8,6.73684210526316
41.3,1.9,7.71428571428571
41.3,2,8
41.3,2.1,7.61379928315412
41.3,2.2,7.94326241134752
41.3,2.3,8
41.3,2.4,7.4
41.3,2.5,8
41.3,2.6,7.48387096774194
41.3,2.7,7.2
41.3,2.8,6.8
41.3,2.9,4
41.3,3.1,8
41.3,3.5,8
41.3,3.7,8
41.3,3.8,7.36
41.3,4.4,6.82352941176471
41.3,4.5,6.73684210526316
41.3,4.6,7.20408163265306
41.3,5.3,8
41.3,5.4,6.22222222222222
41.3,5.9,4.71428571428571
41.3,6,5.66666666666667
41.3,8.5,8
41.3,8.6,8
41.3,8.7,8
41.3,8.8,8
41.3,8.9,8
41.3,9,8
41.3,9.1,8.67741935483871
41.3,9.2,8.25
41.3,9.3,8.875
41.3,9.5,8
41.3,9.6,8
41.3,9.7,8
41.3,9.8,8.125
41.3,9.9,8
41.3,10,8
41.3,10.1,8
41.3,10.2,8
41.3,10.3,8
41.3,10.4,7.05882352941176
41.3,10.5,7.92307692307692
41.3,10.6,7.63636363636364
41.3,10.7,8
41.3,11.1,6.08333333333333
41.3,11.2,8
41.3,11.3,8
41.3,11.4,7.27272727272727
41.3,11.5,8
41.3,11.6,7.92857142857143
41.3,11.7,8
41.3,12,8
41.3,12.1,8
41.3,12.4,7.7037037037037
41.3,12.5,8
41.3,13.7,8
41.3,13.8,6.4
41.3,13.9,7.29166666666667
41.3,14,6.83333333333333
41.3,14.1,6.4
41.3,14.3,6.66666666666667
41.3,14.4,8
41.3,14.5,6.4
41.3,14.8,8
41.3,14.9,8
41.3,15,8
41.3,16.6,6.25
41.3,16.7,6.22222222222222
41.3,16.8,0
41.3,17.5,4.44444444444444
41.3,17.6,2.66666666666667
41.3,17.7,1.33333333333333
41.3,18.1,4
41.3,18.2,4
41.3,18.3,5.85714285714286
41.3,18.4,6
41.3,18.5,4
41.3,18.6,4
41.3,18.7,4.8
41.3,19.3,4.30769230769231
41.3,19.4,0
41.3,19.8,7.27272727272727
41.3,20.7,8
41.3,20.8,7.27272727272727
41.3,21.4,5.83333333333333
41.3,21.5,5.81818181818182
41.3,21.6,8
41.3,21.8,8
41.3,21.9,8
41.3,22.1,8
41.3,22.2,7
41.3,22.6,7.66666666666667
41.3,22.7,7.2
41.3,22.8,8
41.3,22.9,8
41.3,23.3,0.727272727272727
41.3,23.5,7.15789473684211
41.3,23.6,5.21739130434783
41.3,23.8,7.42857142857143
41.3,23.9,7.46666666666667
41.3,24.2,5.33333333333333
41.3,24.3,7.68181818181818
41.3,24.4,8
41.3,24.8,7.65217391304348
41.3,24.9,7.33333333333333
41.3,27.1,8.03125
41.3,27.9,8
41.3,28,7
41.3,28.1,5.93548387096774
41.3,28.2,6.64705882352941
41.3,28.3,6.91666666666667
41.3,28.5,4.88888888888889
41.3,28.6,6
41.3,28.7,7.64240506329114
41.3,28.8,7.8625
41.3,28.9,7.02857142857143
41.3,29,5.42105263157895
41.3,29.1,4
41.3,29.2,5.52083333333333
41.3,29.3,5.52
41.3,29.4,0
41.3,29.5,5.6
41.3,29.6,0
41.3,29.7,0
41.3,29.9,0
41.3,30,0
41.3,30.2,0
41.3,30.3,0
41.3,30.4,0
41.3,30.6,0
41.3,31.1,0
41.3,34.1,2
41.3,34.2,2.25
41.3,34.3,2.22222222222222
41.3,34.4,4.66666666666667
41.3,34.5,3.625
41.3,34.6,3.2
41.3,34.7,4
41.3,34.8,0
41.3,34.9,8
41.3,35,4.42857142857143
41.3,35.1,4
41.3,35.2,1.6
41.3,35.3,2
41.3,35.4,6
41.3,35.5,6
41.3,36,9
41.3,36.4,0
41.3,36.5,1.22222222222222
41.3,36.6,0
41.3,36.7,4.83333333333333
41.3,36.8,3
41.3,36.9,0
41.3,37,6.66666666666667
41.3,37.1,6.4
41.3,39.5,6
41.3,39.6,2
41.3,39.7,5.33333333333333
41.3,40.7,8
41.3,40.8,8
41.3,41.6,3.875
41.3,41.7,6.26666666666667
41.3,41.8,6.54545454545455
41.3,41.9,7.61111111111111
41.3,42,7.2
41.3,42.1,5.33333333333333
41.3,42.2,4.57142857142857
41.3,42.3,4
41.3,44,5.5
41.3,44.1,5.85714285714286
41.4,-9.2,3.2
41.4,-9.1,6.22222222222222
41.4,-8.7,8
41.4,-8.6,7.93333333333333
41.4,-8.5,7.04
41.4,-8.4,5.53846153846154
41.4,-8.3,4
41.4,-8.2,6
41.4,-7.4,6.54545454545455
41.4,-7.1,7.36363636363636
41.4,-6.7,7
41.4,-5.9,8
41.4,-5.8,7.55555555555556
41.4,-5.7,7.38461538461539
41.4,-5.3,8
41.4,-5.2,6.76923076923077
41.4,-5.1,4.44444444444444
41.4,-4.3,8
41.4,-3.6,7.78378378378378
41.4,-3.5,6.76923076923077
41.4,-3.4,8
41.4,-3.1,6.85714285714286
41.4,-3,8
41.4,-2.9,8
41.4,-2.8,7.38461538461539
41.4,-2.6,4.66666666666667
41.4,-2.5,8.5
41.4,-1.7,5.33333333333333
41.4,-1.6,6.26086956521739
41.4,-1.4,4
41.4,-1.3,4.8
41.4,-0.9,3.53571428571429
41.4,-0.8,4.5
41.4,0.1,8
41.4,0.2,7.80952380952381
41.4,0.3,7.11111111111111
41.4,0.4,7
41.4,0.5,8
41.4,0.6,7.68181818181818
41.4,0.7,5.95
41.4,0.8,8
41.4,0.9,8
41.4,1,7.33333333333333
41.4,1.1,7.33333333333333
41.4,1.2,8
41.4,1.3,7.11111111111111
41.4,1.4,8
41.4,1.5,7.66666666666667
41.4,1.6,8
41.4,1.7,6.66666666666667
41.4,1.8,7.42857142857143
41.4,1.9,5.33333333333333
41.4,2,7.38461538461539
41.4,2.1,8
41.4,2.2,7.11111111111111
41.4,2.3,7.86309523809524
41.4,2.4,5.95488721804511
41.4,2.5,6.01503759398496
41.4,2.6,8
41.4,2.8,6.58823529411765
41.4,2.9,6.85714285714286
41.4,3,7.2
41.4,3.1,8
41.4,3.6,8
41.4,3.8,8
41.4,3.9,8
41.4,4.4,4
41.4,4.5,7.25925925925926
41.4,4.6,8.03636363636364
41.4,4.7,4
41.4,5.3,7.69565217391304
41.4,6,8.46666666666667
41.4,6.1,8.88888888888889
41.4,8.1,8
41.4,8.2,8
41.4,8.3,8
41.4,8.4,8
41.4,8.5,8
41.4,8.9,8.2
41.4,9,8
41.4,9.1,8.95
41.4,10.1,8.125
41.4,10.2,8.125
41.4,10.3,8
41.4,10.4,8
41.4,10.5,7.42857142857143
41.4,10.6,7.55555555555556
41.4,10.7,7.81578947368421
41.4,10.8,7.15789473684211
41.4,10.9,6.93333333333333
41.4,11,8
41.4,11.1,7.11111111111111
41.4,11.2,8.04166666666667
41.4,11.3,8
41.4,11.4,8
41.4,11.5,7.6
41.4,11.7,7.2
41.4,11.8,8
41.4,11.9,8
41.4,12.2,8.25
41.4,12.3,7.57894736842105
41.4,12.4,8
41.4,12.5,7.94117647058824
41.4,13.3,8
41.4,13.4,8
41.4,13.5,7.2
41.4,13.6,6.4
41.4,13.7,8
41.4,13.8,8
41.4,13.9,7.77142857142857
41.4,14.3,7.27272727272727
41.4,14.4,7.46666666666667
41.4,14.6,8
41.4,14.7,6.85714285714286
41.4,14.8,8
41.4,16.4,8
41.4,16.5,7
41.4,16.6,4.8
41.4,17.4,4.8
41.4,17.5,1
41.4,17.6,2
41.4,18.1,6.22222222222222
41.4,18.3,3.42857142857143
41.4,18.4,0
41.4,18.5,0
41.4,19.1,5.33333333333333
41.4,19.2,1.23076923076923
41.4,19.6,5.33333333333333
41.4,19.7,8
41.4,19.8,8
41.4,20.6,8
41.4,20.7,8
41.4,21.2,5.71428571428571
41.4,21.3,8
41.4,21.4,8
41.4,21.7,8.25
41.4,21.8,5.6
41.4,22,7.33333333333333
41.4,22.1,8
41.4,22.2,8
41.4,22.3,8
41.4,22.6,8
41.4,22.7,8
41.4,22.8,5.33333333333333
41.4,23.3,4.57142857142857
41.4,23.4,7.2
41.4,23.5,4.96551724137931
41.4,23.8,7.2
41.4,24.2,7.20689655172414
41.4,24.3,8
41.4,24.6,8
41.4,24.7,7.28125
41.4,24.8,8
41.4,27,8
41.4,27.1,8
41.4,27.6,8
41.4,27.7,8.25
41.4,27.8,8.1
41.4,27.9,7.2
41.4,28,7
41.4,28.3,5.86666666666667
41.4,28.4,4.77777777777778
41.4,28.5,6.46153846153846
41.4,28.6,6.31372549019608
41.4,28.7,7.12915129151292
41.4,28.8,5.67647058823529
41.4,28.9,0
41.4,29,4.57142857142857
41.4,29.2,8
41.4,29.3,5.88333333333333
41.4,29.4,6.13636363636364
41.4,29.5,8
41.4,32.5,8
41.4,33.6,5.6
41.4,33.7,6
41.4,33.8,6.2
41.4,33.9,5.55555555555556
41.4,34,6.55555555555556
41.4,34.1,4.88888888888889
41.4,34.4,0
41.4,34.5,0
41.4,34.9,8
41.4,35.3,8
41.4,35.4,3.2
41.4,35.5,9
41.4,35.6,9
41.4,35.7,9
41.4,35.8,9
41.4,35.9,9
41.4,36,8.5
41.4,37.1,2.66666666666667
41.4,37.2,3.63636363636364
41.4,37.3,5.33333333333333
41.4,37.4,0
41.4,37.5,1.6
41.4,37.6,1.33333333333333
41.4,37.7,5.33333333333333
41.4,37.8,5.33333333333333
41.4,40.9,8
41.4,41.1,8
41.4,42.4,6.07692307692308
41.4,42.5,5.77777777777778
41.4,42.6,4.64285714285714
41.4,42.7,6.36842105263158
41.4,42.8,6.96153846153846
41.4,42.9,5.5
41.4,43,6.31818181818182
41.4,43.1,4.70588235294118
41.4,43.2,5.2
41.4,43.3,4.44444444444444
41.4,43.4,6.22222222222222
41.4,43.5,4.7
41.4,43.6,6.22222222222222
41.4,43.7,7.5
41.4,43.8,5.44444444444444
41.4,43.9,6.85714285714286
41.4,44.1,4.16666666666667
41.4,44.2,4.92307692307692
41.4,44.3,0
41.5,-9.1,7.04166666666667
41.5,-9,8
41.5,-8.7,8
41.5,-8.6,8
41.5,-8.2,8
41.5,-8.1,7.38461538461539
41.5,-7.4,8
41.5,-7.3,8
41.5,-7.1,6.4
41.5,-7,7.57894736842105
41.5,-6.9,8
41.5,-6.7,7.63636363636364
41.5,-6.5,8
41.5,-6.4,7
41.5,-6.3,7
41.5,-6.2,8
41.5,-6.1,6.90909090909091
41.5,-6,6.62068965517241
41.5,-5.9,6.85714285714286
41.5,-5.8,7.72413793103448
41.5,-5.7,6.72727272727273
41.5,-5.6,7.77142857142857
41.5,-5.5,8
41.5,-5.4,5.33333333333333
41.5,-5.3,8
41.5,-4.3,8
41.5,-3.6,6.85714285714286
41.5,-3.4,8
41.5,-3.1,7.42857142857143
41.5,-2.9,4
41.5,-2.8,8
41.5,-2.7,6.08333333333333
41.5,-2.5,3.66666666666667
41.5,-1.6,5.5
41.5,-1.5,6.72
41.5,-1.3,2
41.5,-1.2,8
41.5,0.2,6.8
41.5,0.3,7.65217391304348
41.5,1,7.2
41.5,1.1,7.42857142857143
41.5,1.2,8
41.5,1.3,8
41.5,1.4,7.11111111111111
41.5,1.5,7.27272727272727
41.5,1.7,7.46666666666667
41.5,1.9,8
41.5,2,7.30434782608696
41.5,2.1,6.23529411764706
41.5,2.2,6.5
41.5,2.3,5.70114942528736
41.5,2.4,6.8125
41.5,2.5,6.38888888888889
41.5,2.9,7.38461538461539
41.5,3,8
41.5,3.1,8.06666666666667
41.5,3.2,8
41.5,3.3,8
41.5,3.6,8
41.5,3.7,8
41.5,3.8,8
41.5,3.9,8
41.5,4.5,7.7037037037037
41.5,4.6,7.47142857142857
41.5,4.7,5.71428571428571
41.5,5.2,7.2
41.5,5.3,6.54545454545455
41.5,6,8
41.5,6.1,7.76470588235294
41.5,6.2,8.35
41.5,8,8
41.5,8.1,8
41.5,8.7,9
41.5,8.8,8.53333333333333
41.5,8.9,7.76
41.5,9,8
41.5,9.1,8.74074074074074
41.5,9.2,8
41.5,10.1,6.4
41.5,10.2,8
41.5,10.8,8
41.5,10.9,7.5
41.5,11,6.93333333333333
41.5,11.1,7.78787878787879
41.5,11.2,7.75
41.5,11.3,8
41.5,11.5,8
41.5,11.7,8
41.5,11.8,8
41.5,12.1,8
41.5,12.2,8
41.5,12.3,7.21052631578947
41.5,12.4,8
41.5,12.5,7.23809523809524
41.5,12.6,8
41.5,12.7,9
41.5,12.8,9
41.5,12.9,6
41.5,13,8
41.5,13.1,7.42857142857143
41.5,13.2,7.6
41.5,13.3,7.55555555555556
41.5,13.4,8
41.5,13.5,7.38461538461539
41.5,13.6,8.04
41.5,13.7,7.38461538461539
41.5,13.8,7.11111111111111
41.5,13.9,8.14285714285714
41.5,14.1,8
41.5,14.2,7.78947368421053
41.5,14.3,7.38461538461539
41.5,16.3,4.57142857142857
41.5,16.4,4
41.5,17.2,4
41.5,17.3,3.63636363636364
41.5,17.4,0
41.5,17.5,4.22222222222222
41.5,18.1,5.33333333333333
41.5,19,1.33333333333333
41.5,19.1,2
41.5,19.2,6
41.5,19.3,8
41.5,19.5,7.27272727272727
41.5,19.6,5.6
41.5,19.7,8
41.5,19.9,8
41.5,21,6.4
41.5,21.1,8
41.5,21.2,6.25
41.5,21.6,8
41.5,21.7,8
41.5,22,8
41.5,22.1,7.57894736842105
41.5,22.2,8
41.5,22.5,8
41.5,22.6,8
41.5,23.2,6.85714285714286
41.5,23.3,2
41.5,23.4,8
41.5,23.5,4
41.5,23.7,8
41.5,23.8,8
41.5,24.1,7.57142857142857
41.5,24.2,6.73076923076923
41.5,24.5,8.14285714285714
41.5,24.6,7.3030303030303
41.5,24.7,8
41.5,26.8,8.42857142857143
41.5,26.9,6.66666666666667
41.5,27,6.54545454545455
41.5,27.1,6.7
41.5,27.2,3.1
41.5,27.5,6
41.5,27.6,8
41.5,27.8,6.4
41.5,27.9,6.85714285714286
41.5,28.2,2.28571428571429
41.5,28.3,6.66666666666667
41.5,28.4,6.41463414634146
41.5,28.5,5.52112676056338
41.5,28.6,6.38461538461539
41.5,28.7,5.65562913907285
41.5,28.8,7.75
41.5,28.9,6
41.5,29,5.71428571428571
41.5,29.1,5.05263157894737
41.5,29.2,6.17647058823529
41.5,29.4,6.640625
41.5,29.5,4
41.5,31.5,8
41.5,31.6,8
41.5,32.4,8
41.5,33.1,2.125
41.5,33.2,2.11111111111111
41.5,33.3,3.9
41.5,33.4,4.66666666666667
41.5,33.5,2.88888888888889
41.5,33.6,9
41.5,34.8,8
41.5,35,9
41.5,35.1,9
41.5,35.2,9
41.5,35.3,9
41.5,35.4,9
41.5,35.5,8
41.5,35.7,8
41.5,35.8,8
41.5,37.9,8
41.5,38,8
41.5,38.1,8
41.5,38.2,8
41.5,38.3,8
41.5,41.2,8
41.5,41.3,7.66666666666667
41.5,41.4,7
41.5,41.5,2.66666666666667
41.5,43,0
41.5,43.1,3.63636363636364
41.5,43.2,4.8
41.5,43.3,2.28571428571429
41.5,43.9,8
41.5,44,3.88888888888889
41.5,44.1,7.88888888888889
41.5,44.2,8
41.5,44.3,5.05263157894737
41.5,44.4,3.42857142857143
41.5,44.5,0
41.5,44.6,0
41.5,44.7,2
41.6,-9.1,7
41.6,-9,6.31578947368421
41.6,-8.7,7.16666666666667
41.6,-8.6,5.33333333333333
41.6,-8.1,8
41.6,-8,5.71428571428571
41.6,-7.6,8
41.6,-7.5,8
41.6,-7.4,7
41.6,-7.3,7.15789473684211
41.6,-7.2,8
41.6,-7.1,8
41.6,-7,8
41.6,-6.7,6.28571428571429
41.6,-6.6,2
41.6,-5.9,7.2
41.6,-5.8,7.46666666666667
41.6,-5.7,7.30434782608696
41.6,-5.6,7.19607843137255
41.6,-5.5,6.22222222222222
41.6,-5.4,7.23809523809524
41.6,-5.3,8
41.6,-5.2,7.2
41.6,-5.1,8
41.6,-5,8
41.6,-4.6,0
41.6,-4.5,0.45
41.6,-4.4,0.257142857142857
41.6,-4.3,4.90909090909091
41.6,-4.2,8
41.6,-3.6,8
41.6,-3.4,8
41.6,-3.1,7.46666666666667
41.6,-2.7,6.4
41.6,-2.5,6.22222222222222
41.6,-2.4,4
41.6,-1.5,7.27272727272727
41.6,-1.4,6.81481481481481
41.6,0.2,8
41.6,0.3,7.74193548387097
41.6,0.7,6.66666666666667
41.6,0.8,8
41.6,0.9,8
41.6,1,7.68
41.6,1.1,7.07692307692308
41.6,1.2,8
41.6,1.3,8
41.6,1.4,8
41.6,1.6,8
41.6,1.7,6
41.6,1.8,6.15384615384615
41.6,1.9,5.06666666666667
41.6,2,6
41.6,2.3,6.72
41.6,2.4,6.66666666666667
41.6,2.5,7.11111111111111
41.6,2.6,8.04444444444444
41.6,2.7,8
41.6,3,7.63636363636364
41.6,3.1,8
41.6,3.3,6.85714285714286
41.6,3.4,8
41.6,3.7,8
41.6,3.8,8
41.6,3.9,7.25
41.6,4,8
41.6,4.5,6.76923076923077
41.6,4.6,7.74
41.6,4.7,7.15555555555556
41.6,4.8,7.55555555555556
41.6,5.2,8
41.6,5.3,8
41.6,6.2,8
41.6,6.3,8.37037037037037
41.6,6.4,8.83333333333333
41.6,7.4,8
41.6,7.5,8
41.6,8,8
41.6,8.8,8.07142857142857
41.6,8.9,8
41.6,9.1,8.85
41.6,9.2,8
41.6,9.3,8
41.6,9.4,8
41.6,9.5,8
41.6,9.6,7.57894736842105
41.6,9.7,8
41.6,9.8,8
41.6,9.9,8
41.6,10,8
41.6,10.1,7.42857142857143
41.6,10.2,7.52941176470588
41.6,10.3,8
41.6,10.8,8
41.6,10.9,8
41.6,11,8
41.6,11.1,8
41.6,11.2,7.38461538461539
41.6,11.3,8
41.6,11.4,6.8
41.6,11.5,6.66666666666667
41.6,11.6,7.48484848484848
41.6,11.7,7.2
41.6,11.9,8
41.6,12,8
41.6,12.1,8
41.6,12.2,8
41.6,12.3,8
41.6,12.4,8
41.6,12.5,8.28571428571429
41.6,12.6,8.6
41.6,12.7,8.5
41.6,12.8,6.96
41.6,12.9,7.2
41.6,13,8
41.6,13.8,8
41.6,14,7.57894736842105
41.6,14.1,7.94594594594595
41.6,14.8,7.875
41.6,14.9,7.2
41.6,15,8
41.6,16.3,8
41.6,17.1,5
41.6,17.2,3.4
41.6,17.5,4.57142857142857
41.6,18.8,5
41.6,18.9,4.8
41.6,19,5.71428571428571
41.6,19.1,0
41.6,19.3,5
41.6,19.4,7.2
41.6,19.6,3.33333333333333
41.6,19.7,8
41.6,19.8,8
41.6,19.9,0
41.6,20.8,6.76923076923077
41.6,20.9,5.33333333333333
41.6,21,6
41.6,21.5,8
41.6,21.6,7
41.6,21.9,7.42857142857143
41.6,22,6.31578947368421
41.6,22.1,8
41.6,22.5,8
41.6,23.2,7.42857142857143
41.6,23.3,7.65217391304348
41.6,23.4,8
41.6,23.5,6.09090909090909
41.6,23.7,7.27272727272727
41.6,24,6.66666666666667
41.6,24.1,7.12121212121212
41.6,24.3,8.5
41.6,24.4,8
41.6,24.5,7.73076923076923
41.6,24.6,7.8
41.6,26.8,7.04
41.6,26.9,8
41.6,27.7,8
41.6,27.8,8
41.6,28.1,6
41.6,28.2,5.23076923076923
41.6,28.3,5.47058823529412
41.6,28.4,5.67741935483871
41.6,28.5,4.01785714285714
41.6,28.6,5.25806451612903
41.6,28.7,5.42391304347826
41.6,28.8,5.46590909090909
41.6,28.9,5.88311688311688
41.6,29,5.91803278688525
41.6,29.1,5.41176470588235
41.6,29.2,6.44
41.6,29.3,6.26470588235294
41.6,29.4,5.92592592592593
41.6,29.5,4.75
41.6,30.3,8
41.6,31.7,8
41.6,31.9,8
41.6,32.3,8
41.6,33,0
41.6,35.1,8
41.6,35.3,8
41.6,35.4,8
41.6,41.5,8
41.6,41.6,8
41.6,41.7,4
41.6,41.9,4
41.6,42,6.33333333333333
41.6,42.1,7.11111111111111
41.6,42.2,8
41.6,42.3,8
41.6,42.4,8
41.6,42.6,7.11111111111111
41.6,42.7,6.22222222222222
41.6,42.8,5.625
41.6,42.9,7.58823529411765
41.6,43,6.5
41.6,43.1,5
41.6,43.2,5.81818181818182
41.6,43.3,5.05263157894737
41.6,43.4,4.82142857142857
41.6,43.5,5.40740740740741
41.6,43.6,5.86666666666667
41.6,43.7,4.44444444444444
41.6,43.8,3.55555555555556
41.6,43.9,0
41.6,44,0
41.6,44.1,0
41.6,44.2,0
41.6,44.3,1.77777777777778
41.6,44.4,4.57142857142857
41.6,44.5,2.28571428571429
41.7,-10.6,8
41.7,-10.5,6
41.7,-9,6.11764705882353
41.7,-8.6,5.55
41.7,-8.5,8
41.7,-8.4,6.85714285714286
41.7,-8.3,7
41.7,-8.2,6.85714285714286
41.7,-8.1,8
41.7,-8,6.73684210526316
41.7,-7.9,8
41.7,-7.8,8
41.7,-7.7,8
41.7,-7.6,8
41.7,-7.3,8
41.7,-7.2,8
41.7,-7,8
41.7,-6.7,8
41.7,-6.6,6
41.7,-6.1,8
41.7,-6,7.27272727272727
41.7,-5.9,5.77777777777778
41.7,-5.8,8
41.7,-5.7,5.33333333333333
41.7,-5.6,8
41.7,-5.5,8
41.7,-5.4,8
41.7,-5.3,7.42857142857143
41.7,-5.2,6.8
41.7,-5.1,8.08333333333333
41.7,-5,7
41.7,-4.9,8
41.7,-4.8,3.2
41.7,-4.3,7.46875
41.7,-4.2,8
41.7,-4.1,7.11111111111111
41.7,-3.6,8
41.7,-3.1,7.63636363636364
41.7,-3,6
41.7,-2.4,6.66666666666667
41.7,-1.4,8
41.7,-1.3,5.33333333333333
41.7,0.2,7
41.7,0.3,6.82352941176471
41.7,0.4,7.61904761904762
41.7,0.5,8
41.7,0.6,7.55555555555556
41.7,0.7,7.52941176470588
41.7,0.8,7.11111111111111
41.7,0.9,8
41.7,1,7.66666666666667
41.7,1.1,8
41.7,1.4,7.27272727272727
41.7,1.5,6.4
41.7,1.6,7.11111111111111
41.7,1.8,7
41.7,1.9,4.74074074074074
41.7,2.3,7.38461538461539
41.7,2.6,6.63636363636364
41.7,2.7,7.7037037037037
41.7,2.8,7.65217391304348
41.7,2.9,8.25
41.7,3.1,7
41.7,3.2,7.21428571428571
41.7,3.8,7.38461538461539
41.7,3.9,7.63636363636364
41.7,4,8
41.7,4.5,7.40740740740741
41.7,4.6,6.85714285714286
41.7,4.7,7.88135593220339
41.7,4.8,7.05882352941176
41.7,4.9,7.30434782608696
41.7,5,8
41.7,5.2,8
41.7,6.4,8.04761904761905
41.7,6.5,7.52631578947368
41.7,7.3,8
41.7,7.4,8
41.7,7.9,8
41.7,8,8
41.7,8.7,7
41.7,8.8,8
41.7,9.1,9
41.7,9.2,9
41.7,9.5,8
41.7,9.6,8
41.7,9.7,8
41.7,9.8,8
41.7,10.3,7.5
41.7,10.8,8
41.7,10.9,8
41.7,11,8.11111111111111
41.7,11.1,8
41.7,11.2,8
41.7,11.4,8
41.7,11.5,8
41.7,11.6,8
41.7,11.7,7.11111111111111
41.7,11.8,7.54285714285714
41.7,11.9,7.2
41.7,12,6.66666666666667
41.7,12.1,5.5
41.7,12.2,8
41.7,12.3,8
41.7,12.4,8
41.7,12.5,8.44117647058824
41.7,12.6,7.94736842105263
41.7,12.7,8
41.7,13,0
41.7,13.4,8
41.7,13.7,8
41.7,13.9,8
41.7,14,7.30434782608696
41.7,14.1,8
41.7,14.4,8
41.7,14.5,8
41.7,14.6,8
41.7,14.7,8
41.7,14.8,8
41.7,16.6,4
41.7,16.7,6
41.7,16.9,4
41.7,17,6.76470588235294
41.7,17.1,5.27272727272727
41.7,17.2,3.42857142857143
41.7,17.3,6.85714285714286
41.7,17.4,6.11111111111111
41.7,18.6,0
41.7,18.7,3.2
41.7,18.8,4.92307692307692
41.7,18.9,4.8
41.7,19.1,8
41.7,19.2,4
41.7,19.3,8
41.7,19.4,0
41.7,19.5,2.28571428571429
41.7,19.6,2.75
41.7,19.7,8
41.7,20.6,6
41.7,20.7,6.4
41.7,20.8,8
41.7,21.4,8
41.7,21.5,5.85714285714286
41.7,21.7,8
41.7,21.8,8
41.7,21.9,7.27272727272727
41.7,23.1,8
41.7,23.2,8
41.7,23.3,7.6
41.7,23.5,1.45454545454545
41.7,23.9,8
41.7,24,7.07692307692308
41.7,24.1,8
41.7,24.3,8.09090909090909
41.7,24.4,7.61111111111111
41.7,24.5,8
41.7,26.6,8
41.7,26.7,8
41.7,26.8,7.27272727272727
41.7,26.9,8
41.7,27.9,8
41.7,28,6.3448275862069
41.7,28.1,6.46341463414634
41.7,28.2,6.09523809523809
41.7,28.3,6.08333333333333
41.7,28.5,4.9375
41.7,28.6,5.09090909090909
41.7,28.8,5.77777777777778
41.7,28.9,6.85714285714286
41.7,29,4
41.7,29.1,6.08333333333333
41.7,29.2,5.47368421052632
41.7,29.3,5.33333333333333
41.7,29.4,0
41.7,29.5,5.84210526315789
41.7,30.6,4.25
41.7,30.7,4.8
41.7,30.8,5.33333333333333
41.7,30.9,6
41.7,32,8
41.7,32.1,8
41.7,32.3,8
41.7,32.9,0
41.7,34.7,8
41.7,34.8,8
41.7,35,8
41.7,41.5,8
41.7,41.6,8
41.7,41.7,8
41.7,41.9,8
41.7,42,5
41.7,42.1,6.625
41.7,42.2,4.58333333333333
41.7,42.3,5.125
41.7,42.4,8
41.7,42.7,0
41.7,43.1,4.8
41.7,43.2,5.33333333333333
41.7,43.6,5.33333333333333
41.7,43.7,4.36363636363636
41.7,43.8,4
41.7,44.6,3.33333333333333
41.7,44.7,5.5
41.7,44.9,3.25
41.7,45,0
41.8,-11,8
41.8,-10.9,7.2
41.8,-10.8,6.22222222222222
41.8,-10.7,7.11111111111111
41.8,-10.6,6
41.8,-9,7.11111111111111
41.8,-8.9,6
41.8,-8.8,8
41.8,-8.7,8
41.8,-8.6,6.92307692307692
41.8,-8.5,8
41.8,-8.4,8
41.8,-7.9,7.42857142857143
41.8,-7.2,7.33333333333333
41.8,-7,8
41.8,-6.6,7
41.8,-6.5,5.71428571428571
41.8,-6.3,8
41.8,-6.2,7.63636363636364
41.8,-6.1,7.40740740740741
41.8,-6,7.33333333333333
41.8,-5.9,4
41.8,-5.5,7.13793103448276
41.8,-5.1,8
41.8,-5,6.76923076923077
41.8,-4.9,7.38461538461539
41.8,-4.8,3.27272727272727
41.8,-4.7,3.15151515151515
41.8,-4.6,5.47368421052632
41.8,-4.3,8.03225806451613
41.8,-4.1,8
41.8,-3.6,8
41.8,-3.1,7.46666666666667
41.8,-3,7.27272727272727
41.8,-2.4,6
41.8,-2.3,8
41.8,-1.3,6.54545454545455
41.8,-1.2,7.04
41.8,-0.1,8
41.8,0,7.57894736842105
41.8,0.1,7.23809523809524
41.8,0.2,6.22222222222222
41.8,0.3,6.4390243902439
41.8,0.9,7
41.8,1,7.36
41.8,1.1,8
41.8,1.3,8
41.8,1.8,7.24
41.8,1.9,7
41.8,2.2,7.5
41.8,2.3,8
41.8,2.7,7.57894736842105
41.8,2.9,8
41.8,3,8
41.8,3.2,7.76923076923077
41.8,3.3,7.97368421052632
41.8,3.7,8
41.8,3.8,8
41.8,3.9,7.11111111111111
41.8,4,8
41.8,4.5,7.5
41.8,4.6,6.85714285714286
41.8,4.7,7.125
41.8,4.8,8.29166666666667
41.8,4.9,6.66666666666667
41.8,5,5.91304347826087
41.8,5.1,5.71428571428571
41.8,5.2,7.2
41.8,6.5,8.42857142857143
41.8,6.6,8.35
41.8,6.7,8
41.8,7.1,8
41.8,7.2,8
41.8,7.3,8
41.8,8.6,8
41.8,8.7,8
41.8,9.2,8.41176470588235
41.8,9.4,5.33333333333333
41.8,9.5,6.85714285714286
41.8,9.9,7.11111111111111
41.8,10,8
41.8,10.1,8
41.8,10.2,6.85714285714286
41.8,10.3,8
41.8,10.4,8
41.8,10.7,8
41.8,10.8,7.11111111111111
41.8,10.9,8
41.8,11.1,8
41.8,11.2,7.46666666666667
41.8,11.3,6.83333333333333
41.8,11.4,8
41.8,11.7,8
41.8,11.8,8
41.8,11.9,8
41.8,12,7.38461538461539
41.8,12.1,8
41.8,12.2,7.75129533678756
41.8,12.3,7.87700534759358
41.8,12.4,8
41.8,12.5,7.74193548387097
41.8,12.6,8.01449275362319
41.8,12.7,7.2
41.8,12.9,0
41.8,13,0
41.8,13.3,8
41.8,13.4,8
41.8,13.6,8
41.8,13.7,8
41.8,13.8,8.07142857142857
41.8,13.9,8
41.8,14.1,8
41.8,14.2,8
41.8,14.3,8
41.8,14.4,7.2
41.8,15.4,8
41.8,15.5,8
41.8,16.3,2.66666666666667
41.8,16.4,4.8
41.8,16.5,6.05
41.8,16.6,6.58823529411765
41.8,16.7,7
41.8,16.8,5.42105263157895
41.8,16.9,5.5625
41.8,18.4,8
41.8,18.5,1.84615384615385
41.8,18.6,3.73333333333333
41.8,18.7,5.71428571428571
41.8,18.8,0
41.8,18.9,8
41.8,19,6.22222222222222
41.8,19.1,4
41.8,19.2,1.52380952380952
41.8,19.3,1.42857142857143
41.8,19.4,1.09090909090909
41.8,19.5,6.66666666666667
41.8,19.6,8
41.8,20.4,6
41.8,20.5,7.27272727272727
41.8,20.6,8
41.8,21.4,8
41.8,21.6,7.6
41.8,21.7,5.96428571428571
41.8,21.8,3.47826086956522
41.8,21.9,7.33333333333333
41.8,22,8
41.8,23.1,8
41.8,23.2,7.35135135135135
41.8,23.5,2
41.8,23.8,8
41.8,23.9,6.75
41.8,24.1,8
41.8,24.2,8
41.8,24.3,7.46666666666667
41.8,24.4,8
41.8,25.6,8
41.8,25.7,8
41.8,25.8,8
41.8,25.9,8
41.8,26,8
41.8,26.1,8
41.8,26.2,8
41.8,26.3,8
41.8,26.4,8
41.8,26.5,8.1
41.8,26.6,8
41.8,26.7,7.46666666666667
41.8,26.8,8
41.8,27.7,8
41.8,27.8,7.71428571428571
41.8,27.9,6.64583333333333
41.8,28,7.13513513513514
41.8,28.1,8
41.8,28.4,8
41.8,28.5,6.4
41.8,28.7,4.8
41.8,28.8,6.05882352941176
41.8,29.3,6.11764705882353
41.8,29.4,6.07692307692308
41.8,29.5,6.5
41.8,29.6,6.4
41.8,30.5,8
41.8,30.6,8
41.8,31.5,7
41.8,32.6,6
41.8,32.8,0
41.8,34.6,8
41.8,42.2,7.33333333333333
41.8,42.3,5.875
41.8,42.4,6.22222222222222
41.8,42.5,5.71428571428571
41.8,42.6,6.6
41.8,44.7,3.63636363636364
41.8,44.8,3.55555555555556
41.8,44.9,4
41.9,-11.4,4.57142857142857
41.9,-11.3,6.4
41.9,-11.2,4
41.9,-11.1,5
41.9,-11,4.57142857142857
41.9,-8.9,8
41.9,-8.8,8
41.9,-7.9,8
41.9,-7.8,8
41.9,-7.2,8
41.9,-7.1,6.85714285714286
41.9,-6.5,8
41.9,-6.4,7.66666666666667
41.9,-6.3,8
41.9,-6.2,6.54545454545455
41.9,-6.1,2.66666666666667
41.9,-5.5,7.66666666666667
41.9,-5.4,7.36
41.9,-4.6,7.2
41.9,-4.5,5.2
41.9,-4.4,5.64705882352941
41.9,-4.3,6.94736842105263
41.9,-4.1,6.45454545454545
41.9,-3.6,8
41.9,-3.1,5.71428571428571
41.9,-2.3,6.66666666666667
41.9,-1.3,5.33333333333333
41.9,-1.2,7.15789473684211
41.9,-1.1,7.38461538461539
41.9,-0.5,8
41.9,-0.4,8
41.9,-0.3,8
41.9,-0.2,8
41.9,-0.1,8
41.9,0.3,8
41.9,0.4,8
41.9,0.5,5.33333333333333
41.9,0.6,8
41.9,0.7,8
41.9,0.8,7.5
41.9,0.9,8
41.9,1,6.66666666666667
41.9,1.1,6.95652173913043
41.9,1.3,7
41.9,1.4,6.4
41.9,1.7,6.15384615384615
41.9,1.8,5.71428571428571
41.9,2.2,8
41.9,2.7,7.38461538461539
41.9,3.1,7.27272727272727
41.9,3.2,8
41.9,3.3,8
41.9,3.4,7.47826086956522
41.9,3.5,8
41.9,3.7,8
41.9,3.8,8
41.9,3.9,8
41.9,4,7.33333333333333
41.9,4.1,8
41.9,4.5,7.77777777777778
41.9,4.6,7.38461538461539
41.9,4.7,8
41.9,4.8,8.6
41.9,4.9,7.33333333333333
41.9,5,7.42857142857143
41.9,5.1,7.30434782608696
41.9,5.2,7.57894736842105
41.9,6.6,8
41.9,6.7,8
41.9,6.8,6.66666666666667
41.9,7,8
41.9,7.1,8
41.9,8.6,8
41.9,9.2,8.94117647058824
41.9,10.2,8
41.9,10.3,8
41.9,10.4,8.04761904761905
41.9,10.5,8
41.9,10.6,8
41.9,10.7,8
41.9,10.8,7.38461538461539
41.9,11.3,8
41.9,11.4,8
41.9,11.5,8
41.9,11.6,8
41.9,11.7,8
41.9,12,6.5
41.9,12.1,7.57333333333333
41.9,12.2,7.92792792792793
41.9,12.3,8
41.9,12.4,7.07692307692308
41.9,12.5,7.12903225806452
41.9,12.6,7.46666666666667
41.9,12.7,1.14285714285714
41.9,13.1,8
41.9,13.2,8
41.9,13.3,8
41.9,13.6,8
41.9,13.7,8
41.9,13.8,8
41.9,13.9,8
41.9,14,8
41.9,14.1,8
41.9,15.2,8
41.9,15.3,8
41.9,15.4,8
41.9,15.9,6.22222222222222
41.9,16,5.93333333333333
41.9,16.1,5.77777777777778
41.9,16.2,5.5
41.9,16.3,7.27272727272727
41.9,16.4,8
41.9,16.6,8
41.9,16.7,4.92307692307692
41.9,16.8,8
41.9,18.2,0
41.9,18.3,1.77777777777778
41.9,18.4,3
41.9,18.5,5
41.9,18.6,4
41.9,18.7,8
41.9,18.8,7.55555555555556
41.9,18.9,5.81818181818182
41.9,19,2.13333333333333
41.9,19.1,1.14285714285714
41.9,19.2,1.14285714285714
41.9,19.4,6
41.9,19.5,7.18181818181818
41.9,19.8,2.4
41.9,19.9,6
41.9,20,4
41.9,20.1,8
41.9,20.2,5.33333333333333
41.9,20.3,6.66666666666667
41.9,20.4,7
41.9,20.5,7
41.9,20.6,8
41.9,21.5,7.33333333333333
41.9,21.6,7.15
41.9,21.7,3.55555555555556
41.9,21.8,6.85185185185185
41.9,21.9,8
41.9,23,8
41.9,23.1,7.42307692307692
41.9,23.2,8
41.9,23.5,5.33333333333333
41.9,23.8,7.92857142857143
41.9,24.2,8
41.9,24.3,7.88888888888889
41.9,24.5,8.125
41.9,24.6,7.11111111111111
41.9,24.7,8
41.9,24.8,8
41.9,24.9,7
41.9,25,7
41.9,25.1,8
41.9,25.2,8
41.9,25.3,8
41.9,25.4,8
41.9,25.5,7.11111111111111
41.9,25.6,8
41.9,26,8
41.9,26.1,8
41.9,26.2,8
41.9,26.4,8
41.9,26.5,8
41.9,26.6,8
41.9,27.5,7.57894736842105
41.9,27.6,8
41.9,27.7,6.28571428571429
41.9,27.8,7.74193548387097
41.9,27.9,8
41.9,28.4,7.92307692307692
41.9,28.8,7.33333333333333
41.9,29.1,7.83333333333333
41.9,29.2,6.85714285714286
41.9,29.3,8
41.9,30.7,7.5
41.9,30.8,4.57142857142857
41.9,30.9,6.71428571428571
41.9,31,5.28571428571429
41.9,31.2,7
41.9,31.3,7
41.9,32.2,4
41.9,32.3,6
41.9,32.5,6
41.9,33.7,0
41.9,33.8,0
41.9,39.9,0
41.9,42.6,4.5
41.9,42.7,3.57142857142857
41.9,42.8,5.33333333333333
41.9,42.9,5.71428571428571
41.9,43,5.71428571428571
41.9,44.9,5.71428571428571
42,-11.9,8
42,-11.8,6.22222222222222
42,-11.7,7.11111111111111
42,-11.6,7.11111111111111
42,-11.5,5.33333333333333
42,-11.4,4
42,-8.8,6.66666666666667
42,-8.7,6
42,-7.1,7.33333333333333
42,-6.6,8
42,-6.5,8
42,-6.4,8
42,-5.4,7.2
42,-4.3,6
42,-4.2,7.40476190476191
42,-4.1,8
42,-3.6,6.15384615384615
42,-3.1,6.76923076923077
42,-2.8,7.27272727272727
42,-2.3,6.66666666666667
42,-2.2,8
42,-1.2,8
42,-1.1,8
42,-1,8
42,-0.9,8
42,-0.8,8
42,-0.7,8
42,-0.6,8
42,-0.5,8
42,0.2,8
42,0.3,6
42,0.4,7.06976744186047
42,0.5,8
42,1.1,6.70967741935484
42,1.3,8
42,1.4,7.55555555555556
42,1.7,7
42,2,8
42,2.2,8
42,2.7,6.70967741935484
42,3.3,8
42,3.4,7.63636363636364
42,3.5,7.97297297297297
42,3.6,7.11111111111111
42,4,7.57894736842105
42,4.1,8
42,4.2,8
42,4.3,8
42,4.5,7.75
42,4.6,6.28571428571429
42,4.8,6.76923076923077
42,4.9,7.1
42,5,7.33333333333333
42,5.1,6.85714285714286
42,5.2,6.54545454545455
42,5.3,6.15
42,5.4,8
42,6.6,8
42,6.7,8
42,6.8,8
42,6.9,6.95652173913043
42,7,8
42,8.5,7.25
42,8.6,8
42,9.1,8
42,9.2,9
42,10.4,7.65
42,10.6,7.27272727272727
42,10.7,8
42,10.8,8
42,11.3,8.07692307692308
42,11.4,8.09090909090909
42,11.5,7.38461538461539
42,11.7,7.66666666666667
42,11.8,8
42,11.9,5.93548387096774
42,12,7
42,12.1,6.81967213114754
42,12.2,6.99159663865546
42,12.4,7.38461538461539
42,12.5,4.87142857142857
42,12.6,0
42,12.7,6.93333333333333
42,12.8,8
42,12.9,8
42,13,8
42,13.1,8
42,13.4,8
42,13.5,8
42,13.6,7.92857142857143
42,13.7,8
42,13.8,8
42,15.1,7.71428571428571
42,15.2,6.22222222222222
42,15.3,8
42,15.4,8
42,15.5,7.3
42,15.6,6
42,15.7,4.8
42,15.8,6.54545454545455
42,15.9,4
42,16.6,5.5
42,18.2,3.29411764705882
42,18.3,5.71428571428571
42,18.4,4.8
42,18.5,6.66666666666667
42,18.6,3.2
42,18.7,4.21052631578947
42,18.8,4
42,18.9,0
42,19,4.92307692307692
42,19.1,4
42,19.3,5.81818181818182
42,19.4,7.65217391304348
42,19.5,5.17647058823529
42,19.6,4.36363636363636
42,19.7,4.8
42,20.1,8
42,20.2,3.63636363636364
42,20.6,8
42,20.7,8
42,20.8,8
42,20.9,8
42,21,6.85714285714286
42,21.4,7.6
42,21.5,7.5
42,21.6,7.28888888888889
42,21.7,7.11111111111111
42,23,6.22222222222222
42,23.1,7.57894736842105
42,23.5,2.90909090909091
42,23.7,7.38461538461539
42,23.8,8
42,24.2,8
42,25.9,8
42,26,8
42,26.2,8
42,26.3,7.2
42,26.4,8
42,26.5,8
42,27.1,8
42,27.2,8
42,27.3,8
42,27.4,7.61904761904762
42,27.5,8
42,27.6,8
42,27.7,7.85714285714286
42,27.8,8
42,28.3,8
42,28.4,8.42857142857143
42,28.8,6.69230769230769
42,28.9,7.90909090909091
42,29,7.4
42,29.2,6.76923076923077
42,30.3,4
42,30.4,6.875
42,30.5,8
42,30.6,5
42,30.7,2
42,31.6,6
42,31.7,6
42,31.8,5.88888888888889
42,31.9,5.21428571428571
42,32,5.45454545454545
42,32.1,6.33333333333333
42,43,8
42,43.1,5.57142857142857
42,43.2,8.14285714285714
42,43.3,6
42.1,-12.1,4
42.1,-12,4.8
42.1,-11.9,5.71428571428571
42.1,-8.7,8
42.1,-8.6,8
42.1,-8.4,0
42.1,-7.1,8
42.1,-7,6.71428571428571
42.1,-6.8,8
42.1,-6.7,7.57894736842105
42.1,-6.6,8
42.1,-6.4,8
42.1,-6.3,5.81818181818182
42.1,-5.8,0
42.1,-5.3,6.4
42.1,-4.2,6.19354838709677
42.1,-4.1,7.59090909090909
42.1,-3.1,6.76923076923077
42.1,-2.8,8
42.1,-2.7,6.15384615384615
42.1,-2.2,8
42.1,-1.4,8
42.1,-1.3,8
42.1,-1.2,8
42.1,-1.1,6.15384615384615
42.1,-1,7.63636363636364
42.1,-0.9,8
42.1,-0.1,8
42.1,0,7
42.1,0.1,6
42.1,0.2,8
42.1,0.4,7.45454545454545
42.1,1,6.54545454545455
42.1,1.1,8
42.1,1.4,7.7037037037037
42.1,1.6,7.92307692307692
42.1,1.7,7.11111111111111
42.1,2,7.11111111111111
42.1,2.1,8
42.1,2.2,8
42.1,2.7,7.95
42.1,2.8,8
42.1,3.4,8
42.1,3.5,7.61904761904762
42.1,3.6,7.2156862745098
42.1,3.7,6.78947368421053
42.1,4,8
42.1,4.1,7.52941176470588
42.1,4.3,8
42.1,4.4,8
42.1,4.5,7.27272727272727
42.1,4.6,6.85714285714286
42.1,4.8,6.66666666666667
42.1,5,8.21428571428571
42.1,5.1,7.23809523809524
42.1,5.2,8
42.1,5.3,6.4
42.1,5.4,5.36363636363636
42.1,5.5,8
42.1,6.7,7.22222222222222
42.1,6.8,7.52941176470588
42.1,6.9,7.11111111111111
42.1,7,8
42.1,7.1,7.54545454545455
42.1,7.5,8
42.1,7.6,8
42.1,8.1,2.66666666666667
42.1,8.2,4
42.1,8.4,8
42.1,8.5,8
42.1,9.1,8
42.1,10.4,8.03571428571429
42.1,10.5,8
42.1,10.6,8.0625
42.1,10.7,8
42.1,11.2,8
42.1,11.3,8
42.1,11.4,8
42.1,11.5,8
42.1,11.6,8
42.1,11.7,6.48101265822785
42.1,11.8,6.52083333333333
42.1,11.9,6.12359550561798
42.1,12,5.70212765957447
42.1,12.1,6.4
42.1,12.2,6
42.1,12.3,8
42.1,12.4,8
42.1,12.5,4.92307692307692
42.1,12.6,8
42.1,12.7,5.86666666666667
42.1,12.8,8
42.1,12.9,8
42.1,13,8
42.1,13.1,8
42.1,13.3,8
42.1,13.4,8.02702702702703
42.1,13.5,8
42.1,13.6,8
42.1,14.9,8
42.1,15,7.2
42.1,15.1,8
42.1,15.3,8
42.1,15.7,3.63636363636364
42.1,15.8,6.27777777777778
42.1,18,8
42.1,18.1,6
42.1,18.3,5.25
42.1,18.4,4.70588235294118
42.1,18.5,5.81818181818182
42.1,18.6,5.33333333333333
42.1,18.7,8
42.1,18.8,8
42.1,18.9,1.9047619047619
42.1,19.2,6.4
42.1,19.3,7.11111111111111
42.1,19.4,6.15384615384615
42.1,19.5,6
42.1,19.9,5.33333333333333
42.1,20,7.27272727272727
42.1,20.1,6.4
42.1,21.2,8
42.1,21.3,8.08
42.1,21.4,7.63636363636364
42.1,21.5,6.95555555555556
42.1,21.6,8
42.1,23,7.7037037037037
42.1,23.1,0
42.1,23.5,2.13333333333333
42.1,23.7,8
42.1,24.2,8
42.1,26,7
42.1,26.1,8
42.1,26.2,8
42.1,26.3,6.66666666666667
42.1,26.4,8
42.1,27,8
42.1,27.1,8.25
42.1,27.2,8
42.1,27.4,8
42.1,27.5,8.02857142857143
42.1,27.6,7.86764705882353
42.1,27.7,7
42.1,28.3,8
42.1,28.7,7.05555555555556
42.1,28.8,7.36
42.1,29.1,8
42.1,29.2,7.9375
42.1,29.3,0
42.1,31.2,4.57142857142857
42.1,31.3,5.16666666666667
42.1,31.4,6.15789473684211
42.1,31.5,5.52941176470588
42.1,31.6,4.9
42.1,31.7,6.57142857142857
42.1,44,5
42.1,44.1,7.22222222222222
42.1,44.2,4
42.2,-8.6,7
42.2,-8.5,8
42.2,-8.4,0
42.2,-7,6.19354838709677
42.2,-6.9,7.27272727272727
42.2,-6.8,8
42.2,-6.3,8
42.2,-6.2,8
42.2,-5.8,0
42.2,-5.3,8
42.2,-5.2,8
42.2,-4.2,7.46666666666667
42.2,-4.1,7.23809523809524
42.2,-3.6,8
42.2,-3.5,8
42.2,-3.4,8
42.2,-3.3,7
42.2,-3.1,5.86666666666667
42.2,-2.7,6
42.2,-2.6,6.14285714285714
42.2,-2.2,8.33333333333333
42.2,-2.1,8
42.2,-1.9,8
42.2,-1.8,8.6
42.2,-1.7,8
42.2,-1.6,8
42.2,-1.5,8
42.2,-1.4,8
42.2,-1,6.85714285714286
42.2,-0.9,7.23809523809524
42.2,-0.8,8
42.2,-0.4,8
42.2,-0.3,8
42.2,-0.2,6.85714285714286
42.2,-0.1,8
42.2,0.2,8
42.2,0.3,6.4
42.2,0.4,7.45454545454545
42.2,1,8
42.2,1.1,8
42.2,1.4,7.7037037037037
42.2,1.6,7.57894736842105
42.2,1.7,8
42.2,2,7.2
42.2,2.1,8
42.2,2.8,6.76923076923077
42.2,3.6,8
42.2,3.7,7.42857142857143
42.2,3.8,7.33333333333333
42.2,3.9,8
42.2,4.1,7.42857142857143
42.2,4.2,7.7037037037037
42.2,4.5,7.53846153846154
42.2,4.6,8
42.2,5,6.66666666666667
42.2,5.1,8
42.2,5.2,7.5
42.2,5.4,8
42.2,5.5,5.90476190476191
42.2,5.6,6.22222222222222
42.2,6.5,8
42.2,6.6,8
42.2,6.7,8
42.2,6.9,8
42.2,7,8
42.2,7.1,8
42.2,7.5,8
42.2,8,0
42.2,8.1,5.30434782608696
42.2,8.2,0
42.2,9.1,6.15384615384615
42.2,10.4,7.55555555555556
42.2,10.5,8
42.2,10.6,8
42.2,11.1,8
42.2,11.2,8
42.2,11.3,8
42.2,11.4,8
42.2,11.5,8.08333333333333
42.2,11.6,8
42.2,11.7,6.44155844155844
42.2,11.9,4.51282051282051
42.2,12,6.35593220338983
42.2,12.1,6.44444444444444
42.2,12.2,6.62068965517241
42.2,12.3,7.28888888888889
42.2,12.4,7.41463414634146
42.2,12.5,7.38461538461539
42.2,12.6,8
42.2,12.8,8
42.2,12.9,8
42.2,13.1,8
42.2,13.2,8
42.2,13.3,8
42.2,13.4,7.9
42.2,13.5,8
42.2,13.6,8
42.2,13.7,8
42.2,13.8,8
42.2,13.9,8
42.2,14.1,8
42.2,14.8,8
42.2,14.9,8
42.2,15.6,4.66666666666667
42.2,15.7,5.5
42.2,16.2,5.09090909090909
42.2,17.8,6.4
42.2,17.9,6.85714285714286
42.2,18,8
42.2,18.1,2.82352941176471
42.2,18.2,2.47222222222222
42.2,18.3,6.4
42.2,18.4,6
42.2,18.7,7.38461538461539
42.2,18.8,8
42.2,18.9,8
42.2,19.1,8
42.2,19.2,5.64705882352941
42.2,19.3,8
42.2,19.5,4
42.2,19.8,5.6
42.2,19.9,6
42.2,20,5.81818181818182
42.2,20.1,6
42.2,20.9,6.54545454545455
42.2,21,8
42.2,21.1,8
42.2,21.2,7.27272727272727
42.2,21.3,7.61904761904762
42.2,21.4,6.4
42.2,22.1,8
42.2,22.9,7.2
42.2,23,8
42.2,23.1,0
42.2,23.5,0
42.2,23.6,0
42.2,24.2,8
42.2,25.7,8
42.2,25.8,8
42.2,25.9,8
42.2,26,8
42.2,26.1,8
42.2,26.2,8
42.2,26.3,8
42.2,26.8,8
42.2,26.9,8.09090909090909
42.2,27,8
42.2,27.3,8
42.2,27.4,7.85106382978723
42.2,27.5,7.8
42.2,28.3,8
42.2,28.5,6.85714285714286
42.2,28.6,6
42.2,28.7,6.4
42.2,28.8,7.33333333333333
42.2,29,8
42.2,29.1,7.51612903225806
42.2,30.8,5.33333333333333
42.2,30.9,6.81818181818182
42.2,31,5.38461538461539
42.2,31.1,6.35294117647059
42.2,31.2,6.63636363636364
42.2,31.3,5
42.2,44.2,6.4
42.3,-13.2,8
42.3,-13.1,6.4
42.3,-13,3
42.3,-8.5,8
42.3,-8.4,5.53846153846154
42.3,-8.3,0
42.3,-7.2,7.15789473684211
42.3,-7.1,7.6
42.3,-7,4
42.3,-6.9,8
42.3,-6.2,5
42.3,-6.1,8
42.3,-5.8,0
42.3,-5.2,5.86666666666667
42.3,-4.2,8
42.3,-4.1,6.09523809523809
42.3,-3.3,4
42.3,-3.2,6.4
42.3,-3.1,5.59259259259259
42.3,-3,6.85714285714286
42.3,-2.9,8
42.3,-2.6,6.28571428571429
42.3,-2.5,8
42.3,-2.4,8
42.3,-2.3,8
42.3,-2.2,8
42.3,-2.1,7.29166666666667
42.3,-2,7.57894736842105
42.3,-1.9,7.38461538461539
42.3,-1.8,8
42.3,-0.9,8
42.3,-0.8,7.6
42.3,-0.7,8
42.3,-0.5,8
42.3,-0.4,5.71428571428571
42.3,0.3,8
42.3,0.4,7.11111111111111
42.3,0.5,6.76923076923077
42.3,0.9,5.81818181818182
42.3,1.1,8
42.3,1.4,7.69230769230769
42.3,1.6,8
42.3,2,8
42.3,2.1,8
42.3,2.8,7.02380952380952
42.3,3.8,8
42.3,3.9,6.78787878787879
42.3,4,8
42.3,4.1,8
42.3,4.2,7.11111111111111
42.3,4.3,7.68
42.3,4.4,8
42.3,4.5,7.14285714285714
42.3,4.6,4
42.3,4.7,7.96153846153846
42.3,5,6.54545454545455
42.3,5.1,8
42.3,5.2,7.21428571428571
42.3,5.3,6.4
42.3,5.6,3.66666666666667
42.3,5.7,4.92307692307692
42.3,5.8,8
42.3,6.4,8
42.3,6.5,8
42.3,7,8
42.3,7.1,8.06666666666667
42.3,7.2,8
42.3,7.4,8
42.3,7.9,6
42.3,8,7.46428571428571
42.3,8.1,8
42.3,9.1,8
42.3,10.4,8.14285714285714
42.3,10.5,8
42.3,10.7,8
42.3,10.8,8
42.3,11,8
42.3,11.1,8.03225806451613
42.3,11.2,7.71428571428571
42.3,11.3,8.15
42.3,11.4,7.30769230769231
42.3,11.5,7.25
42.3,11.6,6.51851851851852
42.3,11.7,5.33333333333333
42.3,11.9,5.53846153846154
42.3,12,7.22535211267606
42.3,12.1,7.75
42.3,12.2,8
42.3,12.3,0
42.3,12.4,8.16666666666667
42.3,12.5,8.07692307692308
42.3,12.7,8
42.3,12.8,8
42.3,13.3,7.36
42.3,13.4,8
42.3,13.5,8
42.3,13.6,8
42.3,13.7,8
42.3,13.8,8
42.3,13.9,8
42.3,14,8
42.3,14.1,8
42.3,14.6,8
42.3,14.7,8
42.3,14.8,8
42.3,15.4,5
42.3,15.5,6.11538461538461
42.3,15.6,8
42.3,16,5.33333333333333
42.3,16.1,6
42.3,16.7,8
42.3,16.8,4
42.3,17.8,8
42.3,18,3.63636363636364
42.3,18.1,3
42.3,18.2,2
42.3,18.6,6.81481481481481
42.3,18.7,1.77777777777778
42.3,18.8,6.8
42.3,19,8
42.3,19.1,8
42.3,19.5,6.76923076923077
42.3,19.6,7
42.3,19.7,3.63636363636364
42.3,19.8,0
42.3,19.9,8
42.3,20,8
42.3,20.7,8
42.3,20.8,7.33333333333333
42.3,20.9,8
42.3,21,7.5
42.3,21.1,7.15789473684211
42.3,21.2,7.77777777777778
42.3,21.3,6.11764705882353
42.3,22,8
42.3,22.1,8
42.3,22.8,8.14285714285714
42.3,22.9,8
42.3,23.8,8.8
42.3,24.2,8
42.3,25.5,8
42.3,25.6,8
42.3,25.7,8
42.3,25.9,8
42.3,26,8
42.3,26.1,8
42.3,26.5,8
42.3,26.6,8.11111111111111
42.3,26.7,8
42.3,26.8,8
42.3,27.1,8
42.3,27.2,8
42.3,27.3,7.82608695652174
42.3,27.4,7
42.3,28.2,8
42.3,28.3,5.71428571428571
42.3,28.4,8
42.3,28.5,5.33333333333333
42.3,28.6,6
42.3,28.8,7.91666666666667
42.3,28.9,8
42.3,29,7.14814814814815
42.3,29.1,8
42.3,30.4,5
42.3,30.5,6.28571428571429
42.3,30.6,6.05555555555556
42.3,30.7,5.35294117647059
42.3,30.8,5.9
42.3,30.9,8
42.3,44.8,1.33333333333333
42.4,-13.7,0
42.4,-13.6,0
42.4,-13.5,1
42.4,-13.4,0
42.4,-13.3,1
42.4,-8.4,6
42.4,-8.3,3.25925925925926
42.4,-8.2,0
42.4,-7.4,7.2
42.4,-7.3,8
42.4,-6.9,6.4
42.4,-6.8,8
42.4,-6.1,8
42.4,-6,8
42.4,-5.8,0
42.4,-4.2,6.69444444444444
42.4,-4.1,6.22727272727273
42.4,-3.2,6.4
42.4,-3.1,5.81818181818182
42.4,-2.9,7.41666666666667
42.4,-2.8,6.62068965517241
42.4,-2.7,7.7741935483871
42.4,-2.6,7
42.4,-2.5,6.96666666666667
42.4,-2.4,8
42.4,-2.1,8
42.4,-2,7.42857142857143
42.4,-0.8,8
42.4,-0.7,8
42.4,-0.6,8
42.4,0.3,8
42.4,0.4,8
42.4,0.5,7.31428571428571
42.4,0.9,8
42.4,1.1,8
42.4,1.3,8
42.4,1.4,8
42.4,1.5,8
42.4,1.6,8
42.4,2,8
42.4,2.1,8
42.4,2.8,7.27272727272727
42.4,3.9,8
42.4,4,7.58823529411765
42.4,4.1,8
42.4,4.2,8
42.4,4.3,8
42.4,4.4,8
42.4,4.5,7.84615384615385
42.4,4.7,5.94736842105263
42.4,4.8,6.81481481481481
42.4,4.9,8
42.4,5,5.81818181818182
42.4,5.2,7.42857142857143
42.4,5.3,7.625
42.4,5.4,7.66666666666667
42.4,5.7,6
42.4,5.8,6.14285714285714
42.4,5.9,8
42.4,6.2,8
42.4,6.3,7.27272727272727
42.4,7.2,8
42.4,7.3,8
42.4,7.4,8.14285714285714
42.4,7.9,7.14814814814815
42.4,8,8
42.4,9.1,8
42.4,9.9,8
42.4,10.2,8
42.4,10.3,8
42.4,10.4,8
42.4,10.5,8
42.4,10.6,7.61904761904762
42.4,10.7,8
42.4,10.8,8
42.4,10.9,7.38461538461539
42.4,11,8.04878048780488
42.4,11.1,8.04166666666667
42.4,11.2,7.85714285714286
42.4,11.3,7.72
42.4,11.4,8
42.4,11.5,6.85714285714286
42.4,11.6,6.85714285714286
42.4,11.7,8
42.4,11.8,7.74193548387097
42.4,11.9,7.17948717948718
42.4,12,7.2
42.4,12.4,6.85714285714286
42.4,12.6,8
42.4,12.7,8
42.4,12.8,8
42.4,12.9,8
42.4,13.2,7.33333333333333
42.4,13.3,8.25
42.4,13.5,8
42.4,13.6,8
42.4,13.7,8
42.4,13.8,8
42.4,13.9,8
42.4,14,8
42.4,14.1,8
42.4,14.2,8
42.4,14.3,7.79487179487179
42.4,14.4,8
42.4,14.5,8
42.4,14.6,8
42.4,15.3,5.8
42.4,15.4,6.33333333333333
42.4,15.9,5.09090909090909
42.4,16,4
42.4,16.6,8.5
42.4,16.7,7.22222222222222
42.4,17.8,2.27777777777778
42.4,17.9,4.02941176470588
42.4,18,0.8
42.4,18.1,1
42.4,18.6,6.58823529411765
42.4,18.7,3.11111111111111
42.4,18.8,6
42.4,18.9,7
42.4,19,8
42.4,19.5,7.11111111111111
42.4,19.6,4.94117647058824
42.4,19.7,7
42.4,19.8,8
42.4,19.9,8
42.4,20.6,8
42.4,20.7,8
42.4,20.9,8.06666666666667
42.4,21,7.02439024390244
42.4,21.1,8
42.4,21.2,8
42.4,22,8
42.4,22.8,7.68
42.4,23.7,8
42.4,23.8,7.08571428571429
42.4,24.2,7.92307692307692
42.4,25.4,8
42.4,25.5,8
42.4,25.6,8
42.4,25.7,8
42.4,25.8,8
42.4,26.1,8.33333333333333
42.4,26.9,8
42.4,27,7.66666666666667
42.4,27.1,8
42.4,27.2,7.86486486486486
42.4,27.3,8
42.4,27.8,8
42.4,27.9,8
42.4,28,8
42.4,28.1,6.9375
42.4,28.2,6.90476190476191
42.4,28.3,7.53333333333333
42.4,28.4,7.33333333333333
42.4,28.5,5.33333333333333
42.4,28.8,8.04761904761905
42.4,28.9,8
42.4,29,8
42.4,29.5,5.4
42.4,29.6,7.08333333333333
42.4,29.7,2.66666666666667
42.4,30.1,8
42.4,30.3,5.71428571428571
42.5,-14.4,0
42.5,-14.2,0
42.5,-14.1,0
42.5,-14,0
42.5,-13.9,0
42.5,-13.8,2.66666666666667
42.5,-8.3,4
42.5,-8.2,1.45454545454545
42.5,-7.7,8
42.5,-7.6,8
42.5,-7.5,8
42.5,-7.4,8
42.5,-6.8,7.2
42.5,-6,7.33333333333333
42.5,-5.8,0
42.5,-4.2,7.33333333333333
42.5,-4.1,5.84210526315789
42.5,-3.2,7.95652173913043
42.5,-3.1,5.6
42.5,-3,6.54545454545455
42.5,-2.9,8
42.5,-2.5,7.82352941176471
42.5,-2.4,7.23333333333333
42.5,-2.3,8
42.5,-2.2,8
42.5,-2.1,8
42.5,-2,7.55555555555556
42.5,-0.7,8
42.5,-0.6,8
42.5,-0.5,8
42.5,0.4,7.2
42.5,0.5,7.54285714285714
42.5,0.9,7.46666666666667
42.5,1.1,8
42.5,1.3,7.46666666666667
42.5,1.4,8
42.5,1.5,8
42.5,2,7.61904761904762
42.5,2.8,7.08571428571429
42.5,4.2,8
42.5,4.3,7.13888888888889
42.5,4.4,7.11111111111111
42.5,4.5,8
42.5,4.6,8
42.5,4.7,8
42.5,4.8,3.42857142857143
42.5,4.9,7.42857142857143
42.5,5,6.54545454545455
42.5,5.3,7.45
42.5,5.4,8.11764705882353
42.5,5.8,5
42.5,5.9,4
42.5,6,8
42.5,6.1,8
42.5,6.2,8
42.5,7.2,8
42.5,7.3,8
42.5,7.4,6
42.5,7.8,8
42.5,7.9,8
42.5,9,6.66666666666667
42.5,9.1,6.54545454545455
42.5,9.7,7.92857142857143
42.5,9.8,7.94444444444444
42.5,9.9,8.1
42.5,10,8
42.5,10.1,8.125
42.5,10.2,8
42.5,10.3,7.69565217391304
42.5,10.4,8
42.5,10.5,7.33333333333333
42.5,10.8,8
42.5,10.9,8.025
42.5,11,8
42.5,11.1,8
42.5,11.2,7.81818181818182
42.5,11.4,8
42.5,11.5,8
42.5,11.6,7.6
42.5,11.7,8.10526315789474
42.5,11.8,7.42857142857143
42.5,11.9,7.30434782608696
42.5,12,7.08823529411765
42.5,12.4,8
42.5,12.5,8
42.5,12.9,8
42.5,13.1,8
42.5,13.2,8
42.5,13.8,8
42.5,13.9,8
42.5,14,8
42.5,14.1,8
42.5,14.2,7.69811320754717
42.5,14.3,8.0625
42.5,14.4,8
42.5,14.5,8
42.5,15.1,7.66666666666667
42.5,15.2,7.5
42.5,15.3,5.53846153846154
42.5,15.7,6.4
42.5,15.8,8
42.5,16.5,8
42.5,16.6,8
42.5,17.6,2
42.5,17.7,3.08163265306122
42.5,17.8,2.32258064516129
42.5,17.9,3
42.5,18,0
42.5,18.1,3.33333333333333
42.5,18.2,3.55555555555556
42.5,18.3,8
42.5,18.4,8
42.5,18.5,6
42.5,18.7,1.14285714285714
42.5,18.8,5.33333333333333
42.5,18.9,8
42.5,19.1,5.33333333333333
42.5,19.2,4
42.5,19.6,5.55555555555556
42.5,19.7,6.4
42.5,19.8,8.5
42.5,20.4,8
42.5,20.5,6.66666666666667
42.5,20.6,8
42.5,20.8,7.74193548387097
42.5,20.9,7.4
42.5,21,7.27272727272727
42.5,21.9,7.27272727272727
42.5,22,8
42.5,22.7,6.85714285714286
42.5,22.8,6.4
42.5,23.8,8
42.5,24.2,8
42.5,25.4,8
42.5,25.5,8
42.5,25.6,8
42.5,26,8
42.5,26.1,8
42.5,26.8,6.8
42.5,26.9,8
42.5,27,8
42.5,27.1,8
42.5,27.3,8
42.5,27.4,7.04
42.5,27.5,7.52
42.5,27.6,6.76923076923077
42.5,27.7,7.65217391304348
42.5,27.8,7.6
42.5,28,8
42.5,28.1,7.36363636363636
42.5,28.2,8
42.5,28.3,8.07692307692308
42.5,28.4,8
42.5,28.7,5.2
42.5,28.8,7.29787234042553
42.5,29.3,0
42.5,29.4,8
42.5,29.5,6.8125
42.5,29.6,4
42.5,29.7,4
42.5,29.8,5.33333333333333
42.6,-14.5,0
42.6,-8.2,0
42.6,-8.1,0
42.6,-7.9,7.27272727272727
42.6,-7.8,6.4
42.6,-7.7,6.85714285714286
42.6,-6,8
42.6,-5.9,8
42.6,-5.8,0
42.6,-4.2,6.70967741935484
42.6,-4.1,7.61904761904762
42.6,-3.2,7.05882352941176
42.6,-2.4,7.2
42.6,-2.3,6.66666666666667
42.6,-2.2,8
42.6,-2.1,7.42857142857143
42.6,-2,7
42.6,-1.9,7.52941176470588
42.6,-1.8,8
42.6,-1.6,8
42.6,-0.7,0
42.6,-0.6,4.8
42.6,-0.5,5.71428571428571
42.6,-0.4,7.33333333333333
42.6,0.5,6.75555555555556
42.6,0.8,7.2
42.6,0.9,8
42.6,1,8
42.6,1.3,8
42.6,1.4,8
42.6,1.9,8
42.6,2,7.15789473684211
42.6,2.8,8
42.6,3,8
42.6,4.4,7.71428571428571
42.6,4.5,7.46666666666667
42.6,4.6,7.7
42.6,4.7,8
42.6,4.8,2.14285714285714
42.6,4.9,4
42.6,5,8
42.6,5.1,8
42.6,5.2,8
42.6,5.4,7.93939393939394
42.6,5.5,8
42.6,5.9,5.70588235294118
42.6,6,4.57142857142857
42.6,7.2,6
42.6,7.4,7.2
42.6,7.5,8
42.6,7.7,8
42.6,7.8,7.2
42.6,7.9,8
42.6,9,8
42.6,9.1,8
42.6,9.5,8
42.6,9.6,8
42.6,9.7,8
42.6,10.2,8
42.6,10.3,8
42.6,10.4,8
42.6,10.7,8
42.6,10.8,8.1025641025641
42.6,10.9,8
42.6,11,8
42.6,11.2,8
42.6,11.3,7.52941176470588
42.6,11.4,7.38461538461539
42.6,11.5,7.65
42.6,11.6,8.11111111111111
42.6,11.7,8
42.6,11.8,7.11111111111111
42.6,11.9,6.85714285714286
42.6,12,7.57142857142857
42.6,12.1,8
42.6,12.3,8
42.6,12.4,8
42.6,13,8
42.6,13.1,7.91304347826087
42.6,13.2,8
42.6,14,8
42.6,14.1,8
42.6,14.2,8
42.6,14.3,8
42.6,14.4,7.61904761904762
42.6,14.5,8
42.6,14.6,8.33333333333333
42.6,14.9,8
42.6,15,7
42.6,15.1,8.11111111111111
42.6,15.2,4.36363636363636
42.6,15.3,8
42.6,15.6,8
42.6,15.7,8
42.6,16.4,8.11111111111111
42.6,16.5,8
42.6,16.6,7.88888888888889
42.6,17.4,1.6
42.6,17.5,2.28125
42.6,17.6,3.15151515151515
42.6,17.7,1.6
42.6,18,8
42.6,18.1,5.88679245283019
42.6,18.4,8
42.6,18.5,4
42.6,18.6,2.66666666666667
42.6,18.7,0
42.6,19,2
42.6,19.1,3.2
42.6,19.5,8
42.6,19.6,7.125
42.6,19.7,8
42.6,20.3,6
42.6,20.4,7.11111111111111
42.6,20.5,8
42.6,20.6,6.93333333333333
42.6,20.7,7.30434782608696
42.6,20.8,8
42.6,20.9,6.4
42.6,21.7,5.33333333333333
42.6,21.8,7.33333333333333
42.6,21.9,8
42.6,22.6,7.11111111111111
42.6,22.7,7.11111111111111
42.6,23.3,11
42.6,23.6,6.4
42.6,24.8,0
42.6,24.9,0
42.6,25.1,8
42.6,25.2,8
42.6,25.3,8
42.6,25.4,8
42.6,25.9,8
42.6,26,8
42.6,26.6,8
42.6,26.7,8
42.6,26.8,8.2
42.6,26.9,7.3265306122449
42.6,27,7.12820512820513
42.6,27.1,6.81481481481481
42.6,27.2,7.32
42.6,27.3,6.95652173913043
42.6,27.8,8
42.6,27.9,8
42.6,28,8
42.6,28.1,8
42.6,28.2,6.54545454545455
42.6,28.6,7.05882352941176
42.6,28.7,7.75
42.6,28.8,6.66666666666667
42.6,29.1,8
42.6,29.3,7.64285714285714
42.6,29.4,5.81818181818182
42.7,-8.2,8
42.7,-8.1,3.46666666666667
42.7,-8,7.27272727272727
42.7,-7.9,8
42.7,-5.9,8
42.7,-5.8,1.53846153846154
42.7,-4.2,6.93333333333333
42.7,-4.1,6.18181818181818
42.7,-3.3,5.33333333333333
42.7,-2.3,7.42857142857143
42.7,-1.9,7.5
42.7,-1.8,8
42.7,-1.7,8
42.7,-1.6,8
42.7,-1.5,8
42.7,-1.4,8
42.7,-1.3,7.84210526315789
42.7,-1.2,7.6
42.7,-0.4,8
42.7,-0.3,8
42.7,-0.2,8
42.7,0.5,8
42.7,0.6,7.40740740740741
42.7,0.8,7
42.7,1,8
42.7,1.3,8
42.7,1.4,8
42.7,1.9,8
42.7,2,8
42.7,2.8,7
42.7,3,7.2
42.7,4.4,8
42.7,4.5,8
42.7,4.6,7.65714285714286
42.7,4.7,8
42.7,4.8,7.33333333333333
42.7,4.9,6.28571428571429
42.7,5,4
42.7,5.1,8
42.7,5.2,7.31428571428571
42.7,5.4,8.5
42.7,5.5,7.3030303030303
42.7,5.6,8
42.7,6,5.26666666666667
42.7,6.1,8.22222222222222
42.7,7.1,8
42.7,7.2,8
42.7,7.4,8
42.7,7.5,7.31818181818182
42.7,7.6,8
42.7,7.7,8
42.7,7.8,8
42.7,9,8
42.7,9.1,8.08333333333333
42.7,9.3,6.85714285714286
42.7,9.4,8
42.7,9.5,6.85714285714286
42.7,10.1,8
42.7,10.2,8
42.7,10.3,8
42.7,10.4,8
42.7,10.5,7.33333333333333
42.7,10.6,8.09090909090909
42.7,10.7,8.03636363636364
42.7,10.8,8
42.7,11.1,8
42.7,11.2,8.1
42.7,11.3,8
42.7,11.6,7.46666666666667
42.7,11.7,8
42.7,11.8,8.07142857142857
42.7,11.9,8.05882352941176
42.7,12.1,8
42.7,12.2,8
42.7,12.3,8
42.7,12.9,8
42.7,13,8
42.7,13.1,8
42.7,13.7,8
42.7,13.8,8
42.7,13.9,7
42.7,14,8
42.7,14.2,7
42.7,14.3,8.1
42.7,14.4,8
42.7,14.5,8
42.7,14.6,8
42.7,14.7,8.11111111111111
42.7,14.8,8
42.7,14.9,8
42.7,15,8
42.7,15.1,8
42.7,15.2,8.16666666666667
42.7,15.3,6
42.7,15.4,8
42.7,15.5,7.82352941176471
42.7,15.6,7.88888888888889
42.7,15.7,8
42.7,15.8,8.4
42.7,15.9,6.4
42.7,16,8
42.7,16.1,8
42.7,16.3,8
42.7,16.4,6.875
42.7,16.5,6.4
42.7,17.3,3.36842105263158
42.7,17.4,3.78125
42.7,17.5,4
42.7,17.8,4.44444444444444
42.7,17.9,3.8974358974359
42.7,18,2.58823529411765
42.7,18.1,0
42.7,18.4,6.15384615384615
42.7,18.6,1.6
42.7,18.8,4
42.7,18.9,2
42.7,19,1.33333333333333
42.7,19.4,6.22222222222222
42.7,19.5,7.11111111111111
42.7,19.6,6
42.7,20.1,8
42.7,20.2,8
42.7,20.3,8
42.7,20.4,8
42.7,20.5,7.11111111111111
42.7,20.6,7.2
42.7,20.7,8
42.7,20.8,7.11111111111111
42.7,21.6,5.6
42.7,21.7,7
42.7,22.5,7.5
42.7,22.6,7.04
42.7,23.4,8.07246376811594
42.7,23.5,8
42.7,23.6,7.75
42.7,23.7,8
42.7,24.7,0
42.7,24.8,0
42.7,24.9,7
42.7,25,8
42.7,25.1,7.25
42.7,25.8,8
42.7,25.9,8
42.7,26,7.42857142857143
42.7,26.1,8.15384615384615
42.7,26.2,8
42.7,26.4,8
42.7,26.5,8
42.7,26.6,8
42.7,26.7,7.61904761904762
42.7,26.8,7.71111111111111
42.7,26.9,8
42.7,27.6,8
42.7,27.7,7.46428571428571
42.7,27.8,8
42.7,28,8
42.7,28.1,6.4
42.7,28.5,6.66666666666667
42.7,28.6,7.71428571428571
42.7,28.8,7.25
42.7,29.2,7.25
42.7,29.3,6.54545454545455
42.7,39.5,0
42.7,39.6,0
42.7,39.7,0
42.7,39.8,0
42.7,39.9,0
42.8,-8.3,8
42.8,-8.2,8
42.8,-8.1,0
42.8,-8,0
42.8,-7.3,8
42.8,-7.2,8
42.8,-7.1,6.22222222222222
42.8,-7,8
42.8,-6.9,8
42.8,-6.8,7.11111111111111
42.8,-6.7,8.11111111111111
42.8,-6.6,8
42.8,-6.5,7.11111111111111
42.8,-6.4,8
42.8,-5.8,8
42.8,-5.7,8
42.8,-4.2,7.61904761904762
42.8,-4.1,7.23809523809524
42.8,-2.2,6.55555555555556
42.8,-2.1,8
42.8,-2,8
42.8,-1.9,8
42.8,-1.8,7.04
42.8,-1.5,7.22222222222222
42.8,-1.4,8
42.8,-1.3,8
42.8,-1.2,8
42.8,-1.1,5.6
42.8,-1,7.52941176470588
42.8,-0.9,7.15
42.8,-0.8,8
42.8,-0.2,8
42.8,-0.1,7.33333333333333
42.8,0,8
42.8,0.6,7.51515151515152
42.8,0.8,7.46666666666667
42.8,1,5.5
42.8,1.3,8
42.8,1.9,7.38461538461539
42.8,2.8,7
42.8,3,6.54545454545455
42.8,4.4,8
42.8,4.5,8
42.8,4.6,8
42.8,4.7,7.5
42.8,4.8,8
42.8,4.9,7.42857142857143
42.8,5,4.8
42.8,5.2,8.0625
42.8,5.3,8
42.8,5.5,8
42.8,5.6,7.5
42.8,7,8
42.8,7.1,7.27272727272727
42.8,7.5,8.05555555555556
42.8,7.6,7.2
42.8,7.7,8
42.8,7.8,8
42.8,8.9,1.88235294117647
42.8,9,8
42.8,9.1,8.11111111111111
42.8,9.2,8
42.8,9.3,8
42.8,9.9,8
42.8,10,8
42.8,10.1,8
42.8,10.2,8
42.8,10.3,8
42.8,10.4,7.30769230769231
42.8,10.5,8
42.8,10.6,7.73529411764706
42.8,10.9,8
42.8,11,8
42.8,11.1,8
42.8,11.6,8.05882352941176
42.8,11.7,8.0625
42.8,11.8,8
42.8,12.2,8
42.8,12.3,8
42.8,12.4,8
42.8,12.8,7.83333333333333
42.8,12.9,8
42.8,13,8
42.8,13.1,8
42.8,13.7,8
42.8,13.8,8
42.8,13.9,8.2
42.8,14,8
42.8,14.4,8
42.8,14.5,8
42.8,14.6,8
42.8,14.7,8
42.8,14.8,7.5625
42.8,15,8
42.8,15.1,8
42.8,15.3,8
42.8,15.4,8.15384615384615
42.8,15.5,8
42.8,15.8,8
42.8,15.9,8
42.8,16,8
42.8,16.1,8
42.8,16.2,7.11764705882353
42.8,16.3,8.07142857142857
42.8,16.4,8.05882352941176
42.8,16.5,8
42.8,16.6,8.14285714285714
42.8,16.7,8.125
42.8,16.8,8
42.8,17.1,6.85714285714286
42.8,17.2,3.55555555555556
42.8,17.3,3
42.8,17.7,1.45454545454545
42.8,17.8,1.19148936170213
42.8,17.9,0
42.8,18.3,5.33333333333333
42.8,18.4,5.33333333333333
42.8,18.5,1
42.8,18.6,0
42.8,18.7,4.30769230769231
42.8,18.8,3
42.8,18.9,4
42.8,19.2,0
42.8,19.3,2.18181818181818
42.8,19.4,7.53333333333333
42.8,19.5,8
42.8,19.6,8
42.8,20,8.11111111111111
42.8,20.1,6.05
42.8,20.2,4.36363636363636
42.8,20.3,7.11111111111111
42.8,20.4,5.81818181818182
42.8,20.5,8
42.8,20.6,6.76923076923077
42.8,20.7,5.71428571428571
42.8,21.4,4.8
42.8,21.5,7.27272727272727
42.8,21.6,8
42.8,22.4,8
42.8,22.5,6.78947368421053
42.8,22.6,8
42.8,23,8
42.8,23.1,7.38461538461539
42.8,23.2,8
42.8,23.3,8
42.8,23.5,8
42.8,23.6,8
42.8,24.7,8
42.8,24.8,8
42.8,24.9,8
42.8,25,8
42.8,25.8,8
42.8,25.9,8.04761904761905
42.8,26,7.9
42.8,26.6,7.5
42.8,26.7,8
42.8,27.5,8
42.8,27.6,8
42.8,27.7,6
42.8,27.8,6.15384615384615
42.8,27.9,8
42.8,28,6.22222222222222
42.8,28.4,7.11111111111111
42.8,28.5,7.16
42.8,28.8,7.33333333333333
42.8,29.1,6.22222222222222
42.8,29.2,6.4
42.8,40.4,6
42.8,40.5,0
42.8,40.7,5.33333333333333
42.8,40.8,6.6
42.9,-8.1,8
42.9,-8,3.1304347826087
42.9,-7.9,4.66666666666667
42.9,-7.8,8
42.9,-7.7,8
42.9,-7.6,6.22222222222222
42.9,-7.5,7.11111111111111
42.9,-7.4,8
42.9,-7.3,8
42.9,-5.7,8
42.9,-5.6,8
42.9,-4.2,6.85714285714286
42.9,-4.1,6.85714285714286
42.9,-3.5,8
42.9,-2.5,6.4
42.9,-2.4,5.71428571428571
42.9,-2.3,8
42.9,-2.2,6.3
42.9,-2.1,6
42.9,-1.8,7.05882352941176
42.9,-1.7,5.5
42.9,-1.6,7.2
42.9,-0.8,7.15789473684211
42.9,-0.7,8
42.9,-0.6,6.90909090909091
42.9,-0.5,8
42.9,-0.1,8
42.9,0,8
42.9,0.1,6.85714285714286
42.9,0.6,7.75757575757576
42.9,0.8,7.46666666666667
42.9,1,6
42.9,1.3,8
42.9,1.9,7.23809523809524
42.9,2.8,7.27272727272727
42.9,3,7.2
42.9,4.4,7.27272727272727
42.9,4.5,8
42.9,4.6,7.46969696969697
42.9,4.7,8
42.9,4.8,7.33333333333333
42.9,4.9,7.11111111111111
42.9,5,6.66666666666667
42.9,5.1,3.55555555555556
42.9,5.2,8.08333333333333
42.9,5.3,8
42.9,5.4,7.23809523809524
42.9,5.5,6
42.9,5.6,8
42.9,5.7,7.72413793103448
42.9,7,7.46153846153846
42.9,7.4,8
42.9,7.5,8.2
42.9,7.6,8
42.9,7.7,8
42.9,7.8,8
42.9,7.9,7.11111111111111
42.9,8.7,8
42.9,8.8,8
42.9,8.9,3.38461538461538
42.9,9,8
42.9,9.1,8
42.9,9.7,8
42.9,9.8,8
42.9,9.9,8
42.9,10,8
42.9,10.1,8
42.9,10.2,8
42.9,10.3,7.83783783783784
42.9,10.4,8
42.9,10.5,7.69230769230769
42.9,10.9,8
42.9,11,8
42.9,11.5,8
42.9,11.6,8
42.9,11.7,8.09090909090909
42.9,12.1,8
42.9,12.2,8
42.9,12.3,7.57894736842105
42.9,12.4,8.03846153846154
42.9,12.5,7.33333333333333
42.9,12.6,8
42.9,12.7,8
42.9,12.8,8
42.9,13,8
42.9,13.1,8
42.9,13.8,8
42.9,13.9,8
42.9,14,8
42.9,14.4,8
42.9,14.5,8
42.9,14.6,8
42.9,14.7,8
42.9,14.8,7.9
42.9,14.9,7.66666666666667
42.9,15,8.23076923076923
42.9,15.2,8
42.9,15.3,7.91666666666667
42.9,15.4,8
42.9,15.5,8.16666666666667
42.9,15.6,7.83333333333333
42.9,15.7,8.33333333333333
42.9,15.8,8
42.9,16,8
42.9,16.1,8.11111111111111
42.9,16.2,8
42.9,16.3,4
42.9,16.8,6.66666666666667
42.9,16.9,6.5625
42.9,17,6.93333333333333
42.9,17.1,5.09090909090909
42.9,17.2,5
42.9,17.3,8
42.9,17.4,2
42.9,17.5,1.2
42.9,17.6,1.39130434782609
42.9,17.7,1.14285714285714
42.9,18.3,5.53846153846154
42.9,18.4,1.33333333333333
42.9,18.5,1.14285714285714
42.9,18.6,4.8
42.9,18.7,2.66666666666667
42.9,18.8,2.66666666666667
42.9,19,0
42.9,19.1,0
42.9,19.2,3.07692307692308
42.9,19.3,5.6
42.9,19.4,7.125
42.9,19.6,7.33333333333333
42.9,19.8,6
42.9,19.9,5.65217391304348
42.9,20,5.81818181818182
42.9,20.2,7
42.9,20.3,8
42.9,20.4,7.38461538461539
42.9,20.5,6.22222222222222
42.9,20.6,6.66666666666667
42.9,21.2,8
42.9,21.3,7.27272727272727
42.9,21.4,6.66666666666667
42.9,22.2,8
42.9,22.3,8
42.9,22.4,8
42.9,22.5,7.25
42.9,22.6,6.85714285714286
42.9,22.7,8
42.9,22.8,8.08333333333333
42.9,22.9,7.41666666666667
42.9,23.5,8
42.9,24.3,8
42.9,24.4,8
42.9,24.5,8
42.9,24.6,8
42.9,24.7,8
42.9,25,8
42.9,25.1,8
42.9,25.3,8
42.9,25.4,8
42.9,25.5,8
42.9,25.6,8
42.9,25.7,8
42.9,25.8,8.125
42.9,25.9,8
42.9,26.5,7.6
42.9,26.6,8
42.9,27.3,6.58823529411765
42.9,28.2,7.55555555555556
42.9,28.3,8
42.9,28.4,7.66666666666667
42.9,28.8,8
42.9,28.9,5.33333333333333
42.9,29,7.03125
42.9,29.1,8
42.9,40.8,5.66666666666667
42.9,40.9,1.5
42.9,41,4.66666666666667
42.9,41.1,4
43,-7.9,0
43,-5.6,8
43,-4.1,7.71428571428571
43,-4,8.125
43,-3.8,8
43,-3.5,8
43,-2.8,8
43,-2.7,5.71428571428571
43,-2.6,6.54545454545455
43,-2.5,6.4
43,-2.4,7
43,-2.3,8
43,-2.1,8
43,-2,8
43,-1.9,7
43,-1.8,8
43,-1.7,7.17241379310345
43,-0.5,6.22222222222222
43,-0.4,6.47619047619048
43,-0.3,8
43,0.1,8
43,0.2,8
43,0.3,6.85714285714286
43,0.4,8
43,0.6,7.33333333333333
43,0.7,6.60869565217391
43,0.8,8
43,1,8
43,1.1,1.62962962962963
43,1.3,8
43,1.9,8
43,2.8,6.85714285714286
43,2.9,8
43,3,8
43,4.4,8
43,4.6,7.3469387755102
43,4.7,7.88461538461539
43,4.9,5.66666666666667
43,5,7.6
43,5.1,6.58620689655172
43,5.2,5.14285714285714
43,5.4,8
43,5.5,8
43,5.6,8
43,5.7,7.61904761904762
43,5.8,8
43,6.4,5.33333333333333
43,6.5,8
43,6.9,8
43,7,8
43,7.4,8.05263157894737
43,7.5,8
43,7.6,7.42857142857143
43,7.7,8.04166666666667
43,7.8,8
43,8.4,8
43,8.5,8
43,8.6,8
43,8.7,8
43,8.9,0.842105263157895
43,9,7.95652173913043
43,9.4,8
43,9.5,8
43,9.6,7.85714285714286
43,9.7,8
43,9.9,8
43,10,8.075
43,10.1,7.52941176470588
43,10.2,8.02564102564103
43,10.3,8
43,10.4,8
43,10.5,8
43,10.9,8.13333333333333
43,11.4,8
43,11.5,7.9375
43,11.6,8
43,11.7,8
43,12,8
43,12.1,8
43,12.2,8
43,12.4,8
43,12.5,8
43,12.6,8
43,12.9,8
43,13,8
43,13.8,7.97142857142857
43,13.9,8
43,14,8
43,14.2,8
43,14.3,8
43,14.4,8
43,14.5,8
43,14.6,8.09090909090909
43,14.8,8
43,14.9,8
43,15,7.6
43,15.1,7.75
43,15.2,7.16666666666667
43,15.3,8
43,15.9,6
43,16,7
43,16.1,8.2
43,16.2,8.33333333333333
43,16.7,8
43,16.8,6.45
43,17.2,4
43,17.3,3.31818181818182
43,17.4,1.52380952380952
43,17.5,0
43,18.3,0
43,18.6,1.33333333333333
43,18.7,2
43,18.8,0
43,18.9,0
43,19,0
43,19.1,4.8
43,19.2,4
43,19.3,5.53846153846154
43,19.6,6.16666666666667
43,19.7,6.76923076923077
43,19.8,6.66666666666667
43,20.2,7.27272727272727
43,20.3,6.4
43,20.4,7.2
43,20.5,5.71428571428571
43,21.1,6.85714285714286
43,21.2,8
43,22,8
43,22.1,7.46666666666667
43,22.2,8
43,22.3,8
43,22.4,8
43,22.5,7.27272727272727
43,22.6,8
43,23.4,8
43,23.5,8
43,24,8.11111111111111
43,24.1,8.1
43,24.2,7.11111111111111
43,24.3,8
43,24.8,8
43,24.9,8
43,25,7.11111111111111
43,25.1,7.2
43,25.2,8
43,25.3,6.85714285714286
43,25.6,8
43,25.7,8
43,25.8,8.125
43,26.3,7.2
43,26.4,7.69230769230769
43,26.5,8
43,27.2,5.33333333333333
43,27.3,6.4
43,27.9,5.33333333333333
43,28,6.66666666666667
43,28.1,8
43,28.2,8.07692307692308
43,28.3,7.68181818181818
43,28.7,7.2
43,28.8,7.60869565217391
43,28.9,8
43,29,8.5
43.1,-5.6,8
43.1,-5.5,5.81818181818182
43.1,-4.7,8
43.1,-4.1,7.61904761904762
43.1,-4,6.66666666666667
43.1,-3.8,7
43.1,-3.5,7.5
43.1,-3.2,8
43.1,-3.1,7
43.1,-3,6.85714285714286
43.1,-2.9,6.4
43.1,-2.8,7.11111111111111
43.1,-2.7,7
43.1,-2.6,6.4
43.1,-2.2,8
43.1,-2.1,6.4
43.1,-2,5.71428571428571
43.1,-1.7,5.74193548387097
43.1,-1.6,8
43.1,-0.4,5.33333333333333
43.1,-0.3,6.47619047619048
43.1,-0.2,8
43.1,0.3,8
43.1,0.4,6.66666666666667
43.1,0.5,8
43.1,0.6,5.6
43.1,0.7,7.77777777777778
43.1,1.1,6.85714285714286
43.1,1.2,8
43.1,1.9,7.2
43.1,2.9,7.18181818181818
43.1,3,6.54545454545455
43.1,4.4,5.33333333333333
43.1,4.5,8
43.1,4.6,7.68
43.1,4.7,8.01449275362319
43.1,4.8,7.92307692307692
43.1,4.9,8
43.1,5,8
43.1,5.1,8.04761904761905
43.1,5.2,6.63414634146341
43.1,5.3,7.2
43.1,5.5,8
43.1,5.6,8
43.1,5.8,8
43.1,6.5,8
43.1,6.6,8
43.1,6.8,6
43.1,6.9,6.76923076923077
43.1,7,7
43.1,7.1,7.11111111111111
43.1,7.2,8
43.1,7.3,8.21428571428571
43.1,7.4,7
43.1,7.6,8
43.1,7.8,7.41666666666667
43.1,7.9,8
43.1,8.2,5.90909090909091
43.1,8.3,5.27777777777778
43.1,8.4,5.77777777777778
43.1,8.5,6
43.1,8.6,8
43.1,8.9,3.66666666666667
43.1,9,7.95833333333333
43.1,9.1,8
43.1,9.2,8
43.1,9.3,8
43.1,9.4,8.375
43.1,9.5,8
43.1,9.6,8
43.1,9.8,7.95
43.1,9.9,7.80487804878049
43.1,10,8
43.1,10.1,7.875
43.1,10.2,8
43.1,10.3,7.2
43.1,10.4,8.16666666666667
43.1,10.5,8
43.1,10.8,7
43.1,10.9,8
43.1,11.5,8.09090909090909
43.1,11.6,7.91666666666667
43.1,11.7,8
43.1,11.9,8
43.1,12,8
43.1,12.1,8
43.1,12.2,6.85714285714286
43.1,12.6,7.5
43.1,12.7,8
43.1,12.8,8
43.1,12.9,8
43.1,13.7,6.875
43.1,13.8,7.53846153846154
43.1,13.9,8
43.1,14,8
43.1,14.1,8.08333333333333
43.1,14.2,8
43.1,14.3,8
43.1,14.4,8
43.1,14.5,8
43.1,14.6,7.65
43.1,14.7,8
43.1,14.8,8
43.1,15.2,8
43.1,15.3,7.27272727272727
43.1,15.4,8
43.1,15.5,8
43.1,15.8,8.09090909090909
43.1,15.9,8
43.1,16,7.85714285714286
43.1,16.1,7
43.1,16.2,8
43.1,16.3,8
43.1,16.4,8
43.1,16.5,7
43.1,16.6,6.66666666666667
43.1,16.7,6.58823529411765
43.1,16.8,8.16666666666667
43.1,16.9,8
43.1,17,7.11111111111111
43.1,17.1,3.66666666666667
43.1,17.2,2.73076923076923
43.1,17.3,5.33333333333333
43.1,17.4,1.33333333333333
43.1,18.5,0.571428571428571
43.1,18.6,0
43.1,18.7,0
43.1,18.8,0
43.1,19,2.4
43.1,19.1,5.33333333333333
43.1,19.2,8.14285714285714
43.1,19.3,0
43.1,19.6,4.92307692307692
43.1,20.1,8
43.1,20.2,6.6
43.1,20.3,7.36363636363636
43.1,20.4,8
43.1,20.5,8
43.1,20.9,8
43.1,21,8
43.1,21.1,6
43.1,21.3,8
43.1,21.4,6.88888888888889
43.1,21.5,8
43.1,21.6,7.05882352941176
43.1,21.7,8
43.1,21.8,7.125
43.1,21.9,7.57894736842105
43.1,22,7.46666666666667
43.1,22.1,8
43.1,23.4,7.30769230769231
43.1,23.6,8
43.1,23.7,7.3
43.1,23.8,7.2
43.1,23.9,8
43.1,24.5,8
43.1,24.6,8
43.1,24.7,8
43.1,24.8,8
43.1,24.9,7.66666666666667
43.1,25,7.6
43.1,25.1,8
43.1,25.2,8.11111111111111
43.1,25.3,7.11111111111111
43.1,25.4,8
43.1,25.5,7.6
43.1,25.6,8
43.1,25.7,7.46153846153846
43.1,26.2,8
43.1,26.3,8
43.1,27.2,5.33333333333333
43.1,27.7,6.22222222222222
43.1,27.8,8
43.1,27.9,5.33333333333333
43.1,28,8
43.1,28.1,6.66666666666667
43.1,28.2,7.33333333333333
43.1,28.5,6.83333333333333
43.1,28.6,5.33333333333333
43.1,28.7,6.15384615384615
43.1,28.8,8.07142857142857
43.1,42.6,2
43.2,-5.5,8.16666666666667
43.2,-5.4,6.85714285714286
43.2,-4.7,8
43.2,-4.6,8
43.2,-4.1,7.2
43.2,-3.8,6.93333333333333
43.2,-3.6,7.42857142857143
43.2,-3.5,8
43.2,-3.4,8
43.2,-3.3,7
43.2,-3.2,8
43.2,-3.1,8
43.2,-3,6
43.2,-2.9,8
43.2,-2.4,8
43.2,-2.3,7.2
43.2,-2.2,6.21428571428571
43.2,-1.9,8
43.2,-1.7,4
43.2,-1.6,6
43.2,-0.2,8
43.2,-0.1,8
43.2,0,6.85714285714286
43.2,0.1,8
43.2,0.4,8
43.2,0.5,6.85714285714286
43.2,0.6,7.42857142857143
43.2,0.7,7.11111111111111
43.2,1.2,8
43.2,1.3,8
43.2,1.9,7.15789473684211
43.2,2.9,6.60869565217391
43.2,3,5.55172413793103
43.2,3.1,7
43.2,4.5,7.18181818181818
43.2,4.6,8
43.2,4.7,8
43.2,4.8,7.92957746478873
43.2,5.1,8.09090909090909
43.2,5.2,6.375
43.2,5.3,6
43.2,5.4,8
43.2,5.5,8
43.2,5.6,7.38461538461539
43.2,5.8,8
43.2,5.9,8
43.2,6.1,0
43.2,6.2,2.66666666666667
43.2,6.4,8
43.2,6.5,6.4
43.2,6.6,8
43.2,6.7,7.66666666666667
43.2,6.8,7.36
43.2,6.9,8
43.2,7.3,8
43.2,7.5,8
43.2,7.6,8
43.2,7.9,7.38461538461539
43.2,8,6.66666666666667
43.2,8.1,6
43.2,8.2,5.33333333333333
43.2,8.7,7.41666666666667
43.2,8.8,8
43.2,8.9,5.53846153846154
43.2,9,8.09090909090909
43.2,9.1,8
43.2,9.4,8
43.2,9.5,8
43.2,9.7,7.97058823529412
43.2,9.8,7.93333333333333
43.2,9.9,8
43.2,10,7.2
43.2,10.1,8
43.2,10.2,8
43.2,10.4,8
43.2,10.5,8
43.2,10.8,8
43.2,11.5,8
43.2,11.6,8
43.2,11.7,8
43.2,11.8,8.04347826086956
43.2,11.9,7.2
43.2,12,8
43.2,12.1,7.91666666666667
43.2,12.6,8
43.2,12.8,8
43.2,12.9,8
43.2,13.6,8
43.2,13.7,7.43243243243243
43.2,13.8,7.85714285714286
43.2,13.9,7.8
43.2,14,7.11111111111111
43.2,14.1,8
43.2,14.2,8
43.2,14.5,8
43.2,14.6,8
43.2,14.7,8
43.2,15.3,8.4
43.2,15.5,8.25
43.2,15.6,8.14285714285714
43.2,15.7,7.58823529411765
43.2,15.8,8.375
43.2,15.9,6.83333333333333
43.2,16,6.66666666666667
43.2,16.6,7.18181818181818
43.2,16.7,8.125
43.2,16.8,7.33333333333333
43.2,16.9,3.29411764705882
43.2,17,2.66666666666667
43.2,17.1,0
43.2,17.2,6.66666666666667
43.2,17.3,5.93333333333333
43.2,17.4,7
43.2,17.5,6.22222222222222
43.2,17.6,6.71428571428571
43.2,17.7,5.71428571428571
43.2,17.8,6
43.2,17.9,5.33333333333333
43.2,18.1,6.22222222222222
43.2,18.4,1.33333333333333
43.2,18.5,1.06666666666667
43.2,18.6,0
43.2,18.9,7.11111111111111
43.2,19,8
43.2,19.6,5.78571428571429
43.2,19.8,8
43.2,19.9,6.66666666666667
43.2,20,6.35
43.2,20.1,5.77777777777778
43.2,20.2,6.03846153846154
43.2,20.3,5.68421052631579
43.2,20.4,4.875
43.2,20.5,5.64705882352941
43.2,20.6,5
43.2,20.7,5.05555555555556
43.2,20.8,5.8
43.2,20.9,6.61111111111111
43.2,21,5.8125
43.2,21.1,6.125
43.2,21.2,6.33333333333333
43.2,21.3,4.30769230769231
43.2,21.4,4.11111111111111
43.2,21.5,4
43.2,21.6,7.38461538461539
43.2,21.7,8
43.2,21.8,7.90909090909091
43.2,21.9,8
43.2,22.1,8
43.2,22.2,8
43.2,22.3,7.42857142857143
43.2,23.4,8
43.2,23.6,8
43.2,24.2,8
43.2,24.3,7.75862068965517
43.2,24.4,8
43.2,24.5,7.42307692307692
43.2,24.6,7.46666666666667
43.2,24.7,7.46428571428571
43.2,24.8,8
43.2,24.9,8
43.2,25.3,8
43.2,25.4,7.55555555555556
43.2,25.5,8.1
43.2,25.6,8
43.2,26,5.33333333333333
43.2,26.1,8
43.2,26.2,6.66666666666667
43.2,27.2,8
43.2,27.4,7.92857142857143
43.2,27.5,8.07142857142857
43.2,27.6,7.22222222222222
43.2,27.8,8
43.2,27.9,8
43.2,28,8
43.2,28.1,8
43.2,28.3,8
43.2,28.4,8
43.2,28.5,3.2
43.2,28.6,7.5
43.2,28.7,8
43.2,42.6,8
43.2,42.7,5.57142857142857
43.2,42.8,2.28571428571429
43.2,42.9,4
43.2,43,7.66666666666667
43.3,-8.4,11
43.3,-8,2.66666666666667
43.3,-7.9,8
43.3,-6.4,8
43.3,-6.3,8
43.3,-6.2,7.91666666666667
43.3,-5.4,7.11111111111111
43.3,-5.3,8
43.3,-4.6,7.42857142857143
43.3,-4.1,7.27272727272727
43.3,-4,7.9
43.3,-3.9,8
43.3,-3.8,7.42857142857143
43.3,-3.7,8
43.3,-3.6,7.31818181818182
43.3,-3.5,8
43.3,-3.4,7
43.3,-3.3,8
43.3,-3.2,5.71428571428571
43.3,-2.7,8
43.3,-2.6,4.66666666666667
43.3,-2.5,7.33333333333333
43.3,-2.4,5.33333333333333
43.3,-2.3,7.93333333333333
43.3,-1.9,8
43.3,-1.8,7.57894736842105
43.3,-1.6,6.46153846153846
43.3,-1.5,6.4
43.3,0,5.33333333333333
43.3,0.1,7.46666666666667
43.3,0.2,8
43.3,0.3,8
43.3,0.4,7.2
43.3,0.6,7.46666666666667
43.3,0.7,7.63636363636364
43.3,0.8,7
43.3,0.9,8
43.3,1.4,6
43.3,1.8,8
43.3,1.9,5
43.3,2,0
43.3,2.1,0
43.3,2.6,8.1
43.3,2.7,7.77272727272727
43.3,2.8,6.54545454545455
43.3,2.9,7.41176470588235
43.3,3,6.54545454545455
43.3,4.5,8
43.3,4.6,8
43.3,4.7,8
43.3,4.8,7.78571428571429
43.3,4.9,8.26315789473684
43.3,5.1,8
43.3,5.2,4
43.3,5.3,5.96938775510204
43.3,5.4,7.66666666666667
43.3,5.5,7.57142857142857
43.3,5.6,8.0377358490566
43.3,5.7,7.54285714285714
43.3,5.8,6
43.3,5.9,8
43.3,6.1,0
43.3,6.2,8
43.3,6.3,8
43.3,6.4,8
43.3,6.7,5.33333333333333
43.3,6.8,8
43.3,6.9,6.72
43.3,7,5.7
43.3,7.1,7.16666666666667
43.3,7.2,6.78571428571429
43.3,7.3,7.61111111111111
43.3,7.4,6.35555555555556
43.3,7.5,3.12820512820513
43.3,7.6,4.28571428571429
43.3,7.7,5.67741935483871
43.3,7.8,7.33333333333333
43.3,7.9,7.33333333333333
43.3,8,8
43.3,8.1,6
43.3,8.2,1.45833333333333
43.3,8.3,8.28571428571429
43.3,8.4,6.1875
43.3,8.5,3.62962962962963
43.3,8.6,8
43.3,8.7,8
43.3,8.8,8
43.3,8.9,7.44827586206897
43.3,9,8
43.3,9.3,8
43.3,9.4,8
43.3,9.5,8
43.3,9.6,8
43.3,9.7,8
43.3,9.9,6.4
43.3,10,7.42857142857143
43.3,10.1,8
43.3,10.4,8
43.3,10.7,8
43.3,10.8,8
43.3,11.5,8
43.3,11.6,8
43.3,11.7,7.68181818181818
43.3,11.8,8
43.3,11.9,8
43.3,12,8
43.3,12.6,8
43.3,12.9,8
43.3,13,8
43.3,13.6,8
43.3,13.7,7.80645161290323
43.3,13.8,8
43.3,13.9,8
43.3,14,8
43.3,14.1,8
43.3,14.2,8
43.3,14.4,8
43.3,14.5,8
43.3,15.3,8
43.3,15.4,8
43.3,15.5,8
43.3,15.6,7.83333333333333
43.3,15.7,8
43.3,15.8,8
43.3,15.9,7.61538461538461
43.3,16,6.66666666666667
43.3,16.1,8
43.3,16.2,7.5
43.3,16.5,7.3
43.3,16.6,6.66666666666667
43.3,16.7,4.88235294117647
43.3,16.8,3.15384615384615
43.3,16.9,0
43.3,17.2,7
43.3,17.9,4.8
43.3,18,3.73333333333333
43.3,18.1,4
43.3,18.2,0
43.3,18.3,1.6
43.3,18.4,1.5
43.3,18.5,0
43.3,18.8,3.42857142857143
43.3,18.9,0
43.3,19.6,4.23076923076923
43.3,19.7,8
43.3,19.8,5.85714285714286
43.3,19.9,5.44444444444444
43.3,20.1,7.23809523809524
43.3,20.2,7.38461538461539
43.3,20.3,8
43.3,20.4,8
43.3,21.5,8
43.3,21.6,6.4
43.3,21.8,8
43.3,21.9,6
43.3,22,8
43.3,22.1,6.22222222222222
43.3,22.2,7.46153846153846
43.3,23.3,6.66666666666667
43.3,23.8,8
43.3,23.9,7.11111111111111
43.3,24,7.17241379310345
43.3,24.1,8
43.3,24.2,7.58139534883721
43.3,24.3,8
43.3,24.4,7.63157894736842
43.3,24.5,7.2
43.3,25.2,6.45454545454545
43.3,25.3,7.63636363636364
43.3,25.4,8
43.3,25.5,8
43.3,25.6,8
43.3,25.9,8.09090909090909
43.3,26,8
43.3,26.4,8
43.3,26.5,8
43.3,27.1,8
43.3,27.2,6.88571428571429
43.3,27.3,8.05882352941176
43.3,27.4,8
43.3,27.6,8
43.3,27.7,7.25
43.3,27.8,6.85714285714286
43.3,27.9,8
43.3,28,0
43.3,28.2,5.33333333333333
43.3,28.3,7.27272727272727
43.3,28.4,8.5
43.3,28.5,4.17391304347826
43.3,28.6,8
43.3,43,7.75
43.3,43.1,4.42857142857143
43.3,43.2,7.375
43.3,43.3,4.57142857142857
43.4,-7.9,6.28571428571429
43.4,-7.8,8
43.4,-6.3,8
43.4,-6.1,8
43.4,-6,8
43.4,-5.3,5.81818181818182
43.4,-5.2,4
43.4,-4.6,8
43.4,-4.5,7
43.4,-4.1,8
43.4,-4,8
43.4,-3.9,6.28571428571429
43.4,-3.8,8
43.4,-3.7,8
43.4,-3.6,7.63636363636364
43.4,-3.5,8
43.4,-3.2,8
43.4,-2.7,8
43.4,-2.5,6.4
43.4,-2.4,7.38461538461539
43.4,-1.8,7.875
43.4,-1.7,8.84615384615385
43.4,-1.6,9
43.4,-1.5,5.89473684210526
43.4,-1.4,4.8
43.4,0.2,8
43.4,0.3,7.33333333333333
43.4,0.4,7.55555555555556
43.4,0.5,7.30434782608696
43.4,0.6,8.09090909090909
43.4,0.7,6.95652173913043
43.4,0.8,8
43.4,0.9,6.66666666666667
43.4,1,6.95652173913043
43.4,1.1,8
43.4,1.3,0
43.4,1.4,7.30434782608696
43.4,1.8,7.6
43.4,1.9,0
43.4,2,0
43.4,2.4,9
43.4,2.5,7.36363636363636
43.4,2.6,4.76470588235294
43.4,2.9,8
43.4,3,6.4
43.4,3.9,8
43.4,4,6.58823529411765
43.4,4.1,6
43.4,4.2,8
43.4,4.3,8
43.4,4.4,8
43.4,4.5,8
43.4,4.6,8
43.4,4.7,8
43.4,4.8,8
43.4,4.9,8.31481481481481
43.4,5,8.36363636363636
43.4,5.1,8
43.4,5.2,8
43.4,5.3,7.79054054054054
43.4,5.4,7.93181818181818
43.4,5.6,8
43.4,5.7,7.66666666666667
43.4,5.8,7.68
43.4,5.9,7.95238095238095
43.4,6,8
43.4,6.7,7.2
43.4,6.8,8
43.4,7,7.27272727272727
43.4,7.1,8
43.4,7.2,8
43.4,7.3,9
43.4,7.4,9
43.4,7.5,7.02173913043478
43.4,7.6,6.85263157894737
43.4,7.7,4.48387096774194
43.4,7.8,4
43.4,8,8
43.4,8.1,8
43.4,8.2,8
43.4,8.3,8
43.4,8.4,8
43.4,8.9,8
43.4,9,7.46428571428571
43.4,9.1,8
43.4,9.2,8.07692307692308
43.4,9.4,8.04761904761905
43.4,9.5,8
43.4,9.6,8
43.4,9.7,8
43.4,9.8,8
43.4,9.9,8
43.4,10,8
43.4,10.4,8
43.4,10.7,8.07692307692308
43.4,11,8
43.4,11.5,8.02857142857143
43.4,11.6,8.09677419354839
43.4,11.7,8
43.4,11.8,8
43.4,11.9,8
43.4,12.6,7.38461538461539
43.4,13,8
43.4,13.1,8
43.4,13.4,8
43.4,13.5,8
43.4,13.6,7.62790697674419
43.4,13.7,8
43.4,13.8,7.2
43.4,13.9,7.69230769230769
43.4,14,8.1
43.4,14.3,8
43.4,14.4,8
43.4,15.2,8
43.4,15.3,8
43.4,15.4,7.5625
43.4,15.5,6.69230769230769
43.4,15.7,6
43.4,15.8,8
43.4,15.9,4.44444444444444
43.4,16,2.90909090909091
43.4,16.1,2.94736842105263
43.4,16.2,3.69230769230769
43.4,16.3,5.81818181818182
43.4,16.4,7.22727272727273
43.4,16.5,4
43.4,16.6,1.14285714285714
43.4,16.7,5.33333333333333
43.4,16.8,5.33333333333333
43.4,16.9,5.33333333333333
43.4,17,8
43.4,17.1,4
43.4,17.2,0
43.4,17.8,5.09090909090909
43.4,17.9,3.2
43.4,18,5.875
43.4,18.2,0.941176470588235
43.4,18.3,0.727272727272727
43.4,18.4,0.571428571428571
43.4,18.7,8
43.4,18.8,4
43.4,19.6,6.85714285714286
43.4,19.7,6
43.4,19.8,7.75
43.4,19.9,8
43.4,20,7.6
43.4,20.1,8
43.4,21.5,7.38461538461539
43.4,21.7,8
43.4,21.8,8
43.4,21.9,8
43.4,22,8
43.4,22.1,6.73684210526316
43.4,23.3,7.91666666666667
43.4,23.7,8
43.4,23.8,7.71428571428571
43.4,23.9,7.75757575757576
43.4,24,7.54545454545455
43.4,24.1,7.5
43.4,24.2,8
43.4,25,4
43.4,25.1,8
43.4,25.2,8
43.4,25.3,7.33333333333333
43.4,25.4,8
43.4,25.5,7.11111111111111
43.4,25.8,7.36
43.4,25.9,8
43.4,26.2,8
43.4,26.3,8
43.4,26.7,8
43.4,26.8,6.85714285714286
43.4,26.9,7.5
43.4,27,8
43.4,27.1,7.89189189189189
43.4,27.4,7
43.4,27.5,8
43.4,27.6,7.2
43.4,27.7,8
43.4,27.8,0
43.4,28.1,7.125
43.4,28.2,6.85714285714286
43.4,28.3,8
43.4,28.4,7.41666666666667
43.4,28.5,0.666666666666667
43.4,29.1,8.5
43.5,-7.8,8
43.5,-6.3,8
43.5,-6.2,7.2
43.5,-6,8
43.5,-5.9,6.66666666666667
43.5,-5.2,7.38461538461539
43.5,-4.5,7.42857142857143
43.5,-4.1,5.81818181818182
43.5,-4,7
43.5,-3.9,7
43.5,-3.8,6.14285714285714
43.5,-3.7,7
43.5,-3.2,7.42857142857143
43.5,-2.6,6.66666666666667
43.5,-2.5,7.2
43.5,-1.7,7.5
43.5,-1.6,8.2
43.5,-1.5,6.66666666666667
43.5,-1.4,7.56
43.5,-1.3,8
43.5,-0.7,10
43.5,0.4,5.09090909090909
43.5,0.5,4.8
43.5,0.6,8
43.5,0.7,7.79487179487179
43.5,0.8,8
43.5,1,7.07692307692308
43.5,1.1,6
43.5,1.2,5.81818181818182
43.5,1.3,6.90909090909091
43.5,1.4,7.42857142857143
43.5,1.8,7.57894736842105
43.5,1.9,0
43.5,3,7.27272727272727
43.5,3.8,9
43.5,3.9,8.90243902439024
43.5,4,8.45833333333333
43.5,4.1,8.06382978723404
43.5,4.2,8
43.5,4.3,8
43.5,4.6,8
43.5,4.7,7.66666666666667
43.5,4.8,8
43.5,4.9,8
43.5,5,7.57142857142857
43.5,5.3,8.80555555555556
43.5,5.4,8
43.5,5.5,8
43.5,5.8,8
43.5,5.9,8
43.5,6,8
43.5,6.1,8.05
43.5,6.2,8.45454545454546
43.5,6.3,7.77777777777778
43.5,6.4,4.1875
43.5,6.5,7.93333333333333
43.5,6.6,6.54545454545455
43.5,7,8
43.5,7.1,7.64102564102564
43.5,7.2,7.64864864864865
43.5,7.3,8
43.5,7.4,8.38461538461539
43.5,7.5,8
43.5,7.6,5.5
43.5,7.7,4.93939393939394
43.5,7.8,7.2
43.5,7.9,8.125
43.5,8,8
43.5,8.1,8
43.5,8.2,8
43.5,8.9,7.8
43.5,9,7.25
43.5,9.1,8
43.5,9.2,8
43.5,9.3,7.80555555555556
43.5,9.4,8
43.5,9.5,6.66666666666667
43.5,9.7,8
43.5,9.8,8
43.5,9.9,8
43.5,10,8
43.5,10.1,8
43.5,10.2,8
43.5,10.4,8
43.5,10.5,8
43.5,10.6,5.86666666666667
43.5,10.7,7.21739130434783
43.5,10.8,7.52941176470588
43.5,10.9,7.7741935483871
43.5,11,8
43.5,11.3,8
43.5,11.4,8
43.5,11.5,8
43.5,11.6,7.75
43.5,12.6,8
43.5,13,8
43.5,13.1,8
43.5,13.2,8
43.5,13.3,8
43.5,13.5,7.96969696969697
43.5,13.6,8
43.5,13.7,8
43.5,13.8,8
43.5,13.9,8
43.5,14,8
43.5,14.1,8
43.5,14.2,8
43.5,14.3,8
43.5,14.4,8
43.5,14.9,8.33333333333333
43.5,15,8
43.5,15.1,8
43.5,15.2,6.66666666666667
43.5,15.5,6.85714285714286
43.5,15.6,6.36842105263158
43.5,15.7,4.57142857142857
43.5,15.8,4.5
43.5,15.9,7.2
43.5,16,6.875
43.5,16.1,7.11111111111111
43.5,16.2,7.64285714285714
43.5,16.3,6.5
43.5,16.4,6.26086956521739
43.5,16.5,4
43.5,16.6,8.16666666666667
43.5,17.7,5.33333333333333
43.5,17.8,4
43.5,17.9,4.71428571428571
43.5,18.1,2.18181818181818
43.5,18.2,1.6
43.5,18.3,0.64
43.5,19.5,6.28571428571429
43.5,19.6,6.61111111111111
43.5,19.8,8.25
43.5,19.9,6
43.5,20.4,8
43.5,20.5,8
43.5,20.6,6.4
43.5,20.7,8
43.5,20.8,8
43.5,20.9,8
43.5,21.4,6.22222222222222
43.5,21.5,8
43.5,21.6,8
43.5,21.7,6
43.5,21.8,7.46666666666667
43.5,21.9,7.33333333333333
43.5,22,6.11764705882353
43.5,22.1,7
43.5,23.3,8
43.5,23.4,8
43.5,23.5,8
43.5,23.6,7.36
43.5,23.7,7.625
43.5,23.8,8
43.5,23.9,8.14285714285714
43.5,25.2,6.84615384615385
43.5,25.4,7.38461538461539
43.5,25.6,7.3
43.5,25.7,7.03846153846154
43.5,25.8,8
43.5,26.1,7.18181818181818
43.5,26.2,8
43.5,26.6,8
43.5,26.7,7.40740740740741
43.5,26.8,8.07142857142857
43.5,26.9,8
43.5,27,8.06666666666667
43.5,27.1,8
43.5,27.2,7.11111111111111
43.5,27.3,6.55
43.5,27.4,4.4
43.5,27.5,6.72
43.5,27.6,8
43.5,27.8,8
43.5,27.9,8
43.5,28,7.36363636363636
43.5,28.1,8
43.5,28.5,0.615384615384615
43.5,28.9,6
43.5,29,8
43.5,29.1,8
43.6,-7.8,6.66666666666667
43.6,-7.7,8
43.6,-7.2,5.33333333333333
43.6,-7.1,4.8
43.6,-6.2,8
43.6,-6.1,8
43.6,-5.9,6.4
43.6,-5.8,6
43.6,-5.2,8
43.6,-5.1,6.54545454545455
43.6,-4.5,5.33333333333333
43.6,-4.4,8
43.6,-4.1,7.46666666666667
43.6,-3.9,6.81481481481481
43.6,-3.8,0
43.6,-3.7,8
43.6,-3.2,6.93333333333333
43.6,-3.1,8
43.6,-2.7,5.66666666666667
43.6,-2.6,5.71428571428571
43.6,-1.7,8
43.6,-1.6,7.27272727272727
43.6,-1.5,7.9
43.6,-1.4,8
43.6,-1.3,7.64444444444444
43.6,-1.2,8
43.6,-1,9.76470588235294
43.6,-0.9,10
43.6,0.5,8
43.6,0.6,6.54545454545455
43.6,0.7,6.22222222222222
43.6,0.8,7.05882352941176
43.6,0.9,7.69230769230769
43.6,1,7.38461538461539
43.6,1.2,6.93333333333333
43.6,1.3,7.36842105263158
43.6,1.4,6.98360655737705
43.6,1.5,0
43.6,1.8,8
43.6,3,7.27272727272727
43.6,3.9,8
43.6,4,8.0625
43.6,4.1,7.2
43.6,4.2,6
43.6,4.4,8
43.6,4.5,8
43.6,4.6,8
43.6,4.7,8
43.6,4.8,8
43.6,4.9,8
43.6,5,8
43.6,5.1,8
43.6,5.2,8.89655172413793
43.6,5.3,9
43.6,5.5,8
43.6,5.6,8
43.6,5.7,8
43.6,5.8,6.4
43.6,5.9,5.33333333333333
43.6,6,8
43.6,6.1,7.63636363636364
43.6,6.2,6.74193548387097
43.6,6.3,6.90909090909091
43.6,6.4,8.45
43.6,6.5,8.11111111111111
43.6,6.6,8.5
43.6,6.7,2.71153846153846
43.6,6.8,6.66666666666667
43.6,6.9,8
43.6,7,7.83928571428571
43.6,7.1,8
43.6,7.2,8.25882352941177
43.6,7.3,8.43181818181818
43.6,7.4,7.76506024096386
43.6,7.5,6.95348837209302
43.6,7.6,6.81034482758621
43.6,7.7,7.36
43.6,7.8,7.75
43.6,8.2,8
43.6,8.3,8
43.6,8.8,8
43.6,8.9,8
43.6,9,8.07142857142857
43.6,9.1,8
43.6,9.2,8.03225806451613
43.6,9.3,8
43.6,9.5,8
43.6,9.6,8
43.6,9.7,8.375
43.6,9.8,8
43.6,9.9,8
43.6,10,7.27272727272727
43.6,10.1,8
43.6,10.2,8
43.6,10.3,7.73333333333333
43.6,10.4,8.08333333333333
43.6,10.5,4.66666666666667
43.6,10.6,7.96666666666667
43.6,10.8,8
43.6,10.9,8.06666666666667
43.6,11,7.47058823529412
43.6,11.2,7.27272727272727
43.6,11.3,8.22222222222222
43.6,11.5,8
43.6,12.6,8
43.6,12.8,8
43.6,13,8
43.6,13.1,8
43.6,13.2,8
43.6,13.3,8
43.6,13.4,7.76666666666667
43.6,13.5,8.1304347826087
43.6,13.8,8
43.6,14,8
43.6,14.1,8
43.6,14.3,7.90909090909091
43.6,14.4,7.2
43.6,14.6,8
43.6,14.7,8
43.6,14.8,8
43.6,14.9,8
43.6,15.2,8
43.6,15.4,6.6
43.6,15.5,8
43.6,15.6,8.08695652173913
43.6,15.7,7.39130434782609
43.6,15.8,7.875
43.6,15.9,7
43.6,16,8
43.6,16.1,7.95
43.6,16.2,7.1304347826087
43.6,16.3,6.93333333333333
43.6,16.4,8
43.6,17,6.4
43.6,17.1,7.5
43.6,17.2,8
43.6,17.6,7.11111111111111
43.6,17.7,4.25
43.6,17.8,4.52
43.6,18.1,0.666666666666667
43.6,18.2,1.52380952380952
43.6,19.3,6.14285714285714
43.6,19.4,5.79310344827586
43.6,19.5,5.38095238095238
43.6,19.6,5.33333333333333
43.6,19.7,6
43.6,19.8,6.15384615384615
43.6,19.9,8
43.6,20,8
43.6,20.1,6.22222222222222
43.6,20.2,7.2
43.6,20.3,7.11111111111111
43.6,20.9,6.85714285714286
43.6,21,8
43.6,21.2,6.85714285714286
43.6,21.3,7.11111111111111
43.6,21.4,8
43.6,21.5,0
43.6,21.6,4.8
43.6,21.7,8
43.6,21.8,7.33333333333333
43.6,21.9,6
43.6,22,6.54545454545455
43.6,22.1,8
43.6,22.7,7.46666666666667
43.6,22.8,7.52941176470588
43.6,22.9,8
43.6,23,7
43.6,23.1,7
43.6,23.2,6.4
43.6,23.3,7.33333333333333
43.6,23.4,8.05555555555556
43.6,23.5,8
43.6,23.6,8
43.6,25.2,8
43.6,25.3,8
43.6,25.5,7.57142857142857
43.6,25.6,7.5
43.6,25.9,8
43.6,26,7.33333333333333
43.6,26.1,8
43.6,26.3,8
43.6,26.4,7.72222222222222
43.6,26.5,8
43.6,26.6,8
43.6,26.9,8
43.6,27,6.54545454545455
43.6,27.1,7.29166666666667
43.6,27.2,5.17647058823529
43.6,27.3,5.33333333333333
43.6,27.4,7.34615384615385
43.6,27.5,6.83333333333333
43.6,27.8,8.16666666666667
43.6,27.9,7.22222222222222
43.6,28.4,0.8
43.6,28.5,0
43.6,28.7,6.8
43.6,28.8,3.2
43.6,28.9,7
43.7,-7.7,4.26666666666667
43.7,-7.6,4
43.7,-7.1,4
43.7,-7,3.33333333333333
43.7,-6.1,7.33333333333333
43.7,-5.8,6.66666666666667
43.7,-5.7,6.85714285714286
43.7,-5.1,5.33333333333333
43.7,-5,6.5
43.7,-4.4,8
43.7,-4.3,8
43.7,-4.1,6.54545454545455
43.7,-3.9,7.48387096774194
43.7,-3.8,6.85714285714286
43.7,-3.7,8
43.7,-3.2,6.4
43.7,-3.1,7.46666666666667
43.7,-2.8,5
43.7,-2.7,6.66666666666667
43.7,-1.6,6.28571428571429
43.7,-1.5,4
43.7,-1.3,6.93333333333333
43.7,-1.2,7.2
43.7,-1.1,10
43.7,-1,9.95522388059701
43.7,0.7,8
43.7,0.8,7.33333333333333
43.7,0.9,7.41463414634146
43.7,1,7.05882352941176
43.7,1.1,8
43.7,1.2,7.69230769230769
43.7,1.3,7.57894736842105
43.7,1.4,8
43.7,1.5,7.5
43.7,1.6,7.38461538461539
43.7,1.8,7.2
43.7,3,7.2
43.7,3.9,7.11111111111111
43.7,4,8
43.7,4.1,0
43.7,4.2,6.4
43.7,4.3,8
43.7,4.4,8.44444444444444
43.7,4.7,8
43.7,4.8,8
43.7,4.9,8.14285714285714
43.7,5,8
43.7,5.1,8.12903225806452
43.7,5.2,8.84615384615385
43.7,5.3,8
43.7,5.4,8
43.7,5.5,8
43.7,5.6,7.77142857142857
43.7,5.7,6
43.7,5.8,4.70588235294118
43.7,5.9,8
43.7,6,8
43.7,6.1,8
43.7,6.2,8
43.7,6.3,8
43.7,6.4,8.05263157894737
43.7,6.5,8
43.7,6.6,8
43.7,6.7,8.71428571428571
43.7,6.8,8.125
43.7,6.9,8.26530612244898
43.7,7,7.95652173913043
43.7,7.1,7.65217391304348
43.7,7.2,7.73972602739726
43.7,7.3,7.75796178343949
43.7,7.4,7.64444444444444
43.7,7.5,7.38461538461539
43.7,7.6,7.65116279069767
43.7,7.7,8
43.7,7.8,8
43.7,7.9,8
43.7,8,8
43.7,8.1,6.33333333333333
43.7,8.2,8
43.7,8.3,8
43.7,8.4,8
43.7,8.8,7.73333333333333
43.7,8.9,7.84782608695652
43.7,9,8
43.7,9.1,8
43.7,9.6,8
43.7,9.7,8
43.7,9.8,7.95238095238095
43.7,9.9,8
43.7,10.1,8
43.7,10.2,4.30769230769231
43.7,10.3,8
43.7,10.4,8.625
43.7,10.5,0
43.7,10.6,4.89795918367347
43.7,10.7,7.31578947368421
43.7,10.8,7.41666666666667
43.7,11,8
43.7,11.1,8
43.7,11.2,8
43.7,11.3,9
43.7,11.4,7.11111111111111
43.7,11.5,8
43.7,11.8,7.875
43.7,12.6,8
43.7,12.7,8.0625
43.7,12.8,8
43.7,12.9,8
43.7,13,8
43.7,13.1,8
43.7,13.2,8.04166666666667
43.7,13.3,7.52941176470588
43.7,13.4,8
43.7,13.5,8
43.7,13.8,8
43.7,14.1,8
43.7,14.2,7.91304347826087
43.7,14.3,8
43.7,14.4,8
43.7,14.5,8.05263157894737
43.7,14.6,8
43.7,14.7,8
43.7,15,8
43.7,15.1,8
43.7,15.2,8
43.7,15.3,8
43.7,15.4,8
43.7,15.5,7.07692307692308
43.7,15.6,7.6
43.7,15.7,7
43.7,15.8,7.11111111111111
43.7,15.9,7.5
43.7,16,7
43.7,16.1,6
43.7,17.2,5.33333333333333
43.7,17.3,8
43.7,17.4,7
43.7,17.5,7.6
43.7,17.6,4.66666666666667
43.7,17.7,6.42105263157895
43.7,17.8,8
43.7,18,1.45454545454545
43.7,18.1,2.66666666666667
43.7,18.2,4.57142857142857
43.7,19,7.85714285714286
43.7,19.1,5
43.7,19.2,6.85714285714286
43.7,19.3,6.66666666666667
43.7,19.5,7
43.7,19.6,8
43.7,20.1,4
43.7,20.2,8
43.7,20.3,8
43.7,20.4,8
43.7,20.5,8
43.7,20.6,7
43.7,20.7,7.16666666666667
43.7,20.8,8
43.7,20.9,8
43.7,21,7.52941176470588
43.7,21.1,8
43.7,21.2,8
43.7,21.3,6.85714285714286
43.7,21.4,6.95454545454545
43.7,21.5,6.66666666666667
43.7,21.6,7.2
43.7,21.7,7.38461538461539
43.7,21.8,8
43.7,21.9,7.15217391304348
43.7,22,8
43.7,22.1,8
43.7,22.2,8
43.7,22.3,8
43.7,22.4,7.11111111111111
43.7,22.5,8.05882352941176
43.7,22.6,7
43.7,22.7,8
43.7,22.9,7.90909090909091
43.7,23,7.2
43.7,23.1,7.11111111111111
43.7,23.2,8
43.7,23.3,7.68
43.7,24.2,8
43.7,24.3,8
43.7,25.2,8
43.7,25.3,8
43.7,25.4,8
43.7,25.5,8
43.7,25.7,6.83333333333333
43.7,25.8,7.27272727272727
43.7,25.9,8
43.7,26,8
43.7,26.1,7.66666666666667
43.7,26.2,8
43.7,26.3,6.85714285714286
43.7,26.4,8
43.7,26.5,8
43.7,26.7,8
43.7,26.8,7
43.7,26.9,7.79411764705882
43.7,27,8.05
43.7,27.1,8
43.7,27.3,7.11111111111111
43.7,27.4,8
43.7,27.7,8
43.7,27.8,8
43.7,28.4,1.23076923076923
43.7,28.5,3.2
43.7,28.6,1
43.7,28.7,7.66666666666667
43.7,44.1,5.33333333333333
43.8,-7.6,5.5
43.8,-7.5,3.55555555555556
43.8,-7,8
43.8,-6.9,5.53846153846154
43.8,-6.8,5.71428571428571
43.8,-6.7,8
43.8,-6.1,5.66666666666667
43.8,-6,6.66666666666667
43.8,-5.7,6.85714285714286
43.8,-5.6,6.85714285714286
43.8,-5,6.85714285714286
43.8,-4.9,8
43.8,-4.3,6.93333333333333
43.8,-4.1,8
43.8,-4,8
43.8,-3.9,7.23809523809524
43.8,-3.8,8
43.8,-3.7,5.71428571428571
43.8,-3.2,6.93333333333333
43.8,-3.1,6.85714285714286
43.8,-2.9,7
43.8,-2.8,6.6
43.8,-1.5,8
43.8,-1.3,8
43.8,-1.2,7.27272727272727
43.8,-1.1,7.07692307692308
43.8,-0.8,10
43.8,-0.7,10
43.8,-0.1,0
43.8,0.7,6.54545454545455
43.8,0.8,7.2
43.8,0.9,7.27272727272727
43.8,1,7.27272727272727
43.8,1.1,7.52941176470588
43.8,1.2,7.40740740740741
43.8,1.3,7.57894736842105
43.8,1.6,8
43.8,1.7,8
43.8,1.8,7
43.8,3,8
43.8,3.4,0
43.8,3.5,0
43.8,3.6,0
43.8,3.7,3.33333333333333
43.8,3.8,1.37931034482759
43.8,3.9,4
43.8,4,5.48571428571429
43.8,4.1,8
43.8,4.2,9
43.8,4.3,8.93333333333333
43.8,4.4,9
43.8,4.7,5.26315789473684
43.8,4.8,3.25
43.8,4.9,1.41935483870968
43.8,5,8
43.8,5.1,7.55555555555556
43.8,5.2,8
43.8,5.5,0.909090909090909
43.8,5.6,0.450704225352113
43.8,5.8,4
43.8,5.9,7.42857142857143
43.8,6,8
43.8,6.1,8
43.8,6.2,8
43.8,6.5,8
43.8,6.6,8
43.8,6.7,7.75757575757576
43.8,6.8,7.55555555555556
43.8,6.9,8
43.8,7,7.98529411764706
43.8,7.1,8.1969696969697
43.8,7.2,9
43.8,7.4,5.70833333333333
43.8,7.5,6.47619047619048
43.8,7.6,8
43.8,7.7,8.05263157894737
43.8,7.8,7.33333333333333
43.8,7.9,8
43.8,8,8
43.8,8.2,7
43.8,8.3,8
43.8,8.4,7.2
43.8,8.5,8
43.8,8.6,8
43.8,8.7,8
43.8,8.8,8
43.8,8.9,8.02777777777778
43.8,9,8
43.8,9.3,8
43.8,9.4,7.27272727272727
43.8,9.5,8
43.8,9.6,8
43.8,9.8,8
43.8,10.2,3.11111111111111
43.8,10.3,8
43.8,10.4,8
43.8,10.5,7.07352941176471
43.8,10.6,5.65714285714286
43.8,10.7,5.6
43.8,10.8,8
43.8,11.2,8
43.8,11.4,7.2
43.8,11.5,8.03125
43.8,11.6,8
43.8,11.8,7.92307692307692
43.8,12.6,8
43.8,12.7,8.1
43.8,12.8,7.73333333333333
43.8,12.9,8.05
43.8,13,8.04545454545454
43.8,13.1,8
43.8,13.2,8
43.8,13.3,8
43.8,13.4,7.59090909090909
43.8,13.5,8
43.8,13.6,8
43.8,13.8,8
43.8,13.9,8
43.8,14,8.1875
43.8,14.1,7.53125
43.8,14.2,8.04166666666667
43.8,14.3,7
43.8,14.4,8
43.8,14.5,8
43.8,14.9,8
43.8,15,8
43.8,15.2,8
43.8,15.3,8.05
43.8,15.4,8.1875
43.8,15.5,8
43.8,15.6,6.22222222222222
43.8,15.7,7.84615384615385
43.8,15.8,7.33333333333333
43.8,15.9,7.33333333333333
43.8,16,8
43.8,17.3,8
43.8,17.4,6
43.8,17.5,6.4
43.8,17.6,5.53846153846154
43.8,17.7,6.84615384615385
43.8,17.8,6
43.8,17.9,4
43.8,18,1.33333333333333
43.8,18.1,2
43.8,18.9,5.33333333333333
43.8,19,7
43.8,19.1,6.66666666666667
43.8,19.2,6.15384615384615
43.8,19.3,7.2
43.8,19.4,7.11111111111111
43.8,19.5,7.33333333333333
43.8,19.6,8
43.8,19.7,8
43.8,19.8,7.52941176470588
43.8,19.9,8.0625
43.8,20,7.47058823529412
43.8,20.1,6.46666666666667
43.8,20.2,8.1
43.8,20.3,8
43.8,20.4,7.2
43.8,20.5,8
43.8,20.6,8
43.8,20.8,6.125
43.8,20.9,8
43.8,21.2,4.8
43.8,21.3,7.4
43.8,21.4,7
43.8,21.5,5.71428571428571
43.8,21.6,7.52941176470588
43.8,21.7,8.07142857142857
43.8,21.8,7.34210526315789
43.8,21.9,7.38461538461539
43.8,22,8
43.8,22.1,7.7037037037037
43.8,22.2,7.07692307692308
43.8,22.3,6.85714285714286
43.8,22.6,8
43.8,22.7,8
43.8,22.8,8
43.8,22.9,8
43.8,23.2,8
43.8,23.3,7.52941176470588
43.8,24.1,7.46153846153846
43.8,24.2,8
43.8,25.2,7.11764705882353
43.8,25.3,8
43.8,25.4,8
43.8,25.5,6.54545454545455
43.8,25.6,8
43.8,25.7,7.42857142857143
43.8,25.8,7.66666666666667
43.8,25.9,8.04166666666667
43.8,26,7.38461538461539
43.8,26.1,8
43.8,26.3,8
43.8,26.4,6.15384615384615
43.8,26.5,8
43.8,26.6,7.55555555555556
43.8,26.7,7.18181818181818
43.8,26.8,7.68
43.8,26.9,7.33333333333333
43.8,27,8
43.8,27.2,6.54545454545455
43.8,27.3,5.09090909090909
43.8,27.4,8
43.8,27.5,2.66666666666667
43.8,27.6,7.63636363636364
43.8,28.2,3.2
43.8,28.3,4.92307692307692
43.8,28.4,2.66666666666667
43.8,28.5,8
43.9,-8.4,8
43.9,-8.3,5.33333333333333
43.9,-7.6,8
43.9,-7.5,4.8
43.9,-7.4,8
43.9,-6.8,6
43.9,-6.7,5.77777777777778
43.9,-6.6,8
43.9,-6,6.4
43.9,-5.6,5.71428571428571
43.9,-5.5,6.85714285714286
43.9,-4.9,7.11111111111111
43.9,-4.8,6
43.9,-4.3,5.71428571428571
43.9,-4.2,8
43.9,-4,6.28571428571429
43.9,-3.9,7
43.9,-3.7,6.5
43.9,-3.1,6.89655172413793
43.9,-3,6.4
43.9,-2.9,6
43.9,-1.5,8
43.9,-1.4,8
43.9,-1.2,6.15384615384615
43.9,-1.1,5.47368421052632
43.9,-1,3.61764705882353
43.9,-0.2,0
43.9,-0.1,0
43.9,0.6,8
43.9,0.7,7.36
43.9,0.8,7.46666666666667
43.9,1,8
43.9,1.1,6.66666666666667
43.9,1.2,7.72413793103448
43.9,1.3,7.30434782608696
43.9,1.4,7.27272727272727
43.9,1.5,4
43.9,1.7,8
43.9,1.8,7.55555555555556
43.9,1.9,8
43.9,2,5.33333333333333
43.9,2.7,0
43.9,2.8,0
43.9,2.9,0
43.9,3,4.88888888888889
43.9,3.1,0
43.9,3.2,0
43.9,3.3,0
43.9,3.4,0
43.9,3.6,0.592592592592593
43.9,3.7,1.41772151898734
43.9,3.8,8
43.9,3.9,8
43.9,4,0
43.9,4.1,2.13333333333333
43.9,4.2,9
43.9,4.7,7.7037037037037
43.9,4.8,3.74468085106383
43.9,4.9,1.77777777777778
43.9,5,8
43.9,5.1,8
43.9,5.2,7.72
43.9,5.3,8
43.9,5.4,6.4
43.9,5.5,5
43.9,5.7,8
43.9,5.8,6.54545454545455
43.9,6.2,8
43.9,6.3,7.27272727272727
43.9,6.4,8
43.9,6.5,8
43.9,6.6,8
43.9,6.7,7.27272727272727
43.9,6.8,7.63636363636364
43.9,6.9,7.38461538461539
43.9,7,7.53846153846154
43.9,7.1,7.7037037037037
43.9,7.2,8
43.9,7.3,6.925
43.9,7.4,6.41176470588235
43.9,7.5,4.24489795918367
43.9,7.6,4.96551724137931
43.9,7.8,8
43.9,7.9,8
43.9,8,8
43.9,8.1,8
43.9,8.2,8
43.9,8.4,8
43.9,8.5,8
43.9,8.6,8
43.9,8.7,8
43.9,8.8,8.05555555555556
43.9,9.1,8
43.9,9.2,8.1
43.9,9.3,8
43.9,10.1,8
43.9,10.2,5.12
43.9,10.5,5.66666666666667
43.9,10.6,4.9016393442623
43.9,10.7,8
43.9,10.8,8
43.9,11.3,8
43.9,11.4,8
43.9,11.5,8.04545454545454
43.9,11.6,4
43.9,11.8,7.16666666666667
43.9,12.1,8
43.9,12.2,8.33333333333333
43.9,12.4,8
43.9,12.5,8
43.9,12.6,8
43.9,12.7,8
43.9,12.8,8
43.9,12.9,8
43.9,13,8
43.9,13.2,8
43.9,13.3,8.04761904761905
43.9,13.4,8
43.9,13.6,8
43.9,13.7,8
43.9,13.8,8
43.9,13.9,8
43.9,14,7.88235294117647
43.9,14.2,7.9375
43.9,14.3,8
43.9,14.4,8
43.9,14.6,8
43.9,14.7,8
43.9,14.8,8.1
43.9,14.9,8
43.9,15,4
43.9,15.1,8.05263157894737
43.9,15.2,7.92857142857143
43.9,15.3,8.27272727272727
43.9,15.4,8
43.9,15.5,8
43.9,15.6,8.07142857142857
43.9,15.7,8
43.9,15.8,8
43.9,17.2,8
43.9,17.3,7.64285714285714
43.9,17.4,5.6
43.9,17.5,8
43.9,17.6,6.54545454545455
43.9,17.9,3.42857142857143
43.9,18,1.77777777777778
43.9,18.1,0
43.9,18.2,1.77777777777778
43.9,18.3,4
43.9,18.5,7
43.9,18.6,7
43.9,18.7,7
43.9,18.8,6.5
43.9,18.9,5.81818181818182
43.9,19,7
43.9,19.1,8
43.9,19.2,6
43.9,19.3,7.42857142857143
43.9,19.6,5.33333333333333
43.9,19.7,8
43.9,21.1,8
43.9,21.2,6.90909090909091
43.9,21.3,7.14285714285714
43.9,21.4,8
43.9,21.5,7.04
43.9,21.6,7.5
43.9,21.7,6.11764705882353
43.9,21.8,7.11111111111111
43.9,21.9,8
43.9,22,8
43.9,22.1,8
43.9,22.4,8
43.9,22.5,8
43.9,22.6,7.57894736842105
43.9,22.7,7.44444444444444
43.9,22.8,8
43.9,23.2,6.4
43.9,23.9,8
43.9,24,7.38461538461539
43.9,25,8
43.9,25.1,7.92307692307692
43.9,25.2,8
43.9,25.3,7.1
43.9,25.4,8
43.9,25.5,7.64705882352941
43.9,25.6,7.34615384615385
43.9,25.7,7.88235294117647
43.9,25.8,6
43.9,26.3,7.03846153846154
43.9,26.4,7.11111111111111
43.9,26.5,7.81818181818182
43.9,26.6,7.75
43.9,26.7,8
43.9,26.9,7.38461538461539
43.9,27.1,6.73684210526316
43.9,27.2,6.15384615384615
43.9,27.3,6
43.9,27.4,8
43.9,27.5,7
43.9,28,4
43.9,28.1,5.875
43.9,28.2,5.17647058823529
43.9,28.3,3.2
43.9,28.4,2.35714285714286
44,-8.3,6
44,-8.2,8
44,-7.5,5.33333333333333
44,-7.4,6.93333333333333
44,-6.7,6.22222222222222
44,-6.6,5.47368421052632
44,-6.5,6
44,-6,5.33333333333333
44,-5.9,8.04545454545454
44,-5.5,5.33333333333333
44,-5.4,8
44,-4.8,8
44,-4.2,6.92857142857143
44,-4,8
44,-3.9,8
44,-3.8,6.58823529411765
44,-3.1,6.4390243902439
44,-3,0
44,-1.4,7.5
44,-1.1,3.73333333333333
44,-1,4.30769230769231
44,-0.9,4.66666666666667
44,0.6,8
44,0.7,6.80851063829787
44,0.8,8
44,1,6.4
44,1.2,7.46666666666667
44,1.3,7.5
44,1.5,8
44,1.6,8
44,1.7,7.375
44,1.8,7
44,2,8
44,2.1,6.54545454545455
44,3,8
44,3.4,8
44,3.5,8
44,3.6,8
44,4.1,6
44,4.2,7.65
44,4.7,8
44,4.8,8
44,5.1,8
44,5.2,8
44,5.3,7.25
44,5.4,5.53846153846154
44,5.6,5.33333333333333
44,5.7,5.81818181818182
44,6.4,8
44,6.5,8
44,6.6,8
44,6.7,7.45238095238095
44,6.8,7.47619047619048
44,6.9,7.20833333333333
44,7,7.38461538461539
44,7.1,7.11111111111111
44,7.2,7.57894736842105
44,7.3,6.54901960784314
44,7.4,7.71739130434783
44,7.5,8
44,7.6,4.9
44,7.7,4.27450980392157
44,7.8,7.5
44,8,8
44,8.1,8
44,8.3,8
44,8.4,7.90909090909091
44,8.5,8
44,8.6,7.375
44,8.7,6
44,8.8,8
44,8.9,8
44,9,8
44,9.4,8
44,10,8
44,10.1,8
44,10.2,4.30769230769231
44,10.6,8
44,10.7,7.27272727272727
44,11.2,8
44,11.3,8
44,11.4,8
44,11.5,8
44,11.8,8.06666666666667
44,12,8
44,12.1,7.47058823529412
44,12.2,8
44,12.3,8
44,12.4,8
44,12.5,8
44,12.6,8.31034482758621
44,13,7.23809523809524
44,13.3,7.52941176470588
44,13.7,8.57142857142857
44,13.8,8
44,13.9,8
44,14.1,8
44,14.2,8
44,14.3,8
44,14.5,8
44,14.6,8.0625
44,14.7,8
44,14.9,8
44,15,8
44,15.1,8
44,15.2,7.2
44,15.4,7
44,15.5,7.57894736842105
44,15.6,7.8
44,15.8,6.4
44,15.9,8
44,16.3,8
44,16.4,8.16666666666667
44,16.5,8
44,16.6,5
44,16.7,8
44,17.1,8
44,17.2,6.76923076923077
44,17.3,6.125
44,17.5,6.81818181818182
44,17.8,0
44,17.9,2
44,18.1,7
44,18.2,8.71428571428571
44,18.3,6.45454545454545
44,18.4,5.16
44,18.5,4.57142857142857
44,18.6,2.94736842105263
44,18.7,6
44,18.8,7.2
44,18.9,6
44,20.6,8
44,20.7,8.375
44,20.8,8
44,20.9,8.22222222222222
44,21,7.92857142857143
44,21.1,7.05882352941176
44,21.2,7.33333333333333
44,21.3,8
44,21.4,7.9375
44,21.5,7.25
44,21.6,7.61904761904762
44,21.7,6.67924528301887
44,21.8,6.60869565217391
44,21.9,7.46666666666667
44,22.3,8
44,22.4,7.28571428571429
44,22.5,7.82758620689655
44,22.6,8
44,22.7,8
44,23.2,7.38461538461539
44,23.8,7.83333333333333
44,23.9,8
44,24.1,8
44,24.2,8.14285714285714
44,24.9,7.33333333333333
44,25,6.85714285714286
44,25.1,7
44,25.2,8
44,25.3,7.62962962962963
44,25.4,8
44,25.5,8
44,25.6,8
44,25.7,8
44,26.1,8
44,26.2,7.72413793103448
44,26.3,8
44,26.4,7.55555555555556
44,26.5,8
44,26.6,8.2
44,26.8,8
44,26.9,7.61904761904762
44,27,7.625
44,27.1,6.4
44,27.4,6.4
44,27.5,6.66666666666667
44,27.6,5.6
44,27.7,8
44,27.8,4.57142857142857
44,27.9,3.55555555555556
44,28.1,2.66666666666667
44,28.2,2.66666666666667
44,28.3,1
44,28.4,0
44.1,-8.2,8
44.1,-8.1,7.2
44.1,-8,8
44.1,-7.4,5.66666666666667
44.1,-7.3,6.85714285714286
44.1,-6.6,4
44.1,-6.5,6.18181818181818
44.1,-6.4,6.66666666666667
44.1,-5.9,8
44.1,-5.8,6.4
44.1,-5.4,8
44.1,-5.3,8
44.1,-4.2,8
44.1,-4.1,8
44.1,-4,6.85714285714286
44.1,-3.8,8
44.1,-3.1,6.13333333333333
44.1,-3,6.54545454545455
44.1,-1.4,0
44.1,-1.3,6.76923076923077
44.1,-1,5.77777777777778
44.1,-0.9,5.33333333333333
44.1,-0.8,7.33333333333333
44.1,0.1,0
44.1,0.6,7.2
44.1,0.7,7.17241379310345
44.1,0.9,6.54545454545455
44.1,1.2,7.69230769230769
44.1,1.3,6.85714285714286
44.1,1.7,7.68181818181818
44.1,1.8,7.2
44.1,2.1,8
44.1,2.2,5.09090909090909
44.1,2.3,7.11111111111111
44.1,3.1,8
44.1,3.2,8
44.1,3.3,6.85714285714286
44.1,3.4,8
44.1,4.1,8
44.1,4.2,7.27272727272727
44.1,4.5,7.5
44.1,4.6,7.2
44.1,4.7,8
44.1,4.8,7.38461538461539
44.1,5.1,8
44.1,5.2,8
44.1,5.3,7.23809523809524
44.1,5.4,6.52941176470588
44.1,5.5,6.22222222222222
44.1,5.6,7
44.1,5.9,0
44.1,6,0
44.1,6.5,8
44.1,6.6,7.71153846153846
44.1,6.7,7.68
44.1,6.8,6.5
44.1,6.9,5.55555555555556
44.1,7,8
44.1,7.1,7.80555555555556
44.1,7.2,5.92682926829268
44.1,7.3,8.11111111111111
44.1,7.4,8
44.1,7.5,7.75
44.1,7.6,7.84444444444444
44.1,7.7,7.71428571428571
44.1,7.8,5.94736842105263
44.1,8.1,7
44.1,8.2,8
44.1,8.3,8
44.1,8.4,8
44.1,8.5,8
44.1,8.6,8
44.1,8.7,8
44.1,8.8,8
44.1,8.9,8
44.1,9.4,8.08333333333333
44.1,9.9,7.2
44.1,10,8
44.1,10.1,8
44.1,10.2,7.33333333333333
44.1,10.3,4
44.1,10.5,8
44.1,10.6,8
44.1,10.7,8
44.1,11.1,8
44.1,11.2,8
44.1,11.3,8.07142857142857
44.1,11.4,7.68
44.1,11.8,8
44.1,11.9,8
44.1,12,8
44.1,12.1,8
44.1,12.2,8
44.1,12.6,8
44.1,13,8
44.1,13.3,8
44.1,13.4,8
44.1,13.6,8
44.1,13.7,8
44.1,13.8,8
44.1,14,8
44.1,14.1,8
44.1,14.3,8
44.1,14.4,8
44.1,14.5,8
44.1,14.6,6.4
44.1,14.7,8
44.1,14.8,8
44.1,14.9,8
44.1,15,7.64285714285714
44.1,15.3,8.05555555555556
44.1,15.4,7.46666666666667
44.1,15.9,7.53333333333333
44.1,16,7.875
44.1,16.1,8.11111111111111
44.1,16.2,8
44.1,16.3,7
44.1,16.4,8.10526315789474
44.1,17,6.75
44.1,17.1,6.36666666666667
44.1,17.2,8
44.1,17.3,8
44.1,17.4,7.33333333333333
44.1,17.5,6.15384615384615
44.1,17.6,8.125
44.1,17.7,7.38461538461539
44.1,17.8,4.75862068965517
44.1,17.9,8
44.1,18,8
44.1,18.1,6.85714285714286
44.1,18.2,4
44.1,18.3,6.71428571428571
44.1,18.5,3.2
44.1,18.6,3.42857142857143
44.1,18.7,4
44.1,18.8,8.33333333333333
44.1,18.9,5.33333333333333
44.1,19,0
44.1,20.2,8
44.1,20.3,8
44.1,20.4,7.11111111111111
44.1,20.5,8
44.1,20.6,8
44.1,20.9,8
44.1,21,8
44.1,21.1,7.42857142857143
44.1,21.2,7.27272727272727
44.1,21.3,7.80555555555556
44.1,21.4,7.5
44.1,21.5,8
44.1,21.6,6.91891891891892
44.1,21.7,7.26086956521739
44.1,21.8,7.88888888888889
44.1,22.1,8
44.1,22.2,7.42857142857143
44.1,22.3,8
44.1,22.4,7.46428571428571
44.1,22.5,6.66666666666667
44.1,23.1,8
44.1,23.7,8
44.1,23.8,6.85714285714286
44.1,24,8
44.1,24.1,7.11111111111111
44.1,24.7,8
44.1,24.8,8
44.1,24.9,8
44.1,25,7.61538461538461
44.1,25.1,7.55555555555556
44.1,25.2,7.875
44.1,25.3,8
44.1,25.4,8
44.1,25.5,8
44.1,26,7.33333333333333
44.1,26.1,8
44.1,26.2,8.05882352941176
44.1,26.4,8
44.1,26.5,8
44.1,26.7,8
44.1,26.8,7.72413793103448
44.1,26.9,7.6
44.1,27.3,5.33333333333333
44.1,27.4,6.4
44.1,27.5,7.11111111111111
44.1,27.6,7.2
44.1,27.7,7.125
44.1,28,4.44444444444444
44.1,28.1,4.28571428571429
44.1,28.2,0
44.1,28.3,1.84615384615385
44.2,-8,6.85714285714286
44.2,-7.9,5.6
44.2,-7.3,5.91304347826087
44.2,-6.5,8
44.2,-6.4,5.91304347826087
44.2,-6.3,4.57142857142857
44.2,-5.8,7.08823529411765
44.2,-5.3,7
44.2,-5.2,8
44.2,-4.1,8
44.2,-4,6.4
44.2,-3.8,8
44.2,-3.1,8
44.2,-3,7.14285714285714
44.2,-0.9,6.47619047619048
44.2,-0.8,4
44.2,-0.7,5.33333333333333
44.2,0.6,7.61904761904762
44.2,0.7,8
44.2,0.8,8
44.2,0.9,8
44.2,1.2,7.30434782608696
44.2,1.7,7.72
44.2,1.8,8
44.2,2.3,5.33333333333333
44.2,2.4,8
44.2,2.5,7
44.2,2.6,6
44.2,2.8,8
44.2,2.9,7
44.2,3,6.85714285714286
44.2,3.1,8
44.2,4.2,8
44.2,4.6,7.28
44.2,4.7,8
44.2,4.8,8
44.2,5.2,4.2
44.2,5.3,0.754716981132076
44.2,5.4,6.8
44.2,5.5,7.2
44.2,5.8,0
44.2,5.9,0
44.2,6,0
44.2,6.3,0.827586206896552
44.2,6.4,8.1
44.2,6.5,7.33333333333333
44.2,6.6,6.56521739130435
44.2,6.7,6.93333333333333
44.2,6.9,6.25925925925926
44.2,7.2,5.81818181818182
44.2,7.3,8.02777777777778
44.2,7.4,8
44.2,7.5,8
44.2,7.6,8
44.2,7.7,7.82758620689655
44.2,7.8,6.21333333333333
44.2,7.9,8
44.2,8,7.95238095238095
44.2,8.1,8
44.2,8.2,8
44.2,8.3,8
44.2,8.4,8.125
44.2,8.5,8
44.2,8.6,8
44.2,8.7,7.0625
44.2,8.8,8.66666666666667
44.2,8.9,8
44.2,9.4,8.08333333333333
44.2,9.8,8
44.2,9.9,8
44.2,10,8
44.2,10.1,6.85714285714286
44.2,10.3,2.46153846153846
44.2,10.5,8
44.2,10.6,8
44.2,10.7,8
44.2,11,8
44.2,11.1,8
44.2,11.2,8
44.2,11.4,8
44.2,11.6,8
44.2,11.7,8
44.2,11.8,8
44.2,12,8
44.2,12.2,8
44.2,12.3,7.9
44.2,12.5,8
44.2,12.6,8
44.2,12.8,8
44.2,12.9,8
44.2,13,8
44.2,13.1,8
44.2,13.2,8
44.2,13.3,8
44.2,13.4,7.75
44.2,13.5,8
44.2,13.6,8.02631578947368
44.2,13.7,6.88888888888889
44.2,13.9,8
44.2,14,8
44.2,14.3,8
44.2,14.4,7.55555555555556
44.2,14.5,8
44.2,14.7,7.80555555555556
44.2,14.8,4.32608695652174
44.2,14.9,2.07407407407407
44.2,15.1,8
44.2,15.2,8
44.2,15.3,8
44.2,15.5,8.11111111111111
44.2,15.6,7.125
44.2,15.7,8
44.2,15.8,7.2
44.2,15.9,8
44.2,16,7.2
44.2,16.4,7.85714285714286
44.2,16.5,8.5
44.2,16.9,6
44.2,17,7.2258064516129
44.2,17.1,8
44.2,17.4,6.08333333333333
44.2,17.5,7
44.2,17.7,1
44.2,17.8,2
44.2,18.3,8
44.2,18.4,5.33333333333333
44.2,18.5,4
44.2,18.7,0
44.2,18.8,6.54545454545455
44.2,18.9,8
44.2,19.1,8
44.2,20.6,7.25
44.2,20.8,7
44.2,20.9,7.2
44.2,21,6.28571428571429
44.2,21.1,6.73684210526316
44.2,21.2,7.13513513513514
44.2,21.3,7.63636363636364
44.2,21.5,5.14285714285714
44.2,21.6,6.7741935483871
44.2,21.7,8
44.2,21.8,8
44.2,21.9,8
44.2,22,8
44.2,22.1,8
44.2,22.2,8
44.2,22.3,7.93333333333333
44.2,23,8
44.2,23.1,7.11111111111111
44.2,23.6,8.25
44.2,23.7,8
44.2,23.8,8
44.2,23.9,8
44.2,24,8
44.2,24.5,7.57142857142857
44.2,24.6,8
44.2,24.7,7.72
44.2,24.8,8.17647058823529
44.2,24.9,8
44.2,25,8
44.2,25.1,7.44444444444444
44.2,25.2,7.11111111111111
44.2,25.3,7.83333333333333
44.2,25.8,6.66666666666667
44.2,25.9,7.70588235294118
44.2,26,8
44.2,26.3,7.30769230769231
44.2,26.4,8
44.2,26.5,8
44.2,26.6,8
44.2,26.7,7.68
44.2,26.8,7.07692307692308
44.2,27,8
44.2,27.1,6.10526315789474
44.2,27.2,8
44.2,27.3,7.27272727272727
44.2,27.4,8
44.2,27.5,6
44.2,27.8,0
44.2,27.9,6.08333333333333
44.2,28,5.33333333333333
44.2,28.2,5.53846153846154
44.2,28.3,3.2
44.2,28.4,6
44.2,28.5,1
44.3,-7.9,8
44.3,-7.8,5.81818181818182
44.3,-7.7,8
44.3,-7.3,8
44.3,-7.2,5.53846153846154
44.3,-6.3,5.89473684210526
44.3,-6.2,6.69230769230769
44.3,-5.8,6.66666666666667
44.3,-5.7,7.65217391304348
44.3,-5.2,8.125
44.3,-5.1,8
44.3,-4,6.4
44.3,-3.8,8
44.3,-3.1,4
44.3,-3,8
44.3,-0.8,6.09523809523809
44.3,-0.7,6
44.3,-0.6,4.92307692307692
44.3,0.1,0
44.3,0.4,8
44.3,0.5,7.55555555555556
44.3,0.6,7.29411764705882
44.3,0.7,8
44.3,0.8,8
44.3,1,7.89473684210526
44.3,1.1,8
44.3,1.2,7.6734693877551
44.3,1.6,8.83333333333333
44.3,1.7,7.42105263157895
44.3,2,8
44.3,2.1,7.11111111111111
44.3,2.5,7
44.3,2.6,7.69230769230769
44.3,2.7,7.2
44.3,2.8,6.4
44.3,4.2,8
44.3,4.3,9
44.3,4.4,9
44.3,4.6,7.93333333333333
44.3,4.7,8
44.3,4.8,6.22222222222222
44.3,5.1,7.2
44.3,5.2,6.11111111111111
44.3,5.3,6.44
44.3,5.5,8
44.3,5.6,8
44.3,5.9,0
44.3,6,0
44.3,6.3,5
44.3,6.4,6.11764705882353
44.3,6.5,7.58333333333333
44.3,6.6,6.80769230769231
44.3,6.7,6.4
44.3,6.9,6.85185185185185
44.3,7.4,7.65
44.3,7.5,7.77142857142857
44.3,7.6,8
44.3,7.7,8
44.3,7.8,7.93333333333333
44.3,7.9,7.57894736842105
44.3,8.1,6.92857142857143
44.3,8.2,7.65
44.3,8.3,8.05
44.3,8.4,8
44.3,8.5,8
44.3,8.6,4.57142857142857
44.3,8.7,4.21428571428571
44.3,8.8,5.54666666666667
44.3,8.9,8.48
44.3,9.4,8
44.3,9.7,8
44.3,9.8,8
44.3,9.9,8
44.3,10.1,8
44.3,10.2,8
44.3,10.3,4
44.3,10.4,8
44.3,10.5,8
44.3,10.6,8
44.3,10.7,8
44.3,10.9,8
44.3,11,8
44.3,11.1,7.2
44.3,11.3,8
44.3,11.4,8.06666666666667
44.3,11.5,8.09090909090909
44.3,11.6,8
44.3,11.8,8
44.3,11.9,8
44.3,12,8
44.3,12.1,8
44.3,12.2,8
44.3,12.3,7.96296296296296
44.3,12.4,8
44.3,12.5,7.61904761904762
44.3,12.6,8.2
44.3,12.7,8
44.3,13,7.25
44.3,13.4,8.05263157894737
44.3,13.5,8.02702702702703
44.3,13.8,6.66666666666667
44.3,13.9,8
44.3,14,8
44.3,14.1,8
44.3,14.2,8
44.3,14.3,7.55555555555556
44.3,14.4,8
44.3,14.5,8
44.3,14.6,8.02631578947368
44.3,14.7,6.55263157894737
44.3,14.8,3.05405405405405
44.3,14.9,5.22727272727273
44.3,15,7.80645161290323
44.3,15.1,7.76923076923077
44.3,15.2,7.63157894736842
44.3,15.3,8
44.3,15.4,8
44.3,15.5,8
44.3,16,8
44.3,16.5,7.27272727272727
44.3,16.8,5.9
44.3,16.9,7.70833333333333
44.3,17.3,4
44.3,17.7,1.84615384615385
44.3,18.2,6.66666666666667
44.3,18.3,6.4
44.3,18.5,0
44.3,18.6,4.5
44.3,18.7,6.22222222222222
44.3,18.8,7.33333333333333
44.3,18.9,8
44.3,19,8
44.3,19.1,8
44.3,20.4,7.38461538461539
44.3,20.5,6.4
44.3,20.6,6
44.3,20.7,5
44.3,20.8,7.57894736842105
44.3,20.9,7.11111111111111
44.3,21,7.11111111111111
44.3,21.1,6.96774193548387
44.3,21.2,8
44.3,21.4,4
44.3,21.5,5.6
44.3,21.6,7.2
44.3,21.7,8
44.3,21.8,7.08571428571429
44.3,21.9,8
44.3,22,7.69230769230769
44.3,22.1,7.23809523809524
44.3,22.2,8
44.3,23,7.42857142857143
44.3,23.4,8
44.3,23.5,8
44.3,23.6,8
44.3,23.7,7.27272727272727
44.3,23.8,6
44.3,24.2,6.85714285714286
44.3,24.3,7.7
44.3,24.4,7.5
44.3,24.5,7.75
44.3,24.6,8.25
44.3,24.7,8
44.3,24.8,7.2
44.3,24.9,7.88888888888889
44.3,25,8
44.3,25.6,8
44.3,25.7,7.11111111111111
44.3,25.8,7.11111111111111
44.3,25.9,8
44.3,26.2,7.52941176470588
44.3,26.3,7.38461538461539
44.3,26.4,8
44.3,26.5,8
44.3,26.6,7.6
44.3,26.7,7.31428571428571
44.3,26.8,8
44.3,26.9,7.5
44.3,27,7.2
44.3,27.1,8
44.3,27.2,6.3
44.3,27.3,8
44.3,27.7,2.66666666666667
44.3,27.8,4.66666666666667
44.3,28.2,6.22222222222222
44.3,28.3,0
44.3,28.5,0
44.3,42.9,8
44.4,-7.7,8
44.4,-7.6,7.27272727272727
44.4,-7.2,5.76
44.4,-7.1,6
44.4,-6.2,7.5
44.4,-6.1,7.11111111111111
44.4,-5.7,7.11627906976744
44.4,-5.1,8
44.4,-5,7
44.4,-4,7.12
44.4,-3.9,8
44.4,-3.8,7.46666666666667
44.4,-3,7.7037037037037
44.4,-0.8,8
44.4,-0.7,5.05263157894737
44.4,-0.6,6.54545454545455
44.4,-0.5,7.2
44.4,0,0
44.4,0.4,4
44.4,0.5,7.23076923076923
44.4,0.6,8
44.4,0.7,8
44.4,1,6.8
44.4,1.1,5.55172413793103
44.4,1.2,7.65957446808511
44.4,1.6,8.25
44.4,1.7,8
44.4,2.1,6
44.4,2.2,8
44.4,2.3,4
44.4,2.6,8
44.4,2.7,8
44.4,2.8,7.68
44.4,2.9,8
44.4,3.5,8
44.4,4.4,9
44.4,4.6,6.12903225806452
44.4,4.7,7.05882352941176
44.4,4.8,6.95652173913043
44.4,4.9,5.6
44.4,5,6.15384615384615
44.4,5.1,6.66666666666667
44.4,5.2,6.54545454545455
44.4,5.3,7.36363636363636
44.4,5.4,4
44.4,5.6,6.5
44.4,5.7,8
44.4,6.3,7
44.4,6.4,7.11111111111111
44.4,6.5,7
44.4,6.6,7.30434782608696
44.4,6.8,6.4
44.4,6.9,7.61904761904762
44.4,7.6,7.94117647058824
44.4,7.7,8
44.4,7.8,8
44.4,7.9,7.52941176470588
44.4,8,8
44.4,8.1,8.16666666666667
44.4,8.2,8.2
44.4,8.4,8
44.4,8.5,7.46666666666667
44.4,8.6,8
44.4,8.8,5.42857142857143
44.4,8.9,8.66666666666667
44.4,9,8.16
44.4,9.1,8.28571428571429
44.4,9.2,8
44.4,9.4,7.33333333333333
44.4,9.7,8
44.4,10.3,2
44.4,10.4,8
44.4,10.5,8.2
44.4,10.6,7.95833333333333
44.4,10.7,7.73333333333333
44.4,10.8,7.84615384615385
44.4,10.9,8
44.4,11,8.05555555555556
44.4,11.1,8
44.4,11.2,8
44.4,11.3,8
44.4,11.4,8
44.4,11.6,8
44.4,11.7,8
44.4,11.8,8
44.4,12.1,8
44.4,12.2,8.10344827586207
44.4,12.3,8.25
44.4,12.4,6.85714285714286
44.4,12.5,8
44.4,12.9,8
44.4,13,8
44.4,13.3,8.125
44.4,13.4,8.09375
44.4,13.5,8
44.4,13.7,8
44.4,13.8,8
44.4,13.9,8.1
44.4,14,8
44.4,14.1,8
44.4,14.2,7.71428571428571
44.4,14.3,8
44.4,14.4,8
44.4,14.5,8
44.4,14.6,8
44.4,14.7,7
44.4,14.8,7.63636363636364
44.4,14.9,7.95238095238095
44.4,15,8
44.4,15.1,8
44.4,15.3,8
44.4,15.4,8
44.4,16.5,7
44.4,16.6,8.5
44.4,16.7,7.22727272727273
44.4,16.8,6.22222222222222
44.4,17.6,0.727272727272727
44.4,17.7,0
44.4,18.1,5.5
44.4,18.2,7.46666666666667
44.4,18.3,6.44444444444444
44.4,18.4,7.11111111111111
44.4,18.5,7.1875
44.4,18.6,6.58823529411765
44.4,18.7,8
44.4,20.2,7.2
44.4,20.3,5.81818181818182
44.4,20.4,6.66666666666667
44.4,20.6,8
44.4,20.7,7.05882352941176
44.4,20.8,6.22222222222222
44.4,20.9,8
44.4,21,7
44.4,21.1,4.5
44.4,21.4,4.65789473684211
44.4,21.5,7.57894736842105
44.4,21.6,7.6
44.4,21.7,8
44.4,21.8,6.90476190476191
44.4,21.9,6.95652173913043
44.4,22,8
44.4,22.9,7
44.4,23,8.2
44.4,23.3,4.8
44.4,23.4,8
44.4,23.5,8
44.4,23.6,8
44.4,23.7,8
44.4,23.9,8.14285714285714
44.4,24,7.57894736842105
44.4,24.1,7
44.4,24.2,8
44.4,24.3,8
44.4,24.6,8
44.4,24.7,7.27272727272727
44.4,24.8,8
44.4,24.9,5.33333333333333
44.4,25,8
44.4,25.1,7
44.4,25.2,7.76923076923077
44.4,25.3,8
44.4,25.4,8
44.4,25.5,8.25
44.4,25.6,8
44.4,25.8,8
44.4,25.9,8
44.4,26.1,8
44.4,26.2,7.33333333333333
44.4,26.3,9.5
44.4,26.4,8
44.4,26.5,7.15789473684211
44.4,26.6,7.45614035087719
44.4,26.7,7.33333333333333
44.4,26.8,8
44.4,26.9,8
44.4,27,8
44.4,27.6,4
44.4,27.7,5.16666666666667
44.4,28.2,8
44.4,28.3,2.66666666666667
44.4,28.4,1.77777777777778
44.4,28.5,0
44.5,-7.5,6.4
44.5,-7.4,5.71428571428571
44.5,-7.1,4.68965517241379
44.5,-6.1,8
44.5,-6,6.15384615384615
44.5,-5.9,8
44.5,-5.6,6.23913043478261
44.5,-5,6.85714285714286
44.5,-4.9,6.85714285714286
44.5,-4,8
44.5,-3.9,7.76470588235294
44.5,-3.8,8
44.5,-3,6.28571428571429
44.5,-2.9,8
44.5,-0.7,5.33333333333333
44.5,-0.6,5.81818181818182
44.5,-0.5,4.36363636363636
44.5,-0.4,5.53846153846154
44.5,0.1,9
44.5,0.2,8
44.5,0.3,5.33333333333333
44.5,0.4,7
44.5,0.5,6.96296296296296
44.5,0.6,2.66666666666667
44.5,1.1,8
44.5,1.2,7.52941176470588
44.5,1.6,6.54545454545455
44.5,1.7,7.2
44.5,2.3,8.1
44.5,2.4,8
44.5,2.9,8
44.5,3,7.66666666666667
44.5,3.1,7.11111111111111
44.5,3.4,8
44.5,3.5,8
44.5,4.4,9
44.5,4.6,5.21428571428571
44.5,4.7,7.40740740740741
44.5,4.8,7.65
44.5,4.9,3.69230769230769
44.5,5,7
44.5,5.1,7.125
44.5,5.4,7.38461538461539
44.5,5.5,7
44.5,5.6,8
44.5,5.7,8
44.5,6.1,7.33333333333333
44.5,6.2,8.44444444444444
44.5,6.3,6.44
44.5,6.4,6.91304347826087
44.5,6.5,6.8
44.5,6.6,7.04
44.5,6.8,8
44.5,6.9,8
44.5,7,8
44.5,7.7,7.38461538461539
44.5,7.8,8
44.5,7.9,8
44.5,8,8.09090909090909
44.5,8.3,8
44.5,8.4,8
44.5,8.6,8
44.5,8.7,7.33333333333333
44.5,8.8,8.16666666666667
44.5,8.9,8
44.5,9.1,8.75
44.5,9.2,8.09523809523809
44.5,9.3,8.25
44.5,9.4,8
44.5,9.6,8
44.5,9.7,8
44.5,10.3,2.66666666666667
44.5,10.4,1.14285714285714
44.5,10.6,8.09090909090909
44.5,10.7,8
44.5,10.8,8
44.5,10.9,8
44.5,11,8
44.5,11.1,8
44.5,11.2,8
44.5,11.3,8
44.5,11.4,8
44.5,11.5,7.73913043478261
44.5,11.6,8.30769230769231
44.5,11.7,8
44.5,11.8,7.63157894736842
44.5,12,8
44.5,12.1,7.97142857142857
44.5,12.3,8
44.5,12.4,8.04545454545454
44.5,12.5,8
44.5,12.6,8
44.5,12.7,8
44.5,12.8,7.63636363636364
44.5,12.9,8
44.5,13.2,8
44.5,13.3,7.68421052631579
44.5,13.4,8.47058823529412
44.5,13.5,8
44.5,13.6,7.11111111111111
44.5,13.7,8
44.5,13.8,8
44.5,13.9,7.92857142857143
44.5,14,8
44.5,14.1,8
44.5,14.3,8
44.5,14.4,8
44.5,14.5,8.28571428571429
44.5,14.6,8.13333333333333
44.5,14.7,8
44.5,14.8,8
44.5,15.4,8
44.5,15.5,8.125
44.5,16.6,7.79310344827586
44.5,16.7,6.84615384615385
44.5,17.6,4.8
44.5,17.7,7.11111111111111
44.5,17.8,5.33333333333333
44.5,17.9,5.47368421052632
44.5,18,6.4
44.5,18.1,4.8
44.5,18.2,8
44.5,18.3,7.18181818181818
44.5,18.4,4
44.5,18.5,7.46153846153846
44.5,20,6
44.5,20.1,6.93333333333333
44.5,20.2,6.47619047619048
44.5,20.3,7.2
44.5,20.4,6.4
44.5,20.5,7.36363636363636
44.5,20.6,7.46666666666667
44.5,20.7,6.85714285714286
44.5,20.8,6.5
44.5,20.9,7.40740740740741
44.5,21.3,4.24
44.5,21.4,5.8
44.5,21.5,7.6
44.5,21.6,7.78787878787879
44.5,21.7,7.70833333333333
44.5,21.8,7.53333333333333
44.5,21.9,8
44.5,22.9,7.92307692307692
44.5,23.2,8
44.5,23.3,8
44.5,23.4,7.92307692307692
44.5,23.5,8
44.5,23.6,8
44.5,23.7,8
44.5,23.8,8
44.5,23.9,8
44.5,24.4,8
44.5,24.5,6.4
44.5,24.6,8
44.5,24.7,8
44.5,24.8,5.84615384615385
44.5,24.9,6.86666666666667
44.5,25,4
44.5,25.1,7
44.5,25.2,7.88888888888889
44.5,25.3,8
44.5,25.4,8
44.5,25.5,8
44.5,25.6,7.38461538461539
44.5,25.7,6.09523809523809
44.5,25.8,4.88888888888889
44.5,25.9,5.09090909090909
44.5,26,8
44.5,26.1,5.33333333333333
44.5,26.3,8
44.5,26.4,7.5
44.5,26.5,5.67741935483871
44.5,26.6,8
44.5,26.7,8
44.5,26.8,7.33333333333333
44.5,27.5,4.71428571428571
44.5,27.6,4
44.6,-7.4,5.33333333333333
44.6,-7.3,6.54545454545455
44.6,-7.2,8
44.6,-7.1,6.11764705882353
44.6,-7,7.33333333333333
44.6,-5.9,7.33333333333333
44.6,-5.8,6.66666666666667
44.6,-5.6,6.22222222222222
44.6,-5.5,6.22222222222222
44.6,-4.9,8
44.6,-4.8,7.44444444444444
44.6,-3.9,6.75675675675676
44.6,-3.8,7.46666666666667
44.6,-3.7,8
44.6,-2.9,8
44.6,-1.2,8
44.6,-1.1,7.23076923076923
44.6,-0.7,6
44.6,-0.6,6.28571428571429
44.6,-0.5,7.2
44.6,-0.4,6.5
44.6,-0.3,6
44.6,0.2,0
44.6,0.4,6.4
44.6,0.5,6.22222222222222
44.6,1.1,7.2
44.6,1.2,8
44.6,1.6,7.82608695652174
44.6,1.7,8
44.6,2.4,8
44.6,2.5,6.54545454545455
44.6,2.6,8
44.6,3,8
44.6,3.1,7.65
44.6,3.2,8
44.6,3.3,8
44.6,3.4,7.2
44.6,4.6,6.24137931034483
44.6,4.7,6.8
44.6,4.8,6.93333333333333
44.6,4.9,5.62962962962963
44.6,5,8
44.6,5.3,8
44.6,5.4,6.58823529411765
44.6,5.5,7.11111111111111
44.6,6,8
44.6,6.1,7.78260869565217
44.6,6.2,8.31578947368421
44.6,6.3,6.85714285714286
44.6,6.4,7.25581395348837
44.6,6.5,5.71428571428571
44.6,6.6,6.22222222222222
44.6,6.7,7.5
44.6,6.8,7.33333333333333
44.6,7,8
44.6,7.6,8
44.6,7.7,8
44.6,7.8,7.57894736842105
44.6,8,8
44.6,8.1,8.0625
44.6,8.2,8
44.6,8.3,8
44.6,8.9,8
44.6,9,8
44.6,9.1,7.42857142857143
44.6,9.2,8
44.6,9.3,8.36842105263158
44.6,9.4,8.27027027027027
44.6,9.5,8.1304347826087
44.6,9.6,8
44.6,9.7,8
44.6,10.4,0.666666666666667
44.6,10.5,8
44.6,10.6,8
44.6,10.7,8
44.6,10.8,8.0625
44.6,10.9,8
44.6,11,7.63636363636364
44.6,11.1,8.10344827586207
44.6,11.2,8
44.6,11.3,7.80851063829787
44.6,11.4,8.04347826086956
44.6,11.5,8
44.6,11.6,8
44.6,11.7,8.1
44.6,11.8,8
44.6,11.9,8
44.6,12,8
44.6,12.1,8
44.6,12.2,7.66666666666667
44.6,12.3,8
44.6,12.4,8
44.6,12.5,8
44.6,12.6,8
44.6,12.7,8
44.6,12.8,8
44.6,13.2,8.07142857142857
44.6,13.3,8.69565217391304
44.6,13.5,8.27272727272727
44.6,13.6,8
44.6,13.7,8
44.6,13.8,8.07142857142857
44.6,13.9,8
44.6,14,8.125
44.6,14.3,7.83333333333333
44.6,14.4,8.09090909090909
44.6,14.5,7.38461538461539
44.6,14.6,8
44.6,14.7,8
44.6,14.8,8
44.6,15.5,7.66666666666667
44.6,15.6,8
44.6,16.5,8
44.6,16.6,7.51515151515152
44.6,16.7,8
44.6,17.5,6.4
44.6,17.6,6
44.6,17.7,8
44.6,17.8,5.53846153846154
44.6,17.9,6.85714285714286
44.6,18,8
44.6,18.1,7.29166666666667
44.6,18.2,6.22222222222222
44.6,18.3,5.33333333333333
44.6,18.4,5.86666666666667
44.6,18.5,5.18181818181818
44.6,18.8,6
44.6,18.9,8
44.6,19,8
44.6,19.1,7.27272727272727
44.6,19.2,7.11111111111111
44.6,19.3,7.2
44.6,19.4,6.5
44.6,19.5,8
44.6,19.6,8
44.6,19.7,7.2
44.6,19.8,6.28571428571429
44.6,19.9,5.75
44.6,20,6.36842105263158
44.6,20.1,8
44.6,20.2,6.54545454545455
44.6,20.4,8
44.6,20.5,8
44.6,20.6,6.66666666666667
44.6,20.7,7.44
44.6,20.8,8
44.6,21.1,4
44.6,21.2,4.6875
44.6,21.3,6.36734693877551
44.6,21.4,6.61111111111111
44.6,21.5,7.51515151515152
44.6,21.6,8
44.6,21.7,8
44.6,22.8,7.33333333333333
44.6,22.9,8
44.6,23.1,7
44.6,23.2,6.85714285714286
44.6,23.3,8
44.6,23.4,7
44.6,23.5,8.125
44.6,24.2,8
44.6,24.3,8
44.6,24.4,8
44.6,24.5,6.22222222222222
44.6,24.6,6.88461538461539
44.6,24.7,5.66666666666667
44.6,24.8,4.8
44.6,25,7.46666666666667
44.6,25.1,7.15789473684211
44.6,25.2,8
44.6,25.3,8
44.6,25.4,7.2
44.6,25.5,8
44.6,25.6,8
44.6,25.7,8
44.6,25.9,8
44.6,26,6.75
44.6,26.1,7.65957446808511
44.6,26.2,8.03846153846154
44.6,26.3,7.76470588235294
44.6,26.4,8
44.6,26.6,7.38461538461539
44.6,26.7,8
44.6,28.3,6.66666666666667
44.6,28.4,0
44.7,-7.2,5.71428571428571
44.7,-7.1,8
44.7,-7,6.3448275862069
44.7,-5.8,8
44.7,-5.6,4.66666666666667
44.7,-5.5,5
44.7,-4.8,8
44.7,-4.7,7.30769230769231
44.7,-3.9,7.16666666666667
44.7,-3.8,7.22727272727273
44.7,-3.6,7.5
44.7,-3.2,8
44.7,-0.9,8
44.7,-0.8,7.29411764705882
44.7,-0.7,5.71428571428571
44.7,-0.6,0
44.7,-0.5,4
44.7,-0.4,5.33333333333333
44.7,-0.3,5.77777777777778
44.7,-0.2,5.71428571428571
44.7,0.3,4.63157894736842
44.7,0.4,6.19354838709677
44.7,1.1,7.74193548387097
44.7,1.5,9
44.7,1.6,7.8
44.7,2.6,8
44.7,2.7,8.08333333333333
44.7,2.8,8
44.7,3.3,7.65217391304348
44.7,3.4,7.74193548387097
44.7,3.5,8
44.7,3.6,6.4
44.7,4.5,6.42857142857143
44.7,4.6,8.08695652173913
44.7,4.7,6.66666666666667
44.7,4.8,8
44.7,4.9,6.89285714285714
44.7,5.1,8
44.7,5.2,6.4
44.7,5.3,8
44.7,5.5,7.33333333333333
44.7,6,6.4
44.7,6.1,8.62962962962963
44.7,6.2,7.125
44.7,6.3,6.30434782608696
44.7,6.4,6.5
44.7,6.5,7.07692307692308
44.7,6.6,8
44.7,6.7,6.85714285714286
44.7,6.8,8
44.7,7.5,8
44.7,7.6,8
44.7,7.7,8
44.7,7.8,8
44.7,7.9,8
44.7,8,8.125
44.7,8.1,8
44.7,8.2,8
44.7,8.3,8
44.7,8.4,8
44.7,9.1,8
44.7,9.2,8
44.7,9.3,8.09090909090909
44.7,9.4,8
44.7,9.5,8.22727272727273
44.7,9.6,8.05405405405405
44.7,9.7,8.23809523809524
44.7,9.8,8
44.7,9.9,8
44.7,10,8
44.7,10.1,8
44.7,10.2,8
44.7,10.3,8.03846153846154
44.7,10.4,6.42222222222222
44.7,10.5,8.11111111111111
44.7,10.6,8
44.7,10.7,7.93333333333333
44.7,10.8,8
44.7,11,8
44.7,11.1,8
44.7,11.2,8
44.7,11.3,8.04761904761905
44.7,11.8,8
44.7,12.2,8
44.7,12.3,8
44.7,12.4,8
44.7,12.5,8
44.7,12.6,8.0625
44.7,12.7,8
44.7,12.8,7.53333333333333
44.7,13.1,7.38461538461539
44.7,13.2,8.79166666666667
44.7,13.4,8
44.7,13.5,8
44.7,13.7,8
44.7,13.8,8
44.7,13.9,8.11111111111111
44.7,14.1,6.66666666666667
44.7,14.2,8
44.7,14.3,8
44.7,14.4,8
44.7,14.7,8
44.7,14.8,8
44.7,14.9,8
44.7,15.6,6.85714285714286
44.7,15.7,8
44.7,15.8,8
44.7,15.9,7.88888888888889
44.7,16,8
44.7,16.1,8
44.7,16.2,8
44.7,16.3,7.22222222222222
44.7,16.4,7.51724137931035
44.7,16.5,7.2
44.7,16.7,7.45454545454545
44.7,17.6,5.33333333333333
44.7,17.7,5.33333333333333
44.7,17.9,6.07692307692308
44.7,18,5.21739130434783
44.7,18.1,6
44.7,18.2,4.8
44.7,18.3,6.73684210526316
44.7,18.4,6.85714285714286
44.7,18.6,6.66666666666667
44.7,18.7,6.85714285714286
44.7,18.8,6.4
44.7,19.2,8
44.7,19.3,8
44.7,19.6,8
44.7,19.7,8
44.7,19.8,7.61904761904762
44.7,19.9,8
44.7,20,7.33333333333333
44.7,20.1,8.23076923076923
44.7,20.4,8
44.7,20.5,7.46153846153846
44.7,20.6,7.8
44.7,20.7,7.38461538461539
44.7,20.9,8
44.7,21,7.05882352941176
44.7,21.1,6.59090909090909
44.7,21.2,5.73170731707317
44.7,21.3,8
44.7,21.4,6.58823529411765
44.7,21.5,8
44.7,22.7,4.8
44.7,22.8,6.93333333333333
44.7,22.9,7
44.7,23,7.55555555555556
44.7,23.1,7.72413793103448
44.7,23.2,8
44.7,23.3,7.75
44.7,24,8
44.7,24.1,7.90909090909091
44.7,24.2,8.07142857142857
44.7,24.3,6.28571428571429
44.7,24.4,7.06666666666667
44.7,24.5,6.60869565217391
44.7,24.6,7.65
44.7,24.7,7.4
44.7,24.8,7.65217391304348
44.7,24.9,7.66666666666667
44.7,25,8
44.7,25.1,8
44.7,25.2,8
44.7,25.6,8
44.7,25.7,7.38461538461539
44.7,25.8,8
44.7,25.9,8
44.7,26,8
44.7,26.1,8
44.7,26.2,8
44.7,26.3,7.27272727272727
44.7,26.4,8
44.7,26.5,8
44.7,26.6,8.08333333333333
44.7,27.9,4
44.7,28,3.69230769230769
44.7,28.1,1.33333333333333
44.7,28.2,4.66666666666667
44.8,-7,5.56521739130435
44.8,-6.9,5.23076923076923
44.8,-5.6,5.81818181818182
44.8,-5.5,6.4
44.8,-5.4,5.71428571428571
44.8,-4.6,5.41666666666667
44.8,-4.5,4
44.8,-3.9,7.55555555555556
44.8,-3.8,6.54545454545455
44.8,-3.6,8
44.8,-3.5,7.46666666666667
44.8,-3.2,6
44.8,-0.9,6.11764705882353
44.8,-0.8,8
44.8,-0.7,8
44.8,-0.6,3.2
44.8,-0.5,3.2
44.8,-0.4,0
44.8,-0.3,4.8
44.8,-0.2,7.05882352941176
44.8,-0.1,3.42857142857143
44.8,0.2,5.33333333333333
44.8,0.3,6.07407407407407
44.8,0.4,5.33333333333333
44.8,1,5.6
44.8,1.1,6.45161290322581
44.8,1.5,7.5
44.8,1.6,8
44.8,2.8,7.2
44.8,2.9,8
44.8,3.2,8
44.8,3.3,8
44.8,3.5,8
44.8,3.6,6.15384615384615
44.8,3.7,7.11111111111111
44.8,3.8,7.27272727272727
44.8,3.9,7
44.8,4.5,7.88888888888889
44.8,4.6,7.7037037037037
44.8,4.7,6.85
44.8,4.9,8
44.8,5,8
44.8,5.1,8
44.8,5.5,8
44.8,5.6,8
44.8,5.9,8
44.8,6,6.70588235294118
44.8,6.1,6
44.8,6.2,8
44.8,6.3,7.38461538461539
44.8,6.5,6.85714285714286
44.8,6.7,6.95652173913043
44.8,6.8,6.15384615384615
44.8,7.3,8
44.8,7.4,7.30434782608696
44.8,7.5,8
44.8,7.6,8
44.8,7.8,8
44.8,7.9,8
44.8,8.3,7.38461538461539
44.8,8.4,8.33333333333333
44.8,8.5,8
44.8,8.6,6
44.8,8.9,8
44.8,9,8
44.8,9.1,7.75
44.8,9.2,8
44.8,9.3,7.65217391304348
44.8,9.4,8
44.8,9.5,7
44.8,9.6,8
44.8,9.7,8.35714285714286
44.8,9.8,8.21428571428571
44.8,9.9,7.11111111111111
44.8,10,8
44.8,10.1,8.12121212121212
44.8,10.2,8
44.8,10.3,8
44.8,10.4,6.14285714285714
44.8,10.5,8
44.8,10.6,8
44.8,10.7,8
44.8,10.8,8
44.8,10.9,8
44.8,11,8
44.8,11.3,8.08333333333333
44.8,11.8,8
44.8,12.1,8
44.8,12.2,8
44.8,12.3,8
44.8,12.6,8
44.8,12.7,8
44.8,12.8,8
44.8,12.9,8
44.8,13,8.07692307692308
44.8,13.1,8.42307692307692
44.8,13.3,8
44.8,13.4,8
44.8,13.6,8
44.8,13.7,8
44.8,13.8,8
44.8,13.9,8
44.8,14,7.94117647058824
44.8,14.1,8.06666666666667
44.8,14.2,7.55555555555556
44.8,14.3,8
44.8,14.7,8
44.8,14.8,7.2
44.8,14.9,7.09090909090909
44.8,15,8
44.8,15.1,8
44.8,15.2,7.88888888888889
44.8,15.3,8
44.8,15.4,8
44.8,15.5,8
44.8,15.6,8
44.8,15.7,7.2
44.8,15.8,8
44.8,16.2,8
44.8,16.3,7.625
44.8,16.4,7.33333333333333
44.8,16.5,8
44.8,16.7,7.5
44.8,16.8,8
44.8,16.9,8.09090909090909
44.8,17.4,8
44.8,17.5,5.81818181818182
44.8,17.6,8
44.8,17.7,8
44.8,17.8,7.6
44.8,17.9,8
44.8,18.1,5.33333333333333
44.8,18.2,7.2
44.8,18.3,8
44.8,18.4,8
44.8,18.5,6.22222222222222
44.8,19.3,7.36363636363636
44.8,19.4,5.33333333333333
44.8,19.5,6.4
44.8,19.6,7.71428571428571
44.8,19.7,8
44.8,19.8,6.4
44.8,19.9,8
44.8,20,7.33333333333333
44.8,20.2,8
44.8,20.3,7.51612903225806
44.8,20.4,7.75
44.8,20.5,7.77142857142857
44.8,20.6,5.71428571428571
44.8,20.7,8
44.8,20.8,5.53846153846154
44.8,20.9,7.2
44.8,21,6.66666666666667
44.8,21.1,5.33333333333333
44.8,21.2,5.93333333333333
44.8,21.3,7.61111111111111
44.8,21.4,7.77777777777778
44.8,22,8.5
44.8,22.1,7.11111111111111
44.8,22.2,7.5
44.8,22.3,8
44.8,22.4,8
44.8,22.5,8
44.8,22.6,7.11764705882353
44.8,22.7,7.11538461538461
44.8,22.8,6.42857142857143
44.8,22.9,5.5
44.8,23,6.78571428571429
44.8,23.1,8
44.8,23.2,6.22222222222222
44.8,23.3,6
44.8,23.4,7
44.8,23.5,7.5
44.8,23.6,7
44.8,23.7,6.22222222222222
44.8,23.8,8
44.8,23.9,7.63636363636364
44.8,24,7.72413793103448
44.8,24.1,7.14814814814815
44.8,24.2,5.71428571428571
44.8,24.3,7.30769230769231
44.8,24.4,8
44.8,24.5,7.27272727272727
44.8,24.6,8
44.8,24.7,7.60869565217391
44.8,24.8,7.52631578947368
44.8,24.9,8
44.8,25,8
44.8,25.3,8
44.8,25.4,7
44.8,25.5,8
44.8,25.6,7.36
44.8,25.7,7.73333333333333
44.8,25.8,8.14285714285714
44.8,26,8
44.8,26.1,8.05263157894737
44.8,26.2,8
44.8,26.3,8
44.8,26.4,7.92857142857143
44.8,26.5,8
44.9,-6.9,6.28571428571429
44.9,-5.6,5.81818181818182
44.9,-5.4,7
44.9,-4.5,8
44.9,-4.4,3.2
44.9,-3.9,6.4
44.9,-3.8,6.26086956521739
44.9,-3.5,5.33333333333333
44.9,-3.4,8
44.9,-3.2,7
44.9,-3.1,7.11111111111111
44.9,-0.9,8
44.9,-0.8,4.95238095238095
44.9,-0.7,7
44.9,-0.6,8
44.9,-0.5,4.21052631578947
44.9,-0.4,0
44.9,-0.3,4.8
44.9,-0.2,4
44.9,-0.1,4.57142857142857
44.9,0,8
44.9,0.2,5.89473684210526
44.9,0.3,6.62068965517241
44.9,1,1.14285714285714
44.9,1.1,5.16129032258065
44.9,1.5,8.91666666666667
44.9,1.6,7.14285714285714
44.9,2.9,8
44.9,3,8
44.9,3.1,8
44.9,3.2,8
44.9,3.7,8
44.9,3.8,5.71428571428571
44.9,3.9,6.89655172413793
44.9,4,6.66666666666667
44.9,4.1,8
44.9,4.4,8
44.9,4.5,7.04545454545455
44.9,4.6,8
44.9,4.7,7.28571428571429
44.9,4.8,8
44.9,4.9,7.16216216216216
44.9,5,8
44.9,5.7,0.857142857142857
44.9,5.8,0
44.9,5.9,6.85714285714286
44.9,6,6
44.9,6.1,6
44.9,6.2,7.5
44.9,6.5,5.86666666666667
44.9,6.6,5.33333333333333
44.9,6.7,7.3
44.9,6.8,7.35897435897436
44.9,7.2,6.3
44.9,7.3,8
44.9,7.4,7.38461538461539
44.9,7.5,7.72413793103448
44.9,7.6,8
44.9,7.7,8
44.9,7.8,6.15384615384615
44.9,7.9,8
44.9,8,6.85714285714286
44.9,8.1,6.85714285714286
44.9,8.2,6.76923076923077
44.9,8.3,8
44.9,8.4,7.74074074074074
44.9,8.5,7.52941176470588
44.9,8.6,7.74193548387097
44.9,8.7,7.6875
44.9,8.8,6.80952380952381
44.9,8.9,7.68181818181818
44.9,9,8.07142857142857
44.9,9.1,8
44.9,9.2,8.075
44.9,9.3,8.0625
44.9,9.4,8
44.9,9.6,8.07692307692308
44.9,9.9,8
44.9,10,8
44.9,10.2,8
44.9,10.3,8
44.9,10.4,8
44.9,10.5,8
44.9,10.6,8
44.9,10.7,8
44.9,10.8,8
44.9,10.9,8
44.9,11,7.875
44.9,11.1,8
44.9,11.2,8
44.9,11.3,7.90909090909091
44.9,12.1,8
44.9,12.3,8
44.9,12.7,8
44.9,12.8,8
44.9,12.9,8.09090909090909
44.9,13,8.53846153846154
44.9,13.1,8
44.9,13.2,8
44.9,13.3,8
44.9,13.4,8
44.9,13.5,8
44.9,13.6,8
44.9,13.7,7.57894736842105
44.9,13.8,8
44.9,13.9,7.88888888888889
44.9,14,8
44.9,14.1,7.35714285714286
44.9,14.2,6.81818181818182
44.9,14.8,8
44.9,14.9,7.9
44.9,15.3,8
44.9,15.4,8
44.9,15.8,8
44.9,16.2,8
44.9,16.3,8
44.9,16.4,8
44.9,16.8,7.63636363636364
44.9,16.9,6.76923076923077
44.9,17,8
44.9,17.3,4.57142857142857
44.9,17.4,8
44.9,17.5,7.2
44.9,17.6,7.47058823529412
44.9,17.7,8
44.9,17.8,5.33333333333333
44.9,18,7.4375
44.9,18.1,8
44.9,18.2,7.11111111111111
44.9,18.3,8
44.9,19.3,6
44.9,19.4,6.55813953488372
44.9,19.5,7.11111111111111
44.9,19.7,9
44.9,19.8,8
44.9,19.9,8
44.9,20.1,6.85714285714286
44.9,20.2,6.60869565217391
44.9,20.3,7.29411764705882
44.9,20.4,8.03846153846154
44.9,20.5,6
44.9,20.6,6.54545454545455
44.9,20.7,6.31578947368421
44.9,20.8,4.8
44.9,20.9,7.52941176470588
44.9,21,5.57894736842105
44.9,21.1,3.42857142857143
44.9,21.2,6.22222222222222
44.9,21.3,8
44.9,21.7,8
44.9,21.8,6.85714285714286
44.9,21.9,5.85714285714286
44.9,22,6.85714285714286
44.9,22.1,6.66666666666667
44.9,22.3,8
44.9,22.4,5.33333333333333
44.9,22.5,8.0625
44.9,22.6,8.05
44.9,22.7,8
44.9,23.7,8
44.9,23.8,7
44.9,23.9,5.86666666666667
44.9,24,5.14285714285714
44.9,24.2,8
44.9,24.3,8
44.9,24.4,7.6
44.9,24.5,7.7037037037037
44.9,24.6,8
44.9,24.7,8
44.9,24.9,8
44.9,25,8
44.9,25.1,7
44.9,25.2,8
44.9,25.3,8
44.9,25.4,7.57142857142857
44.9,25.5,7.58823529411765
44.9,25.6,8
44.9,25.7,8
44.9,25.9,8.46341463414634
44.9,26,8.60714285714286
44.9,26.1,8
44.9,26.2,8
44.9,26.3,8
44.9,26.5,8
45,-6.9,7.42857142857143
45,-6.8,7.46666666666667
45,-6.5,7.11111111111111
45,-6.4,6.4
45,-5.6,6.54545454545455
45,-5.4,6.75
45,-5.3,7.5
45,-4.4,8
45,-4.3,5.71428571428571
45,-4.2,6.4
45,-4.1,8
45,-3.9,7.46666666666667
45,-3.8,6.44
45,-3.7,4.66666666666667
45,-3.4,4
45,-3.3,6.66666666666667
45,-3.2,7.11111111111111
45,-3.1,6.54545454545455
45,-0.8,6.76923076923077
45,-0.7,5.71428571428571
45,-0.5,5.42307692307692
45,-0.4,5.33333333333333
45,-0.3,8
45,-0.2,6
45,0,4
45,0.1,5.47368421052632
45,0.2,5.62962962962963
45,1,1.14285714285714
45,1.1,5.45454545454545
45,1.5,8.24489795918367
45,1.6,8.02127659574468
45,1.7,9
45,3.1,8.08333333333333
45,3.2,7.81818181818182
45,3.3,8
45,3.9,8
45,4,6.54545454545455
45,4.1,6.8
45,4.2,7.15789473684211
45,4.3,6.85714285714286
45,4.4,7
45,4.5,5.71428571428571
45,4.6,6.85714285714286
45,4.7,6.60869565217391
45,4.8,7.33333333333333
45,4.9,6.3448275862069
45,5,8
45,5.2,9
45,5.4,0
45,5.5,0
45,5.7,0.307692307692308
45,5.8,7.57894736842105
45,5.9,5.09090909090909
45,6,8
45,6.1,7.65217391304348
45,6.2,8
45,6.5,8
45,6.6,5.86666666666667
45,6.7,8
45,6.8,7.14285714285714
45,6.9,8
45,7,8
45,7.1,8
45,7.3,8
45,7.4,7.63414634146341
45,7.5,8
45,7.6,7
45,7.9,8
45,8.1,8
45,8.2,8
45,8.3,8
45,8.4,8.2
45,8.5,8
45,8.6,8
45,8.7,8
45,8.8,8
45,8.9,8
45,9,8
45,9.1,8
45,9.2,8.16666666666667
45,9.3,8
45,9.5,8
45,9.6,8.16666666666667
45,10.1,8
45,10.2,8
45,10.3,8
45,10.4,8
45,10.5,8
45,11.2,8
45,11.3,8
45,11.4,8
45,11.5,8
45,11.6,8.3
45,11.7,8
45,11.8,8.33333333333333
45,12.1,8.16666666666667
45,12.3,8
45,12.4,8
45,12.5,8
45,12.6,8
45,12.7,8.09677419354839
45,12.8,8
45,12.9,8.32258064516129
45,13,7.72727272727273
45,13.1,8
45,13.2,8.125
45,13.3,8
45,13.4,8
45,13.5,8
45,13.6,8.1578947368421
45,13.7,8.16666666666667
45,13.8,8
45,13.9,8
45,14.1,8
45,14.2,7.48148148148148
45,14.8,8
45,14.9,8
45,15,8
45,15.2,8
45,15.3,8
45,15.9,8.15384615384615
45,16.1,7
45,16.2,7.66666666666667
45,16.3,7.42857142857143
45,16.6,8
45,16.7,6.22222222222222
45,16.8,7.2
45,17,7.27272727272727
45,17.2,6.76923076923077
45,17.3,6.125
45,17.4,8
45,17.5,7.11111111111111
45,17.6,8
45,17.8,8.11111111111111
45,17.9,8.03225806451613
45,18,7.52941176470588
45,19,8
45,19.1,7
45,19.2,4.44444444444444
45,19.3,6.33333333333333
45,19.4,8
45,19.5,7.27272727272727
45,19.7,8.96
45,19.8,8.63157894736842
45,19.9,7.65384615384615
45,20,4.95
45,20.1,7.23809523809524
45,20.2,7.56756756756757
45,20.3,7.46666666666667
45,20.4,8.09090909090909
45,20.5,7.3
45,20.6,8
45,20.7,6.5625
45,20.8,6.85714285714286
45,20.9,6
45,21,2.66666666666667
45,21.1,8
45,21.2,6.76923076923077
45,21.4,8
45,21.5,4
45,21.6,6
45,22,5.71428571428571
45,22.1,8
45,22.2,8
45,22.3,7.33333333333333
45,22.4,8
45,22.5,8
45,23.4,8
45,23.5,6.87755102040816
45,23.6,6.83720930232558
45,23.7,4.4
45,23.8,4
45,23.9,8
45,24,6.4
45,24.1,8.1
45,24.2,7.33333333333333
45,24.3,8
45,24.4,7.61904761904762
45,24.5,8
45,24.6,7.85714285714286
45,24.7,8
45,24.8,8.1875
45,24.9,6.85714285714286
45,25,8
45,25.1,5.71428571428571
45,25.2,7.33333333333333
45,25.3,7.68181818181818
45,25.4,8
45,25.5,6.22222222222222
45,25.6,6.4
45,25.8,8
45,25.9,8
45,26,8
45,26.1,8
45,26.2,7.77777777777778
45,26.3,8
45,26.4,8.08333333333333
45,39.2,11
45.1,-10.3,8
45.1,-10.2,8
45.1,-6.9,4.57142857142857
45.1,-6.8,6.4
45.1,-6.7,8
45.1,-6.4,5.33333333333333
45.1,-6.3,8
45.1,-6.2,8
45.1,-5.6,5.09090909090909
45.1,-5.3,7.23809523809524
45.1,-5.2,6.76923076923077
45.1,-5.1,8
45.1,-4.3,4.8
45.1,-4.2,4.8
45.1,-4.1,4.44444444444444
45.1,-4,6
45.1,-3.9,7
45.1,-3.8,5.60869565217391
45.1,-3.7,6.93333333333333
45.1,-3.3,6.66666666666667
45.1,-3.2,8
45.1,-3.1,7.66666666666667
45.1,-3,2.66666666666667
45.1,-0.8,0
45.1,-0.7,6.06060606060606
45.1,-0.6,7.46666666666667
45.1,-0.4,4
45.1,-0.3,8
45.1,-0.2,6
45.1,-0.1,7.11111111111111
45.1,0,5.33333333333333
45.1,0.1,5.64705882352941
45.1,0.2,5.33333333333333
45.1,0.9,1.71428571428571
45.1,1,8
45.1,1.1,5.53846153846154
45.1,1.5,7.38888888888889
45.1,1.6,5.71428571428571
45.1,3.1,8
45.1,3.3,8
45.1,3.5,8
45.1,4.3,7.6
45.1,4.4,6.93333333333333
45.1,4.5,6.76470588235294
45.1,4.6,6.85714285714286
45.1,4.7,7.27272727272727
45.1,4.8,6.76923076923077
45.1,4.9,3.75
45.1,5,7.17647058823529
45.1,5.2,9
45.1,5.3,9
45.1,5.7,5.61538461538461
45.1,5.8,3.25
45.1,5.9,5.33333333333333
45.1,6,6.73684210526316
45.1,6.1,6.4
45.1,6.5,8
45.1,6.6,7.5
45.1,6.7,7
45.1,6.8,6.85294117647059
45.1,6.9,8
45.1,7.1,7
45.1,7.2,7.6046511627907
45.1,7.3,8
45.1,7.4,8.08333333333333
45.1,7.5,4
45.1,7.6,7.74193548387097
45.1,7.7,8
45.1,7.8,7.61904761904762
45.1,7.9,8
45.1,8,8
45.1,8.1,7.05882352941176
45.1,8.2,8
45.1,8.3,8
45.1,8.4,8.75324675324675
45.1,8.5,9
45.1,8.6,8.25
45.1,8.7,8
45.1,8.8,8
45.1,8.9,8
45.1,9,7.95454545454545
45.1,9.2,8
45.1,9.3,7.93333333333333
45.1,9.5,7.92307692307692
45.1,9.6,8
45.1,9.7,8
45.1,10.1,8
45.1,10.2,8
45.1,10.3,8
45.1,10.7,8
45.1,11.2,8
45.1,11.3,8
45.1,11.4,8
45.1,11.5,8
45.1,12.1,8
45.1,12.2,8
45.1,12.3,7.97368421052632
45.1,12.4,7.74603174603175
45.1,12.5,8
45.1,12.6,8
45.1,12.7,8
45.1,12.8,7.93333333333333
45.1,12.9,8
45.1,13.3,8
45.1,13.4,8
45.1,13.5,8
45.1,13.6,7.83333333333333
45.1,13.7,7.64285714285714
45.1,13.8,7.5625
45.1,14.8,8
45.1,14.9,8.05263157894737
45.1,15,8
45.1,15.1,8
45.1,15.2,8
45.1,15.3,8
45.1,15.4,8
45.1,15.5,7.875
45.1,15.6,8
45.1,15.7,7
45.1,15.8,8
45.1,15.9,8.08333333333333
45.1,16,8.07142857142857
45.1,16.1,8
45.1,16.2,8
45.1,16.3,8.25
45.1,16.4,8
45.1,16.5,8
45.1,16.6,8
45.1,16.9,8
45.1,17,7.92857142857143
45.1,17.1,6.15384615384615
45.1,17.2,7.88888888888889
45.1,17.3,8
45.1,17.4,7.11111111111111
45.1,17.5,8
45.1,17.6,8
45.1,17.7,8
45.1,17.8,8
45.1,17.9,8
45.1,18.3,8
45.1,18.4,5
45.1,18.6,5.33333333333333
45.1,18.7,8
45.1,18.8,6.85714285714286
45.1,18.9,7.11111111111111
45.1,19,5.71428571428571
45.1,19.5,7.30769230769231
45.1,19.6,8
45.1,19.7,8.07692307692308
45.1,19.8,1.06666666666667
45.1,19.9,5.59523809523809
45.1,20,7.03030303030303
45.1,20.1,7.64102564102564
45.1,20.2,8
45.1,20.3,6.4
45.1,20.5,8
45.1,20.6,7.65217391304348
45.1,20.7,8.125
45.1,20.9,4
45.1,21,8
45.1,21.1,7.52941176470588
45.1,21.6,5.33333333333333
45.1,21.7,7
45.1,21.8,6.22222222222222
45.1,21.9,7.11111111111111
45.1,22,8
45.1,22.1,8
45.1,22.2,8
45.1,22.3,8
45.1,23.3,5.33333333333333
45.1,23.4,7.15
45.1,23.5,6.9
45.1,23.6,7.10810810810811
45.1,23.7,6.41666666666667
45.1,23.8,8
45.1,23.9,8
45.1,24,8
45.1,24.1,8.04761904761905
45.1,24.2,7.57575757575758
45.1,24.3,8
45.1,24.4,8
45.1,24.5,8
45.1,24.6,8.27272727272727
45.1,24.7,7.11111111111111
45.1,24.8,8
45.1,24.9,8
45.1,25,7.27272727272727
45.1,25.1,8
45.1,25.2,7.27272727272727
45.1,25.3,8
45.1,25.4,8
45.1,25.5,8.2
45.1,25.6,8
45.1,25.7,7.52941176470588
45.1,25.8,8
45.1,25.9,8.125
45.1,26,8
45.1,26.1,7.95
45.1,26.2,8
45.1,26.3,8
45.1,26.7,8
45.1,26.8,8
45.1,42.1,8
45.1,42.2,8
45.2,-12,8
45.2,-10.6,8
45.2,-10.5,8
45.2,-10.4,8
45.2,-6.9,6.28571428571429
45.2,-6.7,8
45.2,-6.2,8
45.2,-6.1,8
45.2,-6,6.4
45.2,-5.6,6.22222222222222
45.2,-5.2,7.38461538461539
45.2,-5.1,7
45.2,-5,7.2
45.2,-4.2,8
45.2,-4.1,6
45.2,-4,3.2
45.2,-3.9,6.46153846153846
45.2,-3.8,7.375
45.2,-3.7,4.26666666666667
45.2,-3.6,6.4
45.2,-3.2,4.57142857142857
45.2,-3.1,8
45.2,-3,6.22222222222222
45.2,-2.9,8
45.2,-0.9,0
45.2,-0.7,4
45.2,-0.6,6.2
45.2,-0.5,8
45.2,-0.3,6
45.2,-0.1,4.57142857142857
45.2,0,5.62162162162162
45.2,0.1,6.31372549019608
45.2,0.2,4.75675675675676
45.2,0.3,5.33333333333333
45.2,0.9,3.42857142857143
45.2,1,6.22222222222222
45.2,1.1,4.8
45.2,1.4,6
45.2,1.5,6.73529411764706
45.2,3.1,7.36363636363636
45.2,3.2,8
45.2,3.5,8
45.2,3.6,8
45.2,3.7,8
45.2,4.2,8
45.2,4.3,8.11111111111111
45.2,4.4,8
45.2,4.5,8
45.2,4.6,7.16071428571429
45.2,4.7,6.94736842105263
45.2,4.8,5.10526315789474
45.2,4.9,3.38095238095238
45.2,5,7.30952380952381
45.2,5.3,7.78378378378378
45.2,5.7,8
45.2,5.8,1
45.2,5.9,6.73684210526316
45.2,6,7.22727272727273
45.2,6.6,7.33333333333333
45.2,6.7,7.33333333333333
45.2,6.8,7.38461538461539
45.2,6.9,7.81395348837209
45.2,7,7.63636363636364
45.2,7.1,7.15384615384615
45.2,7.2,8
45.2,7.3,8.22222222222222
45.2,7.6,8
45.2,7.7,7.8961038961039
45.2,7.8,8
45.2,7.9,8
45.2,8,7.9
45.2,8.1,8
45.2,8.2,8
45.2,8.3,6
45.2,8.5,9
45.2,8.7,8
45.2,8.8,8
45.2,8.9,8
45.2,9,7.72413793103448
45.2,9.1,7.14285714285714
45.2,9.2,7.44186046511628
45.2,9.3,6.41935483870968
45.2,9.4,7.74193548387097
45.2,9.5,8
45.2,9.7,8
45.2,9.8,8
45.2,9.9,8
45.2,10,8
45.2,10.1,7.95238095238095
45.2,10.4,8
45.2,10.5,8
45.2,10.6,7.77777777777778
45.2,10.7,8
45.2,10.9,7.4
45.2,11,8
45.2,11.1,8
45.2,11.2,8
45.2,11.8,8
45.2,11.9,8
45.2,12,8
45.2,12.1,8.03030303030303
45.2,12.2,7.83333333333333
45.2,12.3,8
45.2,12.4,8
45.2,12.5,8
45.2,12.8,8
45.2,13.2,8
45.2,13.3,8
45.2,13.4,6.66666666666667
45.2,13.7,8.33333333333333
45.2,13.8,8
45.2,14.4,8
45.2,14.5,8
45.2,14.6,8
45.2,14.7,8
45.2,14.8,8
45.2,15,8.18181818181818
45.2,15.1,7.42857142857143
45.2,16,8
45.2,16.1,7.27272727272727
45.2,16.2,8
45.2,16.3,8
45.2,16.4,8
45.2,16.8,8
45.2,16.9,7.42307692307692
45.2,17,8.09523809523809
45.2,17.1,5.33333333333333
45.2,17.2,8
45.2,17.3,7.05882352941176
45.2,17.4,7.38461538461539
45.2,17.5,8
45.2,17.6,8
45.2,17.7,8
45.2,18.2,6.22222222222222
45.2,18.3,7.05882352941176
45.2,18.4,7.2
45.2,18.5,8
45.2,18.6,7.33333333333333
45.2,18.7,8
45.2,18.8,8
45.2,19.5,7.53846153846154
45.2,19.6,6.76923076923077
45.2,19.7,2.66666666666667
45.2,19.8,6.42857142857143
45.2,19.9,7.46428571428571
45.2,20,7.7
45.2,20.1,6.81481481481481
45.2,20.3,8.11111111111111
45.2,20.4,7.95
45.2,20.5,8.1
45.2,20.8,2.90909090909091
45.2,20.9,5.6
45.2,21,6.4
45.2,21.6,4
45.2,21.9,8
45.2,22,7.2
45.2,22.1,6.66666666666667
45.2,23.5,8
45.2,23.6,8
45.2,23.7,8
45.2,23.8,7
45.2,23.9,6.85714285714286
45.2,24,8.05555555555556
45.2,24.1,7.46666666666667
45.2,24.2,7.375
45.2,24.3,6.85714285714286
45.2,24.4,8
45.2,24.5,8
45.2,24.6,7.1
45.2,24.7,8.2
45.2,24.8,8
45.2,25.1,7.27272727272727
45.2,25.2,8
45.2,25.3,7.88888888888889
45.2,25.4,8
45.2,25.5,8
45.2,25.6,8
45.2,25.7,7.11111111111111
45.2,25.8,8
45.2,25.9,8
45.2,26,8
45.2,26.1,8
45.2,26.2,8
45.2,26.6,8
45.2,26.7,8.16666666666667
45.3,-11.9,8
45.3,-11.7,8
45.3,-10.8,8
45.3,-10.7,8
45.3,-10.6,8
45.3,-6.9,7.38461538461539
45.3,-6,8
45.3,-5.9,7.2
45.3,-5.8,8
45.3,-5.6,8
45.3,-5.2,7
45.3,-5.1,8
45.3,-5,5.33333333333333
45.3,-4.9,7.33333333333333
45.3,-4.8,8
45.3,-4,4
45.3,-3.9,4.61538461538461
45.3,-3.8,6.4
45.3,-3.7,6.73684210526316
45.3,-3.6,5.09090909090909
45.3,-3.1,6
45.3,-3,6.10526315789474
45.3,-2.9,6.22222222222222
45.3,-2.8,5.33333333333333
45.3,-1,0
45.3,-0.7,0
45.3,-0.6,7.15789473684211
45.3,-0.5,7.44827586206897
45.3,-0.3,7.28571428571429
45.3,-0.2,7.61538461538461
45.3,-0.1,8
45.3,0,5.76744186046512
45.3,0.1,7
45.3,0.2,8
45.3,0.3,4.95238095238095
45.3,0.4,5.05263157894737
45.3,0.5,6
45.3,0.6,8
45.3,0.9,3.73333333333333
45.3,1,5.81818181818182
45.3,1.1,5.33333333333333
45.3,1.4,7
45.3,1.5,4.8
45.3,3.1,8
45.3,3.2,8
45.3,3.7,8
45.3,3.8,8
45.3,3.9,8
45.3,4.2,8
45.3,4.6,7.4
45.3,4.8,6.08695652173913
45.3,4.9,6.86363636363636
45.3,5,7.17741935483871
45.3,5.1,5.33333333333333
45.3,5.3,4.5
45.3,5.4,1.85185185185185
45.3,5.6,6.93333333333333
45.3,5.9,6.27027027027027
45.3,6,8
45.3,6.1,8
45.3,6.3,8
45.3,6.4,7.52941176470588
45.3,6.5,7.69230769230769
45.3,6.6,8.04166666666667
45.3,6.7,8
45.3,6.8,6.06060606060606
45.3,6.9,7.32203389830508
45.3,7,6.4
45.3,7.1,8
45.3,7.2,8
45.3,7.4,8
45.3,7.5,8
45.3,7.6,7.14285714285714
45.3,7.7,8
45.3,7.8,8
45.3,7.9,8
45.3,8.4,6.93333333333333
45.3,8.5,6.85714285714286
45.3,8.6,6.28571428571429
45.3,8.7,8
45.3,8.8,9.66355140186916
45.3,8.9,8.8695652173913
45.3,9,8.52
45.3,9.1,7.41463414634146
45.3,9.2,7.82978723404255
45.3,9.3,7.42028985507246
45.3,9.4,8.04166666666667
45.3,9.5,8
45.3,9.6,8
45.3,9.7,8
45.3,9.8,7.52941176470588
45.3,9.9,8
45.3,10,6
45.3,10.1,8
45.3,10.2,8.06666666666667
45.3,10.3,7.11111111111111
45.3,10.4,8
45.3,10.5,8.33333333333333
45.3,10.6,8.1
45.3,10.7,8
45.3,10.8,8
45.3,10.9,8
45.3,11,8
45.3,11.4,8
45.3,11.5,8
45.3,11.6,8
45.3,11.7,8.03333333333333
45.3,11.8,8
45.3,11.9,7.96666666666667
45.3,12,8
45.3,12.1,7.97674418604651
45.3,12.2,8.08333333333333
45.3,12.5,8
45.3,12.6,8
45.3,12.7,8
45.3,12.8,8
45.3,13.1,8
45.3,13.2,7.86666666666667
45.3,13.3,8
45.3,13.5,8
45.3,13.6,7.66666666666667
45.3,13.7,7.7
45.3,13.8,8
45.3,13.9,8.11111111111111
45.3,14,8
45.3,14.1,8
45.3,14.2,7.875
45.3,14.9,9.5
45.3,15,8.08333333333333
45.3,15.1,8
45.3,16,8
45.3,16.1,8
45.3,16.2,8
45.3,16.6,8
45.3,16.7,8.05263157894737
45.3,16.8,8.23076923076923
45.3,16.9,7.42857142857143
45.3,17,8
45.3,17.1,8
45.3,17.2,8.09090909090909
45.3,17.4,8.33333333333333
45.3,17.5,8
45.3,17.9,8
45.3,18,8
45.3,18.1,7.23809523809524
45.3,18.2,7.33333333333333
45.3,18.3,8
45.3,18.4,6.71428571428571
45.3,19.5,7.11111111111111
45.3,19.6,4.26470588235294
45.3,19.7,7
45.3,19.8,7.19565217391304
45.3,19.9,6.92857142857143
45.3,20,8
45.3,20.1,6
45.3,20.2,8.09523809523809
45.3,20.3,6.47619047619048
45.3,20.4,8
45.3,20.5,7.57894736842105
45.3,20.6,6
45.3,20.7,4
45.3,20.8,6.08333333333333
45.3,20.9,7.65
45.3,21.7,8
45.3,21.8,6.66666666666667
45.3,21.9,7.11111111111111
45.3,23.3,7
45.3,23.4,8
45.3,23.5,8
45.3,23.6,6.4
45.3,23.7,7.11111111111111
45.3,23.8,8
45.3,23.9,7.38461538461539
45.3,24,8
45.3,24.1,7.43478260869565
45.3,24.2,8
45.3,24.3,7
45.3,24.4,7.36363636363636
45.3,24.5,2.66666666666667
45.3,24.6,8
45.3,25,7.27272727272727
45.3,25.1,8
45.3,25.2,8
45.3,25.3,8
45.3,25.4,8
45.3,25.5,8
45.3,25.7,8
45.3,25.8,8
45.3,25.9,8
45.3,26,8
45.3,26.1,8
45.3,26.4,5.33333333333333
45.3,26.5,6.66666666666667
45.3,26.6,7
45.3,26.7,8
45.4,-11.5,8
45.4,-11.4,8
45.4,-11.3,8
45.4,-11.2,8
45.4,-11.1,8
45.4,-11,8
45.4,-10.9,8
45.4,-10.8,8
45.4,-6.9,4.92307692307692
45.4,-6.8,4
45.4,-5.8,8
45.4,-5.7,8
45.4,-5.6,6.66666666666667
45.4,-5.1,6
45.4,-4.8,7
45.4,-4.7,7.11111111111111
45.4,-3.9,6
45.4,-3.8,6.25
45.4,-3.7,4.66666666666667
45.4,-3.6,6.18181818181818
45.4,-3.5,8
45.4,-3,6.05405405405405
45.4,-2.9,6.51851851851852
45.4,-2.8,5
45.4,-2.7,3.55555555555556
45.4,-1.2,0
45.4,-0.8,0
45.4,-0.6,5.33333333333333
45.4,-0.5,5.16129032258065
45.4,-0.4,7.93478260869565
45.4,-0.3,9
45.4,-0.2,4
45.4,-0.1,6.36734693877551
45.4,0,5.62962962962963
45.4,0.1,5.92592592592593
45.4,0.2,8
45.4,0.3,8
45.4,0.4,5.6
45.4,0.5,4.63157894736842
45.4,0.6,5.6
45.4,0.7,6
45.4,0.8,8
45.4,0.9,4.57142857142857
45.4,1,6
45.4,1.1,5.33333333333333
45.4,1.4,4.44444444444444
45.4,1.5,4.63157894736842
45.4,3.1,7.9
45.4,3.3,8
45.4,3.9,5.33333333333333
45.4,4,8
45.4,4.1,7.11111111111111
45.4,4.5,8
45.4,4.6,7.62962962962963
45.4,4.9,6.75
45.4,5,6.425
45.4,5.1,7.32432432432432
45.4,5.2,8
45.4,5.3,8.11111111111111
45.4,5.4,3.2962962962963
45.4,5.5,7
45.4,5.6,6.66666666666667
45.4,5.7,7.5
45.4,5.8,8
45.4,5.9,7
45.4,6,7.8
45.4,6.1,7.575
45.4,6.2,7.66666666666667
45.4,6.3,7.59459459459459
45.4,6.4,8
45.4,6.5,7.11111111111111
45.4,6.6,6.66666666666667
45.4,6.7,7.27272727272727
45.4,6.8,6.60869565217391
45.4,6.9,8
45.4,7,7.2
45.4,7.2,8
45.4,7.3,8
45.4,7.4,7.63157894736842
45.4,7.5,8
45.4,7.6,8
45.4,7.7,8
45.4,8.7,8
45.4,8.8,7.28888888888889
45.4,8.9,8.72727272727273
45.4,9,9
45.4,9.1,8.09090909090909
45.4,9.2,8.04545454545454
45.4,9.3,8.05309734513274
45.4,9.4,7.69230769230769
45.4,9.5,6.86206896551724
45.4,9.6,7.5
45.4,9.7,7.46428571428571
45.4,9.8,8.1304347826087
45.4,9.9,8
45.4,10,8.02857142857143
45.4,10.1,7.63636363636364
45.4,10.2,8
45.4,10.3,8
45.4,10.4,8
45.4,10.5,7.38461538461539
45.4,10.6,8
45.4,10.7,8.14893617021277
45.4,10.8,8
45.4,10.9,8
45.4,11.1,8
45.4,11.2,8
45.4,11.3,8.1875
45.4,11.4,7.90476190476191
45.4,11.5,8.08
45.4,11.6,7.6
45.4,11.7,8
45.4,11.8,8.14285714285714
45.4,12.2,8
45.4,12.3,8
45.4,12.4,8
45.4,12.5,8
45.4,12.6,8
45.4,12.7,8
45.4,12.8,8
45.4,12.9,8
45.4,13,7.8
45.4,13.1,8
45.4,13.3,8
45.4,13.4,8
45.4,13.5,8
45.4,14.2,7.33333333333333
45.4,14.3,7.6
45.4,14.4,7.38461538461539
45.4,14.5,8.22222222222222
45.4,14.6,8.11111111111111
45.4,14.7,8.11111111111111
45.4,14.8,7.33333333333333
45.4,14.9,7.72
45.4,15,8.15
45.4,15.1,8.04761904761905
45.4,15.2,8
45.4,15.8,8
45.4,15.9,8
45.4,16,8
45.4,16.1,8
45.4,16.2,8
45.4,16.3,7.66666666666667
45.4,16.4,8
45.4,16.5,8
45.4,16.6,8.04761904761905
45.4,16.7,8
45.4,16.8,7.91666666666667
45.4,16.9,8
45.4,17,7.6
45.4,17.1,7.33333333333333
45.4,17.3,8
45.4,17.4,7.22222222222222
45.4,17.6,6.66666666666667
45.4,17.7,7.2
45.4,17.8,7.11111111111111
45.4,17.9,8
45.4,18,7.38461538461539
45.4,19.3,6.66666666666667
45.4,19.4,7.77777777777778
45.4,19.5,4.84313725490196
45.4,19.6,7.47540983606557
45.4,19.7,7.52777777777778
45.4,19.8,8.56
45.4,19.9,8.62790697674419
45.4,20,8.26415094339623
45.4,20.1,8.02272727272727
45.4,20.2,6.85714285714286
45.4,20.3,7.2
45.4,20.4,8
45.4,20.7,3.63636363636364
45.4,20.8,7.2
45.4,21.6,7.2
45.4,21.7,7.46666666666667
45.4,21.8,8
45.4,23.1,8
45.4,23.2,8
45.4,23.3,8
45.4,23.6,8
45.4,23.7,8
45.4,23.8,8.09523809523809
45.4,23.9,7.38461538461539
45.4,24,8
45.4,24.1,7.55555555555556
45.4,24.2,8
45.4,24.3,5.33333333333333
45.4,24.9,7.1
45.4,25,6.4
45.4,25.3,8
45.4,25.4,7.11111111111111
45.4,25.5,11
45.4,25.6,8.04347826086956
45.4,25.7,8
45.4,25.8,8
45.4,25.9,8.11111111111111
45.4,26.3,8
45.4,26.4,7.3
45.4,26.5,5.44444444444444
45.4,26.6,8
45.5,-11.3,0
45.5,-11.2,6.85714285714286
45.5,-11.1,6.4
45.5,-11,8
45.5,-10.9,8
45.5,-10.8,8
45.5,-6.8,7.42857142857143
45.5,-5.6,6.93333333333333
45.5,-5.5,7.2
45.5,-5.4,7
45.5,-4.7,6
45.5,-4.6,6.76923076923077
45.5,-4.5,8
45.5,-3.9,6.22222222222222
45.5,-3.8,6.4
45.5,-3.6,7.27272727272727
45.5,-3.5,6.66666666666667
45.5,-3.4,5.6
45.5,-3,6
45.5,-2.9,5.64705882352941
45.5,-2.8,5.17647058823529
45.5,-2.7,6
45.5,-2.6,6.22222222222222
45.5,-1.3,0
45.5,-0.9,2.66666666666667
45.5,-0.8,8
45.5,-0.5,5.86666666666667
45.5,-0.4,7.47916666666667
45.5,-0.3,4
45.5,-0.2,7.8
45.5,-0.1,6.69064748201439
45.5,0,7.125
45.5,0.1,5
45.5,0.2,6.29411764705882
45.5,0.4,4
45.5,0.5,4.5
45.5,0.6,7.38461538461539
45.5,0.7,5.33333333333333
45.5,0.8,6.125
45.5,0.9,1.14285714285714
45.5,1,6.4
45.5,1.1,6.5
45.5,1.5,5.71428571428571
45.5,3.1,8
45.5,3.2,8
45.5,3.3,8
45.5,4,8
45.5,4.1,8
45.5,4.2,8.1
45.5,4.3,8
45.5,4.4,7.82456140350877
45.5,4.5,2.46153846153846
45.5,4.6,7.07407407407407
45.5,4.8,6.66666666666667
45.5,4.9,8
45.5,5,7.11111111111111
45.5,5.1,7.27272727272727
45.5,5.2,7.28787878787879
45.5,5.3,7.7
45.5,5.4,5.28571428571429
45.5,5.5,7.12
45.5,5.6,8
45.5,5.7,6.66666666666667
45.5,5.8,7.52777777777778
45.5,5.9,7.96428571428571
45.5,6,6.72093023255814
45.5,6.1,4
45.5,6.6,4
45.5,6.7,6.62068965517241
45.5,6.8,8
45.5,6.9,8.25
45.5,7,7.55555555555556
45.5,7.1,7.57894736842105
45.5,7.2,8
45.5,7.5,8
45.5,8,8
45.5,8.5,7.46666666666667
45.5,8.7,8
45.5,8.8,8
45.5,8.9,8
45.5,9,8
45.5,9.1,8.49056603773585
45.5,9.2,8
45.5,9.3,7.82978723404255
45.5,9.4,7.79710144927536
45.5,9.5,8.08928571428571
45.5,9.6,7.2
45.5,10,7.90909090909091
45.5,10.1,8.05263157894737
45.5,10.2,8.04166666666667
45.5,10.3,8
45.5,10.4,8
45.5,10.5,8
45.5,10.6,8
45.5,10.7,7.54166666666667
45.5,10.8,8.30555555555556
45.5,10.9,8.7
45.5,11,8
45.5,11.1,8
45.5,11.3,8
45.5,11.4,8
45.5,12.2,8
45.5,12.3,7.98958333333333
45.5,12.4,8.01724137931035
45.5,12.5,8
45.5,12.6,7.90909090909091
45.5,12.7,8
45.5,12.8,8
45.5,12.9,8
45.5,13.2,7.875
45.5,13.3,8
45.5,13.4,8
45.5,13.5,8
45.5,14.7,8
45.5,14.8,8.05263157894737
45.5,15,6.85714285714286
45.5,15.1,8.14285714285714
45.5,15.2,8
45.5,15.6,8
45.5,15.7,8
45.5,15.8,8
45.5,15.9,7.52941176470588
45.5,16,8
45.5,16.2,8
45.5,16.3,8
45.5,16.4,7.5
45.5,16.5,8
45.5,16.6,7.52941176470588
45.5,16.7,7.52941176470588
45.5,16.8,8
45.5,17.1,7.27272727272727
45.5,17.2,8
45.5,17.3,7.52941176470588
45.5,17.4,6.22222222222222
45.5,17.5,7.2
45.5,17.6,8
45.5,17.8,8.1
45.5,17.9,8
45.5,18.8,8
45.5,18.9,8
45.5,19,8.125
45.5,19.1,8
45.5,19.2,3.33333333333333
45.5,19.3,7.27777777777778
45.5,19.4,5.75438596491228
45.5,19.5,7.31914893617021
45.5,19.6,8
45.5,19.7,7.30434782608696
45.5,19.8,7.33333333333333
45.5,19.9,7.2
45.5,20,8
45.5,20.1,7.42857142857143
45.5,20.2,8
45.5,20.3,8
45.5,20.6,8
45.5,20.7,7.38461538461539
45.5,21.4,7.11111111111111
45.5,21.5,7.27272727272727
45.5,21.6,6.66666666666667
45.5,21.7,8
45.5,22.9,7
45.5,23,8
45.5,23.1,8
45.5,23.5,8
45.5,23.6,7.52941176470588
45.5,23.7,8
45.5,23.8,6.76923076923077
45.5,23.9,7.69565217391304
45.5,24,7
45.5,24.1,8
45.5,24.8,8
45.5,24.9,8
45.5,25.4,8
45.5,25.5,7.27272727272727
45.5,25.6,7.5
45.5,25.7,8
45.5,25.8,6.4
45.5,26.2,8
45.5,26.3,7.66666666666667
45.5,26.4,8.22222222222222
45.6,-11.5,8
45.6,-11.4,0
45.6,-11.3,0
45.6,-10.8,8
45.6,-10.7,8
45.6,-10.6,8
45.6,-10.5,8
45.6,-10.4,8
45.6,-10.3,8
45.6,-6.8,6.85714285714286
45.6,-5.6,7.2
45.6,-5.4,8
45.6,-5.3,6.4
45.6,-5.2,3.55555555555556
45.6,-4.5,5.6
45.6,-4.4,7.11111111111111
45.6,-3.9,6.54545454545455
45.6,-3.8,6.5
45.6,-3.6,4
45.6,-3.5,6.4
45.6,-3.4,6.85714285714286
45.6,-3.3,7.27272727272727
45.6,-3.2,3.2
45.6,-3,8
45.6,-2.9,6.66666666666667
45.6,-2.8,7.05882352941176
45.6,-2.7,5.45454545454545
45.6,-2.6,6
45.6,-2.5,5.71428571428571
45.6,-1,0
45.6,-0.9,0
45.6,-0.8,4.70588235294118
45.6,-0.5,7.27272727272727
45.6,-0.4,7.40740740740741
45.6,-0.3,6.9041095890411
45.6,-0.2,6.35897435897436
45.6,-0.1,8.13157894736842
45.6,0,8.91397849462366
45.6,0.1,6.89285714285714
45.6,0.2,8.97058823529412
45.6,0.3,5.53333333333333
45.6,0.5,8
45.6,0.6,3.63636363636364
45.6,0.7,5.33333333333333
45.6,0.8,8.07142857142857
45.6,0.9,3.91111111111111
45.6,1,2.66666666666667
45.6,1.1,6.85714285714286
45.6,1.4,6.66666666666667
45.6,1.5,6.76923076923077
45.6,3.1,8
45.6,3.4,0
45.6,4.1,8.8169014084507
45.6,4.2,8.275
45.6,4.3,8.4
45.6,4.4,7.44
45.6,4.5,5.84745762711864
45.6,4.6,7.55
45.6,4.7,6.625
45.6,4.8,7.78947368421053
45.6,4.9,7.94736842105263
45.6,5,7.94444444444444
45.6,5.1,8.04761904761905
45.6,5.2,8.04166666666667
45.6,5.3,7.54716981132075
45.6,5.4,7.67605633802817
45.6,5.5,6.73684210526316
45.6,5.6,6
45.6,5.7,7.21052631578947
45.6,5.8,5.85294117647059
45.6,5.9,4.61666666666667
45.6,6,7.40740740740741
45.6,6.6,7.46153846153846
45.6,6.7,6.93333333333333
45.6,6.8,8
45.6,6.9,8
45.6,7,8
45.6,7.1,8
45.6,7.4,8
45.6,7.5,8
45.6,8,7.55555555555556
45.6,8.1,8
45.6,8.2,7.2
45.6,8.3,7.2
45.6,8.4,6.66666666666667
45.6,8.5,7.2
45.6,8.7,8
45.6,8.9,7.61904761904762
45.6,9,7.75
45.6,9.1,8.70212765957447
45.6,9.2,8.37894736842105
45.6,9.3,8.4
45.6,9.4,8.57692307692308
45.6,9.5,8.22950819672131
45.6,9.6,8
45.6,9.7,8.125
45.6,9.8,8
45.6,10.1,8
45.6,10.2,8.03846153846154
45.6,10.3,8.02325581395349
45.6,10.4,8
45.6,10.5,7.85714285714286
45.6,10.6,7.38461538461539
45.6,10.7,8
45.6,11.4,8.16666666666667
45.6,12,8.22222222222222
45.6,12.1,8
45.6,12.2,8
45.6,12.3,8
45.6,12.4,8
45.6,12.5,8.21428571428571
45.6,12.6,7.95833333333333
45.6,12.7,8
45.6,12.8,6.22222222222222
45.6,12.9,8.12
45.6,13.1,8
45.6,13.2,8
45.6,13.3,8.09090909090909
45.6,13.4,8
45.6,14.6,8
45.6,14.7,8
45.6,14.8,8
45.6,14.9,8
45.6,15,7.33333333333333
45.6,15.2,8
45.6,15.5,8
45.6,15.6,8
45.6,15.7,8
45.6,15.8,5.33333333333333
45.6,15.9,8
45.6,16,8
45.6,16.1,8
45.6,16.2,6.66666666666667
45.6,16.3,8.09523809523809
45.6,16.4,7.52941176470588
45.6,16.5,7.41379310344828
45.6,16.6,6.93333333333333
45.6,16.7,9.5
45.6,17,8
45.6,17.1,6.93333333333333
45.6,17.2,6.57142857142857
45.6,17.3,8
45.6,17.5,8
45.6,17.6,8
45.6,17.7,7.53846153846154
45.6,17.8,8
45.6,18.6,8
45.6,18.7,8.16666666666667
45.6,18.8,6.85714285714286
45.6,19,8
45.6,19.1,2.85714285714286
45.6,19.2,6.54545454545455
45.6,19.3,7.79487179487179
45.6,19.4,7.30434782608696
45.6,19.6,7.6
45.6,19.7,8
45.6,20,8
45.6,20.1,7.23809523809524
45.6,20.6,8
45.6,21.4,8
45.6,21.5,4
45.6,22.6,8
45.6,22.7,7.9
45.6,22.8,8
45.6,22.9,8
45.6,23.1,8
45.6,23.3,8
45.6,23.4,7.46666666666667
45.6,23.5,6.76923076923077
45.6,23.6,6.66666666666667
45.6,23.7,7.75
45.6,23.8,7.04
45.6,23.9,8
45.6,25.4,7.23809523809524
45.6,25.5,8
45.6,25.6,7.27272727272727
45.6,25.7,8
45.6,26,8
45.6,26.1,8
45.6,26.2,8
45.6,26.3,8
45.7,-6.8,5.33333333333333
45.7,-5.6,7.2
45.7,-5.2,8
45.7,-5.1,3.2
45.7,-4.4,6.4
45.7,-4.3,6
45.7,-4.2,4
45.7,-3.9,6.4
45.7,-3.8,6.5
45.7,-3.6,5.81818181818182
45.7,-3.4,7.27272727272727
45.7,-3.3,6.4
45.7,-3.2,5.71428571428571
45.7,-3.1,5.6
45.7,-2.9,4.26666666666667
45.7,-2.7,6.11764705882353
45.7,-2.6,6
45.7,-1.4,0
45.7,-0.8,5.33333333333333
45.7,-0.7,4.88888888888889
45.7,-0.6,6
45.7,-0.5,6.85714285714286
45.7,-0.4,7.46666666666667
45.7,-0.3,7.42857142857143
45.7,-0.2,7.56164383561644
45.7,0,5.89473684210526
45.7,0.1,7.52941176470588
45.7,0.2,8.16
45.7,0.3,8.57142857142857
45.7,0.4,5.81818181818182
45.7,0.6,5.33333333333333
45.7,0.7,7.33333333333333
45.7,0.8,6.54545454545455
45.7,0.9,5.64705882352941
45.7,1,5
45.7,1.1,5.33333333333333
45.7,1.3,8
45.7,1.4,6.47619047619048
45.7,3,8
45.7,3.1,8.2
45.7,3.4,0
45.7,3.7,8
45.7,3.8,8
45.7,4,8
45.7,4.1,7.5
45.7,4.2,7.32727272727273
45.7,4.3,7.70689655172414
45.7,4.4,7.56
45.7,4.5,7.58490566037736
45.7,4.6,7.45
45.7,4.7,7.97435897435897
45.7,4.8,7.41379310344828
45.7,4.9,7.88888888888889
45.7,5,7.85714285714286
45.7,5.1,7.73333333333333
45.7,5.4,8
45.7,5.5,7.79411764705882
45.7,5.6,6.6
45.7,5.7,6.90476190476191
45.7,5.8,7.25
45.7,5.9,8
45.7,6,7.96428571428571
45.7,6.4,5.33333333333333
45.7,6.5,7.68181818181818
45.7,6.6,7.42857142857143
45.7,6.7,7.08
45.7,6.8,8
45.7,7.4,8
45.7,7.6,6.66666666666667
45.7,7.7,7.2
45.7,7.8,8
45.7,7.9,8
45.7,8,8
45.7,8.1,8
45.7,8.3,0
45.7,8.4,0
45.7,8.5,4.46153846153846
45.7,8.6,8
45.7,8.7,7.93220338983051
45.7,8.8,7.42857142857143
45.7,8.9,8
45.7,9,8.11320754716981
45.7,9.1,8.125
45.7,9.2,8
45.7,9.4,8
45.7,9.6,8
45.7,9.7,8
45.7,9.8,8
45.7,9.9,8.23076923076923
45.7,10,7.42857142857143
45.7,10.1,7.42857142857143
45.7,10.3,6
45.7,10.4,7.27272727272727
45.7,10.5,8
45.7,10.6,8.33333333333333
45.7,10.7,8.09090909090909
45.7,10.8,8
45.7,10.9,8
45.7,11.3,8
45.7,11.4,7.61111111111111
45.7,11.8,8.0625
45.7,11.9,7.57894736842105
45.7,12,8
45.7,12.1,8
45.7,12.2,8
45.7,12.3,8.05882352941176
45.7,12.4,7.83333333333333
45.7,12.5,8
45.7,12.9,8
45.7,13,7.85106382978723
45.7,13.1,8
45.7,13.2,8
45.7,13.3,8
45.7,14.5,8
45.7,14.6,7.2
45.7,15,8
45.7,15.1,8.0625
45.7,15.2,7.5625
45.7,15.3,7.91666666666667
45.7,15.4,8
45.7,15.5,8
45.7,15.6,8.09090909090909
45.7,15.7,0.8
45.7,15.8,4.94444444444444
45.7,15.9,7.38461538461539
45.7,16,7.5
45.7,16.1,7.9
45.7,16.2,8
45.7,16.3,8
45.7,16.4,8
45.7,16.5,8
45.7,16.7,8
45.7,16.8,8
45.7,16.9,8
45.7,17,8
45.7,17.1,7.35714285714286
45.7,17.2,7.95833333333333
45.7,17.3,8
45.7,17.4,7.27272727272727
45.7,17.5,8.14285714285714
45.7,17.6,7.46666666666667
45.7,17.7,8
45.7,18.9,8
45.7,19,7.57894736842105
45.7,19.1,7.33333333333333
45.7,19.2,6.88372093023256
45.7,19.3,8
45.7,19.5,8
45.7,19.6,8
45.7,19.8,7.66666666666667
45.7,19.9,7
45.7,20,8
45.7,20.1,5.33333333333333
45.7,22.4,8.33333333333333
45.7,22.5,8
45.7,22.6,8
45.7,22.7,8
45.7,22.9,8
45.7,23,7.33333333333333
45.7,23.1,7.34782608695652
45.7,23.2,8.08333333333333
45.7,23.3,5.81818181818182
45.7,23.4,5.33333333333333
45.7,23.5,7.55555555555556
45.7,23.6,6.58823529411765
45.7,23.7,4.57142857142857
45.7,23.9,6.4
45.7,24,8
45.7,25.2,7
45.7,25.3,8
45.7,25.4,8.6
45.7,25.5,6
45.7,25.9,8
45.7,26,8
45.7,26.1,7.9
45.8,-24.5,0
45.8,-21.1,0
45.8,-6.8,7.11111111111111
45.8,-4.2,8
45.8,-3.9,8
45.8,-3.8,5.40540540540541
45.8,-3.6,4
45.8,-3.5,3.2
45.8,-3.3,6.28571428571429
45.8,-3,7.27272727272727
45.8,-2.9,6.60869565217391
45.8,-2.7,8
45.8,-2.6,6.11764705882353
45.8,-2.5,6.27027027027027
45.8,-2.4,6.4
45.8,-2.3,7.2
45.8,-2.2,8
45.8,-2.1,8
45.8,-2,7.2
45.8,-1.9,7.11111111111111
45.8,-1.4,0
45.8,-1.3,0
45.8,-0.4,5.81818181818182
45.8,-0.3,7.86666666666667
45.8,-0.2,7.12727272727273
45.8,-0.1,8
45.8,0,6
45.8,0.1,4.66666666666667
45.8,0.4,4
45.8,0.5,7
45.8,0.7,6.4
45.8,0.8,7.27272727272727
45.8,0.9,6.54545454545455
45.8,1,8
45.8,1.1,7.35135135135135
45.8,1.2,8
45.8,1.3,4.44444444444444
45.8,1.4,6.4
45.8,3,8
45.8,3.3,0
45.8,3.4,0
45.8,3.5,8
45.8,3.6,6.4
45.8,3.7,8.15
45.8,3.8,6.85714285714286
45.8,3.9,7.5
45.8,4,6.84
45.8,4.1,7
45.8,4.2,7.7
45.8,4.3,7.39024390243902
45.8,4.4,7.2258064516129
45.8,4.5,7.34090909090909
45.8,4.6,8.0625
45.8,4.7,8
45.8,4.8,7.52777777777778
45.8,4.9,7.38461538461539
45.8,5.1,8
45.8,5.2,8
45.8,5.3,0
45.8,5.4,0
45.8,5.5,0
45.8,5.6,3.9
45.8,5.7,7.3469387755102
45.8,5.8,7.71875
45.8,5.9,8
45.8,6,7.45454545454545
45.8,6.3,8
45.8,6.4,7.575
45.8,6.5,8.06666666666667
45.8,6.6,8.14285714285714
45.8,6.8,8
45.8,6.9,8
45.8,7.3,8
45.8,7.4,8
45.8,7.5,6
45.8,7.6,6
45.8,8.1,8
45.8,8.2,8
45.8,8.3,8
45.8,8.4,8
45.8,8.5,7.42857142857143
45.8,8.6,4.94117647058824
45.8,8.7,5.50819672131148
45.8,8.8,6.11764705882353
45.8,8.9,8.17777777777778
45.8,9,7.54166666666667
45.8,9.1,7.675
45.8,9.2,8
45.8,9.4,8
45.8,9.7,8.06666666666667
45.8,9.8,8.33333333333333
45.8,9.9,8.07692307692308
45.8,10,8.33333333333333
45.8,10.4,8
45.8,10.5,8
45.8,10.9,8
45.8,11,6.22222222222222
45.8,11.1,8
45.8,11.3,8
45.8,11.4,8
45.8,11.5,8
45.8,11.6,8
45.8,11.7,8
45.8,11.9,7.11111111111111
45.8,12,8
45.8,12.1,8
45.8,12.2,8
45.8,12.3,7.5
45.8,12.4,8
45.8,12.8,8
45.8,12.9,8
45.8,13,8
45.8,13.1,8
45.8,13.2,8.13636363636364
45.8,13.3,8
45.8,13.4,8
45.8,13.5,8
45.8,14.4,8
45.8,14.5,8
45.8,15.1,7.92857142857143
45.8,15.2,8
45.8,15.3,8.0625
45.8,15.4,6.6
45.8,15.6,8
45.8,15.7,7.96296296296296
45.8,15.8,8.07894736842105
45.8,15.9,7.48275862068965
45.8,16,8
45.8,16.1,8
45.8,16.2,8.08
45.8,16.3,8.04
45.8,16.4,8
45.8,16.5,8
45.8,16.6,8.11111111111111
45.8,16.8,8
45.8,16.9,7.38461538461539
45.8,17,7.94736842105263
45.8,17.1,8
45.8,17.2,7.9375
45.8,17.4,7.61111111111111
45.8,17.5,7.5
45.8,17.6,6
45.8,18.8,6.76923076923077
45.8,18.9,6.18181818181818
45.8,19,8
45.8,19.1,7.48936170212766
45.8,19.2,8
45.8,19.5,7.46153846153846
45.8,19.7,8
45.8,19.8,6.54545454545455
45.8,20.1,5.90909090909091
45.8,22.1,8
45.8,22.2,7.11111111111111
45.8,22.3,8
45.8,22.4,5.33333333333333
45.8,22.6,6.4
45.8,22.7,7.46666666666667
45.8,22.8,7.4
45.8,22.9,7.38461538461539
45.8,23,6.4
45.8,23.1,7.66666666666667
45.8,23.2,7.91666666666667
45.8,23.3,8.05263157894737
45.8,23.4,8
45.8,23.5,5.33333333333333
45.8,23.7,8
45.8,23.8,8
45.8,23.9,6.66666666666667
45.8,25.1,8
45.8,25.2,8.26086956521739
45.8,25.3,8.75
45.8,25.4,8.5
45.8,25.7,8
45.8,25.8,8
45.8,25.9,8
45.8,26,8
45.9,-3.8,5.94285714285714
45.9,-3.3,5.24137931034483
45.9,-3.2,6.85714285714286
45.9,-3.1,5.81818181818182
45.9,-3,4
45.9,-2.9,5.33333333333333
45.9,-2.8,4.36363636363636
45.9,-2.7,7.11111111111111
45.9,-2.5,6.13953488372093
45.9,-2.4,7.04
45.9,-1.1,8
45.9,-1,8
45.9,-0.5,8
45.9,-0.4,7.11111111111111
45.9,-0.3,6.50847457627119
45.9,-0.2,8.26666666666667
45.9,-0.1,7.28571428571429
45.9,0,4.61538461538461
45.9,0.1,3.76470588235294
45.9,0.2,5.66666666666667
45.9,0.3,4
45.9,0.4,4
45.9,0.5,5.71428571428571
45.9,0.6,5.33333333333333
45.9,0.8,5.71428571428571
45.9,0.9,6.76923076923077
45.9,1,7.2
45.9,1.1,7.05882352941176
45.9,1.2,6.90909090909091
45.9,1.3,5.17647058823529
45.9,1.4,6
45.9,1.5,5.71428571428571
45.9,1.6,7
45.9,1.7,3.42857142857143
45.9,1.8,6.85714285714286
45.9,1.9,4.57142857142857
45.9,2,7
45.9,2.1,3.42857142857143
45.9,2.2,4.57142857142857
45.9,2.3,8
45.9,3.2,5.85714285714286
45.9,3.3,6.54545454545455
45.9,3.4,7.38461538461539
45.9,3.5,7.28571428571429
45.9,3.6,7.72
45.9,3.7,6.35
45.9,3.8,7.52941176470588
45.9,3.9,6
45.9,4.3,8.08
45.9,4.4,8
45.9,4.5,7.51612903225806
45.9,4.6,8
45.9,4.7,7.30434782608696
45.9,4.8,8
45.9,4.9,8
45.9,5,8.1
45.9,5.1,7.52631578947368
45.9,5.2,8
45.9,5.8,8.04166666666667
45.9,5.9,8
45.9,6,7.28888888888889
45.9,6.1,8
45.9,6.2,8.03846153846154
45.9,6.3,8.04545454545454
45.9,6.4,6.84615384615385
45.9,6.9,8
45.9,7.2,8
45.9,7.3,6.66666666666667
45.9,7.8,8
45.9,7.9,8
45.9,8,8
45.9,8.1,7.42857142857143
45.9,8.7,8
45.9,8.8,7.95652173913043
45.9,8.9,8.7
45.9,9,8
45.9,9.1,7.68627450980392
45.9,9.2,8
45.9,9.4,8
45.9,9.5,7.52941176470588
45.9,9.8,8
45.9,9.9,7.86666666666667
45.9,10.5,8
45.9,11.1,8.125
45.9,11.2,8
45.9,11.3,7.8125
45.9,11.4,8.04761904761905
45.9,11.5,8
45.9,11.7,7.11111111111111
45.9,11.8,8.1
45.9,11.9,8
45.9,12,8.10526315789474
45.9,12.1,8
45.9,12.2,8
45.9,12.3,7.52941176470588
45.9,12.4,7.95
45.9,12.5,8
45.9,12.7,8
45.9,12.8,8
45.9,13,8.07142857142857
45.9,13.1,8
45.9,13.4,8
45.9,13.5,8
45.9,13.6,8.1
45.9,13.7,8
45.9,14.3,8
45.9,14.4,8
45.9,15,0
45.9,15.1,8
45.9,15.2,8
45.9,15.4,8
45.9,15.5,7.38461538461539
45.9,15.6,8
45.9,15.7,8
45.9,16,7.2
45.9,16.1,8
45.9,16.2,8.04
45.9,16.3,7.53333333333333
45.9,16.4,8
45.9,16.5,8
45.9,16.6,7.22222222222222
45.9,16.7,7.52941176470588
45.9,16.8,8.05
45.9,16.9,8
45.9,17,8
45.9,17.2,8
45.9,17.3,7.9375
45.9,17.4,8
45.9,18.6,8
45.9,18.7,7.15789473684211
45.9,18.8,6.90909090909091
45.9,18.9,7.27272727272727
45.9,19,7.66666666666667
45.9,19.4,6.85714285714286
45.9,19.5,8
45.9,19.7,6.52941176470588
45.9,20.1,8
45.9,20.3,7.11111111111111
45.9,21.1,8
45.9,21.2,8
45.9,21.5,5.75
45.9,21.6,8.25
45.9,21.9,8
45.9,22,7
45.9,22.1,8
45.9,22.4,8
45.9,22.5,8
45.9,22.6,6.85714285714286
45.9,22.7,7.31818181818182
45.9,22.8,8
45.9,22.9,7.27272727272727
45.9,23,6.85714285714286
45.9,23.1,7.38461538461539
45.9,23.2,7.9
45.9,23.3,8
45.9,23.4,7.75
45.9,23.5,8
45.9,23.6,8
45.9,24.6,8
45.9,24.7,8
45.9,25,8
45.9,25.1,8.11111111111111
45.9,25.2,8
45.9,25.6,7.46666666666667
45.9,25.7,8
45.9,25.8,8
45.9,25.9,8
46,-4.7,6
46,-3.8,4.8
46,-3.3,6.4
46,-3.2,5.76
46,-3.1,7.15789473684211
46,-3,7.2
46,-2.9,5.81818181818182
46,-2.8,7.11111111111111
46,-2.7,6.54545454545455
46,-2.6,6.4
46,-2.5,8
46,-2.4,7.33333333333333
46,-2.3,7.82608695652174
46,-2.2,7.2
46,-2.1,7.2
46,-2,6.4
46,-1.9,8
46,-1.7,8
46,-1.6,8
46,-1.5,8
46,-1.4,7.2
46,-1.3,8
46,-1.2,7.2
46,-1.1,8
46,-1,8
46,-0.9,8
46,-0.8,7.11111111111111
46,-0.7,8
46,-0.6,8
46,-0.5,6.63636363636364
46,-0.4,7.90789473684211
46,-0.3,8.575
46,-0.2,7
46,-0.1,4.75675675675676
46,0,5.41935483870968
46,0.1,5.09090909090909
46,0.2,6.4
46,0.3,6.8
46,0.4,6
46,0.5,6.85714285714286
46,0.6,6.13333333333333
46,0.7,6.45161290322581
46,0.8,7.4390243902439
46,0.9,6.35897435897436
46,1,6.44444444444444
46,1.1,6.69444444444444
46,1.2,5.6
46,1.3,7.04
46,1.4,6.20408163265306
46,1.5,6.22222222222222
46,1.6,7.11111111111111
46,1.7,4.44444444444444
46,1.8,8
46,2.3,6
46,2.4,7.05882352941176
46,2.5,6.85714285714286
46,2.6,7.52941176470588
46,2.7,6.73684210526316
46,2.8,7.5
46,2.9,6.4
46,3,7.86666666666667
46,3.1,6.73684210526316
46,3.2,7.15789473684211
46,3.3,7.46666666666667
46,3.4,8
46,3.5,6.4
46,3.6,6.85714285714286
46,3.8,0
46,4,0
46,4.3,7.7037037037037
46,4.4,7.33333333333333
46,4.5,6.76923076923077
46,4.7,7.92307692307692
46,4.8,5.71428571428571
46,4.9,7.25
46,5.1,8
46,5.2,8
46,5.3,8
46,5.4,0
46,5.5,0
46,5.6,0
46,5.7,8
46,5.9,7.66666666666667
46,6,7.52083333333333
46,6.1,7.41791044776119
46,6.2,8
46,6.3,7.03225806451613
46,6.4,8
46,6.5,7.42857142857143
46,6.6,7.38461538461539
46,6.7,8
46,7.1,7.9
46,7.2,8.5
46,7.6,8
46,7.7,8
46,7.8,4.92307692307692
46,8.1,8
46,8.2,8
46,8.7,8.12
46,8.8,8.46666666666667
46,9,7.68
46,9.1,7.62790697674419
46,9.2,8
46,9.9,8
46,10,7.94117647058824
46,10.1,8
46,10.5,8
46,10.6,8
46,11.2,8
46,11.3,7.96296296296296
46,11.4,8
46,11.5,7.11111111111111
46,11.6,7.9
46,11.7,8
46,11.8,8
46,11.9,8
46,12.1,8
46,12.2,8
46,12.3,4
46,12.4,8
46,12.5,7.11111111111111
46,12.6,8
46,12.7,8
46,12.8,8
46,12.9,8.14285714285714
46,13,7.625
46,13.1,8
46,13.2,8
46,13.3,8
46,13.4,8
46,13.5,8
46,13.6,8
46,13.7,8
46,13.8,8
46,13.9,8
46,14,8
46,14.2,7.38461538461539
46,14.3,8.33333333333333
46,14.9,8
46,15,8
46,15.1,7.7037037037037
46,15.2,8
46,15.3,8
46,15.4,8
46,15.8,8.09090909090909
46,15.9,8
46,16,8
46,16.1,8
46,16.2,5.2
46,16.3,6.31578947368421
46,16.4,7.90909090909091
46,16.5,7.74193548387097
46,16.6,8.09090909090909
46,16.7,8
46,16.8,7.95238095238095
46,16.9,8
46,17,8
46,17.1,6.54545454545455
46,17.2,7.71428571428571
46,17.3,8
46,18.5,8
46,18.6,7.6
46,18.7,8
46,18.8,7.03030303030303
46,18.9,8
46,19.4,8
46,19.5,8
46,19.6,7.71428571428571
46,20.1,7.33333333333333
46,20.2,7.38461538461539
46,20.3,8
46,20.9,8
46,21,8
46,21.1,6.4
46,21.4,8
46,21.5,7.27272727272727
46,21.6,8
46,21.7,7.88888888888889
46,21.8,8
46,21.9,8
46,22.1,8
46,22.2,7.5
46,22.3,7.55555555555556
46,22.4,8
46,22.5,8
46,22.6,8
46,22.7,7.42857142857143
46,22.8,7.42857142857143
46,22.9,7.57894736842105
46,23,7.11111111111111
46,23.2,6.45454545454545
46,23.3,7.11111111111111
46,23.4,6.66666666666667
46,24.5,7.27272727272727
46,24.6,6.85714285714286
46,24.9,6.66666666666667
46,25,8
46,25.1,8
46,25.5,8
46,25.6,8
46,25.7,8
46.1,-4.7,6.54545454545455
46.1,-3.8,6.15384615384615
46.1,-3.2,7.42857142857143
46.1,-3.1,3.2
46.1,-3,5.81818181818182
46.1,-2.3,6.85714285714286
46.1,-2.2,6.93333333333333
46.1,-2.1,8
46.1,-0.7,6.85714285714286
46.1,-0.6,6.85714285714286
46.1,-0.5,8
46.1,-0.4,7.45454545454545
46.1,-0.3,4
46.1,-0.2,7.11111111111111
46.1,-0.1,4
46.1,0,6
46.1,0.1,6.22222222222222
46.1,0.2,6.4
46.1,0.7,7.5
46.1,0.8,7.5
46.1,0.9,8
46.1,1,7.33333333333333
46.1,1.1,5.33333333333333
46.1,1.2,5.66666666666667
46.1,1.3,3.37777777777778
46.1,1.4,3.2
46.1,1.5,7.2258064516129
46.1,1.6,5.81818181818182
46.1,1.7,7.27272727272727
46.1,1.8,5.09090909090909
46.1,1.9,5.09090909090909
46.1,2,6.76923076923077
46.1,2.1,4.14285714285714
46.1,2.2,5.81818181818182
46.1,2.3,8
46.1,2.5,8
46.1,2.6,8
46.1,2.7,6.66666666666667
46.1,2.8,6.22222222222222
46.1,2.9,8
46.1,3.4,8
46.1,3.5,8
46.1,4,6
46.1,4.1,9
46.1,4.2,9
46.1,4.3,8.11538461538461
46.1,4.4,7.76923076923077
46.1,4.6,8.08333333333333
46.1,4.7,8
46.1,4.9,4
46.1,5,8
46.1,5.1,8.28571428571429
46.1,5.3,0.8
46.1,5.4,4
46.1,5.5,8
46.1,5.7,7.25
46.1,5.8,7.68181818181818
46.1,5.9,7.53191489361702
46.1,6,6.35416666666667
46.1,6.1,6.55555555555556
46.1,6.2,7.76923076923077
46.1,6.3,7.59322033898305
46.1,6.4,7.5
46.1,6.5,8
46.1,6.6,8
46.1,6.7,8
46.1,6.8,8
46.1,6.9,8
46.1,7,8
46.1,7.1,8.2
46.1,7.4,8
46.1,7.5,8
46.1,7.6,8
46.1,8.2,8
46.1,8.6,9
46.1,8.7,8.2051282051282
46.1,8.9,8.375
46.1,9,7.84
46.1,9.1,7.69230769230769
46.1,9.2,6.85714285714286
46.1,9.3,7.125
46.1,10.1,8
46.1,10.2,8
46.1,10.6,8.09090909090909
46.1,11.3,8
46.1,11.4,8.08333333333333
46.1,11.5,8
46.1,11.6,8
46.1,11.7,8
46.1,12.1,8
46.1,12.2,8
46.1,12.3,8.05555555555556
46.1,12.4,8
46.1,12.5,8
46.1,13.1,8.77777777777778
46.1,13.2,8.12903225806452
46.1,14,8
46.1,14.1,7.73684210526316
46.1,14.2,8
46.1,14.7,7.92307692307692
46.1,14.8,7.64
46.1,14.9,8
46.1,15,8.13333333333333
46.1,15.1,7.90909090909091
46.1,15.2,8.2
46.1,15.7,8.13333333333333
46.1,15.8,8
46.1,15.9,8
46.1,16,8
46.1,16.1,8
46.1,16.2,7.93103448275862
46.1,16.3,3.96875
46.1,16.4,7.81481481481481
46.1,16.5,8
46.1,16.6,7.38461538461539
46.1,16.7,8
46.1,16.8,8
46.1,16.9,8
46.1,17,8
46.1,17.3,8
46.1,17.4,8
46.1,18.2,8
46.1,18.3,8
46.1,18.4,8
46.1,18.5,7.65217391304348
46.1,18.6,7.78378378378378
46.1,18.7,8
46.1,19.2,8
46.1,19.3,8
46.1,19.4,8
46.1,19.5,7.61904761904762
46.1,19.6,8
46.1,20,6.85714285714286
46.1,20.1,7.57894736842105
46.1,20.2,6.4
46.1,20.6,8
46.1,20.7,8
46.1,20.8,6.81481481481481
46.1,20.9,7.5
46.1,21,8
46.1,21.1,0
46.1,21.3,7.90909090909091
46.1,21.4,5.77272727272727
46.1,21.5,7.2
46.1,21.6,7.33333333333333
46.1,21.7,6.85714285714286
46.1,21.8,6.15384615384615
46.1,21.9,7.42857142857143
46.1,22,7.57142857142857
46.1,22.1,7.72413793103448
46.1,22.2,8
46.1,22.3,7.46666666666667
46.1,22.4,8
46.1,22.6,8
46.1,22.7,7.11111111111111
46.1,22.8,8
46.1,22.9,6.4
46.1,23,7.23809523809524
46.1,23.1,7.11111111111111
46.1,24.2,8
46.1,24.3,8
46.1,24.4,7.33333333333333
46.1,24.5,8
46.1,24.7,8.125
46.1,24.8,8
46.1,24.9,8
46.1,25.3,6.66666666666667
46.1,25.4,8
46.1,25.5,8
46.1,25.6,8
46.2,-4.7,8
46.2,-4.6,6.22222222222222
46.2,-3.8,7.2
46.2,-3.2,5.5
46.2,-3,8
46.2,-2.9,7.38461538461539
46.2,-2.8,4
46.2,-2.2,8
46.2,-2.1,7.72413793103448
46.2,-2,8
46.2,-0.8,8
46.2,-0.7,3.85185185185185
46.2,-0.6,4.24242424242424
46.2,-0.4,7.27272727272727
46.2,-0.1,7
46.2,0,6
46.2,0.1,6.69767441860465
46.2,0.2,7.57894736842105
46.2,0.3,5.71428571428571
46.2,0.7,6.4
46.2,0.8,7.03030303030303
46.2,0.9,6.22222222222222
46.2,1.1,1.6
46.2,1.2,5.16129032258065
46.2,1.3,7.15789473684211
46.2,1.4,8
46.2,1.5,1.53846153846154
46.2,1.6,3.78947368421053
46.2,1.7,4
46.2,2.2,0.842105263157895
46.2,2.3,1.28571428571429
46.2,3.3,8
46.2,3.4,8.125
46.2,3.9,0
46.2,4.2,8
46.2,4.3,8
46.2,4.4,8.05882352941176
46.2,4.6,8
46.2,4.9,0
46.2,5,2.28571428571429
46.2,5.1,2.66666666666667
46.2,5.2,8
46.2,5.3,8
46.2,5.6,7.34782608695652
46.2,5.7,7.78947368421053
46.2,5.8,8
46.2,5.9,7.5625
46.2,6,7.44186046511628
46.2,6.1,7.84105960264901
46.2,6.2,5.05263157894737
46.2,6.3,7.625
46.2,6.4,7.70833333333333
46.2,6.5,7.875
46.2,6.6,8
46.2,6.8,8
46.2,7,6.27777777777778
46.2,7.1,5.28571428571429
46.2,7.2,4.05555555555556
46.2,7.3,1.47272727272727
46.2,7.4,0.571428571428571
46.2,8.2,8
46.2,8.5,8
46.2,8.6,8.68421052631579
46.2,8.7,5.25714285714286
46.2,8.8,3.78947368421053
46.2,8.9,8.37931034482759
46.2,9,7.53623188405797
46.2,9.3,6.78571428571429
46.2,10.2,7.88888888888889
46.2,10.3,7.95652173913043
46.2,10.6,8.5
46.2,10.7,8
46.2,11.2,8
46.2,11.3,7.72727272727273
46.2,11.4,8.10526315789474
46.2,11.5,8
46.2,11.6,8
46.2,11.7,8
46.2,11.8,8
46.2,11.9,8
46.2,12,7.94285714285714
46.2,12.1,8
46.2,12.2,7.94444444444444
46.2,12.3,8
46.2,13.2,7.875
46.2,13.3,8
46.2,13.4,8
46.2,13.5,8
46.2,13.6,8
46.2,13.9,8
46.2,14,8
46.2,14.1,8
46.2,14.4,8
46.2,14.5,6.84615384615385
46.2,14.6,8
46.2,14.7,8
46.2,15.2,8
46.2,15.5,8
46.2,15.6,8
46.2,15.8,8
46.2,15.9,8
46.2,16,8
46.2,16.1,8
46.2,16.2,8
46.2,16.3,6.2
46.2,16.4,8
46.2,16.5,8
46.2,16.6,8
46.2,16.7,8
46.2,16.8,8
46.2,17.9,8
46.2,18,8
46.2,18.1,8
46.2,18.2,7.65217391304348
46.2,18.3,8
46.2,18.4,8
46.2,18.5,8
46.2,19.1,8
46.2,19.2,8
46.2,19.3,8
46.2,19.4,8
46.2,19.5,8
46.2,20,8
46.2,20.1,7.66666666666667
46.2,20.2,6.5
46.2,20.3,6.58823529411765
46.2,20.4,8
46.2,20.5,7.70967741935484
46.2,20.6,7.5625
46.2,20.7,7.5
46.2,21.1,8
46.2,21.2,8.04761904761905
46.2,21.3,8
46.2,21.4,7
46.2,21.5,7.11111111111111
46.2,21.6,8
46.2,21.7,7.76470588235294
46.2,21.8,7.61904761904762
46.2,21.9,8
46.2,22.3,8
46.2,22.4,8
46.2,22.5,8.0625
46.2,22.6,6.4
46.2,22.7,7.42857142857143
46.2,22.8,8
46.2,22.9,7.5
46.2,23,7.2
46.2,23.1,6.6
46.2,24.1,6.15384615384615
46.2,24.2,8
46.2,24.3,8
46.2,24.6,8
46.2,24.7,7.94117647058824
46.2,25.1,8
46.2,25.2,6.54545454545455
46.2,25.3,7.42857142857143
46.2,25.4,8
46.3,-4.6,6.5
46.3,-4.5,8
46.3,-4.4,6
46.3,-3.8,7.2
46.3,-3.2,5.5
46.3,-2.8,7.2
46.3,-2.7,8
46.3,-2.1,8
46.3,-2,8
46.3,-1.9,8
46.3,-1.1,8
46.3,-1,6.4
46.3,-0.9,8
46.3,-0.8,8
46.3,-0.6,0
46.3,-0.4,8
46.3,-0.2,7.27272727272727
46.3,-0.1,6.76923076923077
46.3,0,5.14285714285714
46.3,0.1,6.22222222222222
46.3,0.2,4.36363636363636
46.3,0.3,5.77777777777778
46.3,0.4,6
46.3,0.5,4.22222222222222
46.3,0.6,6.76923076923077
46.3,0.7,7
46.3,0.8,7.27272727272727
46.3,0.9,7.27272727272727
46.3,1,8
46.3,1.2,3.53846153846154
46.3,1.6,8
46.3,1.7,8
46.3,1.8,8
46.3,2.3,1.8
46.3,2.4,1.3
46.3,2.5,1.77777777777778
46.3,3.3,8.15
46.3,3.4,8
46.3,3.8,0
46.3,3.9,0
46.3,4.2,8
46.3,4.3,7.61904761904762
46.3,4.4,4
46.3,4.5,8
46.3,4.9,8
46.3,5,8
46.3,5.1,0
46.3,5.2,0
46.3,5.3,2.22222222222222
46.3,5.5,7.2
46.3,5.6,8.05882352941176
46.3,5.7,8
46.3,5.8,8
46.3,5.9,8
46.3,6,7.55
46.3,6.1,7.62790697674419
46.3,6.2,7.73913043478261
46.3,6.3,7.27272727272727
46.3,6.4,8
46.3,6.5,7.5
46.3,6.6,8.04
46.3,6.7,8
46.3,6.8,8
46.3,7,6.66666666666667
46.3,7.1,8
46.3,8.2,8
46.3,8.4,7.11111111111111
46.3,8.5,7.5
46.3,8.6,8.18518518518519
46.3,8.7,8
46.3,8.9,8.8
46.3,9,7.48
46.3,9.3,7.5
46.3,10.1,8
46.3,10.2,8
46.3,10.3,8
46.3,10.4,8
46.3,10.5,8
46.3,10.7,8
46.3,10.8,8
46.3,11.1,8
46.3,11.2,8
46.3,11.3,8
46.3,11.4,8.09090909090909
46.3,11.5,8
46.3,11.6,8
46.3,11.8,8
46.3,11.9,8
46.3,12,8
46.3,12.1,8.05882352941176
46.3,12.2,8
46.3,12.3,8
46.3,12.4,8
46.3,12.5,8.11111111111111
46.3,12.6,8
46.3,12.7,8
46.3,12.8,8
46.3,12.9,7.55555555555556
46.3,13,8
46.3,13.1,7.5
46.3,13.2,8
46.3,13.8,8
46.3,13.9,8
46.3,14,8
46.3,14.1,8
46.3,14.2,8
46.3,14.3,8
46.3,14.4,8
46.3,14.5,8
46.3,14.6,8.5
46.3,15.2,7.42857142857143
46.3,15.3,8
46.3,15.4,8
46.3,15.5,7.64
46.3,15.6,8.1
46.3,15.7,8
46.3,15.8,6
46.3,15.9,8
46.3,16,7.23809523809524
46.3,16.1,8.05555555555556
46.3,16.2,7.66666666666667
46.3,16.3,6.31578947368421
46.3,16.4,7.36
46.3,16.5,7.6
46.3,16.6,8
46.3,17.6,8
46.3,17.7,8
46.3,17.8,8
46.3,17.9,8
46.3,18,8
46.3,18.1,8
46.3,18.2,8
46.3,18.3,7.11111111111111
46.3,18.7,8
46.3,18.8,8
46.3,18.9,6.22222222222222
46.3,19,8
46.3,19.1,6.85714285714286
46.3,19.2,8
46.3,19.3,8
46.3,19.4,8
46.3,19.5,6.71428571428571
46.3,19.6,7
46.3,19.7,8
46.3,19.8,8
46.3,19.9,7.05882352941176
46.3,20,7.77777777777778
46.3,20.1,8
46.3,20.2,7
46.3,20.3,7.38461538461539
46.3,20.4,8
46.3,20.5,8
46.3,21,7
46.3,21.1,7.42857142857143
46.3,21.2,8
46.3,21.4,8
46.3,21.5,8
46.3,21.6,7.96
46.3,21.7,8
46.3,22.5,8.06666666666667
46.3,22.6,7.55
46.3,22.7,8
46.3,23,8
46.3,24,6.11764705882353
46.3,24.1,7.42857142857143
46.3,24.2,8
46.3,24.4,8
46.3,24.5,7.72222222222222
46.3,24.6,7.2
46.3,25,5.81818181818182
46.3,25.1,7.375
46.3,25.2,8
46.3,25.3,8
46.4,-6,6.4
46.4,-4.8,6
46.4,-4.6,8
46.4,-4.5,7.27272727272727
46.4,-4.4,7.46666666666667
46.4,-3.8,7.2
46.4,-3.2,8
46.4,-3.1,5.71428571428571
46.4,-2.7,6.85714285714286
46.4,-2.6,7.11111111111111
46.4,-1.9,6.5
46.4,-1.8,7.38461538461539
46.4,-1.7,7.5
46.4,-1.3,8
46.4,-1.2,6.4
46.4,-1.1,7.46666666666667
46.4,-0.9,6
46.4,-0.5,8
46.4,-0.4,8
46.4,-0.3,8
46.4,-0.2,7.77142857142857
46.4,-0.1,7.36363636363636
46.4,0,5.09090909090909
46.4,0.1,8
46.4,0.2,6.18181818181818
46.4,0.3,6.3448275862069
46.4,0.4,6.31578947368421
46.4,0.6,6.66666666666667
46.4,0.8,8
46.4,1,8
46.4,1.2,5.51724137931035
46.4,1.8,8
46.4,1.9,8
46.4,2.5,1
46.4,2.6,3.94444444444444
46.4,2.7,8.23076923076923
46.4,3.2,7.27272727272727
46.4,3.3,8
46.4,3.7,0
46.4,3.8,0
46.4,4,0
46.4,4.1,8
46.4,4.2,7.96428571428571
46.4,4.3,8.03846153846154
46.4,4.4,8
46.4,4.5,8.08333333333333
46.4,4.8,8
46.4,4.9,8.14285714285714
46.4,5.1,8
46.4,5.2,8
46.4,5.3,8
46.4,5.4,8
46.4,5.5,8
46.4,5.6,7.8
46.4,5.7,8
46.4,5.8,8.375
46.4,5.9,7.625
46.4,6,8
46.4,6.1,6.95652173913043
46.4,6.2,7.46153846153846
46.4,6.3,7.15789473684211
46.4,6.6,8
46.4,6.7,7.71428571428571
46.4,6.8,7.2
46.4,6.9,8
46.4,8.2,8
46.4,8.3,8
46.4,8.4,8
46.4,8.5,8.45833333333333
46.4,8.6,8.11111111111111
46.4,8.8,8.7
46.4,8.9,8.5
46.4,9,7.88679245283019
46.4,9.2,8
46.4,9.3,7.38461538461539
46.4,10,8
46.4,10.1,8
46.4,10.5,8
46.4,10.8,8
46.4,11,8
46.4,11.1,8
46.4,11.2,8
46.4,11.3,7.8
46.4,11.4,8
46.4,11.6,8
46.4,11.7,8.125
46.4,11.8,8
46.4,11.9,8
46.4,12,8
46.4,12.1,7.7037037037037
46.4,12.2,7.53571428571429
46.4,12.3,7.68965517241379
46.4,12.4,8.05555555555556
46.4,12.5,8
46.4,12.6,8
46.4,13.7,8
46.4,13.8,8
46.4,13.9,7.11111111111111
46.4,14,8
46.4,14.1,7.53333333333333
46.4,14.2,8
46.4,14.3,8
46.4,14.4,8
46.4,15,8
46.4,15.1,8
46.4,15.2,8
46.4,15.3,8
46.4,15.4,8.04545454545454
46.4,15.5,8
46.4,15.8,8
46.4,15.9,8
46.4,16,8.05555555555556
46.4,16.1,8.04545454545454
46.4,16.2,8
46.4,16.3,7.76315789473684
46.4,16.4,8
46.4,17.2,8
46.4,17.3,8
46.4,17.4,8
46.4,17.5,8
46.4,17.6,8
46.4,17.7,8
46.4,17.8,8
46.4,17.9,8
46.4,18,8
46.4,18.1,8
46.4,18.3,8
46.4,18.4,7.11111111111111
46.4,18.5,8
46.4,18.6,8
46.4,18.7,8
46.4,18.9,8
46.4,19,8
46.4,19.1,7.46666666666667
46.4,19.2,8
46.4,19.3,8
46.4,19.4,8
46.4,19.5,8
46.4,19.6,8
46.4,19.7,8
46.4,19.8,8
46.4,19.9,6.22222222222222
46.4,20,8
46.4,20.1,8
46.4,20.2,8
46.4,20.3,6.4
46.4,20.8,8
46.4,20.9,8.09090909090909
46.4,21,8
46.4,21.1,7.83333333333333
46.4,21.3,7.25
46.4,21.4,7
46.4,21.5,8
46.4,22.1,8
46.4,22.2,8
46.4,22.3,8
46.4,22.5,7.36
46.4,23,6.76923076923077
46.4,23.9,7.36
46.4,24,7.11111111111111
46.4,24.3,8.16666666666667
46.4,24.4,8
46.4,24.5,8
46.4,24.8,8
46.4,24.9,7.28571428571429
46.4,25,7.2
46.4,25.1,8
46.5,-7.4,8
46.5,-6,8
46.5,-5.9,6.4
46.5,-4.7,6.66666666666667
46.5,-4.6,8
46.5,-4.5,5.79310344827586
46.5,-4.4,6.85714285714286
46.5,-3.8,7.27272727272727
46.5,-3.1,6
46.5,-2.6,8
46.5,-2.5,8
46.5,-1.8,8
46.5,-1.7,6.66666666666667
46.5,-1.6,8
46.5,-1.5,8
46.5,-1.4,8
46.5,-1.3,6.5
46.5,-1.2,7.42857142857143
46.5,-0.9,7
46.5,-0.5,7.72413793103448
46.5,-0.4,8
46.5,-0.3,6.85714285714286
46.5,-0.1,8
46.5,0,6.85714285714286
46.5,0.1,5.45454545454545
46.5,0.2,6.58823529411765
46.5,0.3,5.75
46.5,0.4,7.57894736842105
46.5,0.5,8
46.5,0.6,7.27272727272727
46.5,0.7,8
46.5,0.8,7.38461538461539
46.5,0.9,6.4
46.5,1,8
46.5,1.1,7.2
46.5,1.2,7.66666666666667
46.5,2.7,9
46.5,2.8,7.53846153846154
46.5,3.1,8
46.5,3.2,7.7
46.5,3.3,8
46.5,3.7,0
46.5,3.9,0
46.5,4,0
46.5,4.1,7.55555555555556
46.5,4.2,8
46.5,4.3,8
46.5,4.4,8
46.5,4.7,8
46.5,4.8,7.27272727272727
46.5,5.2,8
46.5,5.3,6.76923076923077
46.5,5.4,8
46.5,5.5,7.46666666666667
46.5,5.6,8.04347826086956
46.5,5.7,7.85714285714286
46.5,6.2,8
46.5,6.3,8
46.5,6.4,8
46.5,6.6,7.05882352941176
46.5,6.7,8.07692307692308
46.5,6.8,8
46.5,6.9,7
46.5,7,8
46.5,7.4,0
46.5,7.6,8
46.5,8.3,7.72413793103448
46.5,8.4,8.09090909090909
46.5,8.5,8
46.5,8.6,7.84848484848485
46.5,8.8,8.73333333333333
46.5,8.9,8
46.5,9,7.52173913043478
46.5,9.2,8
46.5,9.3,8.07692307692308
46.5,9.8,1.6
46.5,9.9,2.3448275862069
46.5,10,8
46.5,10.8,7.8
46.5,10.9,8
46.5,11.1,8.05555555555556
46.5,11.2,8.09090909090909
46.5,11.3,8.41666666666667
46.5,11.4,7.95652173913043
46.5,11.5,8.07692307692308
46.5,11.6,7.94444444444444
46.5,11.7,7.92
46.5,11.8,8
46.5,11.9,7.46666666666667
46.5,12,8
46.5,12.1,8
46.5,12.4,8
46.5,12.5,8
46.5,12.6,8
46.5,13.5,8.5
46.5,13.6,7.33333333333333
46.5,13.7,8.03125
46.5,13.8,8
46.5,13.9,7.125
46.5,14,8
46.5,14.1,7.73333333333333
46.5,14.3,8
46.5,14.4,8
46.5,14.5,7.85714285714286
46.5,14.6,8
46.5,14.7,8
46.5,14.9,8
46.5,15,8
46.5,15.1,7.66666666666667
46.5,15.2,7.94117647058824
46.5,15.3,8
46.5,15.4,8
46.5,15.7,8
46.5,15.8,8.04545454545454
46.5,15.9,8
46.5,16,7.6
46.5,16.1,8
46.5,16.2,8.05263157894737
46.5,16.3,7.11111111111111
46.5,17,8
46.5,17.1,8
46.5,17.2,8
46.5,17.6,8
46.5,17.7,8
46.5,17.8,7.875
46.5,17.9,8.05882352941176
46.5,18,8
46.5,18.1,8
46.5,18.2,8
46.5,18.7,8
46.5,18.8,8
46.5,18.9,8
46.5,19.1,8
46.5,19.2,8
46.5,19.3,8
46.5,19.5,8
46.5,19.6,8
46.5,19.7,8
46.5,19.8,8
46.5,19.9,8.09090909090909
46.5,20,8
46.5,20.1,8
46.5,20.5,8
46.5,20.6,8
46.5,20.7,7
46.5,20.8,8
46.5,20.9,8.04761904761905
46.5,21,8
46.5,21.1,8
46.5,21.2,8
46.5,21.3,8.03030303030303
46.5,21.4,8
46.5,21.8,8
46.5,21.9,7.2
46.5,22,8.1
46.5,22.1,8
46.5,22.4,6.4
46.5,22.5,7.6
46.5,23,8
46.5,23.7,8
46.5,23.8,8
46.5,23.9,8
46.5,24.2,7.11111111111111
46.5,24.3,7.05882352941176
46.5,24.4,8
46.5,24.7,8.1
46.5,24.8,8.12
46.5,24.9,8
46.5,25,8
46.6,-7.4,7
46.6,-5.9,6.22222222222222
46.6,-5.8,8
46.6,-4.7,5.71428571428571
46.6,-4.6,7.6
46.6,-4.4,6.97435897435897
46.6,-3.8,8
46.6,-3.1,8
46.6,-2.5,8
46.6,-2.4,8
46.6,-2.3,8
46.6,-1.8,6.22222222222222
46.6,-1.5,6.81481481481481
46.6,-1.4,8
46.6,-1.3,7.2
46.6,-1.2,6.66666666666667
46.6,-1.1,6.85714285714286
46.6,-1,8
46.6,-0.9,8
46.6,-0.8,8
46.6,-0.7,7.33333333333333
46.6,-0.6,8
46.6,-0.5,8
46.6,-0.4,6.66666666666667
46.6,-0.3,7.46666666666667
46.6,-0.2,6.15384615384615
46.6,-0.1,7.11111111111111
46.6,0.1,4.57142857142857
46.6,0.2,4.8
46.6,0.3,8
46.6,0.4,7.66666666666667
46.6,0.5,7.72413793103448
46.6,0.6,8
46.6,0.7,6.76923076923077
46.6,0.8,7.42857142857143
46.6,0.9,8
46.6,1.1,6.66666666666667
46.6,1.2,7.7037037037037
46.6,3,8
46.6,3.1,6.90909090909091
46.6,3.2,7.27272727272727
46.6,3.8,0
46.6,3.9,0
46.6,4,8
46.6,4.1,7.68181818181818
46.6,4.2,7.33333333333333
46.6,4.3,7.76666666666667
46.6,4.4,8
46.6,4.6,8
46.6,4.7,7.33333333333333
46.6,4.8,8
46.6,4.9,8
46.6,5,8
46.6,5.1,6.28571428571429
46.6,5.2,7.38461538461539
46.6,5.3,8
46.6,5.4,8
46.6,5.5,8
46.6,5.6,7.11111111111111
46.6,6,8.07692307692308
46.6,6.1,8
46.6,6.4,8
46.6,6.5,8
46.6,6.6,8
46.6,6.8,8
46.6,7,8
46.6,7.1,7.27272727272727
46.6,7.6,8
46.6,7.7,6.4
46.6,8.2,8
46.6,8.3,8
46.6,8.4,8
46.6,8.6,8.04878048780488
46.6,8.8,8.3
46.6,8.9,8
46.6,9,8
46.6,9.2,8
46.6,9.3,7.33333333333333
46.6,9.7,8
46.6,9.8,8
46.6,10.9,8.05555555555556
46.6,11,7.96153846153846
46.6,11.1,7.46666666666667
46.6,11.2,8
46.6,11.3,8
46.6,11.4,8.02325581395349
46.6,11.5,8
46.6,11.6,8.04347826086956
46.6,11.7,8
46.6,11.8,8
46.6,12,8
46.6,12.1,8
46.6,12.6,8
46.6,12.7,8.09090909090909
46.6,12.8,8
46.6,13.1,8
46.6,13.2,8
46.6,13.3,8
46.6,13.4,8.13333333333333
46.6,13.5,8.08333333333333
46.6,13.6,8
46.6,13.8,8
46.6,13.9,8.05263157894737
46.6,14,7.76470588235294
46.6,14.1,8
46.6,14.2,8
46.6,14.5,8
46.6,14.6,8.16666666666667
46.6,14.7,8
46.6,14.8,8.04761904761905
46.6,14.9,8
46.6,15,8.05882352941176
46.6,15.2,8.33333333333333
46.6,15.3,8
46.6,15.6,8.21428571428571
46.6,15.7,8
46.6,15.8,8
46.6,16,7.54285714285714
46.6,16.1,8
46.6,17.5,7.11111111111111
46.6,17.6,8
46.6,17.7,7.55555555555556
46.6,17.8,8
46.6,18.6,8
46.6,18.7,8
46.6,19.1,8
46.6,19.2,8
46.6,19.3,8
46.6,19.4,8
46.6,19.5,8
46.6,19.8,8
46.6,19.9,7.96296296296296
46.6,20,8
46.6,20.1,6
46.6,20.2,6.45454545454545
46.6,20.3,8
46.6,20.4,8
46.6,20.5,8
46.6,20.6,7.68
46.6,20.7,8
46.6,20.8,8
46.6,21,8
46.6,21.1,7.87037037037037
46.6,21.2,7.46666666666667
46.6,21.3,8
46.6,21.6,8
46.6,21.7,8
46.6,21.8,7.28571428571429
46.6,21.9,8
46.6,22,8
46.6,22.4,8
46.6,22.5,7.91666666666667
46.6,23,7.42857142857143
46.6,23.6,7.11111111111111
46.6,23.7,8
46.6,23.8,8
46.6,24,8
46.6,24.1,7.42857142857143
46.6,24.2,7.46153846153846
46.6,24.3,8
46.6,24.6,8
46.6,24.7,8
46.6,24.8,6.85714285714286
46.7,-7.4,8
46.7,-5.8,6.4
46.7,-4.8,6.4
46.7,-4.7,6.4
46.7,-4.6,7
46.7,-4.5,6.4
46.7,-4.4,7
46.7,-4.3,7.46666666666667
46.7,-4,8
46.7,-3.8,8
46.7,-2.3,8
46.7,-2.2,6.85714285714286
46.7,-1.7,6.15384615384615
46.7,-1.6,7.23809523809524
46.7,-1.5,7.11111111111111
46.7,-1.4,7
46.7,-1.3,7.40740740740741
46.7,-1.2,7.27272727272727
46.7,-1.1,6.4
46.7,-1,7.11111111111111
46.7,-0.9,6.66666666666667
46.7,-0.8,8
46.7,-0.7,6
46.7,-0.6,5.71428571428571
46.7,-0.5,6.85714285714286
46.7,-0.4,7.2258064516129
46.7,-0.3,7.2
46.7,0.3,6.85714285714286
46.7,0.4,8
46.7,0.5,7.36
46.7,0.6,7.07692307692308
46.7,0.7,7.38461538461539
46.7,0.9,8
46.7,1.1,8
46.7,1.2,8
46.7,1.3,8
46.7,3,6.31578947368421
46.7,3.1,7.42857142857143
46.7,3.2,4
46.7,3.6,8.66666666666667
46.7,3.7,8.33333333333333
46.7,3.8,0
46.7,4,7.91666666666667
46.7,4.1,8
46.7,4.2,8.04347826086956
46.7,4.3,6
46.7,4.5,8
46.7,4.6,7
46.7,4.7,8
46.7,4.8,8.14285714285714
46.7,4.9,8
46.7,5,8.05882352941176
46.7,5.1,7.9
46.7,5.2,8
46.7,5.3,6.83333333333333
46.7,5.8,8
46.7,5.9,8
46.7,6,7.33333333333333
46.7,6.1,8
46.7,6.5,8
46.7,6.6,8
46.7,6.7,8
46.7,6.8,8
46.7,6.9,8
46.7,7,8
46.7,7.1,8
46.7,7.7,8
46.7,7.8,8
46.7,8.1,0
46.7,8.2,4.12903225806452
46.7,8.4,8.07692307692308
46.7,8.6,8.02564102564103
46.7,8.7,8
46.7,8.8,8.2051282051282
46.7,9,8.02272727272727
46.7,9.2,8
46.7,9.3,8
46.7,9.6,8
46.7,9.7,8
46.7,10.3,8
46.7,10.4,8.1
46.7,10.5,8.11111111111111
46.7,10.6,8.25
46.7,10.7,8.25
46.7,10.8,7.94736842105263
46.7,10.9,8
46.7,11,8.04347826086956
46.7,11.1,8
46.7,11.2,7.96666666666667
46.7,11.3,8.05
46.7,11.4,8.03846153846154
46.7,11.5,8
46.7,11.6,7.5
46.7,11.7,8
46.7,11.9,8
46.7,12,8.16666666666667
46.7,12.7,8
46.7,12.8,8
46.7,12.9,8
46.7,13,8
46.7,13.1,8
46.7,13.2,8
46.7,13.3,8
46.7,13.4,8.09090909090909
46.7,13.5,7.7037037037037
46.7,13.6,8.06666666666667
46.7,13.7,8
46.7,13.8,7.63636363636364
46.7,13.9,8.21428571428571
46.7,14,8
46.7,14.3,8
46.7,14.4,8
46.7,14.5,6.4
46.7,14.6,7
46.7,14.7,7.63636363636364
46.7,14.8,8
46.7,14.9,8
46.7,15.1,8
46.7,15.2,8.08333333333333
46.7,15.3,8
46.7,15.4,7.9
46.7,15.5,7.92307692307692
46.7,15.6,8
46.7,15.8,8.4
46.7,15.9,8
46.7,16,7.5
46.7,16.1,7.11111111111111
46.7,17.3,8
46.7,17.4,8
46.7,17.5,8
46.7,17.6,8
46.7,17.7,8
46.7,17.9,8
46.7,18,8
46.7,18.5,8
46.7,18.6,8
46.7,18.8,8
46.7,18.9,8
46.7,19,8
46.7,19.1,8
46.7,19.2,8
46.7,19.3,8
46.7,19.4,8
46.7,19.5,8
46.7,19.6,8
46.7,19.8,8
46.7,19.9,8
46.7,20,7.4
46.7,20.1,7.1875
46.7,20.2,8
46.7,20.3,8
46.7,20.4,8
46.7,20.5,8
46.7,20.6,8
46.7,20.7,8
46.7,20.8,8
46.7,20.9,8
46.7,21,7.2
46.7,21.3,8
46.7,21.4,7.46666666666667
46.7,21.5,8
46.7,21.6,8
46.7,21.7,8
46.7,21.8,8
46.7,21.9,6.85714285714286
46.7,22.4,6.66666666666667
46.7,22.5,8
46.7,22.6,5.33333333333333
46.7,23,7.52941176470588
46.7,23.1,8
46.7,23.4,8
46.7,23.5,8
46.7,23.6,8
46.7,23.7,8
46.7,23.9,8
46.7,24,7.88888888888889
46.7,24.1,8
46.7,24.4,6.5
46.7,24.5,5.6
46.7,24.6,8
46.7,24.7,8
46.8,-7.5,6.4
46.8,-7.4,6
46.8,-5.8,8
46.8,-5.7,5.53846153846154
46.8,-4.8,6
46.8,-4.7,7
46.8,-4.6,7
46.8,-4.5,7.29411764705882
46.8,-4.3,6.85714285714286
46.8,-4.2,4
46.8,-3.9,7
46.8,-2.2,6.66666666666667
46.8,-2.1,4
46.8,-1.8,8
46.8,-1.7,7.23809523809524
46.8,-1.6,7.57894736842105
46.8,-1.5,7.71428571428571
46.8,-1.4,7.5
46.8,-1.3,7.05882352941176
46.8,-1.2,7.2
46.8,-1.1,7.57894736842105
46.8,-1,8
46.8,-0.9,7.2
46.8,-0.8,6.4
46.8,-0.7,8
46.8,-0.6,7.11111111111111
46.8,-0.5,8
46.8,-0.4,7.55555555555556
46.8,-0.3,8
46.8,0.3,7.33333333333333
46.8,0.4,8
46.8,0.5,8
46.8,0.6,8
46.8,0.7,7.73333333333333
46.8,0.9,8
46.8,1.1,7.2
46.8,1.3,7.75
46.8,1.4,8
46.8,2.6,0
46.8,2.9,6.85714285714286
46.8,3,6.4
46.8,3.1,5.81818181818182
46.8,3.5,8.75
46.8,3.6,8.08333333333333
46.8,4,8.04
46.8,4.1,7.91666666666667
46.8,4.2,8
46.8,4.4,8.4
46.8,4.5,8.07692307692308
46.8,4.6,7.38461538461539
46.8,4.7,6.4
46.8,4.8,8
46.8,4.9,8
46.8,5.7,7.68421052631579
46.8,5.8,8
46.8,5.9,8
46.8,6,7.92307692307692
46.8,6.4,7
46.8,6.5,8
46.8,6.6,0
46.8,6.9,8
46.8,7,8
46.8,7.1,7.42857142857143
46.8,7.2,7.31818181818182
46.8,7.3,8.07692307692308
46.8,7.4,8.09090909090909
46.8,7.8,8
46.8,7.9,8
46.8,8,8.33333333333333
46.8,8.1,8
46.8,8.2,8
46.8,8.4,8.07692307692308
46.8,8.5,7.38461538461539
46.8,8.6,8
46.8,8.7,8
46.8,8.8,8.04545454545454
46.8,8.9,8
46.8,9,7.97222222222222
46.8,9.1,8
46.8,9.2,8.09090909090909
46.8,9.4,8
46.8,9.5,8
46.8,9.6,8
46.8,10.2,8
46.8,10.3,8
46.8,10.5,8
46.8,10.6,8.1
46.8,10.7,7.63636363636364
46.8,10.8,8.58333333333333
46.8,10.9,8.375
46.8,11,8.2962962962963
46.8,11.1,8.10204081632653
46.8,11.2,8.53333333333333
46.8,11.3,8.5625
46.8,11.4,8.01612903225806
46.8,11.5,8.21212121212121
46.8,11.6,8.33333333333333
46.8,11.7,8.33333333333333
46.8,11.8,8.52941176470588
46.8,11.9,7.35714285714286
46.8,12.6,8
46.8,12.7,8.04761904761905
46.8,12.8,8
46.8,12.9,8
46.8,13,8
46.8,13.1,8
46.8,13.2,8
46.8,13.3,8
46.8,13.4,7.93333333333333
46.8,13.6,8
46.8,13.7,8
46.8,13.8,7.875
46.8,13.9,8.02777777777778
46.8,14,8
46.8,14.1,8.125
46.8,14.2,8
46.8,14.3,7
46.8,14.4,8
46.8,14.5,8.04347826086956
46.8,14.6,7.44827586206897
46.8,14.7,8.2
46.8,15.1,8
46.8,15.2,7.11111111111111
46.8,15.3,6.85714285714286
46.8,15.5,7.33333333333333
46.8,15.8,8
46.8,15.9,6.66666666666667
46.8,16.1,8
46.8,17,8
46.8,17.1,8
46.8,17.2,7
46.8,17.3,8
46.8,17.4,8
46.8,17.5,8
46.8,17.6,8
46.8,17.8,8
46.8,17.9,8
46.8,18.1,8.11111111111111
46.8,18.4,7.52941176470588
46.8,18.5,8
46.8,18.8,7.42857142857143
46.8,19,8
46.8,19.1,6.66666666666667
46.8,19.2,8
46.8,19.3,8
46.8,19.4,8
46.8,19.5,6.4
46.8,19.6,8
46.8,19.7,8
46.8,19.8,8
46.8,19.9,8.075
46.8,20,8
46.8,20.1,8
46.8,20.2,8
46.8,20.3,7.42857142857143
46.8,20.4,8
46.8,20.5,8
46.8,20.6,8
46.8,20.7,7.97058823529412
46.8,20.8,7.79487179487179
46.8,20.9,8
46.8,21.1,8
46.8,21.2,7.2
46.8,21.3,7.61904761904762
46.8,21.4,8
46.8,21.5,8
46.8,21.6,7.27272727272727
46.8,21.7,7.83333333333333
46.8,22.3,8
46.8,22.4,6.78947368421053
46.8,22.6,6.08333333333333
46.8,23.4,8
46.8,23.5,8
46.8,23.6,8.33333333333333
46.8,23.7,7.92134831460674
46.8,23.8,7.55555555555556
46.8,23.9,6.15384615384615
46.8,24.3,6.6
46.8,24.4,8
46.9,-7.5,5.86666666666667
46.9,-5.7,4.66666666666667
46.9,-5.6,2.66666666666667
46.9,-4.8,8
46.9,-4.7,7.46666666666667
46.9,-4.6,8
46.9,-4.5,7.04
46.9,-4.4,8
46.9,-4.3,8
46.9,-4.2,6.90909090909091
46.9,-3.9,8
46.9,-3.8,7.46666666666667
46.9,-3,8
46.9,-2.9,6.4
46.9,-2.8,8
46.9,-1.9,7.11111111111111
46.9,-1.8,7.7037037037037
46.9,-1.7,7.73333333333333
46.9,-1.6,7.2
46.9,-1.5,7.6
46.9,-1.4,6.93333333333333
46.9,-1.3,8
46.9,-1.1,8
46.9,-1,7.71428571428571
46.9,-0.9,7.2
46.9,-0.8,8
46.9,-0.7,7.27272727272727
46.9,-0.6,8
46.9,-0.5,8
46.9,-0.4,7.52941176470588
46.9,-0.3,8
46.9,0.4,8
46.9,0.6,8
46.9,0.7,7.82222222222222
46.9,0.8,8
46.9,0.9,8
46.9,1.1,8
46.9,1.3,8
46.9,1.4,8
46.9,1.5,8
46.9,1.6,8
46.9,2.9,7.23809523809524
46.9,3,8
46.9,3.1,6.4
46.9,3.5,8.08333333333333
46.9,3.9,5.33333333333333
46.9,4,7.75
46.9,4.1,7.75
46.9,4.2,8.46153846153846
46.9,4.3,8.46666666666667
46.9,4.4,7.59459459459459
46.9,4.5,7.55555555555556
46.9,4.6,8
46.9,4.7,8
46.9,5.2,8.94594594594595
46.9,5.3,9
46.9,5.5,6
46.9,5.6,7.80645161290323
46.9,5.7,8.10526315789474
46.9,5.8,8
46.9,5.9,8
46.9,6.4,5.71428571428571
46.9,6.9,0
46.9,7,8
46.9,7.3,7.5
46.9,7.4,8.10714285714286
46.9,7.5,7.47058823529412
46.9,7.6,8
46.9,7.9,8
46.9,8,8
46.9,8.1,7.5
46.9,8.2,0
46.9,8.4,7.38461538461539
46.9,8.5,8
46.9,8.6,8.04651162790698
46.9,8.8,8.57142857142857
46.9,8.9,8
46.9,9,7.75
46.9,9.1,8
46.9,9.2,8
46.9,10.3,8
46.9,10.4,8
46.9,10.5,8
46.9,10.8,8
46.9,10.9,8
46.9,11,8.08
46.9,11.2,8
46.9,11.3,7.90476190476191
46.9,11.4,8
46.9,11.5,8
46.9,11.6,8.06666666666667
46.9,11.7,8
46.9,11.8,8
46.9,12.3,8
46.9,12.4,8
46.9,12.5,8.23076923076923
46.9,12.6,7.41666666666667
46.9,12.7,8
46.9,12.8,8
46.9,12.9,8
46.9,13.3,8
46.9,13.5,7.27272727272727
46.9,13.6,8
46.9,13.8,8.15384615384615
46.9,13.9,7.3
46.9,14,7.2
46.9,14.1,8.25
46.9,14.2,8
46.9,14.3,8.04347826086956
46.9,14.4,8.07142857142857
46.9,14.5,8
46.9,14.6,8
46.9,14.9,8.16666666666667
46.9,15,8.04545454545454
46.9,15.1,8
46.9,15.3,5.81818181818182
46.9,15.4,8
46.9,16.1,8
46.9,16.8,6.66666666666667
46.9,16.9,8.3
46.9,17,8
46.9,17.1,8
46.9,17.2,8
46.9,17.3,8.04166666666667
46.9,17.4,8
46.9,17.6,4
46.9,17.7,8
46.9,17.8,8
46.9,18.1,8.26086956521739
46.9,18.2,8.97916666666667
46.9,18.3,7.23076923076923
46.9,18.4,8
46.9,18.7,8
46.9,18.8,8
46.9,18.9,8
46.9,19,8
46.9,19.1,8
46.9,19.2,8
46.9,19.3,7
46.9,19.4,6.76923076923077
46.9,19.5,8
46.9,19.6,8
46.9,19.7,7.05882352941176
46.9,19.8,7.71739130434783
46.9,19.9,8.54545454545454
46.9,20,8.48
46.9,20.1,8.4375
46.9,20.2,8
46.9,20.3,8
46.9,20.4,7.73333333333333
46.9,20.5,8
46.9,20.6,7.82608695652174
46.9,20.7,7.30769230769231
46.9,20.9,8
46.9,21,8
46.9,21.1,8.33333333333333
46.9,21.2,8
46.9,21.3,6.66666666666667
46.9,21.4,8
46.9,21.5,8
46.9,22.3,8
46.9,22.5,8
46.9,22.6,8
46.9,23.1,6
46.9,23.2,8
46.9,23.3,8
46.9,23.4,8
46.9,23.5,8
46.9,23.6,7.38461538461539
46.9,23.7,7.33333333333333
46.9,23.8,8
46.9,23.9,7.33333333333333
46.9,24.1,8
46.9,24.2,8.11111111111111
46.9,27.3,8
46.9,27.4,8
46.9,27.5,8
46.9,27.6,8
46.9,27.7,4.8
46.9,27.8,8
46.9,27.9,6.54545454545455
46.9,28,5.53846153846154
46.9,28.2,1.33333333333333
46.9,28.3,0
46.9,28.4,2.66666666666667
46.9,28.5,0
46.9,28.6,0
46.9,28.9,10
47,-7.5,7.46666666666667
47,-6.2,2.66666666666667
47,-5.6,7.33333333333333
47,-5,6
47,-4.9,8
47,-4.8,7.57894736842105
47,-4.7,8
47,-4.6,5.33333333333333
47,-4.5,7.5
47,-4.4,8
47,-4.2,6.76923076923077
47,-4.1,7.2
47,-3.8,8
47,-3.7,7.42857142857143
47,-3.1,8
47,-3,7.30434782608696
47,-2.9,8
47,-2.1,8
47,-2,8
47,-1.9,7.27272727272727
47,-1.8,8
47,-1.7,8
47,-1.5,7.2
47,-1.4,7.80487804878049
47,-1.3,8
47,-1.2,7.36
47,-1.1,8
47,-0.9,8
47,-0.8,8
47,-0.6,7.2
47,-0.5,7.52941176470588
47,-0.4,8
47,-0.3,7.5
47,0.1,5.16666666666667
47,0.2,9
47,0.4,8
47,0.5,7.61904761904762
47,0.7,8
47,0.8,7.56756756756757
47,0.9,7.56756756756757
47,1,8
47,1.1,8.15384615384615
47,1.3,8
47,1.4,8
47,1.5,7.23809523809524
47,1.6,7.5
47,2.8,8
47,2.9,8
47,3,6.54545454545455
47,3.4,6.4
47,3.5,6.85714285714286
47,3.9,8
47,4,7.72222222222222
47,4.1,7.91428571428571
47,4.2,8.1875
47,4.3,7.92307692307692
47,4.4,8
47,4.5,8
47,5.3,8.94444444444444
47,5.4,8.59090909090909
47,5.5,8
47,5.6,8.17647058823529
47,5.7,8
47,5.8,8
47,6.3,8.08333333333333
47,6.4,8
47,6.9,0
47,7,0.666666666666667
47,7.2,8
47,7.6,8
47,7.7,8
47,7.8,8
47,7.9,8
47,8,8.04
47,8.1,8
47,8.2,9
47,8.3,9
47,8.4,8
47,8.5,8
47,8.6,8
47,8.7,9
47,8.8,8.58333333333333
47,8.9,8
47,9,8
47,9.1,8
47,9.2,7.33333333333333
47,10.2,8
47,10.3,8
47,10.6,8
47,10.7,7.27272727272727
47,10.8,6.66666666666667
47,10.9,8
47,11,8
47,11.1,8
47,11.2,8
47,11.4,8.1
47,11.6,8
47,11.7,8
47,12,8
47,12.1,8
47,12.2,8
47,12.3,8.76923076923077
47,12.4,8.83333333333333
47,12.5,9
47,12.6,8.07142857142857
47,13.1,8
47,13.2,8
47,13.3,8.16666666666667
47,13.4,8.1
47,13.5,8
47,13.7,8.11764705882353
47,13.8,8
47,13.9,7.33333333333333
47,14,8.125
47,14.1,8
47,14.2,8.03703703703704
47,14.3,8
47,14.4,8.17647058823529
47,14.5,8
47,14.6,8
47,14.7,8.0625
47,14.8,8
47,14.9,8
47,15,8
47,15.3,8
47,15.4,7.07246376811594
47,15.5,6.95652173913043
47,16.1,8
47,16.5,8
47,16.6,8
47,16.7,7.11111111111111
47,16.8,7.52941176470588
47,16.9,8.09375
47,17,8.04761904761905
47,17.1,8
47,17.2,8.05
47,17.3,8
47,17.5,8
47,17.6,8
47,18.1,8
47,18.2,8
47,18.5,8
47,18.6,8
47,18.7,8
47,18.8,8
47,18.9,8
47,19,8
47,19.1,8
47,19.2,8
47,19.3,8
47,19.4,8
47,19.5,8.15384615384615
47,19.6,7.75757575757576
47,19.7,8.11111111111111
47,19.8,8.2093023255814
47,19.9,8
47,20.3,8
47,20.4,8
47,20.5,7.71428571428571
47,20.6,8
47,20.9,8
47,21,7.2
47,21.1,8
47,21.2,8
47,21.3,8
47,22.3,8
47,22.5,8
47,22.7,8
47,22.8,8
47,22.9,8
47,23,8
47,23.1,8
47,23.3,8
47,23.4,8
47,23.5,7.46666666666667
47,23.6,8
47,23.7,7.61904761904762
47,23.8,8
47,23.9,8
47,24.1,4
47,28.1,2.66666666666667
47,28.2,0
47.1,-7.6,8
47.1,-7.5,5.6
47.1,-6.4,8
47.1,-6.3,5.81818181818182
47.1,-6.2,0
47.1,-5.6,4.57142857142857
47.1,-5.5,6.26086956521739
47.1,-5.2,5.33333333333333
47.1,-5.1,8
47.1,-5,8
47.1,-4.9,8
47.1,-4.8,8
47.1,-4.6,7.2
47.1,-4.5,5
47.1,-4.4,4
47.1,-4.3,8
47.1,-4.1,7.66666666666667
47.1,-3.9,8
47.1,-3.8,8
47.1,-3.7,8
47.1,-3.6,6.85714285714286
47.1,-3.3,8
47.1,-3.2,7.5
47.1,-3.1,8
47.1,-3,5
47.1,-2.9,7
47.1,-2.1,8
47.1,-2,6.54545454545455
47.1,-1.9,6.85714285714286
47.1,-1.8,8
47.1,-1.7,8
47.1,-1.6,7.5
47.1,-1.5,7.11111111111111
47.1,-1.4,8
47.1,-1.3,6.96774193548387
47.1,-1.2,8
47.1,-1.1,7.81818181818182
47.1,-1,6.85714285714286
47.1,-0.9,7.22222222222222
47.1,-0.8,8.15555555555556
47.1,-0.7,8.02439024390244
47.1,-0.6,4
47.1,-0.5,7.38461538461539
47.1,-0.4,7.77142857142857
47.1,-0.3,6.66666666666667
47.1,-0.1,0
47.1,0.1,0
47.1,0.2,9
47.1,0.3,0
47.1,0.5,7.71428571428571
47.1,0.6,8
47.1,0.7,6.85714285714286
47.1,0.8,7.6
47.1,0.9,7.55555555555556
47.1,1,7.38461538461539
47.1,1.1,7.53846153846154
47.1,1.3,6.76923076923077
47.1,1.5,8
47.1,1.6,7.5
47.1,1.7,8
47.1,2.8,7.38461538461539
47.1,2.9,8
47.1,3,6
47.1,3.4,7.52941176470588
47.1,3.8,8.4
47.1,3.9,8.47368421052632
47.1,4,7.85714285714286
47.1,4.1,7
47.1,4.2,7.38461538461539
47.1,4.3,8
47.1,4.4,8
47.1,5.1,8
47.1,5.2,8
47.1,5.3,8
47.1,5.4,8.04761904761905
47.1,5.5,8.06666666666667
47.1,5.6,8
47.1,5.7,8
47.1,6.3,8
47.1,6.8,3.23076923076923
47.1,7.2,6.83333333333333
47.1,7.3,7.33333333333333
47.1,7.5,7.875
47.1,7.6,7.80645161290323
47.1,7.7,6.65217391304348
47.1,7.8,8
47.1,7.9,7.65625
47.1,8,8
47.1,8.1,7.2
47.1,8.2,8
47.1,8.3,8.86842105263158
47.1,8.4,8
47.1,8.5,8.03571428571429
47.1,8.6,8
47.1,8.7,8.625
47.1,8.8,8
47.1,8.9,8
47.1,9,7.6
47.1,9.1,6.18181818181818
47.1,9.2,8
47.1,10.4,8
47.1,10.5,8
47.1,10.6,8
47.1,10.8,8
47.1,10.9,8
47.1,11,8
47.1,11.1,8
47.1,11.4,8
47.1,11.5,8
47.1,11.6,8
47.1,11.7,8
47.1,11.8,8
47.1,11.9,8
47.1,12,8.66666666666667
47.1,12.1,8.92307692307692
47.1,12.2,8.33333333333333
47.1,12.5,8
47.1,12.6,8.04347826086956
47.1,12.7,8
47.1,12.8,8
47.1,12.9,8
47.1,13,8.125
47.1,13.1,8
47.1,13.2,8
47.1,13.3,8
47.1,13.4,8
47.1,13.5,8
47.1,13.6,7.96153846153846
47.1,13.7,7.89285714285714
47.1,13.8,8
47.1,13.9,8
47.1,14,7.96296296296296
47.1,14.1,8
47.1,14.2,8
47.1,14.3,8
47.1,14.4,8
47.1,14.5,8
47.1,14.6,8
47.1,14.7,8
47.1,14.8,8.07142857142857
47.1,14.9,8.09090909090909
47.1,15,8
47.1,15.1,7
47.1,15.2,8
47.1,15.3,8.07142857142857
47.1,15.4,8
47.1,15.5,8
47.1,16.1,8
47.1,16.3,8
47.1,16.4,7.9
47.1,16.5,8
47.1,16.6,7.91666666666667
47.1,16.7,8
47.1,16.8,7.7037037037037
47.1,16.9,8
47.1,17,6
47.1,17.1,8
47.1,17.2,8.06666666666667
47.1,17.3,8
47.1,17.4,8.09090909090909
47.1,17.5,7.11111111111111
47.1,18,8
47.1,18.1,8
47.1,18.2,8
47.1,18.3,7.9
47.1,18.4,8
47.1,18.5,8
47.1,18.6,8
47.1,18.7,8
47.1,18.8,8
47.1,18.9,8
47.1,19,8
47.1,19.1,8
47.1,19.2,7.72727272727273
47.1,19.3,8.46153846153846
47.1,19.4,8.66666666666667
47.1,19.5,8.05
47.1,19.7,8
47.1,19.8,8
47.1,20.2,8
47.1,20.3,8
47.1,20.4,8
47.1,20.7,8
47.1,20.8,8
47.1,20.9,8
47.1,21,8
47.1,21.1,8
47.1,22.2,8
47.1,22.3,7.57894736842105
47.1,22.4,8
47.1,22.5,8
47.1,22.6,8
47.1,22.7,6
47.1,23.3,8
47.1,23.4,8
47.1,23.5,7.27272727272727
47.1,23.6,7.40740740740741
47.1,23.7,6
47.1,27,8
47.1,27.1,5.33333333333333
47.1,27.2,5.33333333333333
47.1,27.3,4.8
47.1,27.4,5.33333333333333
47.1,27.5,4
47.1,27.6,6.85714285714286
47.1,27.7,6.6
47.1,27.8,0
47.2,-7.6,8
47.2,-6.5,8
47.2,-6.4,3.2
47.2,-5.5,6.95652173913043
47.2,-5.4,5.6
47.2,-5.3,6
47.2,-5.2,4.8
47.2,-4.9,5.64705882352941
47.2,-4.6,5.53846153846154
47.2,-4.5,8
47.2,-4.3,8
47.2,-4.2,8
47.2,-4.1,8
47.2,-4,7.11111111111111
47.2,-3.9,8
47.2,-3.8,8
47.2,-3.7,6.85714285714286
47.2,-3.6,8
47.2,-3.5,7.2
47.2,-3.4,6.85714285714286
47.2,-3.3,8
47.2,-3.2,5.33333333333333
47.2,-3.1,6.6
47.2,-2.9,7.05882352941176
47.2,-2.1,8
47.2,-2,6.66666666666667
47.2,-1.9,7.5
47.2,-1.8,8
47.2,-1.7,8
47.2,-1.6,8
47.2,-1.5,8
47.2,-1.4,8
47.2,-1.3,8
47.2,-1.2,8
47.2,-1.1,8
47.2,-1,8
47.2,-0.9,7.27272727272727
47.2,-0.8,8.94444444444444
47.2,-0.7,8
47.2,-0.6,7.5
47.2,-0.5,7.36
47.2,-0.4,7.52941176470588
47.2,-0.3,7
47.2,-0.2,5.81818181818182
47.2,-0.1,0.0772946859903382
47.2,0.2,0
47.2,0.5,8
47.2,0.6,8
47.2,0.7,8
47.2,0.9,7.77142857142857
47.2,1,6.47058823529412
47.2,1.1,7.92592592592593
47.2,1.6,5.33333333333333
47.2,1.7,7.14285714285714
47.2,1.8,8
47.2,2.5,8
47.2,2.6,8
47.2,2.7,7.18181818181818
47.2,2.9,6
47.2,3,4
47.2,3.3,6.31578947368421
47.2,3.4,8
47.2,3.6,6
47.2,3.7,5.3
47.2,3.8,8.25
47.2,3.9,7.76923076923077
47.2,4,8.125
47.2,4.1,7.65217391304348
47.2,4.2,8.09523809523809
47.2,4.3,8
47.2,5,8.3
47.2,5.1,8
47.2,5.2,7.38461538461539
47.2,5.3,7.2
47.2,5.4,8
47.2,5.5,8.04761904761905
47.2,5.6,8
47.2,6.3,6.66666666666667
47.2,7.3,8
47.2,7.4,7.9375
47.2,7.5,8.97297297297297
47.2,7.6,7.94444444444444
47.2,7.7,7.85416666666667
47.2,7.8,6.65151515151515
47.2,7.9,6.4
47.2,8,8.02941176470588
47.2,8.1,8
47.2,8.2,7.75
47.2,8.3,8.11111111111111
47.2,8.4,8
47.2,8.5,5.73584905660377
47.2,8.6,8.02857142857143
47.2,8.7,8.23076923076923
47.2,8.8,8
47.2,8.9,8
47.2,9,8
47.2,9.1,8
47.2,9.2,8
47.2,9.3,8
47.2,10.2,8
47.2,10.3,8
47.2,10.4,7.11111111111111
47.2,10.8,8
47.2,10.9,8.05882352941176
47.2,11,8
47.2,11.1,8
47.2,11.2,8
47.2,11.3,8.03703703703704
47.2,11.4,8.05714285714286
47.2,11.5,8
47.2,11.6,8
47.2,11.7,8.0625
47.2,11.8,8.17948717948718
47.2,11.9,8.28571428571429
47.2,12,8.1
47.2,12.1,8
47.2,12.2,8
47.2,12.3,8
47.2,12.4,8
47.2,12.5,8
47.2,12.6,8.375
47.2,12.7,8
47.2,12.8,8
47.2,12.9,8
47.2,13,7.92307692307692
47.2,13.1,8
47.2,13.2,8
47.2,13.3,8
47.2,13.4,8
47.2,13.5,8
47.2,13.6,8
47.2,13.7,8
47.2,13.8,8.09090909090909
47.2,13.9,7.63636363636364
47.2,14,8.08695652173913
47.2,14.1,8
47.2,14.7,8
47.2,14.8,8
47.2,15,8
47.2,15.1,8.08333333333333
47.2,15.2,8.42857142857143
47.2,15.3,8
47.2,15.4,7.75
47.2,15.5,8
47.2,15.6,7.93333333333333
47.2,15.7,8
47.2,15.8,8
47.2,15.9,8
47.2,16,8
47.2,16.1,8
47.2,16.2,8
47.2,16.3,8
47.2,16.4,8.26666666666667
47.2,16.5,7.75
47.2,16.6,6.96428571428571
47.2,16.9,8
47.2,17,8.09090909090909
47.2,17.1,8
47.2,17.2,8
47.2,17.3,8
47.2,17.4,8
47.2,17.5,8
47.2,17.6,8.11111111111111
47.2,17.7,4.44444444444444
47.2,17.8,6.66666666666667
47.2,17.9,8
47.2,18,8
47.2,18.1,8
47.2,18.2,8
47.2,18.3,6.4
47.2,18.4,8
47.2,18.5,8
47.2,18.6,8
47.2,18.7,8
47.2,18.8,8
47.2,18.9,8.31818181818182
47.2,19,8.25
47.2,19.1,8.23684210526316
47.2,19.2,8.2962962962963
47.2,19.3,8
47.2,19.4,8
47.2,19.7,8
47.2,20,8
47.2,20.1,8
47.2,20.2,7.07692307692308
47.2,20.6,8
47.2,20.7,8
47.2,20.8,8
47.2,20.9,8
47.2,21.9,8
47.2,22,6.33333333333333
47.2,22.1,8
47.2,22.2,6.73684210526316
47.2,22.3,8
47.2,22.4,7.36363636363636
47.2,22.5,8
47.2,22.6,8
47.2,23.1,8
47.2,23.2,7.57894736842105
47.2,23.3,6.85714285714286
47.2,23.4,6.58823529411765
47.2,23.5,5.81818181818182
47.3,-7.6,7.46666666666667
47.3,-6.6,5.33333333333333
47.3,-6.5,4.44444444444444
47.3,-5.6,8
47.3,-5.5,7
47.3,-5.4,5.77777777777778
47.3,-5,4.8
47.3,-4.9,6.4
47.3,-4.6,5.71428571428571
47.3,-4.5,6.85714285714286
47.3,-4.2,7.33333333333333
47.3,-4,6.66666666666667
47.3,-3.9,6
47.3,-3.8,8
47.3,-3.7,5.09090909090909
47.3,-3.6,7.6
47.3,-3.5,6.4
47.3,-3.4,7.33333333333333
47.3,-3.2,8.14285714285714
47.3,-3.1,6.45945945945946
47.3,-3,8
47.3,-2.9,6.54545454545455
47.3,-2.8,7.46666666666667
47.3,-2.7,8
47.3,-2.6,8
47.3,-2.3,8
47.3,-2.2,7.94160583941606
47.3,-2.1,8
47.3,-1.8,6.66666666666667
47.3,-1.7,8
47.3,-1.6,6.85714285714286
47.3,-1.5,8
47.3,-1.3,8
47.3,-1.1,7.46666666666667
47.3,-1,8
47.3,-0.8,8
47.3,-0.7,8
47.3,-0.5,7.2
47.3,-0.4,6.85714285714286
47.3,-0.3,6
47.3,-0.2,0
47.3,-0.1,6
47.3,0,6.4
47.3,0.6,8
47.3,0.7,7
47.3,0.9,8
47.3,1,6.92682926829268
47.3,1.1,7.92592592592593
47.3,1.6,6.75
47.3,1.7,7.20833333333333
47.3,1.8,8
47.3,2.5,7.41666666666667
47.3,2.7,8.11111111111111
47.3,2.8,6.22222222222222
47.3,2.9,5
47.3,3.2,6.66666666666667
47.3,3.3,6.8
47.3,3.4,8.5
47.3,3.5,8.81818181818182
47.3,3.6,7.5
47.3,3.7,8
47.3,3.8,7.71428571428571
47.3,3.9,7.65
47.3,4,7.42857142857143
47.3,4.1,7.11111111111111
47.3,4.2,6.66666666666667
47.3,4.3,8
47.3,4.8,7
47.3,4.9,8.1
47.3,5,8
47.3,5.1,8.125
47.3,5.2,8
47.3,5.3,6.4
47.3,5.4,8
47.3,5.5,7.94117647058824
47.3,6.3,8
47.3,6.4,8
47.3,6.5,8
47.3,6.6,8
47.3,6.7,8
47.3,6.8,8
47.3,6.9,8
47.3,7,8
47.3,7.1,7.11111111111111
47.3,7.2,8
47.3,7.3,8
47.3,7.4,7.63636363636364
47.3,7.5,7.40740740740741
47.3,7.6,6.76923076923077
47.3,7.7,7.75172413793103
47.3,7.8,7.80555555555556
47.3,7.9,7.78378378378378
47.3,8,8
47.3,8.1,7.82608695652174
47.3,8.2,7.90816326530612
47.3,8.3,7.96153846153846
47.3,8.4,8.36
47.3,8.5,7.6
47.3,8.6,7.93333333333333
47.3,9,8
47.3,9.1,8
47.3,9.2,8.09090909090909
47.3,9.3,8
47.3,10,8
47.3,10.1,8
47.3,10.2,8
47.3,10.3,8
47.3,10.4,8
47.3,10.5,8
47.3,10.6,8.05263157894737
47.3,10.7,8
47.3,10.8,7.61904761904762
47.3,10.9,8
47.3,11,8
47.3,11.1,8
47.3,11.2,8
47.3,11.3,6.46153846153846
47.3,11.4,7.33333333333333
47.3,11.5,8
47.3,11.6,8.11111111111111
47.3,11.7,8.66666666666667
47.3,11.8,7.89285714285714
47.3,11.9,8
47.3,12.2,8
47.3,12.3,8
47.3,12.4,8
47.3,12.5,8
47.3,12.6,8
47.3,12.7,8
47.3,13,8
47.3,13.1,8
47.3,13.2,8
47.3,13.3,8
47.3,13.4,8
47.3,13.5,8
47.3,13.6,8
47.3,13.7,8
47.3,13.8,7.61111111111111
47.3,13.9,7.68181818181818
47.3,14,8
47.3,14.6,8
47.3,14.7,7.88888888888889
47.3,14.9,8
47.3,15,8
47.3,15.1,8
47.3,15.2,8.25
47.3,15.6,8
47.3,15.7,8
47.3,15.8,8
47.3,15.9,8.27272727272727
47.3,16,7.9
47.3,16.2,8
47.3,16.3,8
47.3,16.4,6.61764705882353
47.3,16.5,5.09090909090909
47.3,16.7,8
47.3,16.8,8
47.3,16.9,8
47.3,17,7.66666666666667
47.3,17.1,8
47.3,17.2,8.07142857142857
47.3,17.7,8
47.3,17.8,7
47.3,17.9,6
47.3,18,8
47.3,18.1,8
47.3,18.2,7.79545454545455
47.3,18.3,8
47.3,18.4,8
47.3,18.5,8
47.3,18.6,8
47.3,18.7,8
47.3,18.8,8.04347826086956
47.3,18.9,8.23076923076923
47.3,19,7.33333333333333
47.3,19.1,7.44444444444444
47.3,19.2,7.68965517241379
47.3,19.3,8
47.3,19.4,8
47.3,19.5,7.81176470588235
47.3,19.6,8
47.3,19.7,8
47.3,19.9,8
47.3,20,7.6
47.3,20.1,8
47.3,20.4,8
47.3,20.5,8
47.3,20.6,8
47.3,20.7,2.66666666666667
47.3,20.8,3.27272727272727
47.3,20.9,2.53125
47.3,21,1.25714285714286
47.3,21.1,1.45454545454545
47.3,21.8,8
47.3,22.2,8
47.3,22.3,8
47.3,22.4,7.5625
47.3,22.5,8
47.3,23,8
47.3,23.1,8
47.3,23.2,3
47.3,23.3,6.76923076923077
47.3,23.4,8
47.3,23.6,8
47.4,-7.6,7.42857142857143
47.4,-6.7,8
47.4,-6.6,8
47.4,-5.7,6.85714285714286
47.4,-5.6,8
47.4,-5.4,5.6
47.4,-5.3,6.76923076923077
47.4,-4.5,7.2
47.4,-4.2,8
47.4,-4.1,6.66666666666667
47.4,-4,8
47.4,-3.9,6.85714285714286
47.4,-3.8,8
47.4,-3.6,4
47.4,-3.5,7.46666666666667
47.4,-3.4,8
47.4,-3.3,8
47.4,-3.1,7.21052631578947
47.4,-3,7.63636363636364
47.4,-2.9,6
47.4,-2.8,6.72
47.4,-2.7,8
47.4,-2.6,8
47.4,-2.5,8
47.4,-2.4,8
47.4,-2.3,6.66666666666667
47.4,-1.9,4
47.4,-1.8,7.55555555555556
47.4,-1,7.46666666666667
47.4,-0.9,8
47.4,-0.8,7.46666666666667
47.4,-0.7,8
47.4,-0.6,7.40740740740741
47.4,-0.5,8
47.4,-0.4,7.38461538461539
47.4,-0.3,7.46666666666667
47.4,-0.2,8
47.4,0,8
47.4,0.1,6.76923076923077
47.4,0.2,6
47.4,0.6,8.90909090909091
47.4,0.7,8.30952380952381
47.4,0.8,8.91666666666667
47.4,0.9,6.54545454545455
47.4,1,7.32608695652174
47.4,1.1,8.14705882352941
47.4,1.3,7.94444444444444
47.4,1.4,8.29411764705882
47.4,1.5,7.76470588235294
47.4,1.6,8.77777777777778
47.4,1.8,7.05882352941176
47.4,1.9,6.66666666666667
47.4,2.1,0
47.4,2.4,4
47.4,2.5,8
47.4,2.6,8
47.4,2.7,6.09090909090909
47.4,2.8,6.15384615384615
47.4,3.2,6.82051282051282
47.4,3.3,8.7
47.4,3.4,6.625
47.4,3.7,7.21052631578947
47.4,3.8,7.6875
47.4,3.9,7.5625
47.4,4,7.2
47.4,4.1,8
47.4,4.2,8
47.4,4.5,8
47.4,4.6,8
47.4,4.7,8
47.4,4.8,8
47.4,5,8
47.4,5.1,8
47.4,5.2,6.66666666666667
47.4,5.3,7.27272727272727
47.4,5.4,8
47.4,5.5,7.91666666666667
47.4,6.1,8
47.4,6.2,7
47.4,6.3,8
47.4,6.7,7.85714285714286
47.4,7.3,8.79310344827586
47.4,7.4,7.41791044776119
47.4,7.5,8.06315789473684
47.4,7.6,7.21311475409836
47.4,7.7,6.66666666666667
47.4,7.8,8
47.4,7.9,8.15384615384615
47.4,8,8
47.4,8.1,7.84090909090909
47.4,8.2,8.05882352941176
47.4,8.3,8
47.4,8.4,8
47.4,8.5,8
47.4,8.6,7.96296296296296
47.4,8.7,8
47.4,8.8,8
47.4,8.9,8.0625
47.4,9,8
47.4,9.1,8
47.4,9.2,7.38095238095238
47.4,9.3,7.421875
47.4,9.4,7.5625
47.4,9.5,8
47.4,9.6,0.658823529411765
47.4,9.7,8.61904761904762
47.4,9.8,8
47.4,9.9,8
47.4,10,8
47.4,10.1,8
47.4,10.2,8
47.4,10.3,8
47.4,10.4,7.75
47.4,10.5,8
47.4,10.6,8
47.4,10.7,8
47.4,10.8,8
47.4,11.1,8
47.4,11.2,8
47.4,11.3,7
47.4,11.4,8
47.4,11.5,9
47.4,11.6,8.54545454545454
47.4,11.8,8
47.4,11.9,8
47.4,12.3,8
47.4,12.4,8.02941176470588
47.4,12.5,8
47.4,13.1,8
47.4,13.2,8.08333333333333
47.4,13.3,8
47.4,13.4,8.0625
47.4,13.5,7.65
47.4,13.6,8
47.4,13.7,8
47.4,13.8,8.33333333333333
47.4,14,8
47.4,14.1,8
47.4,14.2,8.09090909090909
47.4,14.3,8
47.4,14.6,8
47.4,14.7,4
47.4,14.8,8.04545454545454
47.4,14.9,8
47.4,15,8
47.4,15.1,8
47.4,15.5,8
47.4,15.6,8.1
47.4,15.7,7.78787878787879
47.4,15.8,8
47.4,15.9,8
47.4,16,7.4
47.4,16.1,7.65957446808511
47.4,16.2,5.53846153846154
47.4,16.3,2.18181818181818
47.4,16.4,0
47.4,16.5,8
47.4,16.6,8
47.4,16.7,8
47.4,16.8,8
47.4,16.9,8.16666666666667
47.4,17,8
47.4,17.1,8
47.4,17.2,8
47.4,17.6,8
47.4,17.7,8
47.4,17.8,8
47.4,17.9,8
47.4,18,8
47.4,18.1,8
47.4,18.2,8
47.4,18.3,8
47.4,18.4,7.82978723404255
47.4,18.5,7.73333333333333
47.4,18.6,8
47.4,18.7,8
47.4,18.8,0
47.4,18.9,0
47.4,19,3.56834532374101
47.4,19.1,8.02777777777778
47.4,19.2,5.76381909547739
47.4,19.3,5.9597855227882
47.4,19.4,8
47.4,19.5,8
47.4,19.6,8
47.4,20.4,8
47.4,22.3,7.66666666666667
47.4,22.4,8
47.4,22.9,8
47.4,23,8
47.4,23.1,4.66666666666667
47.4,23.2,5.33333333333333
47.4,23.4,4
47.4,23.5,7.27272727272727
47.4,23.6,8
47.5,-6.8,8
47.5,-6.7,8
47.5,-5.9,8
47.5,-5.8,6
47.5,-5.7,8
47.5,-5.3,8
47.5,-5.2,8
47.5,-4.5,6.4
47.5,-4.4,8
47.5,-4.2,8
47.5,-4.1,7.57894736842105
47.5,-4,6.85714285714286
47.5,-3.9,7.36
47.5,-3.8,8
47.5,-3.5,8
47.5,-3.4,7.5
47.5,-3.3,8
47.5,-3.2,8
47.5,-3,8
47.5,-2.9,8
47.5,-2.8,7.61904761904762
47.5,-2.7,6.4
47.5,-2.6,7.11111111111111
47.5,-2.5,8
47.5,-2.4,6.66666666666667
47.5,-2.3,8
47.5,-2.2,8
47.5,-2.1,8
47.5,-2,8
47.5,-1.9,7.55555555555556
47.5,-1.8,9
47.5,-1.7,9
47.5,-0.9,7.5
47.5,-0.8,6.66666666666667
47.5,-0.5,7.91304347826087
47.5,-0.4,7
47.5,-0.3,0
47.5,-0.2,8
47.5,-0.1,8.09090909090909
47.5,0,8
47.5,0.2,7.85714285714286
47.5,0.3,7.3968253968254
47.5,0.4,7.5
47.5,0.5,7.3695652173913
47.5,0.6,9
47.5,0.8,8
47.5,0.9,7.36363636363636
47.5,1,8
47.5,1.1,7.64615384615385
47.5,1.2,7.8695652173913
47.5,1.8,8.27272727272727
47.5,1.9,8
47.5,2,0
47.5,2.1,2.74285714285714
47.5,2.3,8
47.5,2.4,6.54545454545455
47.5,2.5,8
47.5,2.6,5.71428571428571
47.5,2.7,5.66666666666667
47.5,2.8,6.15384615384615
47.5,3.1,7.45945945945946
47.5,3.2,7.60714285714286
47.5,3.6,8
47.5,3.7,6.31578947368421
47.5,3.8,7.67857142857143
47.5,3.9,8.08333333333333
47.5,4,8.15384615384615
47.5,4.1,7.46666666666667
47.5,4.4,7.625
47.5,4.5,8.07142857142857
47.5,4.6,8
47.5,4.9,8
47.5,5,7.30769230769231
47.5,5.1,8.11111111111111
47.5,5.2,8
47.5,5.3,8
47.5,5.5,8
47.5,6.1,8
47.5,6.2,8.16666666666667
47.5,6.7,7.27272727272727
47.5,6.8,5.33333333333333
47.5,6.9,0
47.5,7,0.8
47.5,7.1,7.2
47.5,7.2,8.34883720930233
47.5,7.3,7.76666666666667
47.5,7.4,8.48571428571429
47.5,7.5,8.34782608695652
47.5,7.6,7.4
47.5,7.7,7.83333333333333
47.5,7.8,8
47.5,7.9,8.046875
47.5,8,8
47.5,8.1,8
47.5,8.2,8
47.5,8.3,8
47.5,8.4,8.03448275862069
47.5,8.5,8.12962962962963
47.5,8.6,7.77854077253219
47.5,8.9,8
47.5,9,7.30434782608696
47.5,9.1,8
47.5,9.3,8
47.5,9.4,7.54411764705882
47.5,9.5,7.125
47.5,9.6,8
47.5,9.7,8.80487804878049
47.5,9.8,8.84042553191489
47.5,9.9,7
47.5,10,8
47.5,10.2,8
47.5,10.4,8
47.5,10.5,8
47.5,10.6,8
47.5,10.7,8
47.5,10.8,7.2
47.5,11,8.125
47.5,11.1,8
47.5,11.2,7.6
47.5,11.3,7.54929577464789
47.5,11.4,7.78947368421053
47.5,11.5,9
47.5,11.6,7.27272727272727
47.5,11.8,8.04545454545454
47.5,11.9,8.04347826086956
47.5,12,8.07692307692308
47.5,12.1,7.46666666666667
47.5,12.2,7.95
47.5,12.3,8
47.5,12.4,8
47.5,12.5,8
47.5,12.6,8
47.5,12.9,8
47.5,13,8.06666666666667
47.5,13.1,8
47.5,13.3,8
47.5,13.4,8
47.5,13.5,8.04347826086956
47.5,13.6,8
47.5,13.8,6.85714285714286
47.5,13.9,8
47.5,14,8
47.5,14.1,8
47.5,14.2,8
47.5,14.3,8
47.5,14.4,8
47.5,14.5,7.58823529411765
47.5,14.6,8
47.5,14.7,8
47.5,14.8,7.38461538461539
47.5,15.3,8
47.5,15.4,8
47.5,15.5,8
47.5,15.7,8
47.5,15.8,7.94594594594595
47.5,15.9,7.97297297297297
47.5,16,4.16666666666667
47.5,16.1,4.8
47.5,16.2,6.4
47.5,16.3,8
47.5,16.4,8
47.5,16.5,8
47.5,16.6,8
47.5,16.7,8
47.5,16.8,7.55555555555556
47.5,16.9,8
47.5,17,8
47.5,17.1,8
47.5,17.5,8
47.5,17.6,8
47.5,17.7,8
47.5,17.8,8
47.5,17.9,8
47.5,18,8
47.5,18.1,8
47.5,18.2,8
47.5,18.3,8
47.5,18.4,8
47.5,18.5,8
47.5,18.8,0
47.5,18.9,2.48333333333333
47.5,19,5.93548387096774
47.5,19.1,8
47.5,19.2,8
47.5,19.3,8
47.5,19.4,8
47.5,19.6,8
47.5,20.8,8
47.5,20.9,8
47.5,21,8
47.5,22.1,8
47.5,22.2,8
47.5,22.3,7.11111111111111
47.5,22.8,8
47.5,22.9,7
47.5,23,5.33333333333333
47.5,23.3,8
47.5,23.4,8
47.5,24.9,7
47.5,25,8
47.6,-6.9,8
47.6,-6.8,8
47.6,-6.2,4.8
47.6,-6.1,8
47.6,-6,7.38461538461539
47.6,-5.9,8
47.6,-5.8,6.85714285714286
47.6,-5.7,8
47.6,-5.2,6.5
47.6,-4.4,7.5
47.6,-4.3,7
47.6,-4.2,8
47.6,-4,6.54545454545455
47.6,-3.9,7.05882352941176
47.6,-3.4,0
47.6,-3.3,7
47.6,-3.2,7.27272727272727
47.6,-3.1,8
47.6,-3,8
47.6,-2.9,8
47.6,-2.7,7.57894736842105
47.6,-2.6,7.11111111111111
47.6,-2.5,6.4
47.6,-2.4,8
47.6,-2.3,8
47.6,-2.2,8
47.6,-2.1,8
47.6,-2,8
47.6,-1.9,8
47.6,-1.8,8
47.6,-1.7,9
47.6,-1.6,9
47.6,-1.5,9
47.6,-1.4,9
47.6,-1.3,9
47.6,-0.9,8
47.6,-0.8,8
47.6,-0.5,7.11111111111111
47.6,-0.3,0
47.6,-0.1,8
47.6,0,8
47.6,0.1,8
47.6,0.5,6
47.6,0.6,6
47.6,0.8,7.22222222222222
47.6,0.9,7.14285714285714
47.6,1,7.36
47.6,1.1,8.275
47.6,1.2,3.08695652173913
47.6,1.9,6.59090909090909
47.6,2,2.19512195121951
47.6,2.1,4.4375
47.6,2.2,4.95238095238095
47.6,2.3,8
47.6,2.5,6.4
47.6,2.6,5.10526315789474
47.6,2.7,4.44444444444444
47.6,2.8,6
47.6,3,8.4
47.6,3.1,6.77777777777778
47.6,3.6,7.5
47.6,3.7,7.63636363636364
47.6,3.8,7.6
47.6,3.9,8
47.6,4,7.52941176470588
47.6,4.1,8
47.6,4.2,8
47.6,4.3,6.85714285714286
47.6,4.4,8
47.6,4.5,8
47.6,4.8,8
47.6,4.9,7.27272727272727
47.6,5,8.08333333333333
47.6,5.1,8
47.6,5.2,8
47.6,5.4,8
47.6,5.5,8
47.6,6.2,8
47.6,6.8,7.42857142857143
47.6,6.9,8
47.6,7,8
47.6,7.1,8
47.6,7.4,8.03846153846154
47.6,7.5,7.5531914893617
47.6,7.6,8
47.6,7.7,8
47.6,7.8,7.74193548387097
47.6,8,8
47.6,8.1,7.93333333333333
47.6,8.2,7.96153846153846
47.6,8.3,7.74647887323944
47.6,8.4,7.68095238095238
47.6,8.5,8
47.6,8.6,7.90476190476191
47.6,8.7,7.52380952380952
47.6,8.8,7.82978723404255
47.6,8.9,8
47.6,9,8
47.6,9.1,7.76712328767123
47.6,9.2,8
47.6,9.3,8
47.6,10.1,8
47.6,10.2,8.33333333333333
47.6,10.3,8
47.6,10.4,7.875
47.6,10.5,8
47.6,10.8,8
47.6,10.9,8
47.6,11,8
47.6,11.1,8
47.6,11.2,8
47.6,11.3,7.52941176470588
47.6,11.4,8
47.6,11.5,8
47.6,11.6,8
47.6,11.7,8.05263157894737
47.6,11.8,8
47.6,11.9,8
47.6,12,8
47.6,12.1,8
47.6,12.4,8
47.6,12.6,8
47.6,12.7,7.35714285714286
47.6,12.8,8
47.6,12.9,8
47.6,13,8
47.6,13.1,8
47.6,13.2,8
47.6,13.3,7.65217391304348
47.6,13.4,8
47.6,13.5,8
47.6,14.2,8
47.6,14.3,8
47.6,14.4,7.1
47.6,14.5,8.06896551724138
47.6,14.6,8
47.6,14.7,8.09090909090909
47.6,14.8,8
47.6,15,8
47.6,15.1,8.11111111111111
47.6,15.2,7.9
47.6,15.5,8
47.6,15.6,8
47.6,15.7,8
47.6,15.8,6.52380952380952
47.6,15.9,6.37931034482759
47.6,16,4.92307692307692
47.6,16.1,8
47.6,16.2,7.81395348837209
47.6,16.3,8
47.6,16.4,8
47.6,16.5,8
47.6,16.6,8
47.6,16.7,8
47.6,16.8,8
47.6,17.3,8
47.6,17.4,8
47.6,17.5,8
47.6,17.6,8
47.6,17.7,8
47.6,17.8,7.98360655737705
47.6,17.9,8
47.6,18,8
47.6,18.1,8
47.6,18.2,8
47.6,18.3,8
47.6,18.4,8
47.6,18.5,8
47.6,18.6,8
47.6,18.7,8
47.6,18.8,8
47.6,18.9,8
47.6,19,8
47.6,19.1,7.55555555555556
47.6,19.2,7.61904761904762
47.6,19.3,2.66666666666667
47.6,19.4,8
47.6,19.6,8
47.6,20.4,8
47.6,20.5,8
47.6,20.6,8
47.6,20.7,8
47.6,20.8,8
47.6,22,8.5
47.6,22.1,8
47.6,22.2,7.95
47.6,22.6,8
47.6,22.7,7
47.6,22.8,7.27272727272727
47.6,23.1,8
47.6,23.2,8
47.6,23.3,8
47.6,23.9,8
47.6,24,8
47.6,24.1,6.22222222222222
47.6,24.2,7.11111111111111
47.6,24.3,6
47.6,24.4,8.125
47.6,24.5,7.11111111111111
47.6,24.6,8
47.6,24.7,6
47.6,24.8,8
47.6,24.9,8
47.7,-7,0.888888888888889
47.7,-6.9,4
47.7,-6.8,4
47.7,-6.7,5.33333333333333
47.7,-6.6,8
47.7,-6.5,8
47.7,-6.4,7
47.7,-6.3,7.27272727272727
47.7,-6.2,8
47.7,-6.1,8
47.7,-5.2,8
47.7,-5.1,5.81818181818182
47.7,-4.6,8
47.7,-4.5,8
47.7,-4.4,7.38461538461539
47.7,-4,8
47.7,-3.9,8
47.7,-3.8,4
47.7,-3.5,8
47.7,-3.4,8
47.7,-3.3,6.85714285714286
47.7,-3.2,7.05882352941176
47.7,-3.1,8
47.7,-2.9,7.23809523809524
47.7,-2.7,7.27272727272727
47.7,-2.6,8
47.7,-2.4,8
47.7,-2.3,7.11111111111111
47.7,-2.2,7.2
47.7,-2.1,7.27272727272727
47.7,-2,7
47.7,-1.9,8
47.7,-1.8,7.30769230769231
47.7,-1.7,8
47.7,-1.6,8
47.7,-1.1,8.1
47.7,-0.9,8
47.7,-0.8,8.06666666666667
47.7,-0.6,8
47.7,-0.5,8
47.7,0.1,8
47.7,0.2,7.63636363636364
47.7,0.3,8
47.7,0.9,8
47.7,1,8
47.7,1.1,8.39285714285714
47.7,1.2,0.166666666666667
47.7,1.4,5.86666666666667
47.7,1.5,6.85714285714286
47.7,1.6,5
47.7,1.7,4.29411764705882
47.7,1.8,2.66666666666667
47.7,1.9,5.42857142857143
47.7,2,7.17241379310345
47.7,2.2,5.3
47.7,2.3,6.5
47.7,2.4,8
47.7,2.5,7
47.7,2.6,4.93333333333333
47.7,2.7,4
47.7,2.8,4.08333333333333
47.7,3,7.20408163265306
47.7,3.1,8
47.7,3.4,7
47.7,3.5,6.92307692307692
47.7,3.6,6.89285714285714
47.7,3.7,7.77777777777778
47.7,3.8,8.125
47.7,3.9,8
47.7,4,6.85714285714286
47.7,4.2,7.27272727272727
47.7,4.3,8.375
47.7,4.5,8
47.7,4.7,7.25
47.7,4.8,8.125
47.7,4.9,8
47.7,6.1,8
47.7,6.2,8.04166666666667
47.7,6.3,8
47.7,6.4,8
47.7,6.7,7.83333333333333
47.7,6.8,8
47.7,6.9,8
47.7,7.3,8.17647058823529
47.7,7.4,6.29310344827586
47.7,7.5,7.56164383561644
47.7,7.6,8
47.7,7.7,8
47.7,7.8,7.30434782608696
47.7,7.9,8
47.7,8,9
47.7,8.1,8.2
47.7,8.2,7.96153846153846
47.7,8.3,8.01428571428571
47.7,8.4,7.89473684210526
47.7,8.5,7.66891891891892
47.7,8.6,8
47.7,8.7,7.77142857142857
47.7,8.8,8
47.7,8.9,8
47.7,9.1,7.77777777777778
47.7,9.2,8
47.7,9.3,8
47.7,9.5,8.14285714285714
47.7,9.6,8.3
47.7,9.7,8
47.7,9.8,8
47.7,9.9,8
47.7,10,8
47.7,10.1,8
47.7,10.2,8
47.7,10.3,8
47.7,10.4,8
47.7,10.5,8
47.7,10.6,8
47.7,10.7,8
47.7,10.8,8
47.7,10.9,7.96296296296296
47.7,11,8.05882352941176
47.7,11.1,8
47.7,11.2,8
47.7,11.3,8
47.7,11.4,8
47.7,11.7,8
47.7,11.8,8
47.7,11.9,8
47.7,12,7.92857142857143
47.7,12.1,8
47.7,12.3,8.08333333333333
47.7,12.4,7.45454545454545
47.7,12.5,8
47.7,12.6,7.5
47.7,12.7,8
47.7,12.8,8
47.7,13,0
47.7,13.1,8.03846153846154
47.7,13.2,8
47.7,13.3,8
47.7,13.4,8
47.7,13.9,8
47.7,14,8
47.7,14.1,8
47.7,14.2,8.2
47.7,14.3,8
47.7,14.4,8
47.7,14.5,8
47.7,14.6,8
47.7,14.7,8.125
47.7,14.8,8.04347826086956
47.7,14.9,8
47.7,15,8
47.7,15.3,8
47.7,15.4,7.6
47.7,15.5,8
47.7,15.6,0
47.7,15.7,0.727272727272727
47.7,15.8,3.69230769230769
47.7,15.9,7.625
47.7,16,8
47.7,16.1,8
47.7,16.2,7.86440677966102
47.7,16.3,8
47.7,16.4,8
47.7,16.6,8.2
47.7,16.7,8
47.7,16.8,8
47.7,16.9,8
47.7,17,7.63636363636364
47.7,17.1,7.87096774193548
47.7,17.2,8
47.7,17.3,8
47.7,17.4,7.84615384615385
47.7,17.5,8
47.7,17.6,8
47.7,17.7,8
47.7,17.8,8
47.7,17.9,8
47.7,18,8
47.7,18.1,8
47.7,18.3,8
47.7,18.4,8
47.7,18.5,8
47.7,18.6,8
47.7,18.7,8
47.7,18.8,8
47.7,18.9,8
47.7,19,8
47.7,19.1,7.52941176470588
47.7,19.2,8
47.7,19.3,8
47.7,19.6,8
47.7,20,8
47.7,20.1,8
47.7,20.2,8
47.7,20.3,8.11111111111111
47.7,20.4,8
47.7,21.7,6
47.7,21.8,8
47.7,21.9,8
47.7,22,8
47.7,22.1,8
47.7,22.2,7.84615384615385
47.7,22.6,6.85714285714286
47.7,22.7,0
47.7,22.9,8.14285714285714
47.7,23,7.61904761904762
47.7,23.1,8
47.7,23.3,6.22222222222222
47.7,23.4,8
47.7,23.5,8
47.7,23.6,8
47.7,23.7,8
47.7,23.8,8
47.7,23.9,8
47.8,-7.5,6.8
47.8,-7.4,6
47.8,-7.3,5.53846153846154
47.8,-7.2,4.8
47.8,-7.1,4.8
47.8,-7,4
47.8,-6.9,6.85714285714286
47.8,-6.8,8
47.8,-5.1,7.38461538461539
47.8,-5,4
47.8,-4.8,4.8
47.8,-4.7,8
47.8,-4.4,8
47.8,-4.3,6.66666666666667
47.8,-3.8,7.27272727272727
47.8,-3.7,8
47.8,-3.6,8
47.8,-3.5,8
47.8,-3.1,8
47.8,-3,8
47.8,-2.9,8.05263157894737
47.8,-2.6,8
47.8,-2.2,7.57894736842105
47.8,-2.1,8
47.8,-2,8
47.8,-1.9,8
47.8,-1.8,8
47.8,-1.7,8
47.8,-1.6,8
47.8,-1.5,6.52941176470588
47.8,-1.4,8
47.8,-1.3,8
47.8,-1.2,7.53333333333333
47.8,-1.1,8
47.8,-0.9,8
47.8,-0.8,7.92857142857143
47.8,-0.6,6.66666666666667
47.8,0.2,8
47.8,0.3,8
47.8,0.4,8
47.8,0.9,6.54545454545455
47.8,1.1,8
47.8,1.2,6.95454545454545
47.8,1.3,7.28571428571429
47.8,1.4,8
47.8,1.9,9
47.8,2,8.02040816326531
47.8,2.1,8
47.8,2.2,5.42424242424242
47.8,2.3,6.66666666666667
47.8,2.4,8
47.8,2.5,5.65714285714286
47.8,2.6,8
47.8,2.7,6.4
47.8,2.8,7
47.8,2.9,6.90909090909091
47.8,3,6.62857142857143
47.8,3.2,8.5
47.8,3.3,8.09090909090909
47.8,3.4,6
47.8,3.5,6.89655172413793
47.8,3.6,6.17142857142857
47.8,3.7,6.4
47.8,3.8,7.2
47.8,3.9,7.38461538461539
47.8,4.1,8
47.8,4.2,8
47.8,4.4,8
47.8,4.5,8
47.8,4.6,0
47.8,4.7,1.33333333333333
47.8,4.8,6.8
47.8,4.9,6.76923076923077
47.8,5,5.86666666666667
47.8,5.1,6.28571428571429
47.8,5.2,5.71428571428571
47.8,5.3,7.42857142857143
47.8,5.4,5.71428571428571
47.8,5.5,8
47.8,5.6,6.93333333333333
47.8,5.7,8
47.8,5.8,8
47.8,5.9,8
47.8,6,8
47.8,6.1,8
47.8,6.2,8
47.8,6.9,8
47.8,7,8
47.8,7.2,8.26923076923077
47.8,7.3,8.09090909090909
47.8,7.4,6
47.8,7.5,8.06451612903226
47.8,7.6,7
47.8,7.7,3.5
47.8,7.8,7.85714285714286
47.8,7.9,8.05882352941176
47.8,8,8
47.8,8.1,8
47.8,8.2,8
47.8,8.3,7.66666666666667
47.8,8.4,7.96
47.8,8.5,8
47.8,8.6,0
47.8,8.7,3.32075471698113
47.8,8.8,3.29268292682927
47.8,8.9,8
47.8,9.2,7.91666666666667
47.8,9.9,8
47.8,10,8
47.8,10.1,8
47.8,10.2,8
47.8,10.3,8
47.8,10.5,8
47.8,10.6,8
47.8,10.9,8
47.8,11.3,8
47.8,11.4,8
47.8,11.6,8.08333333333333
47.8,11.7,7.18181818181818
47.8,11.8,8
47.8,12.1,8
47.8,12.2,8
47.8,12.3,8
47.8,12.4,8
47.8,12.5,8
47.8,12.6,8
47.8,12.8,8
47.8,12.9,8
47.8,13,5.17647058823529
47.8,13.1,8
47.8,13.2,7.90476190476191
47.8,13.3,8
47.8,13.4,8
47.8,13.6,8
47.8,13.7,8
47.8,13.8,8
47.8,13.9,8
47.8,14.2,8
47.8,14.3,8
47.8,14.4,8
47.8,14.5,8
47.8,14.6,8
47.8,14.7,7.27272727272727
47.8,14.8,8
47.8,14.9,8
47.8,15,8
47.8,15.1,8
47.8,15.2,8
47.8,15.3,8
47.8,15.4,8
47.8,15.5,3.76470588235294
47.8,15.6,1.77777777777778
47.8,15.7,8
47.8,15.8,6.66666666666667
47.8,15.9,8.02173913043478
47.8,16,8
47.8,16.2,7.73913043478261
47.8,16.3,7.88709677419355
47.8,16.4,8
47.8,16.5,8
47.8,16.6,7.84466019417476
47.8,16.7,7.93548387096774
47.8,16.8,7.63636363636364
47.8,16.9,7.77142857142857
47.8,17,7.82222222222222
47.8,17.1,7.68
47.8,17.2,8
47.8,17.3,8.03225806451613
47.8,17.4,8
47.8,17.5,8
47.8,17.7,8
47.8,17.9,8
47.8,18,8
47.8,18.1,8
47.8,18.2,8.04347826086956
47.8,18.3,8
47.8,18.5,8
47.8,18.6,8
47.8,18.7,8
47.8,18.8,8
47.8,18.9,6.54545454545455
47.8,19,8
47.8,19.1,6.93333333333333
47.8,19.2,8
47.8,19.6,8
47.8,19.7,8
47.8,19.8,8
47.8,19.9,8
47.8,20,6.85714285714286
47.8,21.5,8.14285714285714
47.8,21.6,8
47.8,21.7,8
47.8,21.8,8
47.8,21.9,8
47.8,22.1,8
47.8,22.2,8
47.8,22.7,8
47.8,22.8,8
47.8,22.9,8
47.9,-8.3,6.4
47.9,-8.2,3.42857142857143
47.9,-8.1,4.57142857142857
47.9,-8,8
47.9,-7.9,6
47.9,-7.8,4.57142857142857
47.9,-7.7,5
47.9,-7.6,5.61538461538461
47.9,-7.5,6.5
47.9,-7.4,5.71428571428571
47.9,-7.3,0
47.9,-7.2,2.90909090909091
47.9,-5,6.85714285714286
47.9,-4.3,7.52941176470588
47.9,-4.1,8
47.9,-4,8
47.9,-3.9,8.6
47.9,-3.8,7.11111111111111
47.9,-3.6,8
47.9,-3,6.76923076923077
47.9,-2.9,8
47.9,-2.8,8
47.9,-2.6,5.33333333333333
47.9,-2.3,7.46666666666667
47.9,-2.2,8
47.9,-1.9,8
47.9,-1.8,8
47.9,-1.7,8.125
47.9,-1.6,8
47.9,-1.5,8.11111111111111
47.9,-1.4,8
47.9,-1.3,7.94444444444444
47.9,-1.2,7.55555555555556
47.9,-1,7.5
47.9,-0.9,6
47.9,-0.8,8
47.9,-0.1,0
47.9,0,0
47.9,0.4,8
47.9,0.5,7.73913043478261
47.9,0.6,8
47.9,0.9,8
47.9,1.1,7.38461538461539
47.9,1.2,7.36666666666667
47.9,1.3,9
47.9,1.4,8
47.9,2,6.95652173913043
47.9,2.1,7
47.9,2.2,3.52
47.9,2.3,7.40740740740741
47.9,2.4,5
47.9,2.5,6.83870967741935
47.9,2.7,5.81818181818182
47.9,2.8,6.66666666666667
47.9,2.9,6.79310344827586
47.9,3.1,8.33333333333333
47.9,3.2,8.75
47.9,3.4,6.85714285714286
47.9,3.5,6.64864864864865
47.9,3.7,6.76923076923077
47.9,3.8,8
47.9,3.9,8
47.9,4.1,6.58823529411765
47.9,4.3,8
47.9,4.4,8
47.9,4.5,0.727272727272727
47.9,4.6,4.90476190476191
47.9,4.7,6.62068965517241
47.9,4.8,6.85714285714286
47.9,5.4,8
47.9,5.5,8
47.9,5.6,8
47.9,5.7,8.14285714285714
47.9,5.8,8
47.9,5.9,8
47.9,6.2,8.08333333333333
47.9,6.5,8
47.9,6.6,8
47.9,6.8,8
47.9,6.9,8
47.9,7,7.75862068965517
47.9,7.1,8.21212121212121
47.9,7.2,8.09090909090909
47.9,7.3,8
47.9,7.4,7.15909090909091
47.9,7.5,8
47.9,7.6,0
47.9,7.7,0
47.9,7.8,7.54545454545455
47.9,7.9,8
47.9,8,8
47.9,8.1,8
47.9,8.4,8.04
47.9,8.6,0
47.9,8.7,6.78787878787879
47.9,8.8,4.19047619047619
47.9,9.2,8
47.9,9.3,8
47.9,9.4,0.615384615384615
47.9,9.8,7.69230769230769
47.9,9.9,7.85714285714286
47.9,10,8
47.9,10.1,8.08333333333333
47.9,10.5,8
47.9,10.9,8
47.9,11,8
47.9,11.2,8
47.9,11.3,8
47.9,11.4,8
47.9,11.5,8
47.9,11.6,7.46666666666667
47.9,11.8,8
47.9,12.1,7.46666666666667
47.9,12.2,8.02777777777778
47.9,12.3,8
47.9,13,7.9375
47.9,13.1,8
47.9,13.2,8
47.9,13.3,8
47.9,13.4,8.1
47.9,13.5,8
47.9,13.6,8
47.9,13.8,8
47.9,13.9,7.85714285714286
47.9,14,8
47.9,14.1,7.38461538461539
47.9,14.2,8
47.9,14.4,8
47.9,14.5,8
47.9,14.6,8
47.9,14.7,8
47.9,14.8,8
47.9,14.9,8
47.9,15,7.96
47.9,15.1,8
47.9,15.2,8
47.9,15.3,4.05555555555556
47.9,15.4,5.17647058823529
47.9,15.5,8
47.9,15.6,8
47.9,15.7,8
47.9,15.8,8
47.9,15.9,7.41666666666667
47.9,16,8
47.9,16.1,7.65217391304348
47.9,16.2,7.4
47.9,16.3,8
47.9,16.4,7.87931034482759
47.9,16.5,8
47.9,16.6,7.98
47.9,16.7,7.57222222222222
47.9,16.8,7.6
47.9,16.9,8
47.9,17,7.45454545454545
47.9,17.1,8
47.9,17.7,7.85714285714286
47.9,17.8,8
47.9,17.9,8
47.9,18,8
47.9,18.1,8
47.9,18.2,8
47.9,18.3,8
47.9,18.4,8.07142857142857
47.9,18.5,8
47.9,18.6,8.04166666666667
47.9,18.7,8
47.9,18.8,8
47.9,18.9,8
47.9,19,8
47.9,19.3,8
47.9,19.4,8
47.9,19.5,8
47.9,19.6,8
47.9,21.2,8
47.9,21.3,8
47.9,21.4,8
47.9,21.7,8
47.9,21.8,7
47.9,21.9,7.33333333333333
47.9,22,8
47.9,22.1,6.81481481481481
47.9,22.2,8
47.9,22.3,7.42857142857143
47.9,22.4,8
47.9,22.6,8
47.9,22.7,7.65217391304348
47.9,22.8,6
48,-10.3,0
48,-10.2,3.83333333333333
48,-10.1,5.5
48,-10,3.57142857142857
48,-9.9,5.33333333333333
48,-9.8,4.57142857142857
48,-9.7,0
48,-9.6,1.6
48,-9.5,5.16666666666667
48,-9.4,5.33333333333333
48,-9.3,5.81818181818182
48,-9.2,3.69230769230769
48,-9.1,3.69230769230769
48,-9,5.21428571428571
48,-8.9,5.53846153846154
48,-8.8,0.666666666666667
48,-8.7,3.43478260869565
48,-8.6,3
48,-8.5,5.13636363636364
48,-8.4,4.4
48,-8.3,1.88888888888889
48,-8.2,1.14285714285714
48,-8.1,0.888888888888889
48,-8,4.44444444444444
48,-7.9,5.71428571428571
48,-7.8,0.888888888888889
48,-7.7,0
48,-7.4,0
48,-7.3,0.888888888888889
48,-4.4,8
48,-4.3,7.69230769230769
48,-4.2,8
48,-3.8,8
48,-3.6,6.66666666666667
48,-3.5,8
48,-2.8,8.04545454545454
48,-2.4,3.80952380952381
48,-2.3,7
48,-1.9,8
48,-1.8,8
48,-1.7,0
48,-1.4,8
48,-1.3,8
48,-1.2,7.69230769230769
48,-1.1,8
48,-1,8
48,-0.9,8
48,-0.8,7.83333333333333
48,-0.7,0
48,-0.3,0
48,-0.2,0
48,-0.1,0
48,0.4,8
48,0.5,8
48,0.6,7.57894736842105
48,0.7,7.4
48,0.8,8.05263157894737
48,0.9,8
48,1.1,8
48,1.2,7.37142857142857
48,1.3,9
48,1.4,8
48,1.5,7
48,2,8
48,2.1,7.17241379310345
48,2.2,3.82608695652174
48,2.3,7.02564102564103
48,2.4,4.78125
48,2.5,8
48,2.6,7.42857142857143
48,2.7,8
48,2.8,7.53333333333333
48,2.9,7.11111111111111
48,3,8.63636363636364
48,3.1,8.16666666666667
48,3.3,5.33333333333333
48,3.4,5.98913043478261
48,3.5,8
48,4,6.31578947368421
48,4.1,6
48,4.4,2.46153846153846
48,4.5,5.71428571428571
48,4.6,6.92857142857143
48,5.2,8
48,5.3,6.4
48,5.5,8
48,5.6,7.36363636363636
48,5.7,8
48,6.1,8
48,6.2,8
48,6.3,8
48,6.4,8
48,6.5,8
48,6.6,7.7037037037037
48,6.7,6.93333333333333
48,6.8,8
48,6.9,8
48,7,8.36842105263158
48,7.1,7.88
48,7.3,8
48,7.4,7.31111111111111
48,7.5,8
48,7.6,8
48,7.7,3.24
48,7.8,4.21348314606742
48,7.9,9
48,8.1,8
48,8.4,8.06666666666667
48,8.5,8
48,8.7,7.27272727272727
48,8.8,8
48,9,8
48,9.2,5.84782608695652
48,9.3,5.02941176470588
48,9.4,5.33333333333333
48,9.7,7.95
48,9.8,8
48,9.9,8
48,10,8
48,10.1,8
48,10.2,7.33333333333333
48,10.3,8
48,10.4,8
48,10.5,8
48,11,8
48,11.2,8.07692307692308
48,11.3,8
48,11.4,6.66666666666667
48,11.5,8
48,11.6,7.59459459459459
48,11.7,7.38461538461539
48,11.8,8
48,11.9,8
48,12,7.59090909090909
48,12.1,8.08333333333333
48,12.2,8
48,12.3,8
48,12.4,8
48,12.9,8
48,13,8
48,13.1,8
48,13.2,8
48,13.3,8
48,13.4,8
48,13.5,8
48,13.6,8
48,13.7,8.09090909090909
48,13.8,8
48,13.9,8
48,14,7.65217391304348
48,14.1,7.33333333333333
48,14.2,8
48,14.3,8.16666666666667
48,14.4,8
48,14.5,8
48,14.7,8
48,14.8,7.57894736842105
48,14.9,7.96296296296296
48,15,8
48,15.1,8.25
48,15.2,8
48,15.3,7.27272727272727
48,15.4,8
48,15.6,8
48,15.7,8
48,15.8,8
48,15.9,8
48,16,8
48,16.1,8
48,16.2,7.5
48,16.3,8
48,16.4,8
48,16.5,8
48,16.6,7.98678414096916
48,16.7,7.6304347826087
48,16.8,7.42857142857143
48,16.9,7.76470588235294
48,17,8
48,17.1,8
48,17.2,8
48,17.5,8
48,17.6,8
48,17.7,7.95454545454545
48,17.8,8
48,18,8
48,18.1,8
48,18.2,8
48,18.3,8.08333333333333
48,18.4,8
48,18.5,7.74193548387097
48,18.6,7.65
48,18.8,8
48,18.9,8
48,19.6,8
48,21,8
48,21.1,8
48,21.2,8
48,21.5,6.85714285714286
48,21.6,8
48,21.7,1.21904761904762
48,21.8,8
48,21.9,8
48,22,8
48,22.1,8
48,22.2,8
48,22.3,7.5
48,22.4,8
48,22.5,8
48,22.6,8
48.1,-11.7,8
48.1,-7.7,2.66666666666667
48.1,-7.6,0.888888888888889
48.1,-7.5,1.71428571428571
48.1,-7.4,2
48.1,-7.3,2
48.1,-7.2,5.33333333333333
48.1,-7.1,4
48.1,-7,8
48.1,-6.9,8
48.1,-4.8,8
48.1,-4.7,8
48.1,-4.6,6.85714285714286
48.1,-4.5,8
48.1,-4.2,8
48.1,-3.8,2
48.1,-3.5,8
48.1,-2.8,8
48.1,-2.5,6.66666666666667
48.1,-2.4,6.76923076923077
48.1,-2,7.33333333333333
48.1,-1.9,0
48.1,-1.8,6
48.1,-1.7,8
48.1,-1.6,8
48.1,-1.3,8
48.1,-1.2,8
48.1,-1,8
48.1,-0.9,8
48.1,-0.8,8
48.1,-0.3,0
48.1,0.1,6
48.1,0.2,6
48.1,0.7,7.5
48.1,0.8,7
48.1,0.9,6.85714285714286
48.1,1,8
48.1,1.1,8
48.1,1.2,7.82926829268293
48.1,1.3,8.575
48.1,1.4,4
48.1,1.5,4.92307692307692
48.1,1.6,4
48.1,2,8
48.1,2.1,7.41666666666667
48.1,2.2,5.65789473684211
48.1,2.3,5.54901960784314
48.1,2.4,6.4
48.1,2.5,6.66666666666667
48.1,2.6,8
48.1,2.7,7
48.1,2.8,7.75675675675676
48.1,2.9,8
48.1,3,7.36363636363636
48.1,3.1,6
48.1,3.2,4
48.1,3.3,6.07594936708861
48.1,3.4,5.23529411764706
48.1,3.9,7.38461538461539
48.1,4,7.23809523809524
48.1,4.2,2
48.1,4.3,0
48.1,4.4,9
48.1,4.5,5.33333333333333
48.1,5,8
48.1,5.1,8
48.1,5.2,8
48.1,5.3,8
48.1,5.4,8
48.1,5.6,8
48.1,5.7,8
48.1,5.8,8
48.1,5.9,6.85714285714286
48.1,6,8
48.1,6.1,8.07692307692308
48.1,6.2,8
48.1,6.6,8
48.1,6.9,8.44444444444444
48.1,7,7.44444444444444
48.1,7.1,7.22222222222222
48.1,7.2,8
48.1,7.3,8
48.1,7.4,8
48.1,7.5,8
48.1,7.6,8
48.1,7.7,0
48.1,7.8,5.24299065420561
48.1,7.9,8.16666666666667
48.1,8.1,8
48.1,8.2,8
48.1,8.4,7.33333333333333
48.1,8.5,8
48.1,8.8,0.755905511811024
48.1,9,9
48.1,9.1,8
48.1,9.2,5.71818181818182
48.1,9.4,3.11111111111111
48.1,9.5,6
48.1,9.6,8
48.1,9.7,8
48.1,9.8,8
48.1,9.9,7.9375
48.1,10.4,8
48.1,10.5,8.04347826086956
48.1,10.6,8
48.1,10.7,8
48.1,10.8,8
48.1,11.1,7.52941176470588
48.1,11.2,8.2
48.1,11.3,8.12328767123288
48.1,11.4,8
48.1,11.6,7.80487804878049
48.1,11.7,7.11111111111111
48.1,11.8,8
48.1,11.9,7.53333333333333
48.1,12,8
48.1,12.3,8
48.1,12.4,8.125
48.1,12.5,8
48.1,12.6,8
48.1,12.7,8
48.1,12.8,7.57894736842105
48.1,12.9,8
48.1,13,8
48.1,13.1,7.55555555555556
48.1,13.2,8
48.1,13.3,8
48.1,13.4,8
48.1,13.5,8
48.1,13.6,8.14285714285714
48.1,13.7,7.91666666666667
48.1,13.8,7.52941176470588
48.1,13.9,8
48.1,14,8
48.1,14.1,7
48.1,14.2,8
48.1,14.3,6.85714285714286
48.1,14.4,8
48.1,14.5,8.09090909090909
48.1,14.6,7.55555555555556
48.1,14.7,7.75862068965517
48.1,14.8,8.11764705882353
48.1,14.9,6.66666666666667
48.1,15,8
48.1,15.1,8
48.1,15.3,8
48.1,15.4,8
48.1,15.5,8
48.1,15.6,8
48.1,15.7,8
48.1,15.8,8
48.1,15.9,8
48.1,16,8
48.1,16.1,8
48.1,16.2,8
48.1,16.3,8
48.1,16.4,6.26415094339623
48.1,16.5,7.68333333333333
48.1,16.6,7.18581081081081
48.1,16.7,7.88333333333333
48.1,16.9,8
48.1,17.2,8.44444444444444
48.1,17.3,8.16666666666667
48.1,17.4,8.32142857142857
48.1,17.5,7.8
48.1,17.6,7.63636363636364
48.1,17.7,8
48.1,17.8,8
48.1,17.9,8
48.1,18,8
48.1,18.1,8
48.1,18.2,8
48.1,18.3,8
48.1,18.4,7.11111111111111
48.1,18.6,8
48.1,18.7,8
48.1,18.9,8.07692307692308
48.1,20.7,8
48.1,20.8,7.93333333333333
48.1,20.9,8
48.1,21,8
48.1,21.1,6.66666666666667
48.1,21.2,8
48.1,21.3,7.11111111111111
48.1,21.4,8
48.1,21.5,8
48.1,21.6,8
48.1,21.7,8
48.1,21.8,8
48.1,21.9,8
48.1,22,8.08333333333333
48.1,22.1,7.55555555555556
48.1,22.2,7.04
48.1,22.3,8
48.1,22.4,8
48.2,-7.6,4
48.2,-7.5,1.33333333333333
48.2,-6.9,5.71428571428571
48.2,-6.8,6.4
48.2,-6.7,6
48.2,-6.6,6.22222222222222
48.2,-6.5,5.875
48.2,-6.4,4.44444444444444
48.2,-6.3,7.2
48.2,-6.2,8
48.2,-5.1,8
48.2,-5,7.11111111111111
48.2,-4.9,6.11764705882353
48.2,-4.8,7.42857142857143
48.2,-4.7,8
48.2,-4.6,8
48.2,-4.2,8
48.2,-3.5,8
48.2,-3.4,8.1
48.2,-2.8,7.125
48.2,-2.7,7.38461538461539
48.2,-2.6,8
48.2,-2.5,8
48.2,-2.4,0
48.2,-2.2,0
48.2,-2.1,8
48.2,-2,8
48.2,-1.3,8
48.2,-1,7.9375
48.2,-0.9,7.42857142857143
48.2,-0.8,8
48.2,-0.7,8
48.2,-0.6,8
48.2,0.1,6
48.2,0.2,6
48.2,0.7,8
48.2,0.8,7
48.2,0.9,7.27272727272727
48.2,1,6.66666666666667
48.2,1.1,6.4
48.2,1.2,7.17241379310345
48.2,1.3,6.76923076923077
48.2,1.4,8.16666666666667
48.2,1.5,7
48.2,1.6,7.27586206896552
48.2,1.7,6.46666666666667
48.2,1.8,8
48.2,1.9,6.86363636363636
48.2,2,8.125
48.2,2.1,8.0625
48.2,2.2,7.2156862745098
48.2,2.3,6
48.2,2.4,8
48.2,2.5,7.5
48.2,2.6,8
48.2,2.7,7.50769230769231
48.2,2.8,8.66666666666667
48.2,2.9,8.07692307692308
48.2,3,8
48.2,3.1,4.44444444444444
48.2,3.2,5.63013698630137
48.2,3.3,6.025
48.2,3.8,5.75
48.2,3.9,6.5
48.2,4,8
48.2,4.1,1.875
48.2,4.2,0
48.2,4.4,9
48.2,4.9,8
48.2,5,8
48.2,5.1,8
48.2,5.2,8
48.2,5.3,8
48.2,5.4,8
48.2,5.5,7.65217391304348
48.2,5.6,6.4
48.2,5.7,6
48.2,5.9,8
48.2,6,8
48.2,6.1,8
48.2,6.2,8
48.2,6.4,3.63636363636364
48.2,6.5,2.88
48.2,6.6,8
48.2,6.8,8.77777777777778
48.2,6.9,8.8
48.2,7.2,8.02439024390244
48.2,7.3,7.82857142857143
48.2,7.4,8
48.2,7.8,7.27397260273973
48.2,7.9,3.73913043478261
48.2,8,4
48.2,8.2,8
48.2,8.3,8
48.2,8.4,8
48.2,8.5,8.15384615384615
48.2,8.8,0
48.2,8.9,0
48.2,9.2,5.80188679245283
48.2,9.3,7.16666666666667
48.2,9.4,8
48.2,9.5,8
48.2,9.6,8
48.2,9.7,8
48.2,9.8,8
48.2,10.3,8
48.2,10.4,8
48.2,10.8,8
48.2,10.9,7.625
48.2,11,7.66666666666667
48.2,11.1,5.76811594202899
48.2,11.2,7.29411764705882
48.2,11.3,7.79411764705882
48.2,11.4,8
48.2,11.5,8
48.2,11.6,7.66666666666667
48.2,11.7,8
48.2,11.8,7.54285714285714
48.2,11.9,8
48.2,12.2,8
48.2,12.3,8
48.2,12.4,8
48.2,12.5,7.80952380952381
48.2,12.6,8
48.2,12.7,8
48.2,12.8,8
48.2,12.9,8
48.2,13,8
48.2,13.1,7.96153846153846
48.2,13.2,8
48.2,13.3,8
48.2,13.4,8
48.2,13.5,8
48.2,13.6,7.79545454545455
48.2,13.7,7.73076923076923
48.2,13.8,7.95652173913043
48.2,13.9,7.95454545454545
48.2,14,8
48.2,14.1,7.33333333333333
48.2,14.2,8
48.2,14.3,7.63636363636364
48.2,14.4,7.79166666666667
48.2,14.5,8.04761904761905
48.2,14.6,7.88888888888889
48.2,14.9,8
48.2,15,8.07692307692308
48.2,15.1,8
48.2,15.2,7.7037037037037
48.2,15.3,8
48.2,15.4,8
48.2,15.5,8
48.2,15.6,8.2
48.2,15.7,8.06666666666667
48.2,15.8,8
48.2,15.9,8
48.2,16,8.11111111111111
48.2,16.1,7.77142857142857
48.2,16.2,8
48.2,16.4,8.21052631578947
48.2,16.5,8.47368421052632
48.2,16.6,8.03030303030303
48.2,16.7,8.05
48.2,16.8,8.8
48.2,16.9,5.91666666666667
48.2,17,8.45833333333333
48.2,17.1,8.25925925925926
48.2,17.2,7.5
48.2,17.3,8
48.2,17.4,8
48.2,17.5,7.28571428571429
48.2,17.6,8
48.2,17.8,7.61111111111111
48.2,17.9,8
48.2,18,8
48.2,18.1,7.52941176470588
48.2,18.2,8
48.2,18.3,8
48.2,18.5,8
48.2,18.6,8
48.2,18.9,8
48.2,19,8.08333333333333
48.2,19.3,8
48.2,20.5,8
48.2,20.6,8
48.2,20.7,8
48.2,20.8,7.27272727272727
48.2,20.9,8
48.2,21,8
48.2,21.1,8
48.2,21.5,8.375
48.2,21.6,8
48.2,21.7,8
48.2,21.8,8
48.2,22,7.11111111111111
48.2,22.1,7.08571428571429
48.2,22.2,8
48.2,22.3,7
48.3,-7.7,8
48.3,-7.6,4
48.3,-6.2,5.33333333333333
48.3,-6.1,6.33333333333333
48.3,-6,7
48.3,-5.9,8
48.3,-5.8,7.2
48.3,-5.7,8
48.3,-5.6,8
48.3,-5.5,8
48.3,-5.4,7.11111111111111
48.3,-5.3,5.33333333333333
48.3,-5.2,8
48.3,-5.1,6
48.3,-4.6,6.85714285714286
48.3,-4.5,8
48.3,-4.4,8
48.3,-4.3,8
48.3,-4.2,8
48.3,-4.1,7.52941176470588
48.3,-4,6.54545454545455
48.3,-3.9,7.2
48.3,-3.8,6.22222222222222
48.3,-3.7,8
48.3,-3.6,7.11111111111111
48.3,-3.5,7.2
48.3,-3.4,8
48.3,-3.3,8.25
48.3,-2.7,8.19047619047619
48.3,-2.6,7.6
48.3,-2.2,8
48.3,-2.1,8.33333333333333
48.3,-1.3,8.46875
48.3,-1.2,9
48.3,-1.1,8
48.3,-1,8
48.3,-0.9,8
48.3,-0.5,8
48.3,-0.4,7.11111111111111
48.3,-0.3,8
48.3,0.7,7.2
48.3,0.8,8.05555555555556
48.3,0.9,8
48.3,1.2,5.33333333333333
48.3,1.3,6.49056603773585
48.3,1.4,6.22222222222222
48.3,1.7,4.83333333333333
48.3,1.8,8
48.3,1.9,8
48.3,2,8
48.3,2.1,8
48.3,2.2,6.85714285714286
48.3,2.3,8
48.3,2.4,5.42372881355932
48.3,2.5,7.81818181818182
48.3,2.6,7.98148148148148
48.3,2.7,8.06666666666667
48.3,2.8,1.63636363636364
48.3,2.9,8
48.3,3,7.35416666666667
48.3,3.1,6.45614035087719
48.3,3.2,8
48.3,3.3,3.76666666666667
48.3,3.5,8
48.3,3.6,8
48.3,3.7,8
48.3,3.8,7.27272727272727
48.3,3.9,6.27272727272727
48.3,4,5.33333333333333
48.3,4.1,4.92307692307692
48.3,4.2,5.71428571428571
48.3,4.3,7
48.3,4.4,7
48.3,4.5,8
48.3,4.6,8.11111111111111
48.3,4.7,8
48.3,4.8,8
48.3,4.9,8
48.3,5,7.95
48.3,5.1,8
48.3,5.2,8
48.3,5.3,8
48.3,5.4,8
48.3,5.7,8
48.3,5.8,8.09090909090909
48.3,5.9,8
48.3,6.2,8.125
48.3,6.3,8
48.3,6.4,8
48.3,6.5,2.66666666666667
48.3,6.6,2.90909090909091
48.3,6.7,8.77777777777778
48.3,6.8,8.83333333333333
48.3,7,8
48.3,7.1,8.06666666666667
48.3,7.2,7.85
48.3,7.3,8
48.3,7.8,9
48.3,7.9,7.38095238095238
48.3,8,0.6
48.3,8.3,8
48.3,8.4,8.09523809523809
48.3,8.5,8.08333333333333
48.3,9,8
48.3,9.2,5.21052631578947
48.3,9.3,7.95
48.3,9.4,8
48.3,9.5,8
48.3,9.6,7.57894736842105
48.3,9.7,8
48.3,10.2,8
48.3,10.3,8
48.3,10.6,0
48.3,10.7,0
48.3,11,8
48.3,11.1,8.79245283018868
48.3,11.2,7.6
48.3,11.3,8
48.3,11.4,4.71794871794872
48.3,11.5,7.96969696969697
48.3,11.6,8.11538461538461
48.3,11.7,8
48.3,11.8,8
48.3,11.9,8
48.3,12,8
48.3,12.1,8
48.3,12.2,8.03333333333333
48.3,12.3,8
48.3,12.4,7.2
48.3,12.5,8
48.3,12.6,8
48.3,12.7,8
48.3,12.9,8
48.3,13,8
48.3,13.1,8
48.3,13.2,8
48.3,13.3,8
48.3,13.4,8
48.3,13.5,8.05882352941176
48.3,13.6,8
48.3,13.7,8
48.3,13.8,7.94736842105263
48.3,13.9,8.2
48.3,14,8.05
48.3,14.1,7.93333333333333
48.3,14.2,7.38461538461539
48.3,14.3,8
48.3,14.4,8
48.3,14.5,8
48.3,14.6,8
48.3,14.7,7.7037037037037
48.3,14.8,8.08333333333333
48.3,14.9,8
48.3,15.2,8
48.3,15.3,8
48.3,15.4,8
48.3,15.6,8.84615384615385
48.3,15.7,8
48.3,15.8,7.61904761904762
48.3,15.9,7.5
48.3,16,6.35294117647059
48.3,16.1,3.72727272727273
48.3,16.2,9
48.3,16.3,8.375
48.3,16.4,8
48.3,16.5,7.80434782608696
48.3,16.6,7.51515151515152
48.3,16.7,8
48.3,16.8,8
48.3,16.9,8
48.3,17,8
48.3,17.4,8
48.3,17.5,8
48.3,17.6,8
48.3,17.7,8
48.3,17.8,7.73333333333333
48.3,17.9,8
48.3,18,8.15625
48.3,18.1,7.68
48.3,18.3,8
48.3,18.4,8
48.3,18.5,8
48.3,19,8
48.3,19.3,8
48.3,20.2,8
48.3,20.3,8
48.3,20.4,8
48.3,20.5,8.05555555555556
48.3,20.6,7.11111111111111
48.3,20.7,8
48.3,21.3,8
48.3,21.4,8
48.3,21.5,8
48.3,21.6,8
48.3,21.7,8
48.3,21.8,8
48.3,21.9,7.5
48.3,22,7.89655172413793
48.3,22.1,8
48.3,44.9,1.5
48.3,45,5.25
48.4,-5.4,6.4
48.4,-5.3,7
48.4,-4.1,8
48.4,-3.3,8.08333333333333
48.4,-2.7,7.36111111111111
48.4,-2.6,5.33333333333333
48.4,-2.2,8
48.4,-1.6,9
48.4,-1.5,8.92857142857143
48.4,-1.4,8.83783783783784
48.4,-1.3,8.25
48.4,-0.9,8
48.4,-0.3,8
48.4,-0.2,8
48.4,-0.1,8
48.4,0.6,8
48.4,0.7,8
48.4,0.9,8
48.4,1,6.95454545454545
48.4,1.1,6.76470588235294
48.4,1.2,8.07692307692308
48.4,1.3,6.8
48.4,1.4,7.33720930232558
48.4,1.5,7.6
48.4,1.6,6.4
48.4,1.7,5.71428571428571
48.4,1.8,4.76470588235294
48.4,1.9,8.5
48.4,2,8
48.4,2.1,6.4
48.4,2.2,5.88235294117647
48.4,2.3,6.74
48.4,2.4,1.77005347593583
48.4,2.5,7.61788617886179
48.4,2.6,7.77272727272727
48.4,2.7,8.07692307692308
48.4,2.8,8
48.4,2.9,8
48.4,3,6.57142857142857
48.4,3.1,8.14285714285714
48.4,3.2,7.27272727272727
48.4,3.3,6.81818181818182
48.4,3.4,8
48.4,3.5,8
48.4,3.6,8
48.4,3.7,8
48.4,3.8,6.54545454545455
48.4,3.9,4.08888888888889
48.4,4,6.31578947368421
48.4,4.1,7.42857142857143
48.4,4.2,8
48.4,4.3,8.5
48.4,4.4,5.33333333333333
48.4,4.7,7.33333333333333
48.4,4.8,8
48.4,4.9,8
48.4,5,7
48.4,5.2,6
48.4,5.3,2.82608695652174
48.4,5.4,2.34782608695652
48.4,5.5,2.1
48.4,5.6,6.3
48.4,5.7,7.44827586206897
48.4,5.8,9
48.4,5.9,8
48.4,6,8
48.4,6.1,8
48.4,6.2,8
48.4,6.4,8
48.4,6.5,7.17241379310345
48.4,6.6,7.5
48.4,6.7,7.92857142857143
48.4,6.8,8
48.4,6.9,8
48.4,7,8
48.4,7.1,7.61904761904762
48.4,7.2,6.8
48.4,7.3,8
48.4,7.4,8.25
48.4,7.9,8.47058823529412
48.4,8,0
48.4,8.3,8
48.4,8.4,7.76666666666667
48.4,8.5,8
48.4,9,8
48.4,9.1,7.38461538461539
48.4,9.2,8
48.4,9.3,7.76470588235294
48.4,9.4,8
48.4,9.5,8
48.4,9.6,8
48.4,10.2,8
48.4,10.5,0
48.4,10.6,7.11111111111111
48.4,10.7,8
48.4,10.8,8
48.4,10.9,8
48.4,11,8.47058823529412
48.4,11.1,8.78260869565217
48.4,11.2,7.84090909090909
48.4,11.3,8
48.4,11.4,8
48.4,11.5,8
48.4,11.6,8
48.4,11.7,8
48.4,11.8,8.2316715542522
48.4,11.9,8
48.4,12,7.64912280701754
48.4,12.1,7.09090909090909
48.4,12.2,7.27272727272727
48.4,12.3,8
48.4,12.4,8
48.4,12.5,8
48.4,12.6,8
48.4,12.7,7.66666666666667
48.4,12.8,8
48.4,12.9,8
48.4,13,8
48.4,13.1,6.85714285714286
48.4,13.2,8
48.4,13.3,8
48.4,13.4,8
48.4,13.5,8
48.4,13.6,8
48.4,13.7,8
48.4,13.8,8.45833333333333
48.4,13.9,8.38333333333333
48.4,14,8
48.4,14.1,8
48.4,14.2,8
48.4,14.3,8
48.4,14.4,8
48.4,14.5,8
48.4,14.6,8
48.4,14.7,8
48.4,14.8,8
48.4,14.9,7
48.4,15,8
48.4,15.4,8
48.4,15.5,8.42857142857143
48.4,15.6,8.23076923076923
48.4,15.7,7.11111111111111
48.4,15.8,8
48.4,15.9,8
48.4,16,8
48.4,16.1,4.63636363636364
48.4,16.2,8
48.4,16.3,8
48.4,16.4,8
48.4,16.5,7.625
48.4,16.6,8
48.4,16.7,8
48.4,17.3,8
48.4,17.4,8
48.4,17.5,8
48.4,17.6,8
48.4,17.7,8
48.4,17.8,7.78947368421053
48.4,17.9,8.06896551724138
48.4,18,8
48.4,18.2,8
48.4,18.3,8
48.4,18.5,8
48.4,18.6,8
48.4,18.7,8
48.4,19,8
48.4,19.1,8
48.4,19.3,8
48.4,20,8
48.4,20.1,8
48.4,20.2,8
48.4,20.3,8
48.4,21.1,8
48.4,21.2,8
48.4,21.3,8
48.4,21.4,8
48.4,21.5,8
48.4,21.6,8
48.4,21.7,8
48.4,21.8,8
48.4,21.9,7.6
48.4,44.9,0
48.5,-17.6,0
48.5,-4.1,8
48.5,-4,8
48.5,-3.3,8
48.5,-3.2,8
48.5,-2.7,7.11111111111111
48.5,-2.6,8
48.5,-2.3,7.33333333333333
48.5,-2.2,7.875
48.5,-2.1,8
48.5,-2,8
48.5,-1.9,8.125
48.5,-1.8,8
48.5,-1.7,8
48.5,-1.6,7.55555555555556
48.5,-1.5,8
48.5,-1.4,8
48.5,-1.3,8.16666666666667
48.5,-1.2,8
48.5,-1.1,8
48.5,-1,8
48.5,-0.9,8
48.5,-0.8,8
48.5,-0.7,8
48.5,-0.6,8
48.5,-0.5,8
48.5,-0.4,8
48.5,-0.3,8.14285714285714
48.5,-0.2,8
48.5,-0.1,8
48.5,0,8
48.5,0.1,8
48.5,0.2,8
48.5,0.6,8
48.5,1.1,6.66666666666667
48.5,1.2,8
48.5,1.3,7.6
48.5,1.4,6.09375
48.5,1.5,6.80769230769231
48.5,1.6,1.33333333333333
48.5,1.7,6.27777777777778
48.5,1.8,5.51282051282051
48.5,1.9,5.58333333333333
48.5,2,8
48.5,2.1,7.11111111111111
48.5,2.2,6.13636363636364
48.5,2.3,6.10526315789474
48.5,2.4,4.81538461538462
48.5,2.5,4.33333333333333
48.5,2.6,6.42528735632184
48.5,2.7,6.76923076923077
48.5,2.8,6.90909090909091
48.5,2.9,5.96825396825397
48.5,3,6.94871794871795
48.5,3.1,7.63636363636364
48.5,3.2,7.38461538461539
48.5,3.3,7.61904761904762
48.5,3.4,8
48.5,3.5,8
48.5,3.6,8
48.5,3.7,4.95238095238095
48.5,3.8,3.48648648648649
48.5,4.2,9
48.5,4.4,8
48.5,4.5,8
48.5,4.6,8
48.5,4.7,8
48.5,4.8,8
48.5,4.9,8.125
48.5,5,8
48.5,5.1,8
48.5,5.2,8
48.5,5.4,8
48.5,5.5,8
48.5,5.7,8
48.5,5.8,7.92
48.5,5.9,8.16666666666667
48.5,6.2,8
48.5,6.5,8
48.5,6.6,8.41176470588235
48.5,6.7,8.55555555555556
48.5,7,8
48.5,7.1,8.04166666666667
48.5,7.2,5
48.5,7.3,8
48.5,7.4,7.125
48.5,8,0
48.5,8.1,4.36363636363636
48.5,8.3,8
48.5,8.4,7.8
48.5,8.5,8
48.5,8.9,8
48.5,9,8
48.5,9.1,8
48.5,9.2,8
48.5,9.3,7.42857142857143
48.5,9.4,8
48.5,9.5,7.96153846153846
48.5,9.6,8
48.5,9.9,9
48.5,10.1,8
48.5,10.2,8
48.5,10.3,8
48.5,10.4,7.93333333333333
48.5,10.5,9.06896551724138
48.5,10.6,8
48.5,10.9,8
48.5,11,8
48.5,11.1,8
48.5,11.2,8
48.5,11.4,8
48.5,11.5,8
48.5,11.6,8
48.5,11.7,8
48.5,11.8,8
48.5,11.9,8
48.5,12,8
48.5,12.1,7.9375
48.5,12.2,7.46666666666667
48.5,12.3,7.7037037037037
48.5,12.4,8
48.5,12.5,8
48.5,12.6,8
48.5,12.7,8.04166666666667
48.5,12.8,8
48.5,12.9,8
48.5,13.2,8
48.5,13.3,8
48.5,13.4,8
48.5,13.5,7.89473684210526
48.5,13.6,8
48.5,13.7,7.93023255813953
48.5,13.8,8.70833333333333
48.5,13.9,8
48.5,14,8.27272727272727
48.5,14.1,8
48.5,14.2,8
48.5,14.3,8
48.5,14.4,8
48.5,14.5,7.11111111111111
48.5,14.6,8
48.5,15.4,8
48.5,15.5,8.54166666666667
48.5,15.6,8
48.5,15.7,8
48.5,15.8,8
48.5,15.9,8
48.5,16.1,8
48.5,16.2,7.95
48.5,16.3,8
48.5,16.4,8
48.5,16.5,8
48.5,16.6,8
48.5,17.2,6.4
48.5,17.3,8
48.5,17.4,8
48.5,17.5,8
48.5,17.6,8
48.5,17.7,8
48.5,17.8,7.875
48.5,17.9,8
48.5,18,8
48.5,18.1,8
48.5,18.2,3.5
48.5,18.3,5.2
48.5,18.4,8
48.5,18.5,8
48.5,19.1,7.38461538461539
48.5,19.3,8
48.5,19.7,8
48.5,19.8,8
48.5,19.9,8
48.5,20,8
48.5,20.2,8
48.5,20.3,8
48.5,20.4,8
48.5,21.1,7.46666666666667
48.5,21.2,6.85714285714286
48.5,21.3,8
48.5,21.4,8
48.5,21.5,8.1
48.5,21.6,8
48.5,21.7,8
48.5,21.8,7.85714285714286
48.5,21.9,8
48.5,22,8
48.6,-4,8.27272727272727
48.6,-3.2,8
48.6,-3.1,8
48.6,-2.6,7.3
48.6,-2.4,8
48.6,-2.3,8
48.6,-1.4,6
48.6,-1,8
48.6,-0.9,7.92857142857143
48.6,0.2,7.5
48.6,0.3,7.5
48.6,0.4,8
48.6,0.6,8
48.6,0.9,8
48.6,1,8
48.6,1.1,8
48.6,1.3,7.81578947368421
48.6,1.4,6.95454545454545
48.6,1.5,5.54347826086957
48.6,1.6,6.06896551724138
48.6,1.7,8
48.6,1.8,8
48.6,1.9,6.52380952380952
48.6,2,4.96875
48.6,2.1,6.67857142857143
48.6,2.2,6.42424242424242
48.6,2.3,6.81395348837209
48.6,2.4,7.81395348837209
48.6,2.5,7.26153846153846
48.6,2.6,6.87096774193548
48.6,2.7,7.36842105263158
48.6,2.8,6.34375
48.6,2.9,5.88333333333333
48.6,3,6.7
48.6,3.1,7.38461538461539
48.6,3.2,7.42857142857143
48.6,3.5,6
48.6,3.6,4.69444444444444
48.6,3.7,2.73913043478261
48.6,4.3,8.08333333333333
48.6,4.4,8.08333333333333
48.6,4.5,8
48.6,4.6,8
48.6,4.7,8
48.6,4.8,8
48.6,5.2,8
48.6,5.3,8
48.6,5.4,8
48.6,5.5,8
48.6,5.6,8
48.6,5.7,8
48.6,6,8
48.6,6.1,8
48.6,6.2,8
48.6,6.5,8
48.6,6.6,8.66666666666667
48.6,6.9,8
48.6,7,8.13333333333333
48.6,7.1,8
48.6,8.2,8
48.6,8.3,2.23611111111111
48.6,8.5,8
48.6,8.7,0
48.6,8.8,0
48.6,8.9,8
48.6,9,8
48.6,9.1,8
48.6,9.2,8
48.6,9.3,8
48.6,9.4,8
48.6,9.5,8.28571428571429
48.6,9.6,8
48.6,9.7,1.84615384615385
48.6,9.8,3.5
48.6,9.9,7.96296296296296
48.6,10,8
48.6,10.1,8
48.6,10.2,8
48.6,10.3,8
48.6,10.4,8
48.6,10.5,8.78947368421053
48.6,10.6,9.9375
48.6,10.7,9.80952380952381
48.6,10.8,8
48.6,10.9,8
48.6,11.1,8
48.6,11.2,7.97222222222222
48.6,11.3,8.04761904761905
48.6,11.4,8
48.6,11.5,8
48.6,11.6,8
48.6,11.7,8
48.6,12.3,7.65217391304348
48.6,12.4,8
48.6,12.5,8
48.6,12.6,8
48.6,12.7,8
48.6,13,8
48.6,13.2,8
48.6,13.3,8
48.6,13.4,8.04761904761905
48.6,13.5,8.125
48.6,13.6,8
48.6,13.7,8
48.6,13.8,7.57894736842105
48.6,13.9,8
48.6,14,8
48.6,14.1,8
48.6,15.1,8
48.6,15.2,8
48.6,15.3,8
48.6,15.4,8
48.6,15.5,8.76923076923077
48.6,15.8,8
48.6,15.9,8
48.6,16,8
48.6,16.1,8.14285714285714
48.6,16.2,8
48.6,16.3,8
48.6,16.4,8
48.6,16.6,8.07692307692308
48.6,17.2,8
48.6,17.3,8
48.6,17.4,8
48.6,17.5,8.04166666666667
48.6,17.6,8
48.6,17.7,8
48.6,18,8
48.6,18.1,8.125
48.6,18.2,8
48.6,18.3,2.75
48.6,18.4,0.711111111111111
48.6,18.5,1.54545454545455
48.6,19.1,8
48.6,19.3,8
48.6,19.7,8
48.6,20,8
48.6,20.1,8
48.6,20.2,8
48.6,20.9,0
48.6,21,6.125
48.6,21.1,6.58823529411765
48.6,21.2,7.89230769230769
48.6,21.3,8.1
48.6,21.5,8
48.6,21.6,8
48.6,21.7,8
48.6,21.8,8
48.6,21.9,7.38461538461539
48.6,22,7.27272727272727
48.7,-4,8
48.7,-3.1,8
48.7,-2.6,8
48.7,-2.5,8
48.7,-2.4,8
48.7,-1,8
48.7,-0.9,8.07142857142857
48.7,0.4,7.7
48.7,0.5,8
48.7,0.6,8
48.7,0.7,8
48.7,0.8,8
48.7,0.9,7.75
48.7,1.3,7.27777777777778
48.7,1.4,8.03846153846154
48.7,1.5,6.69230769230769
48.7,1.6,5.96428571428571
48.7,1.7,6.06593406593407
48.7,1.8,4.60606060606061
48.7,1.9,4.5
48.7,2,2.66666666666667
48.7,2.1,4.34
48.7,2.2,7.5
48.7,2.3,7.68
48.7,2.4,6.88888888888889
48.7,2.5,7.98305084745763
48.7,2.6,6.84782608695652
48.7,2.7,7.0625
48.7,2.8,5.02469135802469
48.7,2.9,7.31428571428571
48.7,3,7.68
48.7,3.1,7.375
48.7,3.2,8
48.7,3.4,8
48.7,3.5,4.1304347826087
48.7,3.6,3.42857142857143
48.7,3.8,8
48.7,3.9,8
48.7,4,8
48.7,4.1,8
48.7,4.2,8
48.7,4.3,8
48.7,4.4,8
48.7,4.6,8.33333333333333
48.7,4.7,8
48.7,4.8,7
48.7,4.9,8
48.7,5,8
48.7,5.1,8
48.7,5.2,8.1
48.7,5.3,8
48.7,5.4,8
48.7,5.5,0
48.7,5.8,8
48.7,5.9,8
48.7,6,8
48.7,6.5,8
48.7,6.6,9
48.7,6.7,8.07142857142857
48.7,6.9,8.04761904761905
48.7,7,7.66666666666667
48.7,8,0
48.7,8.2,8
48.7,8.3,5.06521739130435
48.7,8.5,8
48.7,8.6,8
48.7,8.9,8
48.7,9,8
48.7,9.1,8.11111111111111
48.7,9.2,7.97460317460317
48.7,9.3,7.97297297297297
48.7,9.4,8
48.7,9.5,7.84905660377358
48.7,9.6,8
48.7,9.7,8
48.7,9.8,3.26923076923077
48.7,10,8
48.7,10.1,8
48.7,10.2,8.2
48.7,10.4,8
48.7,10.5,8
48.7,10.6,8
48.7,10.7,8
48.7,10.9,8.21428571428571
48.7,11,8.06666666666667
48.7,11.1,8
48.7,11.2,8
48.7,11.3,8
48.7,11.4,8
48.7,11.5,7.95238095238095
48.7,11.6,8
48.7,11.7,8
48.7,12,8
48.7,12.1,8.81818181818182
48.7,12.2,8.45454545454546
48.7,12.3,8.19565217391304
48.7,12.4,8.11111111111111
48.7,12.5,8
48.7,12.7,8
48.7,12.8,8
48.7,12.9,8
48.7,13,8
48.7,13.1,8
48.7,13.2,8
48.7,13.4,8
48.7,13.5,7.72413793103448
48.7,13.6,7.66666666666667
48.7,13.7,8
48.7,13.8,8
48.7,13.9,8
48.7,14.9,7.2
48.7,15,7.90909090909091
48.7,15.1,8
48.7,15.4,8.7
48.7,15.5,8.26666666666667
48.7,15.6,8
48.7,15.7,8
48.7,15.8,7.2
48.7,16,8
48.7,16.1,8
48.7,16.2,8
48.7,16.4,8
48.7,16.5,8
48.7,16.6,8.04761904761905
48.7,16.9,8
48.7,17,8
48.7,17.1,8
48.7,17.2,8
48.7,17.3,8
48.7,17.4,8
48.7,17.5,8
48.7,17.7,8
48.7,17.8,8
48.7,17.9,8
48.7,18.1,8
48.7,18.2,8
48.7,18.5,4
48.7,19.1,8
48.7,19.3,8
48.7,19.7,8
48.7,19.8,7.11111111111111
48.7,19.9,8
48.7,20.9,8
48.7,21,6.7027027027027
48.7,21.1,6.73684210526316
48.7,21.2,8.02631578947368
48.7,21.3,6.25581395348837
48.7,21.4,3.77011494252874
48.7,21.5,8.11111111111111
48.7,21.6,7.79487179487179
48.7,21.7,8
48.7,21.9,8
48.7,22,8
48.8,-4.9,8
48.8,-4.8,8
48.8,-4.7,7.27272727272727
48.8,-4.6,8
48.8,-4.5,8
48.8,-4.4,7.90909090909091
48.8,-4.3,8.125
48.8,-4.2,8
48.8,-4.1,7.9
48.8,-4,8
48.8,-3.9,8
48.8,-3.8,8
48.8,-3.7,8
48.8,-3.1,8
48.8,-3,8.33333333333333
48.8,-2.9,8
48.8,-2.5,8
48.8,-0.9,7
48.8,-0.1,8
48.8,0,8
48.8,0.1,8
48.8,0.2,8
48.8,0.3,8
48.8,0.4,8
48.8,0.6,8
48.8,0.7,8
48.8,1.3,8
48.8,1.4,7.5
48.8,1.5,0
48.8,1.6,7.36363636363636
48.8,1.7,6.43478260869565
48.8,1.8,6.25663716814159
48.8,1.9,5.61224489795918
48.8,2,5.36538461538461
48.8,2.1,7.43434343434343
48.8,2.2,5.97894736842105
48.8,2.3,7.75342465753425
48.8,2.4,8.10144927536232
48.8,2.5,8.04166666666667
48.8,2.6,7.76635514018692
48.8,2.7,6.68918918918919
48.8,2.8,6.52272727272727
48.8,2.9,5.79310344827586
48.8,3,7
48.8,3.1,6.52631578947368
48.8,3.2,5.23076923076923
48.8,3.3,6.20338983050847
48.8,3.4,4.53846153846154
48.8,3.5,4.78846153846154
48.8,3.6,5.95652173913043
48.8,3.7,6.31578947368421
48.8,3.8,7.11111111111111
48.8,3.9,7.2
48.8,4,8
48.8,4.1,8
48.8,4.2,8
48.8,4.3,8
48.8,4.4,8
48.8,4.5,8.14285714285714
48.8,4.6,8
48.8,5,8
48.8,5.1,8
48.8,5.2,8
48.8,5.6,8
48.8,5.7,8
48.8,5.8,8
48.8,6.5,8
48.8,6.6,8
48.8,6.7,8
48.8,6.8,8.4
48.8,6.9,8.13333333333333
48.8,7,8.14285714285714
48.8,8,0
48.8,8.1,0.266666666666667
48.8,8.2,0
48.8,8.3,8.02857142857143
48.8,8.6,8
48.8,8.8,8
48.8,8.9,8
48.8,9,8
48.8,9.1,8
48.8,9.2,8
48.8,9.3,8.02702702702703
48.8,9.4,8
48.8,9.5,7.55555555555556
48.8,9.6,7.77142857142857
48.8,9.7,8
48.8,9.8,8
48.8,9.9,5.44
48.8,10,6.85714285714286
48.8,10.3,8
48.8,10.4,8
48.8,10.5,8
48.8,10.6,8
48.8,10.7,8
48.8,10.8,8.1578947368421
48.8,10.9,8
48.8,11,7.95238095238095
48.8,11.1,8
48.8,11.2,8
48.8,11.3,0
48.8,11.4,3.8
48.8,11.5,8
48.8,11.6,9
48.8,11.7,8.36
48.8,11.8,7.25
48.8,11.9,8.81818181818182
48.8,12,8.17647058823529
48.8,12.1,8
48.8,12.2,8
48.8,12.3,8
48.8,12.4,8
48.8,12.5,8
48.8,12.6,8
48.8,12.8,8
48.8,12.9,8
48.8,13,8
48.8,13.1,8
48.8,13.2,8
48.8,13.3,8
48.8,13.4,7.8
48.8,13.5,8
48.8,13.6,8
48.8,13.7,8
48.8,14.6,8
48.8,14.7,8
48.8,14.8,8
48.8,15.2,8
48.8,15.3,8
48.8,15.4,8.28571428571429
48.8,15.5,8
48.8,15.7,8
48.8,16,7
48.8,16.2,7.4375
48.8,16.3,7.92307692307692
48.8,16.5,8
48.8,16.6,8.05882352941176
48.8,16.7,8
48.8,16.8,8
48.8,16.9,8
48.8,17,8
48.8,17.1,8
48.8,17.4,8
48.8,17.5,8
48.8,17.6,8
48.8,17.7,8
48.8,18.1,7.46666666666667
48.8,19.3,8
48.8,19.4,8
48.8,19.5,8
48.8,19.6,8
48.8,19.7,8
48.8,20.8,8.14285714285714
48.8,20.9,8
48.8,21,8
48.8,21.1,8
48.8,21.4,5.33333333333333
48.8,21.5,7.50819672131148
48.8,21.6,3.72972972972973
48.8,21.7,2.07692307692308
48.8,21.9,8
48.8,22,8
48.9,-5.1,8
48.9,-5,7.88888888888889
48.9,-4.9,8
48.9,-3.9,8
48.9,-3,8
48.9,-2.9,7.64285714285714
48.9,-2.8,8
48.9,-2.7,8
48.9,-2.6,8.1875
48.9,-2.5,8
48.9,-2.4,8
48.9,-2.3,8
48.9,-2.2,8
48.9,-1,8.1
48.9,-0.9,8
48.9,-0.6,8
48.9,-0.5,8
48.9,-0.4,6.85714285714286
48.9,-0.3,8
48.9,-0.2,8
48.9,-0.1,6.66666666666667
48.9,0.3,9
48.9,0.8,8
48.9,0.9,8
48.9,1,8
48.9,1.2,8
48.9,1.3,0
48.9,1.4,8.08333333333333
48.9,1.5,8.16666666666667
48.9,1.7,7.91666666666667
48.9,1.8,7.47945205479452
48.9,1.9,5.50704225352113
48.9,2,7.47826086956522
48.9,2.1,6.65217391304348
48.9,2.2,6.67058823529412
48.9,2.3,6.88732394366197
48.9,2.4,7.17241379310345
48.9,2.5,7.47826086956522
48.9,2.6,7.47826086956522
48.9,2.7,6.71621621621622
48.9,2.8,5.48571428571429
48.9,2.9,4.97222222222222
48.9,3,5.6046511627907
48.9,3.1,6.2
48.9,3.2,6.32394366197183
48.9,3.3,5.09090909090909
48.9,3.4,3.00961538461538
48.9,3.5,4.09302325581395
48.9,3.6,8.05555555555556
48.9,3.7,8.26315789473684
48.9,3.8,8.0625
48.9,3.9,7.5
48.9,4,8
48.9,4.1,8
48.9,4.2,8
48.9,4.8,8
48.9,4.9,8
48.9,5,8
48.9,5.5,8
48.9,5.6,8
48.9,6.4,8
48.9,6.5,7.2
48.9,6.6,8
48.9,6.8,7.30769230769231
48.9,6.9,8
48.9,7,7.93333333333333
48.9,8.2,2.14084507042254
48.9,8.3,8.10526315789474
48.9,8.4,8
48.9,8.6,8.33333333333333
48.9,8.7,8
48.9,8.8,8
48.9,8.9,7.66666666666667
48.9,9,8
48.9,9.1,7.90909090909091
48.9,9.2,7
48.9,9.3,6.49056603773585
48.9,9.4,4
48.9,9.5,6.7
48.9,9.6,6.48648648648649
48.9,9.7,5.6
48.9,9.8,7.11111111111111
48.9,9.9,8.08
48.9,10,8
48.9,10.2,8
48.9,10.3,8
48.9,10.4,8
48.9,10.6,7.65217391304348
48.9,10.7,8
48.9,10.8,6.22222222222222
48.9,10.9,4.76470588235294
48.9,11.1,0
48.9,11.2,1.71428571428571
48.9,11.3,2.33333333333333
48.9,11.4,8.125
48.9,11.5,8.7
48.9,11.6,8.66666666666667
48.9,11.9,8
48.9,12.1,8
48.9,12.2,8
48.9,12.3,8
48.9,12.4,8
48.9,12.5,4.875
48.9,12.6,8.03846153846154
48.9,12.8,8
48.9,12.9,8.0625
48.9,13.2,8
48.9,13.3,7.5
48.9,13.4,8.09090909090909
48.9,13.5,8.14285714285714
48.9,14.5,8
48.9,14.6,8
48.9,15,8
48.9,15.1,8
48.9,15.2,6.66666666666667
48.9,15.3,8.14285714285714
48.9,15.4,8.40909090909091
48.9,16,8
48.9,16.1,8
48.9,16.2,8
48.9,16.3,8
48.9,16.4,7.93333333333333
48.9,16.5,8
48.9,16.6,8
48.9,16.7,7.57894736842105
48.9,16.8,8
48.9,16.9,8
48.9,17,7.95652173913043
48.9,17.1,8
48.9,17.2,8
48.9,17.3,8
48.9,17.4,8
48.9,18,8
48.9,19.2,8
48.9,19.3,8
48.9,19.4,7.69565217391304
48.9,20.7,8
48.9,20.8,8
48.9,20.9,8
48.9,21,8
48.9,21.3,7.5
48.9,21.4,8
48.9,21.5,8
48.9,21.9,8
48.9,22,8
49,-21.3,0
49,-21.2,0
49,-18.1,0
49,-10,0
49,-9.9,0
49,-9.8,2
49,-3.9,8
49,-3.8,8
49,-3.7,8.1
49,-3.6,8
49,-3.5,8
49,-3.4,7.375
49,-3.3,8
49,-3.2,8
49,-3.1,8
49,-3,7.88888888888889
49,-2.9,8.05263157894737
49,-2.8,8.23076923076923
49,-2.7,8
49,-2.6,8.42857142857143
49,-1,8
49,-0.9,8
49,-0.8,8
49,-0.7,8
49,-0.6,8
49,0.3,8.5
49,1,8
49,1.1,7.27272727272727
49,1.2,7.4375
49,1.3,8
49,1.4,7
49,1.5,7.87878787878788
49,1.6,8.37209302325581
49,1.8,7.4375
49,1.9,8
49,2,7.75862068965517
49,2.1,8
49,2.2,7.45652173913043
49,2.3,7.61290322580645
49,2.4,7.61428571428571
49,2.5,7.97637795275591
49,2.6,7.60909090909091
49,2.7,8.01530612244898
49,2.8,6.81547619047619
49,2.9,6.09433962264151
49,3,5.13450292397661
49,3.1,4.67032967032967
49,3.2,4.79310344827586
49,3.3,5.14285714285714
49,3.4,3.68131868131868
49,3.5,4.73333333333333
49,3.6,9.09090909090909
49,3.7,8.63636363636364
49,3.8,8.78947368421053
49,3.9,10.3636363636364
49,4,10.4
49,4.2,8
49,5.3,8
49,5.4,8
49,5.5,8
49,6.2,8
49,6.3,8
49,6.4,8
49,6.5,8
49,6.6,6.85714285714286
49,6.7,8
49,6.8,9
49,7,8
49,8.2,8
49,8.3,7.82352941176471
49,8.4,8
49,8.5,8
49,8.6,8
49,8.7,8
49,8.8,8.08333333333333
49,8.9,8
49,9,8
49,9.1,8
49,9.2,8
49,9.3,8
49,9.4,6.4
49,9.5,8
49,9.6,5.86666666666667
49,9.9,8
49,10,8
49,10.1,8
49,10.2,8
49,10.4,8
49,10.5,7.96875
49,10.6,8
49,10.7,8
49,10.8,8
49,10.9,4.21052631578947
49,11,7.52941176470588
49,11.1,6.44444444444444
49,11.2,8.2962962962963
49,11.3,8.5
49,11.4,8
49,11.8,7.9
49,11.9,8
49,12,6.88888888888889
49,12.1,0
49,12.2,0
49,12.3,8
49,12.7,8.58823529411765
49,12.8,8.4
49,12.9,8.11111111111111
49,13,8
49,13.1,7.85714285714286
49,13.2,8
49,13.3,8
49,14.8,8
49,14.9,8
49,15,8
49,15.2,8.42857142857143
49,15.3,8.30434782608696
49,15.8,8
49,15.9,8
49,16,8.05882352941176
49,16.1,8
49,16.2,8
49,16.3,8
49,16.4,8
49,16.5,7.52941176470588
49,16.6,8
49,16.7,8
49,16.8,8
49,16.9,8
49,17,8
49,17.1,8
49,17.2,8
49,17.3,8
49,17.9,6.83333333333333
49,18,8
49,18.9,8
49,19,8
49,19.1,8
49,19.2,8
49,19.4,8
49,20.7,8
49,20.8,8
49,20.9,8
49,21.2,8
49,21.3,8
49,21.4,6
49,21.9,8
49,22,8
49.1,-22.1,0
49.1,-22,0
49.1,-21.8,0
49.1,-21.7,0
49.1,-21.5,0
49.1,-14.3,0
49.1,-12.6,8
49.1,-12.5,8
49.1,-9.8,6.66666666666667
49.1,-9.7,4
49.1,-9.6,6
49.1,-7.1,8
49.1,-7,7.2
49.1,-6.9,6.4
49.1,-6.8,4.8
49.1,-3.8,7.6
49.1,-2.9,8
49.1,-2.8,8
49.1,-2.7,8
49.1,-1,8.06666666666667
49.1,-0.6,8
49.1,-0.5,8
49.1,-0.4,8
49.1,-0.3,8.16666666666667
49.1,-0.2,7.5
49.1,-0.1,7
49.1,0,8.11111111111111
49.1,0.1,6.66666666666667
49.1,0.4,8
49.1,0.5,8
49.1,0.6,7.2
49.1,0.7,8.11111111111111
49.1,0.8,8
49.1,0.9,8
49.1,1,7.11111111111111
49.1,1.1,8
49.1,1.2,6.85714285714286
49.1,1.3,7.54716981132075
49.1,1.4,7.75384615384615
49.1,1.5,8.2051282051282
49.1,1.6,8
49.1,1.7,7.32352941176471
49.1,1.8,7.63157894736842
49.1,1.9,7.11111111111111
49.1,2,8
49.1,2.1,8
49.1,2.3,6.85714285714286
49.1,2.4,7.51515151515152
49.1,2.5,7.05882352941176
49.1,2.6,4.33333333333333
49.1,2.7,5.83783783783784
49.1,2.8,6.46
49.1,2.9,6.84090909090909
49.1,3,7.08163265306122
49.1,3.1,5
49.1,3.2,6.4
49.1,3.3,6
49.1,3.4,6.58823529411765
49.1,3.5,5.93478260869565
49.1,3.6,8
49.1,3.7,8
49.1,3.8,8
49.1,3.9,8
49.1,4,8.86666666666667
49.1,4.1,8.57894736842105
49.1,4.2,6.4
49.1,4.3,8.22222222222222
49.1,5.1,8.2
49.1,5.2,8
49.1,5.3,8
49.1,6.3,8
49.1,6.4,8
49.1,6.5,8
49.1,6.6,8
49.1,6.7,8
49.1,7,8
49.1,7.1,8
49.1,8.2,8.1
49.1,8.3,8
49.1,8.4,7.86363636363636
49.1,8.5,7.61111111111111
49.1,8.6,8
49.1,8.7,8
49.1,8.9,8
49.1,9,7.66666666666667
49.1,9.1,8
49.1,9.2,8
49.1,9.3,8
49.1,9.5,10
49.1,9.6,2.66666666666667
49.1,9.7,0.489795918367347
49.1,9.8,0
49.1,9.9,8
49.1,10,8
49.1,10.1,7.4
49.1,10.2,8
49.1,10.3,7.71428571428571
49.1,10.4,8
49.1,10.5,8
49.1,10.6,8
49.1,10.8,8
49.1,10.9,5.06521739130435
49.1,11,8.4
49.1,11.1,8.83333333333333
49.1,11.3,8
49.1,11.5,7.86666666666667
49.1,11.6,8
49.1,11.7,8
49.1,12.3,8
49.1,12.4,7.61538461538461
49.1,12.5,8
49.1,12.6,7.52941176470588
49.1,12.7,8
49.1,12.8,8.7
49.1,12.9,8.76470588235294
49.1,13,8.41379310344828
49.1,13.1,8
49.1,14.4,8
49.1,14.6,8
49.1,14.7,8
49.1,14.8,8
49.1,15.1,8.33333333333333
49.1,15.2,8.39130434782609
49.1,15.4,8
49.1,15.5,8.23076923076923
49.1,15.6,8.06666666666667
49.1,15.7,7.52941176470588
49.1,15.8,8
49.1,15.9,8
49.1,16.1,8
49.1,16.2,7.83333333333333
49.1,16.3,7.94117647058824
49.1,16.4,8
49.1,16.5,8.04347826086956
49.1,16.6,7.75
49.1,16.8,8
49.1,16.9,8
49.1,17,8
49.1,17.1,8
49.1,17.2,8
49.1,17.3,8
49.1,17.4,8
49.1,17.5,8
49.1,17.9,8
49.1,18.4,8
49.1,18.7,8
49.1,18.8,8
49.1,18.9,8
49.1,19.4,8
49.1,20.6,8
49.1,20.7,8
49.1,21.2,8.14285714285714
49.1,21.3,8
49.1,22,8
49.1,22.1,8
49.2,-14.3,0
49.2,-14.2,0
49.2,-14,0
49.2,-13.9,0
49.2,-12.5,0
49.2,-12.4,0
49.2,-12.3,5.33333333333333
49.2,-12.2,4
49.2,-12.1,8
49.2,-12,5.71428571428571
49.2,-11.9,6.66666666666667
49.2,-11.8,6.5
49.2,-11.7,4.8
49.2,-11.6,4
49.2,-11.5,5.57142857142857
49.2,-11.4,7
49.2,-11.3,5.33333333333333
49.2,-11.2,8
49.2,-11.1,6.85714285714286
49.2,-11,4.16666666666667
49.2,-10.9,6.4
49.2,-10.8,5.75
49.2,-9.6,4
49.2,-9.5,0
49.2,-9.4,1.6
49.2,-7.8,5.33333333333333
49.2,-7.7,5.33333333333333
49.2,-7.6,5.09090909090909
49.2,-7.5,6.22222222222222
49.2,-7.4,8
49.2,-7.3,6.4
49.2,-7.2,7.11111111111111
49.2,-7.1,8
49.2,-3.8,8
49.2,-3.7,7.8
49.2,-2.8,8
49.2,-2.7,8
49.2,-2.6,8
49.2,-2.2,8
49.2,-2.1,8
49.2,-2,8
49.2,-1.9,8
49.2,-1.7,8
49.2,-1.6,8
49.2,-1.5,8
49.2,-1.4,8
49.2,-1.3,8
49.2,-1.2,8
49.2,-1.1,8.11764705882353
49.2,-1,7.78125
49.2,-0.9,7.52941176470588
49.2,-0.8,8.05263157894737
49.2,-0.7,8.05555555555556
49.2,-0.6,7.94117647058824
49.2,-0.5,8
49.2,-0.4,8
49.2,0.3,8
49.2,0.4,8.11111111111111
49.2,1.2,8
49.2,1.3,8
49.2,1.4,8.4
49.2,1.5,7.51612903225806
49.2,1.6,6.81481481481481
49.2,1.7,8
49.2,1.8,8
49.2,1.9,6.09523809523809
49.2,2.3,8
49.2,2.4,7.08571428571429
49.2,2.5,6.76923076923077
49.2,2.6,5.69230769230769
49.2,2.7,7.17021276595745
49.2,2.8,6.80851063829787
49.2,2.9,8
49.2,3,7.31428571428571
49.2,3.1,8
49.2,3.2,8
49.2,3.3,6.36842105263158
49.2,3.4,8
49.2,3.5,6.64705882352941
49.2,3.6,4.26666666666667
49.2,3.7,6.85714285714286
49.2,3.8,8
49.2,3.9,8.05882352941176
49.2,4,8.14285714285714
49.2,4.1,7.88888888888889
49.2,4.2,8
49.2,4.3,10
49.2,4.4,9.6
49.2,4.5,8.92857142857143
49.2,4.6,9.23076923076923
49.2,4.7,10
49.2,4.9,8
49.2,5,8
49.2,5.1,8
49.2,6,8
49.2,6.1,9
49.2,6.3,8
49.2,6.4,8.0625
49.2,6.6,8
49.2,6.9,8
49.2,7,8
49.2,7.1,7.11111111111111
49.2,7.3,0
49.2,7.4,0
49.2,7.5,0
49.2,7.8,8
49.2,7.9,7.2
49.2,8,8
49.2,8.1,7.42857142857143
49.2,8.2,8.05882352941176
49.2,8.3,8
49.2,8.4,8
49.2,8.8,8
49.2,8.9,7.52941176470588
49.2,9,8
49.2,9.1,8
49.2,9.3,7.76666666666667
49.2,9.4,8
49.2,9.5,9.25
49.2,9.6,4.72727272727273
49.2,9.7,0
49.2,9.8,5.33333333333333
49.2,9.9,7.96875
49.2,10,6.44
49.2,10.1,5.225
49.2,10.2,7.83673469387755
49.2,10.3,7.8125
49.2,10.4,8.09090909090909
49.2,10.6,8
49.2,10.7,8
49.2,10.8,8.05882352941176
49.2,10.9,0
49.2,11,5
49.2,11.2,8
49.2,11.3,8
49.2,11.4,8.05882352941176
49.2,11.5,8
49.2,11.8,8
49.2,11.9,9.88235294117647
49.2,12,8.21428571428571
49.2,12.1,8.08695652173913
49.2,12.2,8
49.2,12.3,7.75
49.2,12.4,8
49.2,12.7,8.2
49.2,12.8,8.07142857142857
49.2,12.9,8
49.2,13,8.1
49.2,13.1,8
49.2,13.2,8.82352941176471
49.2,13.3,8.77777777777778
49.2,14.3,8
49.2,14.4,8
49.2,14.5,8
49.2,14.6,7.75
49.2,14.7,8
49.2,14.8,8
49.2,15,8.45454545454546
49.2,15.1,8.37931034482759
49.2,15.2,8.25
49.2,15.3,8
49.2,15.4,8
49.2,15.5,9
49.2,15.9,8
49.2,16,8.025
49.2,16.1,8
49.2,16.2,8
49.2,16.5,8
49.2,16.6,7.42857142857143
49.2,16.7,6.44
49.2,16.8,8
49.2,16.9,8
49.2,17,8
49.2,17.2,8.5
49.2,17.3,8
49.2,17.4,8
49.2,17.5,8
49.2,17.6,8
49.2,17.7,8
49.2,17.8,8
49.2,17.9,8
49.2,18.4,8
49.2,18.5,8
49.2,18.6,8
49.2,18.8,4.57142857142857
49.2,19.4,8
49.2,20.5,7.83333333333333
49.2,20.6,8
49.2,20.8,8
49.2,21,6.22222222222222
49.2,21.1,8
49.2,21.2,8
49.2,22.1,8
49.3,-14.2,0
49.3,-13.7,0
49.3,-13.6,0
49.3,-13.4,0
49.3,-13.3,0
49.3,-9.7,5.33333333333333
49.3,-9.6,0
49.3,-9.5,1.14285714285714
49.3,-9.4,0.888888888888889
49.3,-9.3,2.5
49.3,-9.2,4.30769230769231
49.3,-9.1,2
49.3,-8.3,8
49.3,-8.2,2.4
49.3,-8.1,5.6
49.3,-8,6.4
49.3,-7.9,5.6
49.3,-7.8,8
49.3,-3.7,8
49.3,-2.8,8
49.3,-2.6,8.09090909090909
49.3,-2,8
49.3,-1.9,8
49.3,-1.8,8
49.3,-1.7,7.2
49.3,-1.6,8
49.3,-1.5,8
49.3,-1.4,8
49.3,-1.3,8
49.3,-1.1,8.25
49.3,-1,8
49.3,-0.2,8.16666666666667
49.3,-0.1,8
49.3,0,8
49.3,0.1,8
49.3,0.2,8
49.3,0.3,8
49.3,0.4,8.14285714285714
49.3,0.5,8
49.3,0.6,8
49.3,0.7,6.85714285714286
49.3,0.8,8
49.3,0.9,8.14285714285714
49.3,1,8
49.3,1.1,8
49.3,1.2,8
49.3,1.3,7.3
49.3,1.4,7.25
49.3,1.5,7.6
49.3,1.6,8.03030303030303
49.3,1.7,8
49.3,1.8,6.4
49.3,1.9,6.64102564102564
49.3,2,6.72222222222222
49.3,2.1,8
49.3,2.2,6.28571428571429
49.3,2.3,7.08571428571429
49.3,2.4,7.57843137254902
49.3,2.5,8
49.3,2.6,8
49.3,2.8,7.84210526315789
49.3,2.9,6.66666666666667
49.3,3,8.07692307692308
49.3,3.1,8
49.3,3.2,8
49.3,3.3,5.15384615384615
49.3,3.4,6.5
49.3,3.6,6.26086956521739
49.3,3.7,8
49.3,3.8,8
49.3,3.9,8.05882352941176
49.3,4,8
49.3,4.1,7.5
49.3,4.2,8
49.3,4.3,8
49.3,4.4,8
49.3,4.5,7.8
49.3,4.6,8
49.3,4.7,8.16129032258065
49.3,4.8,8.2
49.3,4.9,8
49.3,5,8
49.3,6.3,7.96875
49.3,6.4,8
49.3,6.5,8
49.3,6.6,8.90909090909091
49.3,6.7,7.71428571428571
49.3,6.8,0
49.3,6.9,6.4
49.3,7,8
49.3,7.1,8
49.3,7.6,8
49.3,7.7,8
49.3,7.8,8
49.3,7.9,8
49.3,8,8.06666666666667
49.3,8.1,8
49.3,8.2,8
49.3,8.3,8
49.3,8.4,3
49.3,8.5,3
49.3,8.6,8
49.3,8.7,8
49.3,8.8,8
49.3,9.1,8
49.3,9.2,8
49.3,9.3,8
49.3,9.4,8
49.3,9.5,10
49.3,9.6,4
49.3,9.7,8
49.3,9.8,8
49.3,9.9,6.68571428571429
49.3,10,6.18421052631579
49.3,10.1,8
49.3,10.2,8.03703703703704
49.3,10.3,8
49.3,10.4,8
49.3,10.5,8
49.3,10.6,7.76666666666667
49.3,10.8,0
49.3,10.9,8
49.3,11,6.11764705882353
49.3,11.1,8
49.3,11.2,8
49.3,11.5,8
49.3,11.6,8
49.3,11.7,8
49.3,11.8,8
49.3,11.9,7.66666666666667
49.3,12,8
49.3,12.3,8
49.3,12.6,8
49.3,12.7,8.14285714285714
49.3,12.8,8
49.3,12.9,8
49.3,13,8
49.3,13.1,8
49.3,13.2,8
49.3,13.3,8.71428571428571
49.3,13.4,8.125
49.3,13.5,8.8
49.3,13.6,8.8
49.3,14.2,8
49.3,14.3,8
49.3,14.6,8
49.3,14.7,7
49.3,14.8,8
49.3,14.9,8
49.3,15,8
49.3,15.1,8
49.3,15.2,8
49.3,15.3,8
49.3,15.7,7.30769230769231
49.3,15.8,8
49.3,15.9,8
49.3,16,8
49.3,16.5,8
49.3,16.6,8
49.3,16.7,8
49.3,16.8,8
49.3,16.9,8
49.3,17,8
49.3,17.1,7.66666666666667
49.3,17.3,8
49.3,17.4,8
49.3,17.5,8
49.3,17.6,8
49.3,17.7,8
49.3,17.8,8
49.3,18.6,8
49.3,18.7,8.2
49.3,18.8,6.60629921259843
49.3,19.4,8
49.3,20,0
49.3,20.4,8
49.3,20.5,8
49.3,20.9,2.88235294117647
49.3,21,5.06349206349206
49.3,21.1,8
49.3,22.1,7.36363636363636
49.4,-13.1,0
49.4,-13,0
49.4,-12.9,0
49.4,-10.4,8
49.4,-10.3,1.14285714285714
49.4,-10.2,0
49.4,-10.1,3.42857142857143
49.4,-10,5.33333333333333
49.4,-9.9,5.71428571428571
49.4,-9.8,5.33333333333333
49.4,-9.7,0
49.4,-9.2,4
49.4,-9.1,4
49.4,-9,1
49.4,-3.7,8
49.4,-2.7,8
49.4,-2.6,8.1304347826087
49.4,-2.5,8
49.4,-2,8
49.4,-1.7,8
49.4,-1.3,8.2
49.4,-1.1,7.92307692307692
49.4,0.3,8
49.4,0.6,0
49.4,1.1,9.05769230769231
49.4,1.2,9
49.4,1.3,8
49.4,1.4,8
49.4,1.5,8
49.4,1.6,8
49.4,1.7,8
49.4,1.8,8.1578947368421
49.4,1.9,8
49.4,2,8
49.4,2.1,8.0625
49.4,2.2,8
49.4,2.3,4.8
49.4,2.4,7.54166666666667
49.4,2.5,7.11764705882353
49.4,2.6,8
49.4,2.7,8
49.4,2.8,8
49.4,2.9,8
49.4,3.2,8
49.4,3.3,8
49.4,3.4,7.27272727272727
49.4,3.5,7.27272727272727
49.4,3.6,8
49.4,4.6,8
49.4,4.7,8
49.4,4.9,8
49.4,5,7.46666666666667
49.4,5.1,8
49.4,5.2,7.7037037037037
49.4,5.3,7.90476190476191
49.4,5.4,8
49.4,6.2,8
49.4,6.3,8.03571428571429
49.4,6.4,8
49.4,6.5,8
49.4,6.7,8
49.4,6.8,8
49.4,6.9,8
49.4,7,8
49.4,7.1,8
49.4,7.2,0
49.4,7.4,2.08695652173913
49.4,7.5,8
49.4,7.6,8
49.4,7.7,8
49.4,7.8,8
49.4,8.2,8
49.4,8.3,9.5
49.4,8.5,8
49.4,8.6,8
49.4,9.2,8
49.4,9.3,8
49.4,9.4,8
49.4,9.5,6.85714285714286
49.4,9.6,8
49.4,9.7,8
49.4,9.8,6.42
49.4,9.9,5.62162162162162
49.4,10,7.46428571428571
49.4,10.1,8.09090909090909
49.4,10.2,7.33333333333333
49.4,10.3,8.14893617021277
49.4,10.4,8
49.4,10.5,7.36363636363636
49.4,10.6,7.55555555555556
49.4,10.7,8
49.4,10.8,3.63636363636364
49.4,10.9,8
49.4,11.2,7.6875
49.4,11.3,8
49.4,11.4,7.77142857142857
49.4,11.5,7.56756756756757
49.4,11.6,8
49.4,11.7,8
49.4,11.8,8
49.4,12.4,8
49.4,12.5,8
49.4,12.6,8.05263157894737
49.4,12.7,7.55555555555556
49.4,12.8,8
49.4,12.9,8
49.4,13.9,8
49.4,14.5,8
49.4,14.6,8
49.4,14.8,8
49.4,14.9,8
49.4,15.3,8
49.4,15.4,8
49.4,15.5,8
49.4,15.6,7.36
49.4,15.7,8
49.4,15.8,8
49.4,15.9,8
49.4,16.4,8.08333333333333
49.4,16.5,8
49.4,16.7,8
49.4,16.8,8
49.4,17.1,8
49.4,17.2,8
49.4,17.3,8
49.4,17.4,8
49.4,17.5,8
49.4,17.6,8
49.4,17.7,8
49.4,17.8,8
49.4,17.9,8
49.4,18,8
49.4,18.8,6
49.4,18.9,8.18181818181818
49.4,19,8
49.4,20.3,8
49.4,20.4,8
49.4,20.8,6.5
49.4,20.9,8
49.4,21,8
49.4,22.1,8.08333333333333
49.5,-11.1,0
49.5,-11,1.14285714285714
49.5,-10.9,0
49.5,-10.8,3.42857142857143
49.5,-10.7,6.66666666666667
49.5,-10.6,2.66666666666667
49.5,-10.5,5.33333333333333
49.5,-10.4,0
49.5,-9,0
49.5,-8.9,1
49.5,-8.8,0.888888888888889
49.5,-8.7,4
49.5,-8.5,5.33333333333333
49.5,-8.4,3.55555555555556
49.5,-8.3,6.33333333333333
49.5,-8.2,5.57894736842105
49.5,-8.1,8
49.5,-8,6
49.5,-7.9,5
49.5,-7.8,5.33333333333333
49.5,-7.7,4.44444444444444
49.5,-7.6,4.8
49.5,-7.5,8
49.5,-7.4,5.33333333333333
49.5,-7.3,5.33333333333333
49.5,-7.2,5
49.5,-3.6,8
49.5,-2.8,8
49.5,-2.7,8
49.5,-2.6,8.78723404255319
49.5,-2.5,8.70833333333333
49.5,-2.4,8.4
49.5,-2.1,8.73684210526316
49.5,-2,8.28571428571429
49.5,-1.7,8
49.5,-1.5,8
49.5,-1.4,8
49.5,-1.3,8
49.5,-1.1,8
49.5,-1,8
49.5,-0.9,8
49.5,0.2,8.22222222222222
49.5,0.3,5.66666666666667
49.5,1.1,10
49.5,1.2,6.75
49.5,1.3,8
49.5,1.4,7.9375
49.5,1.5,8
49.5,1.8,8
49.5,1.9,8
49.5,2,7.48387096774194
49.5,2.1,7.85714285714286
49.5,2.3,5.33333333333333
49.5,2.4,5.09090909090909
49.5,2.6,7.55555555555556
49.5,2.7,8
49.5,2.9,7.15789473684211
49.5,3,8
49.5,3.1,7.77777777777778
49.5,3.2,8
49.5,3.3,8
49.5,3.5,9
49.5,3.6,8
49.5,3.7,8
49.5,3.8,8
49.5,3.9,8
49.5,4,8.04761904761905
49.5,4.1,8
49.5,4.2,7.95
49.5,4.3,7.44444444444444
49.5,4.4,8
49.5,4.5,8.05882352941176
49.5,4.6,8
49.5,4.8,8
49.5,4.9,8
49.5,5,8
49.5,5.3,8
49.5,5.4,8
49.5,5.5,7.78125
49.5,5.6,8
49.5,5.7,8
49.5,5.8,8.05263157894737
49.5,5.9,8
49.5,6,8
49.5,6.1,8
49.5,6.2,7.77777777777778
49.5,6.3,7.91666666666667
49.5,6.4,8
49.5,6.5,8
49.5,6.6,8.11111111111111
49.5,6.7,8
49.5,7,8
49.5,7.1,5.2
49.5,7.2,2.88888888888889
49.5,7.3,5.24590163934426
49.5,7.4,6.025
49.5,7.5,7.93333333333333
49.5,7.6,7.6
49.5,7.7,8
49.5,7.8,8
49.5,7.9,7.82978723404255
49.5,8.2,8
49.5,8.5,1.20689655172414
49.5,8.6,1.36170212765957
49.5,8.7,3.78947368421053
49.5,8.8,8
49.5,8.9,8.125
49.5,9,8
49.5,9.1,8
49.5,9.2,8
49.5,9.3,7.52941176470588
49.5,9.4,7.95833333333333
49.5,9.5,8
49.5,9.6,7.57142857142857
49.5,9.7,7.94594594594595
49.5,9.8,7.5
49.5,9.9,8
49.5,10,8
49.5,10.1,8
49.5,10.2,7.89473684210526
49.5,10.3,9.44230769230769
49.5,10.4,7.75
49.5,10.5,8
49.5,10.6,7.54545454545455
49.5,10.7,8.05
49.5,10.8,5.18918918918919
49.5,10.9,8.09756097560976
49.5,11,7.68627450980392
49.5,11.1,7.63636363636364
49.5,11.2,8
49.5,11.3,8.17647058823529
49.5,11.4,7.61904761904762
49.5,11.5,8
49.5,11.8,8
49.5,11.9,8
49.5,12,8
49.5,12.1,8
49.5,12.2,8
49.5,12.3,8
49.5,12.4,8
49.5,12.5,7.72413793103448
49.5,12.6,5.75
49.5,13.6,6.85714285714286
49.5,13.9,7.88888888888889
49.5,14,8
49.5,14.7,8
49.5,14.8,8
49.5,15.2,8
49.5,15.3,8
49.5,15.4,8
49.5,15.7,8
49.5,15.8,7.72413793103448
49.5,15.9,8
49.5,16,8
49.5,16.1,8
49.5,16.2,8.09090909090909
49.5,16.3,8.08333333333333
49.5,16.6,8
49.5,16.7,8
49.5,16.8,8
49.5,17.2,8
49.5,17.3,8
49.5,17.4,8
49.5,17.5,8
49.5,17.6,8
49.5,17.7,8
49.5,18,8
49.5,18.1,8
49.5,18.2,8
49.5,19,8
49.5,20,9.72727272727273
49.5,20.1,9
49.5,20.2,8
49.5,20.8,8
49.5,20.9,7.92857142857143
49.5,22.1,8
49.5,22.2,7.11111111111111
49.6,-11.4,6
49.6,-11.3,4.57142857142857
49.6,-11.2,4
49.6,-11.1,2.66666666666667
49.6,-8.9,4
49.6,-8.8,2.66666666666667
49.6,-8.7,5.625
49.6,-8.6,3.78947368421053
49.6,-8.5,3
49.6,-8.2,5
49.6,-5.3,8
49.6,-5.2,8
49.6,-5.1,8
49.6,-5,8
49.6,-4.9,8
49.6,-4.8,8
49.6,-3.9,8
49.6,-3.6,8
49.6,-2.9,8
49.6,-2.8,8
49.6,-2.6,8
49.6,-2.5,8.40540540540541
49.6,-2.4,8
49.6,-2,8.38095238095238
49.6,-1.9,8
49.6,-1.7,7.93333333333333
49.6,-1.4,8
49.6,-1.3,8
49.6,-1.1,7.5
49.6,-1,6.66666666666667
49.6,-0.9,8
49.6,0.2,7.2
49.6,1,8
49.6,1.1,8
49.6,1.2,7.875
49.6,1.3,8
49.6,1.4,8
49.6,2,8
49.6,2.1,7.76470588235294
49.6,2.3,8
49.6,2.4,7.75
49.6,2.5,8
49.6,2.6,6.4
49.6,2.7,8.11111111111111
49.6,2.8,6.6
49.6,2.9,8
49.6,3,8.11111111111111
49.6,3.1,8.66666666666667
49.6,3.2,7.83333333333333
49.6,3.3,8.33333333333333
49.6,3.4,8.22222222222222
49.6,3.8,8
49.6,3.9,8
49.6,4.2,8
49.6,4.3,8.2
49.6,4.4,8
49.6,4.5,7.875
49.6,4.6,8.08333333333333
49.6,4.7,8.05555555555556
49.6,4.8,7.55555555555556
49.6,4.9,7.15789473684211
49.6,5,8
49.6,5.1,7.6
49.6,5.2,7.57894736842105
49.6,5.3,7.8
49.6,5.4,8
49.6,5.5,8
49.6,5.6,7.95238095238095
49.6,5.7,8
49.6,5.8,8
49.6,5.9,8
49.6,6,7.75757575757576
49.6,6.1,8
49.6,6.2,7.31034482758621
49.6,6.3,7.8125
49.6,6.4,8.14285714285714
49.6,6.6,8
49.6,6.7,8
49.6,6.8,8
49.6,6.9,8
49.6,7,7.66666666666667
49.6,7.1,7.52380952380952
49.6,7.2,7.06382978723404
49.6,7.3,7.46153846153846
49.6,7.4,8
49.6,7.5,8
49.6,7.6,8.11111111111111
49.6,7.7,8.2
49.6,7.8,8
49.6,7.9,8
49.6,8,8
49.6,8.1,8.375
49.6,8.2,8
49.6,8.3,8
49.6,8.4,5.14285714285714
49.6,8.5,8
49.6,8.7,0
49.6,8.8,0
49.6,9.2,7.91666666666667
49.6,9.3,7.81818181818182
49.6,9.4,8
49.6,9.5,8
49.6,9.6,7.76923076923077
49.6,9.7,8.31818181818182
49.6,9.8,7.74074074074074
49.6,9.9,8.08
49.6,10,7.8974358974359
49.6,10.1,8.07692307692308
49.6,10.2,8
49.6,10.3,8.2
49.6,10.4,9.203125
49.6,10.5,8
49.6,10.6,8
49.6,10.7,8
49.6,10.8,4.8
49.6,10.9,8
49.6,11,7.88888888888889
49.6,11.1,8.44444444444444
49.6,11.2,8.34285714285714
49.6,11.3,8.16666666666667
49.6,11.6,8
49.6,11.7,8
49.6,11.8,8.07142857142857
49.6,11.9,8
49.6,12,8
49.6,12.1,8
49.6,12.2,9
49.6,12.3,8
49.6,12.4,8.08333333333333
49.6,12.8,8
49.6,12.9,8.125
49.6,13,8
49.6,13.1,8
49.6,13.2,8
49.6,13.3,8
49.6,13.4,8
49.6,13.5,8
49.6,14,8.11111111111111
49.6,14.1,8
49.6,14.3,8
49.6,14.4,8
49.6,14.5,8
49.6,14.6,8
49.6,14.7,8
49.6,14.9,8
49.6,15,8
49.6,15.1,8
49.6,15.2,8
49.6,15.7,8
49.6,15.8,8
49.6,16.1,8
49.6,16.2,8
49.6,16.3,8
49.6,16.4,8
49.6,16.5,8.08333333333333
49.6,16.6,8
49.6,16.8,8
49.6,17.4,6.85714285714286
49.6,17.5,8
49.6,17.6,8
49.6,17.7,8
49.6,17.8,8
49.6,18.2,8
49.6,18.3,8
49.6,18.4,8
49.6,19,8
49.6,19.1,8
49.6,20,8
49.6,20.1,8
49.6,20.7,8
49.6,20.8,8
49.6,20.9,8
49.6,22.2,7.38461538461539
49.7,-9.3,4.875
49.7,-9.2,4.8
49.7,-9.1,0
49.7,-8.5,0
49.7,-8.4,3
49.7,-8.2,4.70588235294118
49.7,-6.4,8
49.7,-6.3,8
49.7,-6.2,8
49.7,-6.1,7.22222222222222
49.7,-6,8
49.7,-5.9,8
49.7,-5.8,8
49.7,-5.7,8
49.7,-5.6,8
49.7,-5.5,8
49.7,-5.4,8
49.7,-5.3,8
49.7,-4.1,8
49.7,-4,8.08333333333333
49.7,-3.9,8
49.7,-3.6,8
49.7,-3.5,8.16666666666667
49.7,-3.1,8.125
49.7,-2.9,6.73684210526316
49.7,-2.4,7.61904761904762
49.7,-2.3,7.23333333333333
49.7,-2,8.75
49.7,-1.9,8.75862068965517
49.7,-1.8,8.63333333333333
49.7,-1.7,8.35
49.7,-1.6,8.33333333333333
49.7,-1.5,8
49.7,-1.4,7.70588235294118
49.7,-1.3,8.125
49.7,-1.2,8
49.7,-1,8.2
49.7,-0.9,7.38461538461539
49.7,0.1,8
49.7,0.2,8
49.7,0.4,0
49.7,0.9,7
49.7,1,7.90909090909091
49.7,1.1,7.5
49.7,1.2,8
49.7,1.3,8
49.7,1.4,8.33333333333333
49.7,2,8.86666666666667
49.7,2.1,4.21052631578947
49.7,2.2,7.9375
49.7,2.3,7.95238095238095
49.7,2.4,7.8
49.7,2.5,8
49.7,2.6,8
49.7,2.7,7.57894736842105
49.7,2.8,8
49.7,2.9,8
49.7,3.1,8
49.7,3.2,8
49.7,3.3,8
49.7,3.4,8
49.7,3.6,8
49.7,3.7,8
49.7,3.8,7
49.7,5.5,8
49.7,5.6,8
49.7,5.7,8.05
49.7,5.8,8
49.7,5.9,1.21739130434783
49.7,6,4.02173913043478
49.7,6.1,4.44444444444444
49.7,6.2,7.75
49.7,6.3,8
49.7,6.4,7.73333333333333
49.7,6.5,8
49.7,6.6,7.70833333333333
49.7,6.7,8
49.7,6.8,8
49.7,6.9,7.68
49.7,7,7.87719298245614
49.7,7.1,4.57142857142857
49.7,7.2,8
49.7,7.3,8
49.7,7.4,8
49.7,7.5,8
49.7,7.6,8
49.7,7.7,8
49.7,7.8,8
49.7,7.9,8
49.7,8.1,8
49.7,8.3,0
49.7,8.4,0.754716981132076
49.7,8.5,0.695652173913043
49.7,9,8
49.7,9.1,8.1304347826087
49.7,9.2,8
49.7,9.3,7.98076923076923
49.7,9.4,7.85714285714286
49.7,9.5,8
49.7,9.6,8.04081632653061
49.7,9.7,8.06779661016949
49.7,9.8,7.97826086956522
49.7,9.9,8
49.7,10,8
49.7,10.1,8
49.7,10.2,8
49.7,10.3,8
49.7,10.4,8.8421052631579
49.7,10.5,9.48571428571429
49.7,10.6,8
49.7,10.7,8
49.7,10.8,8
49.7,10.9,8
49.7,11,8
49.7,11.1,7.55555555555556
49.7,11.2,8
49.7,11.3,8.58333333333333
49.7,11.4,8.28571428571429
49.7,11.5,8.25
49.7,11.6,8.33333333333333
49.7,11.7,8
49.7,11.8,8.125
49.7,11.9,8
49.7,12.1,8.16666666666667
49.7,12.2,8
49.7,12.3,7.84444444444444
49.7,12.4,8
49.7,12.5,8
49.7,12.6,8
49.7,12.7,8
49.7,12.8,7.88888888888889
49.7,13,8
49.7,13.3,0
49.7,13.8,0
49.7,13.9,8
49.7,14,8
49.7,14.1,8
49.7,14.2,7.33333333333333
49.7,14.3,8
49.7,14.6,7.75
49.7,15.3,2.66666666666667
49.7,15.6,8
49.7,15.7,8
49.7,15.9,7.2
49.7,16,8
49.7,16.3,8
49.7,16.4,8
49.7,16.8,8
49.7,16.9,8
49.7,17,8
49.7,17.1,8
49.7,17.2,8
49.7,17.6,7.2
49.7,17.7,8
49.7,17.8,8
49.7,17.9,8
49.7,18,8
49.7,18.1,4
49.7,18.2,7.42857142857143
49.7,18.4,8
49.7,18.5,7.36363636363636
49.7,18.6,8
49.7,19,8
49.7,19.1,8
49.7,19.2,7.52941176470588
49.7,19.9,8
49.7,20,8
49.7,20.5,0
49.7,20.6,7.38461538461539
49.7,20.9,8
49.7,21,8
49.7,22.2,7.22222222222222
49.7,22.3,8
49.8,-9.7,5.33333333333333
49.8,-9.6,7.2
49.8,-9.5,4
49.8,-9.4,6.4
49.8,-9.3,4
49.8,-8.2,4
49.8,-7.3,8
49.8,-5.3,8.5
49.8,-5.2,8
49.8,-4.4,8
49.8,-4.3,7.92307692307692
49.8,-4.2,7.63636363636364
49.8,-4.1,8
49.8,-3.5,8
49.8,-3.2,8
49.8,-3.1,8
49.8,-2.3,8
49.8,-2.2,5.72222222222222
49.8,-2,8.97222222222222
49.8,-1.8,8
49.8,-1.7,8
49.8,-1.6,8
49.8,-1.4,8.07142857142857
49.8,-1.3,8
49.8,-1.2,8.07142857142857
49.8,-0.9,8
49.8,0,8
49.8,0.1,8
49.8,0.7,8
49.8,0.8,7.06666666666667
49.8,0.9,8
49.8,1,8
49.8,1.1,8
49.8,1.2,8
49.8,1.3,8
49.8,1.7,8
49.8,1.8,8
49.8,2,8.11764705882353
49.8,2.1,5.58333333333333
49.8,2.2,7.65
49.8,2.3,8
49.8,2.4,7.94736842105263
49.8,2.5,8
49.8,2.6,8.06666666666667
49.8,2.7,8
49.8,2.8,8.05555555555556
49.8,2.9,8
49.8,3.2,7.92307692307692
49.8,3.3,8
49.8,3.4,8.33333333333333
49.8,3.5,8.25714285714286
49.8,3.6,8
49.8,3.7,8
49.8,5.8,7.42857142857143
49.8,5.9,7.66666666666667
49.8,6,8.4468085106383
49.8,6.1,8.25925925925926
49.8,6.2,6.49473684210526
49.8,6.3,5.89320388349515
49.8,6.4,7.57894736842105
49.8,6.5,8
49.8,6.6,7.85714285714286
49.8,6.7,8
49.8,6.8,8
49.8,6.9,8
49.8,7,5.2962962962963
49.8,7.1,1.06666666666667
49.8,7.8,8
49.8,7.9,8
49.8,8,8
49.8,8.1,8
49.8,8.2,7.66666666666667
49.8,8.3,8
49.8,8.4,5.13333333333333
49.8,8.5,4.84821428571429
49.8,8.6,4.85714285714286
49.8,8.7,8
49.8,8.8,8
49.8,8.9,7.06976744186047
49.8,9,7.76470588235294
49.8,9.1,7.94736842105263
49.8,9.2,8
49.8,9.3,7.87719298245614
49.8,9.4,7.84905660377358
49.8,9.5,7.98039215686275
49.8,9.6,8
49.8,9.7,8
49.8,9.8,7.46666666666667
49.8,9.9,6.9375
49.8,10,8
49.8,10.1,8.05263157894737
49.8,10.2,8
49.8,10.3,8
49.8,10.4,7.68
49.8,10.5,7.82608695652174
49.8,10.6,8
49.8,10.7,8.10526315789474
49.8,10.8,8
49.8,10.9,7.90476190476191
49.8,11,8
49.8,11.1,8.04545454545454
49.8,11.2,8
49.8,11.3,8
49.8,11.4,8
49.8,11.5,8
49.8,11.6,8.27272727272727
49.8,11.7,8.07692307692308
49.8,11.8,8.1578947368421
49.8,11.9,8
49.8,12,7.65217391304348
49.8,12.1,7.72413793103448
49.8,12.2,8
49.8,12.3,8.05555555555556
49.8,12.9,8
49.8,13,8
49.8,13.1,8
49.8,13.2,8
49.8,13.6,8
49.8,13.7,8
49.8,13.8,7
49.8,13.9,8
49.8,14,0
49.8,14.2,8
49.8,14.3,8
49.8,15,8
49.8,15.3,5.03125
49.8,15.4,5.86666666666667
49.8,15.5,7.70967741935484
49.8,15.6,8
49.8,15.7,8
49.8,15.8,8
49.8,16.2,8
49.8,16.3,8
49.8,16.7,8
49.8,16.8,7.65217391304348
49.8,16.9,8
49.8,17.7,8
49.8,17.8,8
49.8,17.9,8
49.8,18,8
49.8,18.2,8
49.8,18.3,7.5
49.8,18.4,8
49.8,18.6,8
49.8,18.7,8
49.8,19,8
49.8,19.1,8
49.8,19.2,8
49.8,19.3,8
49.8,19.8,8
49.8,19.9,8.25
49.8,20,8
49.8,20.2,0
49.8,20.3,0.8
49.8,20.4,0
49.8,20.5,3.84
49.8,20.6,1.33333333333333
49.8,20.8,8
49.8,21,8
49.8,21.5,0
49.8,21.7,9
49.8,21.8,0
49.8,22.2,7.2
49.8,22.3,8
49.9,-21.4,0
49.9,-21.2,0
49.9,-21.1,0
49.9,-20.9,0
49.9,-10.5,6.66666666666667
49.9,-10.4,7
49.9,-10.3,5.33333333333333
49.9,-10.2,8
49.9,-10.1,8
49.9,-10,8
49.9,-9.9,8
49.9,-9.8,6.4
49.9,-9.7,6.22222222222222
49.9,-9.6,8
49.9,-9.5,6.85714285714286
49.9,-9.4,4.8
49.9,-9.3,4
49.9,-9.2,8
49.9,-9.1,3.83333333333333
49.9,-9,4
49.9,-8.3,5.81818181818182
49.9,-8.2,4.8
49.9,-7.3,8
49.9,-7.2,8
49.9,-7.1,8
49.9,-7,8
49.9,-5.3,7.6
49.9,-4.6,8
49.9,-4.5,8
49.9,-4.4,8.07142857142857
49.9,-4.3,8
49.9,-4.2,8
49.9,-3.5,7.9
49.9,-3.3,8
49.9,-3.2,8
49.9,-2.2,5.33333333333333
49.9,-2.1,8
49.9,-2,7.2
49.9,-1.7,8
49.9,-1.6,8.04545454545454
49.9,-1.3,7.46666666666667
49.9,-1.2,8
49.9,-0.9,8
49.9,-0.4,0
49.9,0,8
49.9,0.5,8
49.9,0.6,8
49.9,0.7,8
49.9,0.8,7.95238095238095
49.9,0.9,8
49.9,1,8
49.9,1.1,7.36363636363636
49.9,1.2,8
49.9,1.6,8.1
49.9,1.7,8
49.9,1.9,8.16666666666667
49.9,2,8.31578947368421
49.9,2.1,8
49.9,2.2,8
49.9,2.3,8.03846153846154
49.9,2.4,8
49.9,2.6,8
49.9,2.7,8
49.9,2.9,8
49.9,3.2,8
49.9,3.3,8.05357142857143
49.9,3.4,8.17647058823529
49.9,3.5,8
49.9,5.9,8
49.9,6,8.40740740740741
49.9,6.1,8.67142857142857
49.9,6.2,9.40540540540541
49.9,6.3,8
49.9,6.4,6
49.9,6.5,8
49.9,6.6,8.03703703703704
49.9,6.7,8
49.9,6.8,7.9
49.9,6.9,5.10714285714286
49.9,7,4.5
49.9,7.1,8
49.9,7.6,8
49.9,7.7,8
49.9,7.8,8
49.9,7.9,8
49.9,8,3.2
49.9,8.1,3.57894736842105
49.9,8.2,4.59259259259259
49.9,8.3,7.78947368421053
49.9,8.4,8
49.9,8.5,8
49.9,8.6,6.58620689655172
49.9,8.7,6.22222222222222
49.9,8.8,8
49.9,8.9,8
49.9,9,8
49.9,9.1,8
49.9,9.2,8
49.9,9.3,7.87301587301587
49.9,9.4,7.734375
49.9,9.5,8
49.9,9.6,8
49.9,9.7,8
49.9,10.1,8
49.9,10.2,7.875
49.9,10.3,8
49.9,10.4,8
49.9,10.5,8
49.9,10.6,8
49.9,10.7,8
49.9,10.8,7.48275862068965
49.9,10.9,8.02777777777778
49.9,11,8
49.9,11.1,8.07142857142857
49.9,11.2,8
49.9,11.3,8
49.9,11.4,8
49.9,11.5,8
49.9,11.6,8
49.9,11.7,8
49.9,12,8.57142857142857
49.9,12.1,8.45833333333333
49.9,12.2,8.33333333333333
49.9,12.7,8
49.9,12.8,8
49.9,12.9,8
49.9,13,8
49.9,13.1,8
49.9,13.2,8
49.9,13.3,8
49.9,13.4,8
49.9,13.5,8
49.9,13.6,8
49.9,13.9,8
49.9,14,8
49.9,14.3,8
49.9,14.4,8
49.9,14.9,8
49.9,15,8
49.9,15.1,8
49.9,15.2,8
49.9,15.3,4.33333333333333
49.9,15.4,8
49.9,15.5,8
49.9,15.6,8
49.9,15.9,8
49.9,16,8
49.9,16.1,8
49.9,16.2,8
49.9,16.3,9
49.9,16.4,8
49.9,16.5,8
49.9,16.6,8
49.9,16.7,8
49.9,16.8,8
49.9,16.9,8
49.9,17.1,8
49.9,17.2,8
49.9,17.3,8
49.9,17.7,7
49.9,17.8,8
49.9,17.9,8
49.9,18,8
49.9,18.1,8
49.9,18.2,7.27272727272727
49.9,18.3,7.88888888888889
49.9,18.4,8
49.9,18.5,8
49.9,18.6,7.23809523809524
49.9,18.7,7.2
49.9,18.8,8
49.9,19.2,8
49.9,19.3,8.02857142857143
49.9,19.4,8
49.9,19.5,8
49.9,19.6,7.46666666666667
49.9,19.7,8
49.9,19.8,8
49.9,19.9,8
49.9,20.3,8
49.9,20.4,8
49.9,20.8,8
49.9,21,7.38461538461539
49.9,21.1,8
49.9,21.2,7.88888888888889
49.9,21.3,5.33333333333333
49.9,21.4,0
49.9,21.5,0
49.9,21.6,6.24242424242424
49.9,21.7,9
49.9,21.8,0
49.9,21.9,0
49.9,22,6.4
49.9,22.2,7.88888888888889
49.9,22.3,7.11111111111111
49.9,22.4,8
50,-20.7,0
50,-20.6,0
50,-20.4,0
50,-20.3,0
50,-20,0
50,-11.4,1.33333333333333
50,-11.3,0
50,-11.2,0
50,-11.1,2.66666666666667
50,-11,1.33333333333333
50,-10.9,0
50,-10.8,4
50,-10.7,4
50,-10.6,5.33333333333333
50,-10.5,8
50,-10.4,5.6
50,-10.3,7.2
50,-10.2,7.11111111111111
50,-10.1,8
50,-8.3,7.46666666666667
50,-7.9,6.4
50,-7.8,7.11111111111111
50,-7.7,8
50,-7.6,7.11111111111111
50,-7,8
50,-6.9,8.125
50,-6.8,8
50,-6.7,8.125
50,-5.4,8
50,-5.3,8
50,-5.1,0
50,-5,0
50,-4.9,0
50,-4.8,8
50,-4.7,8
50,-4.6,8
50,-4.5,8
50,-4.4,8
50,-3.5,7.2
50,-3.4,8
50,-3.3,8
50,-2.2,2
50,-2.1,7.38461538461539
50,-1.6,8.1304347826087
50,-1.5,8
50,-1.3,8
50,-1.2,7.92857142857143
50,-0.9,8
50,-0.1,8
50,0,8
50,0.4,8
50,0.5,7.55555555555556
50,0.6,8
50,0.7,7.95
50,0.8,8
50,1,8.1
50,1.1,8
50,1.4,8.25
50,1.5,8.05555555555556
50,1.6,8
50,1.9,8.33333333333333
50,2,8
50,2.1,7.80487804878049
50,2.2,8
50,2.3,8
50,2.7,8
50,2.8,7.24324324324324
50,2.9,8.48
50,3,8
50,3.1,7.68181818181818
50,3.2,8.14634146341463
50,3.3,8.4
50,3.4,8
50,3.5,8
50,3.6,8.25
50,5.8,7.61904761904762
50,5.9,7.80769230769231
50,6,8.03030303030303
50,6.1,8
50,6.2,8
50,6.3,8
50,6.4,8.11111111111111
50,6.5,8
50,6.6,8
50,6.7,8
50,7.1,8
50,7.2,6.33333333333333
50,7.3,7.2
50,7.4,8
50,7.5,7.42857142857143
50,7.9,6.4
50,8,7.4
50,8.1,4.50649350649351
50,8.2,3.25
50,8.3,7.04651162790698
50,8.4,5.0609756097561
50,8.5,7.91075050709939
50,8.6,7.90092879256966
50,8.7,5.88888888888889
50,8.8,8
50,8.9,7.5
50,9,7.46428571428571
50,9.1,7.27272727272727
50,9.2,7.78846153846154
50,9.3,8
50,9.4,8.02777777777778
50,9.5,8.08333333333333
50,9.9,8
50,10,7.9
50,10.1,8
50,10.2,8
50,10.3,7.83333333333333
50,10.4,8
50,10.5,8
50,10.6,8
50,10.7,8
50,10.8,8
50,10.9,8
50,11,8
50,11.4,8
50,11.5,8
50,12,7.92307692307692
50,12.1,8
50,12.2,8.07142857142857
50,12.4,8
50,12.5,8
50,12.6,8
50,12.7,8
50,12.8,8
50,12.9,8
50,13,8
50,13.1,8
50,13.2,8
50,14,8
50,14.1,8
50,14.4,8
50,14.5,8
50,14.9,8
50,15,8
50,15.1,8
50,15.2,8
50,15.3,8
50,15.4,8
50,15.8,8
50,15.9,8
50,16,8
50,16.1,8
50,16.2,8
50,16.3,8
50,16.4,6.66666666666667
50,16.9,8
50,17,7
50,17.1,8
50,17.3,8
50,17.4,8
50,17.5,8.11111111111111
50,17.6,8
50,17.7,8
50,17.8,8
50,18.1,8
50,18.2,7.54545454545455
50,18.3,8
50,18.6,8
50,19.3,8.2
50,19.4,7.69230769230769
50,19.5,8
50,19.6,7.78571428571429
50,19.7,8
50,19.8,8
50,19.9,6.82352941176471
50,20,7.40740740740741
50,20.1,7.95238095238095
50,20.2,8
50,20.3,8
50,20.7,8
50,20.8,8
50,20.9,7.2
50,21,8.09090909090909
50,21.1,8
50,21.5,1.28571428571429
50,21.6,1
50,21.7,0
50,22,7.42857142857143
50,22.2,5.33333333333333
50,22.3,3.63636363636364
50.1,-10.6,7
50.1,-8.3,6.58823529411765
50.1,-7.5,8
50.1,-7.4,8
50.1,-7.3,7
50.1,-7.2,8
50.1,-7.1,8
50.1,-6.6,8
50.1,-6.5,8.125
50.1,-6.4,8
50.1,-6.3,8
50.1,-5.4,6.4
50.1,-5.2,0
50.1,-5,5.93333333333333
50.1,-4.9,7.46666666666667
50.1,-4.7,8
50.1,-4.6,8
50.1,-4.5,8
50.1,-3.5,8
50.1,-3.4,8.05263157894737
50.1,-2.2,8
50.1,-2.1,8
50.1,-1.5,8
50.1,-1.4,8.16666666666667
50.1,-1.3,8
50.1,-1.2,7.93333333333333
50.1,-1.1,8
50.1,-0.9,8
50.1,-0.4,0
50.1,-0.2,8
50.1,-0.1,8
50.1,0.2,8
50.1,0.3,8
50.1,0.4,7.42857142857143
50.1,0.5,8.08695652173913
50.1,0.6,8.05882352941176
50.1,0.7,8
50.1,0.9,8
50.1,1,8
50.1,1.3,8
50.1,1.4,8
50.1,1.8,8.125
50.1,1.9,8
50.1,2,8
50.1,2.1,7.82142857142857
50.1,2.2,8
50.1,2.5,8.8
50.1,2.6,8.5
50.1,2.7,8.61538461538461
50.1,2.8,8.06666666666667
50.1,2.9,8
50.1,3,8.23333333333333
50.1,3.1,8.46428571428571
50.1,3.2,1.5
50.1,3.3,0.6
50.1,3.4,8.25
50.1,3.5,7.97619047619048
50.1,3.6,7.65217391304348
50.1,3.7,4
50.1,5.6,8
50.1,5.7,8.05882352941176
50.1,5.8,8
50.1,6,8
50.1,6.1,8
50.1,6.2,8
50.1,6.3,8
50.1,6.4,8
50.1,6.5,8
50.1,6.6,8
50.1,6.7,8
50.1,6.9,8
50.1,7,7.27272727272727
50.1,7.1,8
50.1,7.2,8
50.1,7.3,8
50.1,7.4,7.42105263157895
50.1,7.5,8.09090909090909
50.1,7.6,8.22222222222222
50.1,7.7,8
50.1,7.8,8
50.1,7.9,8
50.1,8,7.8780487804878
50.1,8.1,8
50.1,8.2,8
50.1,8.3,8.63076923076923
50.1,8.4,8.06122448979592
50.1,8.5,8
50.1,8.6,8
50.1,8.7,7.90763052208835
50.1,8.8,7.88844621513944
50.1,8.9,7.82683982683983
50.1,9,8.00787401574803
50.1,9.1,6.95652173913043
50.1,9.2,7.84782608695652
50.1,9.3,7.30909090909091
50.1,9.4,8
50.1,9.5,8
50.1,9.7,8
50.1,9.8,8
50.1,9.9,8
50.1,10.2,8
50.1,10.3,8
50.1,10.4,8
50.1,10.5,8
50.1,10.6,8.11538461538461
50.1,10.7,8
50.1,11,8
50.1,11.1,8
50.1,11.2,8
50.1,11.3,8.09090909090909
50.1,11.4,8
50.1,11.9,8.14285714285714
50.1,12,8
50.1,12.1,8
50.1,12.2,8
50.1,12.3,7.875
50.1,12.4,8.11111111111111
50.1,12.5,8
50.1,12.6,8
50.1,12.7,8
50.1,12.8,8
50.1,13.1,8
50.1,13.5,8.08333333333333
50.1,13.6,8
50.1,13.7,8
50.1,13.8,7.61904761904762
50.1,13.9,7.95652173913043
50.1,14,8
50.1,14.1,7.92647058823529
50.1,14.2,7.74736842105263
50.1,14.3,7.1046511627907
50.1,14.4,8
50.1,14.5,8.85714285714286
50.1,14.6,8.57142857142857
50.1,14.7,8
50.1,14.8,7.63636363636364
50.1,14.9,8
50.1,15,8
50.1,15.1,8
50.1,15.2,8
50.1,15.3,8
50.1,15.6,8
50.1,15.7,8
50.1,15.8,8
50.1,15.9,8
50.1,16,8.05555555555556
50.1,16.1,8
50.1,16.7,8
50.1,16.8,8
50.1,16.9,8
50.1,17.6,8
50.1,17.7,8
50.1,17.9,0
50.1,18.2,3.5
50.1,18.3,8
50.1,18.4,8
50.1,18.5,8
50.1,18.6,0
50.1,19.4,8
50.1,19.5,8
50.1,19.6,8
50.1,19.7,8
50.1,19.8,7.98177083333333
50.1,19.9,7.80487804878049
50.1,20,5.83333333333333
50.1,20.1,3.53488372093023
50.1,20.2,2.08771929824561
50.1,20.3,3.11111111111111
50.1,20.4,4.38095238095238
50.1,20.5,8
50.1,20.6,8
50.1,20.7,7.125
50.1,20.8,8
50.1,21.1,7.38461538461539
50.1,21.5,2.77049180327869
50.1,21.6,0
50.1,21.7,0
50.1,21.8,0
50.1,22,7.8695652173913
50.1,22.1,8
50.1,22.2,5.64705882352941
50.1,22.3,1.86666666666667
50.1,22.4,2
50.2,-13.3,0
50.2,-13.2,0
50.2,-13,0
50.2,-12.9,0
50.2,-8.3,7.38461538461539
50.2,-7.1,6.85714285714286
50.2,-7,7.11111111111111
50.2,-6.9,6.22222222222222
50.2,-6.8,7
50.2,-6.7,8
50.2,-6.3,6.85714285714286
50.2,-6.2,8.11111111111111
50.2,-6.1,8
50.2,-6,8
50.2,-5.5,8
50.2,-5.4,8
50.2,-5,0
50.2,-4.9,8
50.2,-4.8,8
50.2,-4.7,8
50.2,-3.5,8
50.2,-3.4,8
50.2,-3.3,8
50.2,-2.1,8.33333333333333
50.2,-2,8
50.2,-1.9,8
50.2,-1.5,8
50.2,-1.4,8
50.2,-1.3,6.66666666666667
50.2,-1.2,8
50.2,-1.1,8
50.2,-0.9,8
50.2,-0.3,8
50.2,-0.2,8
50.2,-0.1,8
50.2,0.1,8
50.2,0.2,8
50.2,0.3,7.6
50.2,0.4,7.7037037037037
50.2,0.5,8
50.2,0.7,8
50.2,0.8,8
50.2,0.9,8
50.2,1.2,8
50.2,1.3,8.08333333333333
50.2,1.7,7.53846153846154
50.2,1.8,8.4
50.2,1.9,8
50.2,2,7.55555555555556
50.2,2.1,7.83720930232558
50.2,2.2,8
50.2,2.4,6.6
50.2,2.5,8.22222222222222
50.2,2.6,8
50.2,2.7,8
50.2,2.8,8
50.2,2.9,8.1875
50.2,3,8.36666666666667
50.2,3.1,8
50.2,3.2,8
50.2,3.3,1.1
50.2,3.5,8
50.2,3.6,7.11111111111111
50.2,3.7,8.1
50.2,3.8,0
50.2,5.5,8
50.2,5.6,7.85714285714286
50.2,5.7,8
50.2,5.8,8
50.2,5.9,8
50.2,6,8
50.2,6.1,8
50.2,6.2,8
50.2,6.3,8
50.2,6.4,8
50.2,6.5,8
50.2,6.6,8
50.2,6.7,8
50.2,6.8,8
50.2,6.9,8
50.2,7,8
50.2,7.1,8.33333333333333
50.2,7.2,7.75
50.2,7.3,8
50.2,7.4,8
50.2,7.5,8
50.2,7.6,8
50.2,7.7,8
50.2,7.8,8
50.2,7.9,8
50.2,8,7.05882352941176
50.2,8.1,8
50.2,8.2,8.25714285714286
50.2,8.3,7.57894736842105
50.2,8.4,8
50.2,8.5,8
50.2,8.6,7.52941176470588
50.2,8.8,8
50.2,8.9,8
50.2,9,6.96703296703297
50.2,9.1,7.14130434782609
50.2,9.2,7.68518518518519
50.2,9.3,7.77142857142857
50.2,9.4,7
50.2,9.5,8
50.2,9.6,8
50.2,9.7,7.27272727272727
50.2,9.8,8
50.2,9.9,8
50.2,10,8
50.2,10.1,8
50.2,10.2,6.4
50.2,10.4,8
50.2,10.5,8
50.2,10.6,8
50.2,10.7,8
50.2,10.8,8
50.2,11,8.33333333333333
50.2,11.1,7.63636363636364
50.2,11.2,8
50.2,11.4,8
50.2,11.6,7.35714285714286
50.2,11.7,8
50.2,11.8,8
50.2,11.9,7.40540540540541
50.2,12,6.91666666666667
50.2,12.1,6.61290322580645
50.2,12.2,7
50.2,12.3,8
50.2,12.4,6.66666666666667
50.2,12.9,0
50.2,13,6.4
50.2,13.1,8.02777777777778
50.2,13.2,8
50.2,13.3,8
50.2,13.4,8
50.2,13.5,8
50.2,13.9,0
50.2,14,0
50.2,14.1,8
50.2,14.4,8
50.2,14.5,7.66666666666667
50.2,14.6,8.38095238095238
50.2,14.7,8
50.2,14.8,8
50.2,14.9,8
50.2,15,8
50.2,15.2,8
50.2,15.5,8.14285714285714
50.2,15.6,8
50.2,15.7,8
50.2,15.8,8
50.2,15.9,7.46666666666667
50.2,16,8
50.2,16.1,8.125
50.2,16.2,8
50.2,16.3,8
50.2,16.4,8
50.2,16.5,8.1
50.2,16.6,8
50.2,16.7,8
50.2,16.8,8
50.2,16.9,8.14285714285714
50.2,17,8
50.2,17.1,8
50.2,17.2,8
50.2,17.3,8
50.2,17.4,8
50.2,17.5,8
50.2,17.6,8
50.2,18.4,6.9
50.2,18.5,7.66666666666667
50.2,18.6,8
50.2,19.2,7
50.2,19.3,7.78378378378378
50.2,19.4,8.05882352941176
50.2,19.5,8.09090909090909
50.2,19.6,8
50.2,19.7,8
50.2,19.8,6.66666666666667
50.2,19.9,5.41666666666667
50.2,20,5.84210526315789
50.2,20.1,6.11764705882353
50.2,20.2,6.97872340425532
50.2,20.3,3.27450980392157
50.2,20.4,1.77777777777778
50.2,20.8,8
50.2,21.1,8
50.2,21.2,8
50.2,21.4,8
50.2,21.5,5.95833333333333
50.2,21.9,4
50.2,22,3.73333333333333
50.2,22.1,3.42307692307692
50.2,22.2,4
50.2,22.3,4.03125
50.2,22.4,0
50.3,-12.7,0
50.3,-12.6,1.33333333333333
50.3,-12.5,1.77777777777778
50.3,-12.4,3
50.3,-12.3,4
50.3,-12.2,5.33333333333333
50.3,-12.1,6.33333333333333
50.3,-12,2.66666666666667
50.3,-11.9,2
50.3,-11.8,3.66666666666667
50.3,-11.7,8
50.3,-8.8,8
50.3,-8.7,8
50.3,-8.6,8
50.3,-8.5,6.2
50.3,-8.4,8
50.3,-8.3,7.59090909090909
50.3,-8.2,8
50.3,-6.7,8
50.3,-6.6,8
50.3,-6.5,8.11111111111111
50.3,-6.4,7.11111111111111
50.3,-6.3,7.5
50.3,-6,8
50.3,-5.9,8
50.3,-5.8,8
50.3,-5.7,8
50.3,-5.5,7.9
50.3,-5,8
50.3,-4.9,8
50.3,-3.5,8.03571428571429
50.3,-3.4,8
50.3,-3.3,8
50.3,-2,8.08333333333333
50.3,-1.9,7.11111111111111
50.3,-1.8,8
50.3,-1.4,8
50.3,-1.3,8
50.3,-1.2,8
50.3,-1,8
50.3,-0.9,7.46666666666667
50.3,-0.3,8
50.3,-0.2,8
50.3,-0.1,9.5
50.3,0,7.88888888888889
50.3,0.1,8
50.3,0.2,8.03846153846154
50.3,0.3,8.04347826086956
50.3,0.4,8
50.3,0.6,8
50.3,0.7,8
50.3,0.8,8
50.3,1,8
50.3,1.1,8.07894736842105
50.3,1.2,8
50.3,1.3,8
50.3,1.5,11
50.3,1.6,8
50.3,1.7,8
50.3,1.8,8.33333333333333
50.3,1.9,8
50.3,2,8
50.3,2.1,8
50.3,2.4,8
50.3,2.5,8
50.3,2.6,7.38461538461539
50.3,3,8
50.3,3.1,8
50.3,3.2,8
50.3,3.4,8.12195121951219
50.3,3.5,7.71428571428571
50.3,3.6,6.62857142857143
50.3,3.7,8
50.3,3.8,5.33333333333333
50.3,3.9,0
50.3,4,0
50.3,5.4,8
50.3,5.5,7.82608695652174
50.3,5.6,8
50.3,5.7,8
50.3,5.8,8
50.3,5.9,8.02702702702703
50.3,6,8
50.3,6.1,8
50.3,6.2,8
50.3,6.3,7.33333333333333
50.3,6.4,7.58620689655172
50.3,6.5,7.80487804878049
50.3,6.6,8.11111111111111
50.3,6.7,8
50.3,6.8,8
50.3,6.9,8
50.3,7,8
50.3,7.2,7.57894736842105
50.3,7.3,7.46666666666667
50.3,7.4,7.61538461538461
50.3,7.5,8.46153846153846
50.3,7.6,8
50.3,7.7,8
50.3,7.8,8
50.3,7.9,8
50.3,8.1,5.09090909090909
50.3,8.2,3.65217391304348
50.3,8.3,2.41860465116279
50.3,8.4,8
50.3,8.5,8
50.3,8.6,8
50.3,8.7,8
50.3,8.8,8.18181818181818
50.3,8.9,6.1
50.3,9,5.91428571428571
50.3,9.1,7.96551724137931
50.3,9.2,8
50.3,9.3,8.0625
50.3,9.4,7.97297297297297
50.3,9.5,8
50.3,10.3,8
50.3,10.4,8
50.3,10.7,8
50.3,10.8,8
50.3,10.9,8
50.3,11,7.90909090909091
50.3,11.1,8
50.3,11.2,8
50.3,11.3,8
50.3,11.4,7.96296296296296
50.3,11.5,8
50.3,11.6,8
50.3,11.7,5.94444444444444
50.3,11.8,6.96551724137931
50.3,11.9,8.09433962264151
50.3,12,8.42857142857143
50.3,12.1,7.39130434782609
50.3,13.1,8
50.3,13.9,8
50.3,14,8
50.3,14.1,8
50.3,14.2,3.71428571428571
50.3,14.3,3.26229508196721
50.3,14.5,9
50.3,14.6,8.45238095238095
50.3,14.7,8
50.3,14.8,8.0625
50.3,14.9,8
50.3,15,8
50.3,15.1,8
50.3,15.3,8
50.3,15.4,8
50.3,15.5,8
50.3,15.6,8
50.3,15.7,8
50.3,16.2,8
50.3,16.3,7.88888888888889
50.3,16.4,8
50.3,16.9,8
50.3,17,8
50.3,17.5,8
50.3,18.2,7.53846153846154
50.3,18.3,6.18181818181818
50.3,18.4,6
50.3,18.5,8
50.3,18.6,8
50.3,18.7,8.29411764705882
50.3,18.8,9
50.3,18.9,8.94117647058824
50.3,19,8.11111111111111
50.3,19.1,7.71428571428571
50.3,19.2,7.74193548387097
50.3,19.3,8
50.3,19.6,8
50.3,19.8,8
50.3,19.9,7.65217391304348
50.3,20,7.38461538461539
50.3,20.8,8
50.3,21.2,8
50.3,21.4,9
50.3,21.5,7.4
50.3,21.6,0
50.3,22.1,8
50.3,22.2,4
50.3,22.3,6.2
50.4,-11.7,4
50.4,-11.6,8
50.4,-9.5,8
50.4,-9.4,8
50.4,-9.3,6.66666666666667
50.4,-9.2,8
50.4,-9.1,8
50.4,-9,8
50.4,-8.9,8
50.4,-8.8,6.4
50.4,-8.6,8
50.4,-8.5,8
50.4,-8.4,8
50.4,-8.3,8
50.4,-8.2,6.66666666666667
50.4,-8.1,8
50.4,-7.1,8
50.4,-7,8
50.4,-6.9,8
50.4,-6.8,8
50.4,-6.7,8
50.4,-6.3,8
50.4,-6.2,8
50.4,-5.7,8
50.4,-5.6,8
50.4,-5,8.4078947368421
50.4,-4.9,10
50.4,-4,7.5
50.4,-3.9,7
50.4,-3.5,8
50.4,-3.3,8
50.4,-3.2,8
50.4,-2,8
50.4,-1.9,8
50.4,-1.8,7.94117647058824
50.4,-1.7,8
50.4,-1.4,8
50.4,-1.3,8
50.4,-1.2,8.07407407407407
50.4,-1.1,8.13333333333333
50.4,-1,8
50.4,-0.9,8.02564102564103
50.4,-0.8,8
50.4,-0.4,8
50.4,-0.3,8.06666666666667
50.4,-0.2,8
50.4,-0.1,8
50.4,0,8
50.4,0.1,8.05882352941176
50.4,0.2,8
50.4,0.3,8
50.4,0.5,8
50.4,0.6,8
50.4,0.9,7.78378378378378
50.4,1,8
50.4,1.1,8
50.4,1.2,8
50.4,1.3,8
50.4,1.6,8.22222222222222
50.4,1.7,8.07142857142857
50.4,1.8,8.18181818181818
50.4,1.9,7.61904761904762
50.4,2,7.875
50.4,2.3,7.90909090909091
50.4,2.4,8
50.4,2.5,8
50.4,3.1,8
50.4,3.2,8
50.4,3.3,8
50.4,3.6,8
50.4,3.7,7.83928571428571
50.4,3.8,8
50.4,3.9,8
50.4,4,8
50.4,4.4,8
50.4,4.5,8
50.4,4.6,8
50.4,4.8,0
50.4,5.2,8
50.4,5.3,8
50.4,5.4,7.97222222222222
50.4,5.5,8
50.4,5.6,8
50.4,5.7,8
50.4,5.8,8
50.4,5.9,8.04
50.4,6,8
50.4,6.1,7.51851851851852
50.4,6.2,7.58536585365854
50.4,6.3,8
50.4,6.4,7.2
50.4,6.5,8
50.4,6.6,7.57894736842105
50.4,6.7,8
50.4,6.8,8
50.4,6.9,8
50.4,7,7.46666666666667
50.4,7.1,8
50.4,7.2,5.89473684210526
50.4,7.3,1.77777777777778
50.4,7.4,8
50.4,7.5,8.75
50.4,7.6,8.32786885245902
50.4,7.7,8
50.4,7.8,8
50.4,7.9,5.91304347826087
50.4,8,8
50.4,8.1,8.5
50.4,8.2,2.66666666666667
50.4,8.4,9.23529411764706
50.4,8.5,8.52173913043478
50.4,8.6,8.06451612903226
50.4,8.7,8
50.4,8.8,8.32352941176471
50.4,8.9,5.24242424242424
50.4,9,7.11111111111111
50.4,9.1,7.96153846153846
50.4,9.2,8
50.4,9.4,8.03333333333333
50.4,9.5,7.83333333333333
50.4,9.6,7.57894736842105
50.4,9.7,8
50.4,9.8,8
50.4,10.1,8
50.4,10.2,8
50.4,10.3,8
50.4,10.4,8
50.4,10.5,8.1
50.4,10.6,8
50.4,10.7,8
50.4,10.8,8
50.4,10.9,7.875
50.4,11,8
50.4,11.1,8
50.4,11.2,8
50.4,11.3,8.06666666666667
50.4,11.4,8.09090909090909
50.4,11.5,8
50.4,11.6,8
50.4,11.8,8
50.4,11.9,8.09090909090909
50.4,13.1,7.92857142857143
50.4,13.6,8
50.4,13.9,0
50.4,14.1,8
50.4,14.2,8
50.4,14.3,8
50.4,14.5,8
50.4,14.6,8
50.4,14.7,8
50.4,14.8,8
50.4,14.9,8.5
50.4,15.1,8
50.4,15.2,8
50.4,15.3,8.16666666666667
50.4,15.4,8
50.4,15.5,7.83333333333333
50.4,15.8,8
50.4,15.9,8
50.4,16,8
50.4,16.1,8
50.4,16.2,8
50.4,17,8
50.4,17.4,8
50.4,17.5,8
50.4,18,8
50.4,18.1,7.04545454545455
50.4,18.2,6
50.4,18.7,8
50.4,18.8,8
50.4,18.9,8
50.4,19,8.23076923076923
50.4,19.1,8
50.4,19.6,8
50.4,19.7,8
50.4,19.9,8
50.4,20,7.38461538461539
50.4,20.8,8
50.4,21.2,8
50.4,21.3,8
50.4,21.4,8.91304347826087
50.4,22.1,7.61538461538461
50.4,22.3,5.53846153846154
50.4,22.4,6.45454545454545
50.5,-10.4,8.5
50.5,-10.3,8
50.5,-10.2,8
50.5,-10.1,6.66666666666667
50.5,-10,8
50.5,-9.9,8.2
50.5,-9.8,8
50.5,-9.7,8.16666666666667
50.5,-9.6,8
50.5,-9.1,8
50.5,-9,8
50.5,-8.9,8
50.5,-8.8,8
50.5,-8,8
50.5,-7.9,8
50.5,-7.8,8
50.5,-7.7,8
50.5,-7.6,8
50.5,-7.5,8
50.5,-7.4,8
50.5,-7.3,8
50.5,-7.2,8
50.5,-7.1,7
50.5,-7,8
50.5,-6.9,8
50.5,-6.8,8
50.5,-6.7,8
50.5,-6.6,6.66666666666667
50.5,-6.5,6.66666666666667
50.5,-6.4,8
50.5,-6.3,8
50.5,-6.1,8
50.5,-6,8
50.5,-5.7,8
50.5,-5.6,8
50.5,-5.1,8
50.5,-5,8
50.5,-4.7,8.96078431372549
50.5,-4.6,9
50.5,-4.1,8
50.5,-4,7.66666666666667
50.5,-3.5,7.60869565217391
50.5,-3.2,8
50.5,-1.9,8
50.5,-1.8,8
50.5,-1.7,7.46666666666667
50.5,-1.6,8
50.5,-1.5,8
50.5,-1.4,8
50.5,-1.3,8
50.5,-1.2,8
50.5,-1.1,8
50.5,-0.9,8
50.5,-0.8,8
50.5,-0.4,8
50.5,-0.3,8
50.5,-0.2,8
50.5,-0.1,8
50.5,0,8
50.5,0.1,7.57894736842105
50.5,0.2,7.75
50.5,0.4,7.42857142857143
50.5,0.5,7.46666666666667
50.5,0.7,8
50.5,0.8,7.94339622641509
50.5,0.9,8
50.5,1,8
50.5,1.1,8
50.5,1.5,8
50.5,1.6,8
50.5,1.7,8.05555555555556
50.5,1.8,8
50.5,2.2,6.84210526315789
50.5,2.3,7.27272727272727
50.5,2.4,8
50.5,2.7,9
50.5,2.8,8.5
50.5,3.2,8
50.5,3.3,8.2
50.5,3.4,8
50.5,3.7,8.13333333333333
50.5,3.8,8
50.5,3.9,8
50.5,4,8
50.5,4.1,8
50.5,4.4,8.31578947368421
50.5,4.5,7.5
50.5,4.6,0
50.5,4.7,8
50.5,5,8
50.5,5.1,8
50.5,5.2,7.83928571428571
50.5,5.3,7.72413793103448
50.5,5.4,8
50.5,5.5,8
50.5,5.6,8
50.5,5.7,8
50.5,5.8,7.67647058823529
50.5,5.9,7.62962962962963
50.5,6,7.86666666666667
50.5,6.1,7.94736842105263
50.5,6.2,8
50.5,6.3,8
50.5,6.4,8
50.5,6.5,8
50.5,6.6,8
50.5,6.7,8
50.5,6.8,8
50.5,6.9,8
50.5,7,8
50.5,7.1,7.875
50.5,7.2,1.70491803278689
50.5,7.3,3.25531914893617
50.5,7.4,8.91666666666667
50.5,7.5,4.13793103448276
50.5,7.6,5.88095238095238
50.5,7.7,4.38613861386139
50.5,7.8,4.21621621621622
50.5,7.9,4
50.5,8,8
50.5,8.1,8.21052631578947
50.5,8.2,9.71428571428571
50.5,8.3,8.55555555555556
50.5,8.4,8.15384615384615
50.5,8.5,8
50.5,8.6,8
50.5,8.8,8.4
50.5,8.9,8
50.5,9,8
50.5,9.1,8
50.5,9.2,7.5
50.5,9.3,7.2
50.5,9.4,8
50.5,9.5,8
50.5,9.6,7.75
50.5,9.7,7.69230769230769
50.5,9.8,8
50.5,9.9,4
50.5,10,4.30769230769231
50.5,10.1,8
50.5,10.2,8
50.5,10.3,7.88888888888889
50.5,10.4,8.11111111111111
50.5,10.5,8
50.5,10.6,8
50.5,10.7,8
50.5,10.8,8
50.5,11.2,8
50.5,11.3,8
50.5,11.4,8
50.5,11.5,8
50.5,11.8,5.33333333333333
50.5,13,8
50.5,13.1,8
50.5,13.6,8
50.5,13.7,8
50.5,13.8,8
50.5,13.9,7
50.5,14.3,8
50.5,14.4,7.91666666666667
50.5,14.5,8
50.5,14.6,8
50.5,14.7,8
50.5,14.8,8
50.5,14.9,7
50.5,15,7.38461538461539
50.5,15.1,8
50.5,15.2,8
50.5,15.3,8
50.5,15.5,8
50.5,15.6,8
50.5,15.7,8
50.5,15.8,8
50.5,17,8
50.5,17.1,8
50.5,17.2,5.33333333333333
50.5,17.3,8
50.5,17.4,8
50.5,17.8,8
50.5,17.9,7.05555555555556
50.5,18,6.66666666666667
50.5,18.9,8
50.5,19,8
50.5,19.1,8
50.5,19.7,8
50.5,19.8,8
50.5,20,8
50.5,20.1,7.33333333333333
50.5,20.8,8
50.5,21.3,8
50.5,22.1,8
50.5,22.3,4.66666666666667
50.5,22.4,6.66666666666667
50.6,-10.6,8
50.6,-10.5,6.5
50.6,-10.4,6
50.6,-8.8,8
50.6,-8.7,8
50.6,-8.6,8
50.6,-8.5,8
50.6,-8.4,8
50.6,-8.3,7.11111111111111
50.6,-8.2,8
50.6,-8.1,8
50.6,-8,8
50.6,-7.9,7.46666666666667
50.6,-7.8,8
50.6,-7.7,8
50.6,-7.6,8
50.6,-7.5,8
50.6,-7,8
50.6,-6.9,8
50.6,-6.8,8
50.6,-6.2,8
50.6,-6.1,8
50.6,-5.7,8.44444444444444
50.6,-5,8
50.6,-4.9,8
50.6,-4.8,0
50.6,-4.7,0
50.6,-4.2,7
50.6,-4.1,7.5
50.6,-3.6,4.44444444444444
50.6,-3.5,7.36
50.6,-3.2,8
50.6,-1.8,8
50.6,-1.7,8
50.6,-1.6,8
50.6,-1.5,8
50.6,-1.4,0
50.6,-1.3,2.66666666666667
50.6,-1.2,6.76470588235294
50.6,-1.1,4.125
50.6,-0.9,8
50.6,-0.8,8.06976744186047
50.6,-0.7,8
50.6,-0.5,8.22222222222222
50.6,-0.4,8
50.6,-0.2,8
50.6,-0.1,8
50.6,0,8
50.6,0.1,8
50.6,0.3,8.25925925925926
50.6,0.4,8
50.6,0.6,8.2
50.6,0.7,7.86274509803922
50.6,0.8,8
50.6,0.9,7.70833333333333
50.6,1,8
50.6,1.3,8
50.6,1.4,8
50.6,1.5,8
50.6,1.6,8.03571428571429
50.6,1.7,8
50.6,2.1,8
50.6,2.2,8
50.6,2.5,4.92307692307692
50.6,2.6,7.35714285714286
50.6,2.7,8.35294117647059
50.6,2.9,0
50.6,3,2.14285714285714
50.6,3.3,8.07692307692308
50.6,3.4,8
50.6,3.5,8.03846153846154
50.6,3.6,8
50.6,3.8,8
50.6,3.9,8
50.6,4,8
50.6,4.1,8.08333333333333
50.6,4.2,8
50.6,4.3,8
50.6,4.4,8.67441860465116
50.6,4.5,9
50.6,4.8,8
50.6,4.9,8.08695652173913
50.6,5,8.01470588235294
50.6,5.1,8
50.6,5.2,8
50.6,5.3,7.91379310344828
50.6,5.4,8
50.6,5.5,8
50.6,5.6,7.8
50.6,5.7,7.38709677419355
50.6,5.8,7.83928571428571
50.6,5.9,8
50.6,6,7.71428571428571
50.6,6.1,8
50.6,6.2,8
50.6,6.3,8.1
50.6,6.4,8
50.6,6.5,8
50.6,6.6,8
50.6,6.7,8
50.6,6.8,8.04166666666667
50.6,6.9,8
50.6,7,8.6551724137931
50.6,7.1,8.71428571428571
50.6,7.2,8.69230769230769
50.6,7.3,8.44
50.6,7.4,8.44
50.6,7.5,7.7741935483871
50.6,7.6,8
50.6,7.7,8.48387096774194
50.6,7.8,1.09090909090909
50.6,7.9,8.16
50.6,8,8.45161290322581
50.6,8.1,8.33333333333333
50.6,8.2,8
50.6,8.3,1.51351351351351
50.6,8.4,1.37142857142857
50.6,8.8,1.61818181818182
50.6,8.9,6
50.6,9,4.63636363636364
50.6,9.1,8.23076923076923
50.6,9.2,7.46428571428571
50.6,9.3,8
50.6,9.4,8
50.6,9.5,7.5
50.6,9.6,8
50.6,9.7,8
50.6,9.8,8
50.6,9.9,8
50.6,10,7.94594594594595
50.6,10.1,8
50.6,10.2,7.90909090909091
50.6,10.3,8
50.6,10.4,7.96153846153846
50.6,10.5,8
50.6,10.6,8
50.6,11.3,8
50.6,11.4,8
50.6,11.5,8.08333333333333
50.6,11.8,0
50.6,13,8
50.6,13.1,7.74193548387097
50.6,13.9,8
50.6,14,8.11111111111111
50.6,14.1,8
50.6,14.2,7.27272727272727
50.6,14.3,8
50.6,14.5,7.61904761904762
50.6,14.6,8
50.6,14.7,8.08333333333333
50.6,14.8,8
50.6,14.9,8
50.6,15,8
50.6,15.1,7.55555555555556
50.6,16.9,8
50.6,17,8.11111111111111
50.6,17.1,8
50.6,17.2,8
50.6,17.3,8.07142857142857
50.6,17.6,8
50.6,17.7,7.35294117647059
50.6,17.8,6.66666666666667
50.6,17.9,6
50.6,19.8,7.33333333333333
50.6,19.9,8
50.6,20.1,8
50.6,20.2,8
50.6,20.7,8
50.6,20.8,8
50.6,22.1,8
50.6,22.3,4.30769230769231
50.6,22.4,3.63636363636364
50.7,-8.4,5.33333333333333
50.7,-8.3,8
50.7,-8.2,8
50.7,-8.1,8
50.7,-8,8
50.7,-7.2,6.4
50.7,-7.1,8
50.7,-7,8
50.7,-6.6,8
50.7,-6.5,8
50.7,-6.3,8
50.7,-6.2,8
50.7,-5.8,6.66666666666667
50.7,-5.7,8
50.7,-4.7,0
50.7,-4.6,0
50.7,-4.5,0
50.7,-4.3,7.25
50.7,-4.2,7.125
50.7,-3.6,8
50.7,-3.5,0.210526315789474
50.7,-3.4,4.75675675675676
50.7,-3.3,8
50.7,-3.2,8
50.7,-3.1,6.72727272727273
50.7,-1.7,8
50.7,-1.6,8
50.7,-1.5,8.66666666666667
50.7,-1.4,8.72222222222222
50.7,-1.3,2.66666666666667
50.7,-1.2,7.06060606060606
50.7,-1.1,3.07692307692308
50.7,-1,4.53333333333333
50.7,-0.9,4
50.7,-0.8,6.33870967741935
50.7,-0.7,7.26315789473684
50.7,-0.6,8
50.7,-0.5,7.66666666666667
50.7,-0.2,7.42857142857143
50.7,-0.1,8
50.7,0.1,2.33333333333333
50.7,0.2,3.81132075471698
50.7,0.3,1.7
50.7,0.5,8
50.7,0.6,7.69230769230769
50.7,0.7,8
50.7,0.8,7.74193548387097
50.7,1.3,8.5
50.7,1.4,8
50.7,1.5,7.93548387096774
50.7,1.6,8
50.7,2.8,8
50.7,2.9,0
50.7,3,8.35294117647059
50.7,3.1,8.875
50.7,3.3,9
50.7,3.4,8.86
50.7,3.5,6.44186046511628
50.7,3.6,8
50.7,3.7,8
50.7,3.9,1.6
50.7,4,8.0625
50.7,4.1,8
50.7,4.2,8
50.7,4.3,8
50.7,4.4,8.7843137254902
50.7,4.5,8.47058823529412
50.7,4.6,8
50.7,4.7,8
50.7,4.8,7.9041095890411
50.7,4.9,8
50.7,5,8
50.7,5.1,8
50.7,5.2,8
50.7,5.3,8
50.7,5.4,6.95652173913043
50.7,5.5,7.55172413793103
50.7,5.6,7.36363636363636
50.7,5.7,5.6
50.7,5.8,8
50.7,5.9,8
50.7,6,8.04545454545454
50.7,6.1,8
50.7,6.2,7.75
50.7,6.3,8
50.7,6.4,8
50.7,6.6,8
50.7,6.7,8
50.7,6.8,8
50.7,6.9,8
50.7,7,8.80555555555556
50.7,7.1,8.86666666666667
50.7,7.2,8
50.7,7.3,7.62962962962963
50.7,7.4,8
50.7,7.5,8
50.7,7.6,8
50.7,7.7,8.71428571428571
50.7,7.8,8.53658536585366
50.7,7.9,8.31818181818182
50.7,8,8.125
50.7,8.1,6.8695652173913
50.7,8.2,0
50.7,8.3,0
50.7,8.8,0.96551724137931
50.7,9.1,3.26666666666667
50.7,9.2,4.23076923076923
50.7,9.3,5.88524590163934
50.7,9.4,4.6969696969697
50.7,9.5,1.08
50.7,9.6,4.68965517241379
50.7,9.7,8
50.7,9.8,8
50.7,9.9,8
50.7,10,8
50.7,10.1,8.02777777777778
50.7,10.2,8
50.7,10.3,8
50.7,10.4,8
50.7,10.6,8
50.7,10.7,8
50.7,10.8,8
50.7,10.9,8
50.7,11,8
50.7,11.1,8
50.7,11.3,8
50.7,11.4,8.04347826086956
50.7,11.5,8.07692307692308
50.7,11.6,8
50.7,12.4,0
50.7,12.5,0
50.7,13.1,7.53125
50.7,13.2,6
50.7,14.3,8
50.7,14.4,8
50.7,14.5,8
50.7,14.6,8
50.7,14.7,8
50.7,14.8,8
50.7,14.9,8
50.7,15,1.12280701754386
50.7,15.1,8
50.7,15.2,7.5
50.7,15.3,8
50.7,16.7,8
50.7,16.8,8
50.7,16.9,8
50.7,17.2,8
50.7,17.4,5.33333333333333
50.7,17.5,7.26666666666667
50.7,17.6,6.94117647058824
50.7,17.7,6
50.7,19.5,7.83333333333333
50.7,19.6,8
50.7,19.9,8
50.7,20.2,8
50.7,20.7,8
50.7,20.8,8.125
50.7,22.1,6.66666666666667
50.7,22.2,6.85714285714286
50.7,22.3,7.46153846153846
50.7,22.4,3
50.7,22.5,9
50.8,-8.9,8
50.8,-8.8,8
50.8,-8.7,6.85714285714286
50.8,-8.6,5.33333333333333
50.8,-8.5,8
50.8,-8.4,8
50.8,-7.5,7.2
50.8,-7.4,6.4
50.8,-7.3,7.2
50.8,-6.5,8
50.8,-6.4,8
50.8,-6.3,8
50.8,-6.2,8
50.8,-6.1,8
50.8,-6,8.06666666666667
50.8,-5.9,8
50.8,-5.8,7.52941176470588
50.8,-5.7,8
50.8,-5.6,8
50.8,-5.5,8
50.8,-4.4,5.6
50.8,-4.3,7.28571428571429
50.8,-4.1,8
50.8,-3.6,8
50.8,-3.4,7.03030303030303
50.8,-3.3,0
50.8,-3.2,8.45454545454546
50.8,-3.1,8.32432432432432
50.8,-1.9,8
50.8,-1.8,7.55555555555556
50.8,-1.6,8
50.8,-1.5,8
50.8,-1.4,8.72727272727273
50.8,-1.3,7.06779661016949
50.8,-1.2,7.77777777777778
50.8,-1.1,2.94736842105263
50.8,-1,3.33333333333333
50.8,-0.9,4.6875
50.8,-0.8,6.96774193548387
50.8,-0.7,7.74324324324324
50.8,-0.6,8
50.8,-0.3,7.57894736842105
50.8,-0.2,8
50.8,-0.1,2.34146341463415
50.8,0,4.18181818181818
50.8,0.1,4.97435897435897
50.8,0.2,0
50.8,0.3,7
50.8,0.4,7.79487179487179
50.8,0.5,8.01666666666667
50.8,0.6,8.18367346938776
50.8,0.8,8.04347826086956
50.8,0.9,8
50.8,1,9
50.8,1.3,8
50.8,1.4,7.60714285714286
50.8,1.5,8
50.8,3.5,8.5
50.8,3.6,8
50.8,3.7,8
50.8,3.8,7.97674418604651
50.8,3.9,4.23529411764706
50.8,4,4.21875
50.8,4.1,8
50.8,4.2,8
50.8,4.3,7.93333333333333
50.8,4.4,7.86792452830189
50.8,4.5,7.95294117647059
50.8,4.6,8.0125
50.8,4.7,8
50.8,4.8,7.75384615384615
50.8,4.9,8
50.8,5,8
50.8,5.1,8
50.8,5.2,8
50.8,5.3,8
50.8,5.4,7.73333333333333
50.8,5.5,8
50.8,5.6,8
50.8,5.7,7.40740740740741
50.8,5.8,7.52941176470588
50.8,5.9,8
50.8,6,7.88888888888889
50.8,6.1,8
50.8,6.2,6.54545454545455
50.8,6.3,8
50.8,6.4,7.9
50.8,6.5,8
50.8,6.6,8
50.8,6.7,8.1
50.8,6.8,8
50.8,6.9,8.40909090909091
50.8,7,8.07692307692308
50.8,7.1,8.3421052631579
50.8,7.2,7.06818181818182
50.8,7.3,8
50.8,7.4,8.28571428571429
50.8,7.5,8.83870967741935
50.8,7.6,8.36170212765957
50.8,7.7,7.63636363636364
50.8,7.8,8
50.8,8.7,0
50.8,8.8,0
50.8,9.3,7.83333333333333
50.8,9.4,8.03846153846154
50.8,9.5,8
50.8,9.6,4.5
50.8,9.7,7.875
50.8,9.8,8
50.8,9.9,8
50.8,10,8
50.8,10.1,8
50.8,10.2,7.91666666666667
50.8,10.3,8
50.8,10.4,8
50.8,10.5,8
50.8,11.1,8
50.8,11.2,8.1
50.8,11.3,8
50.8,11.4,8.04761904761905
50.8,11.5,8
50.8,11.6,8
50.8,11.7,8
50.8,12.8,0
50.8,13.1,8
50.8,13.2,8
50.8,13.3,8
50.8,14.1,8
50.8,14.2,8
50.8,14.3,8
50.8,14.4,8
50.8,14.5,8
50.8,14.6,8
50.8,14.7,8
50.8,14.8,8
50.8,14.9,8
50.8,15,8
50.8,15.2,8
50.8,15.3,8
50.8,15.4,8
50.8,15.5,8
50.8,15.6,8
50.8,16.6,8
50.8,16.7,8
50.8,17.2,8
50.8,17.3,7.81818181818182
50.8,17.4,6.88888888888889
50.8,17.5,6
50.8,19.4,8
50.8,19.5,8
50.8,20.7,8
50.8,20.8,8
50.8,21.3,1
50.8,21.4,2.81818181818182
50.8,21.5,7.2
50.8,22.2,7.73076923076923
50.8,22.3,8
50.8,22.5,5.18181818181818
50.9,-9.1,8
50.9,-9,8
50.9,-8.9,8
50.9,-7.8,8
50.9,-7.7,8
50.9,-7.6,8.1
50.9,-7.5,8
50.9,-6.5,8
50.9,-6.4,8
50.9,-5.9,8
50.9,-5.8,8
50.9,-5.7,8.11111111111111
50.9,-5.6,8.125
50.9,-5.5,8
50.9,-5.4,8
50.9,-5.3,8
50.9,-5.2,7.2
50.9,-5.1,8
50.9,-5,8
50.9,-4.9,8
50.9,-4.8,8
50.9,-4.5,7
50.9,-4.4,7
50.9,-4,8
50.9,-3.9,8
50.9,-3.8,8
50.9,-3.7,6.72222222222222
50.9,-3.6,7.74358974358974
50.9,-3.5,7.58823529411765
50.9,-3.4,7.92682926829268
50.9,-3.3,0.526717557251908
50.9,-3.2,8.40909090909091
50.9,-3.1,8.42105263157895
50.9,-3,8
50.9,-2.5,5.33333333333333
50.9,-2.4,7.57894736842105
50.9,-2.3,8.75
50.9,-2,3
50.9,-1.7,2.90909090909091
50.9,-1.6,8
50.9,-1.5,8
50.9,-1.4,8
50.9,-1.3,8
50.9,-1.2,7.33333333333333
50.9,-1.1,8
50.9,-0.9,5.33333333333333
50.9,-0.8,6.33333333333333
50.9,-0.7,7.92631578947368
50.9,-0.6,5.77777777777778
50.9,-0.5,4.30769230769231
50.9,-0.4,5.33333333333333
50.9,-0.3,7.31428571428571
50.9,-0.2,8
50.9,-0.1,7.52631578947368
50.9,0,6.89473684210526
50.9,0.1,8
50.9,0.2,7.85714285714286
50.9,0.3,6.86538461538461
50.9,0.4,7.04819277108434
50.9,0.5,7.2
50.9,0.6,9
50.9,0.7,7.97560975609756
50.9,0.8,7.30434782608696
50.9,0.9,8.05
50.9,1,8
50.9,1.1,9
50.9,1.2,8
50.9,1.3,8.05405405405405
50.9,1.4,8
50.9,1.7,8
50.9,1.8,8.8
50.9,1.9,8.73333333333333
50.9,2.9,8
50.9,3,8
50.9,3.1,8
50.9,3.2,8.05
50.9,3.3,8.06666666666667
50.9,3.4,7.38461538461539
50.9,3.5,8
50.9,3.6,7.96296296296296
50.9,3.7,7.85714285714286
50.9,3.8,8.01724137931035
50.9,3.9,8
50.9,4,7.79166666666667
50.9,4.1,7.34883720930233
50.9,4.2,7.65217391304348
50.9,4.3,7.55555555555556
50.9,4.4,7.90361445783132
50.9,4.5,8.362
50.9,4.6,8
50.9,4.7,8.02564102564103
50.9,4.9,8
50.9,5,8
50.9,5.1,8.02941176470588
50.9,5.2,7.69230769230769
50.9,5.3,8.19230769230769
50.9,5.4,8.71428571428571
50.9,5.5,8.82758620689655
50.9,5.8,0
50.9,6.7,8
50.9,6.8,8
50.9,6.9,8.48235294117647
50.9,7,7.72727272727273
50.9,7.1,3.82352941176471
50.9,7.2,8.07142857142857
50.9,7.3,8
50.9,7.4,8.1578947368421
50.9,7.5,7.71428571428571
50.9,7.6,8
50.9,7.7,8
50.9,8.4,8
50.9,8.5,7.81818181818182
50.9,8.6,8
50.9,8.7,6.2
50.9,8.9,8
50.9,9,8
50.9,9.1,8.11111111111111
50.9,9.2,8
50.9,9.3,7.87142857142857
50.9,9.4,6
50.9,9.5,8
50.9,9.6,8
50.9,9.7,8
50.9,9.8,8
50.9,9.9,8
50.9,10,8
50.9,10.1,8
50.9,10.2,8
50.9,10.3,8
50.9,10.5,8
50.9,10.6,8
50.9,10.7,8
50.9,10.8,8
50.9,10.9,8
50.9,11,8
50.9,11.2,8
50.9,11.4,8
50.9,11.6,8.05882352941176
50.9,11.7,7.16666666666667
50.9,13.2,8
50.9,13.3,8.05
50.9,13.5,8
50.9,13.6,8
50.9,13.9,6.4
50.9,14,8
50.9,14.1,8
50.9,14.3,8
50.9,14.4,7.78947368421053
50.9,15,8
50.9,15.1,8
50.9,15.2,8
50.9,15.3,8.33333333333333
50.9,15.6,8
50.9,15.7,8
50.9,15.8,8
50.9,15.9,8
50.9,16,8
50.9,16.1,8
50.9,16.4,8
50.9,16.5,8
50.9,16.6,8
50.9,17,8
50.9,17.1,8
50.9,17.2,6.94117647058824
50.9,17.3,6.36363636363636
50.9,17.4,8
50.9,17.5,8
50.9,19.3,8
50.9,19.4,8
50.9,20.4,8.5
50.9,20.5,9
50.9,20.7,8
50.9,20.8,7.27272727272727
50.9,21.5,9
50.9,21.6,9
50.9,21.7,9
50.9,22.1,7.27272727272727
50.9,22.2,8
50.9,22.5,8
51,-8.1,8
51,-8,8
51,-7.9,8.1
51,-6.6,8
51,-6.5,7.33333333333333
51,-5.9,7.88888888888889
51,-5.2,8
51,-5.1,8
51,-5,8
51,-4.9,8
51,-4.8,8
51,-4.7,8
51,-4.6,7.69230769230769
51,-4.5,7.91666666666667
51,-4.4,6.85714285714286
51,-4.3,8
51,-4.2,8
51,-3.6,8
51,-3.5,8
51,-3.4,8
51,-3.3,8
51,-3.2,8
51,-3.1,8
51,-3,8
51,-2.9,8.56521739130435
51,-2.8,8.82051282051282
51,-2.7,0
51,-2.6,2.77142857142857
51,-2.5,8.03571428571429
51,-2.4,8.51020408163265
51,-2.3,8.47058823529412
51,-2.2,0
51,-2.1,0
51,-2,1.41176470588235
51,-1.9,1
51,-1.8,7.16923076923077
51,-1.7,3.68932038834951
51,-1.6,8
51,-1.4,8
51,-1.3,7.88571428571429
51,-1.2,7.8
51,-1.1,8
51,-1,8.07692307692308
51,-0.9,7.76470588235294
51,-0.8,6.13414634146341
51,-0.7,7.13513513513514
51,-0.6,7.57303370786517
51,-0.5,5.1063829787234
51,-0.4,6.33898305084746
51,-0.3,7.52941176470588
51,-0.2,8.48
51,-0.1,7.83333333333333
51,0,8.02380952380952
51,0.1,7.86885245901639
51,0.2,7.97297297297297
51,0.3,8
51,0.4,7.58823529411765
51,0.5,7.81012658227848
51,0.6,8.29166666666667
51,0.7,7.82758620689655
51,0.8,6.66666666666667
51,1,8
51,1.1,8
51,1.2,8
51,1.3,8
51,1.8,8.76923076923077
51,2,8
51,2.1,8
51,2.2,8.14285714285714
51,2.3,7.77777777777778
51,2.4,8
51,2.5,8
51,2.6,7.92857142857143
51,2.7,8
51,2.8,7.76470588235294
51,2.9,8
51,3,8.09677419354839
51,3.1,7.82222222222222
51,3.2,8.02631578947368
51,3.3,8
51,3.4,7.75757575757576
51,3.5,7.96666666666667
51,3.6,8
51,3.7,8
51,3.8,8.13636363636364
51,3.9,7.95454545454545
51,4,8.1578947368421
51,4.1,7.66666666666667
51,4.2,7.87692307692308
51,4.3,7.81818181818182
51,4.4,7.90476190476191
51,4.5,8.03333333333333
51,4.6,8
51,4.7,7.12962962962963
51,4.8,7.47560975609756
51,4.9,7.89285714285714
51,5,8
51,5.3,8.26315789473684
51,5.5,2.28571428571429
51,5.6,4
51,5.9,8
51,6.1,8
51,6.3,8
51,6.4,5.63636363636364
51,6.5,6.14285714285714
51,6.6,8.63265306122449
51,6.7,8.51851851851852
51,6.8,8.6
51,6.9,8.2
51,7,7.43589743589744
51,7.1,6.5
51,7.2,8.49152542372881
51,7.3,8.13333333333333
51,7.4,8
51,7.5,8
51,7.6,7.96969696969697
51,7.7,8.05882352941176
51,7.8,8
51,7.9,7.46666666666667
51,8,7.92857142857143
51,8.1,8
51,8.2,8
51,8.3,8.09090909090909
51,8.4,8
51,8.5,8
51,8.7,0
51,8.8,8
51,8.9,8
51,9,8
51,9.1,8
51,9.2,7.58333333333333
51,9.3,8.01694915254237
51,9.4,8
51,9.5,8
51,9.6,6.85714285714286
51,9.7,4
51,10.1,8
51,10.2,8
51,10.3,7.61904761904762
51,10.4,8.15
51,10.8,8
51,10.9,8
51,11,8
51,11.1,8.13333333333333
51,11.2,8
51,11.3,8
51,11.4,8.33333333333333
51,11.5,8.57142857142857
51,11.7,8
51,13.1,8
51,13.2,8
51,13.3,8
51,13.4,8.04166666666667
51,13.5,8
51,13.7,8
51,13.8,1.14285714285714
51,13.9,0.842105263157895
51,14,0
51,14.1,0
51,14.2,8
51,14.3,8
51,14.4,8
51,14.9,8.8
51,15,9
51,15.3,8
51,15.4,8
51,15.5,8
51,15.6,8
51,16,7.27272727272727
51,16.1,8
51,16.2,8.21428571428571
51,16.3,8
51,16.4,8
51,16.5,7.875
51,16.6,8
51,16.8,8
51,16.9,8
51,17,8
51,17.1,6
51,17.2,7.8
51,17.3,8.11111111111111
51,19.2,8.11111111111111
51,19.3,8.33333333333333
51,20.2,8.8
51,20.3,8.55555555555556
51,20.4,9
51,20.7,8.08333333333333
51,20.8,7.33333333333333
51,22,7.2
51,22.1,6.4
51,22.2,8.25
51,22.4,9
51,22.5,8.76470588235294
51,23.2,8
51.1,-8.2,8
51.1,-7.4,7.11111111111111
51.1,-6.7,8
51.1,-6.6,8
51.1,-6,8
51.1,-5.9,8.25
51.1,-4.9,8
51.1,-4.8,8.125
51.1,-4.7,7.17647058823529
51.1,-4.6,7.69230769230769
51.1,-4.5,8
51.1,-4.2,8
51.1,-4.1,8
51.1,-4,8
51.1,-3.9,8
51.1,-3.6,8
51.1,-3.5,8
51.1,-3.4,8
51.1,-3.1,6.85714285714286
51.1,-3,7.72727272727273
51.1,-2.9,8.35
51.1,-2.8,7.07894736842105
51.1,-2.7,4.13207547169811
51.1,-2.6,7.88888888888889
51.1,-2.5,8.11764705882353
51.1,-2.4,6.75
51.1,-2.3,4.25
51.1,-2,8.57142857142857
51.1,-1.9,8.33333333333333
51.1,-1.8,8.87769784172662
51.1,-1.7,8.85714285714286
51.1,-1.3,8
51.1,-1.2,8
51.1,-1,8
51.1,-0.9,8
51.1,-0.8,8.03125
51.1,-0.7,7.23809523809524
51.1,-0.6,7.7047619047619
51.1,-0.5,7.98507462686567
51.1,-0.4,8.11363636363636
51.1,-0.3,8.14285714285714
51.1,-0.2,5.95435684647303
51.1,-0.1,8
51.1,0,8
51.1,0.1,7.57894736842105
51.1,0.2,8.14285714285714
51.1,0.3,8.61764705882353
51.1,0.4,8.11111111111111
51.1,0.5,8.83673469387755
51.1,0.6,6.92307692307692
51.1,0.7,8
51.1,0.8,7.54545454545455
51.1,0.9,8.21621621621622
51.1,1,8
51.1,1.1,8
51.1,1.2,8
51.1,1.3,8
51.1,1.4,6
51.1,1.5,4.44444444444444
51.1,1.6,8.07692307692308
51.1,1.7,7.66666666666667
51.1,1.8,8
51.1,1.9,8
51.1,2,7.95833333333333
51.1,2.1,7.95238095238095
51.1,2.2,8
51.1,2.3,8
51.1,2.4,8
51.1,2.5,8
51.1,2.6,8
51.1,2.7,8.03571428571429
51.1,2.8,8.14285714285714
51.1,2.9,6.28571428571429
51.1,3,8
51.1,3.1,8
51.1,3.6,8
51.1,3.7,8
51.1,3.8,8
51.1,3.9,7.84210526315789
51.1,4,8
51.1,4.1,7.83783783783784
51.1,4.2,7.41666666666667
51.1,4.3,8
51.1,4.4,6.85714285714286
51.1,4.5,7.04545454545455
51.1,4.6,7.02127659574468
51.1,4.7,7.85454545454545
51.1,4.8,8
51.1,4.9,8
51.1,5.8,9
51.1,5.9,8.57446808510638
51.1,6.1,8
51.1,6.2,8
51.1,6.3,8
51.1,6.4,7.52631578947368
51.1,6.5,6.3013698630137
51.1,6.6,6.28735632183908
51.1,6.7,6.06349206349206
51.1,6.8,8.46376811594203
51.1,6.9,8
51.1,7,8.21428571428571
51.1,7.1,4.20238095238095
51.1,7.2,8.42105263157895
51.1,7.3,8.16
51.1,7.4,8
51.1,7.6,8
51.1,7.7,8
51.1,8.3,8
51.1,8.4,8
51.1,8.5,8
51.1,8.8,8
51.1,8.9,8
51.1,9,7.5
51.1,9.1,8
51.1,9.3,8
51.1,9.7,8
51.1,9.8,8
51.1,9.9,8.14285714285714
51.1,10,8
51.1,10.3,8
51.1,10.4,8
51.1,10.5,8
51.1,10.6,8
51.1,10.7,8
51.1,10.8,8
51.1,10.9,8
51.1,11,8
51.1,11.1,8
51.1,11.4,8
51.1,11.5,8.70833333333333
51.1,11.6,8.78378378378378
51.1,11.7,8.09090909090909
51.1,11.8,8
51.1,11.9,8.14285714285714
51.1,12,8
51.1,12.6,8
51.1,12.7,7.875
51.1,12.8,5.04166666666667
51.1,12.9,3.69230769230769
51.1,13,2.24137931034483
51.1,13.1,8
51.1,13.4,7.53333333333333
51.1,13.5,8
51.1,13.6,8
51.1,13.7,4
51.1,13.8,7.28888888888889
51.1,14.1,8
51.1,14.2,8
51.1,14.8,0
51.1,14.9,9
51.1,16,8
51.1,16.1,8
51.1,16.2,8
51.1,16.3,8.0625
51.1,16.4,8
51.1,16.5,8
51.1,16.6,8
51.1,16.7,8
51.1,16.8,8
51.1,16.9,8.1304347826087
51.1,17,8
51.1,17.1,7.11111111111111
51.1,17.2,8
51.1,18.1,8
51.1,18.2,8
51.1,18.3,8
51.1,18.4,8
51.1,18.5,8
51.1,18.6,8
51.1,18.7,8
51.1,19.1,8
51.1,19.2,8
51.1,20.7,7.48387096774194
51.1,20.8,8
51.1,21.5,7
51.1,21.6,6.97777777777778
51.1,21.7,8.1
51.1,21.9,5.33333333333333
51.1,22,6.85714285714286
51.1,22.5,8.42696629213483
51.1,22.6,8.60975609756098
51.1,23.2,8
51.1,23.3,8
51.1,23.4,8
51.2,-7.6,7
51.2,-7.5,7.61538461538461
51.2,-7.4,8
51.2,-6.8,8
51.2,-6.7,8
51.2,-6,8
51.2,-5.7,8
51.2,-5.6,8
51.2,-5.5,8
51.2,-5.4,8
51.2,-5.3,8
51.2,-5.2,8
51.2,-5.1,7.11111111111111
51.2,-5,7.11111111111111
51.2,-4.9,8
51.2,-4.8,7
51.2,-4.7,7.5
51.2,-3.5,7.52941176470588
51.2,-3.4,7.30769230769231
51.2,-3.3,8
51.2,-3.2,8
51.2,-3.1,8
51.2,-3,8
51.2,-2.9,8
51.2,-2.8,8
51.2,-2.7,8
51.2,-2.6,5.84745762711864
51.2,-2.5,6.86538461538461
51.2,-2.4,8.75
51.2,-2.3,4.94736842105263
51.2,-1.9,8.58333333333333
51.2,-1.8,8.69444444444444
51.2,-1.7,5.74
51.2,-1.3,8.08695652173913
51.2,-1.2,7.72413793103448
51.2,-1.1,0.674698795180723
51.2,-1,0.240343347639485
51.2,-0.9,8
51.2,-0.8,8
51.2,-0.7,6.22222222222222
51.2,-0.6,4.96825396825397
51.2,-0.5,7.85
51.2,-0.4,8.46153846153846
51.2,-0.3,8
51.2,-0.2,3.3639846743295
51.2,-0.1,7.17322834645669
51.2,0,7.14285714285714
51.2,0.1,7.12962962962963
51.2,0.2,7.98701298701299
51.2,0.3,8.125
51.2,0.4,8.44444444444444
51.2,0.5,8.74545454545455
51.2,0.6,7.65789473684211
51.2,0.7,8.2280701754386
51.2,0.8,1.01651376146789
51.2,0.9,6.98412698412698
51.2,1,6.88571428571429
51.2,1.1,8
51.2,1.2,8
51.2,1.3,7.71428571428571
51.2,1.4,8.03225806451613
51.2,1.5,8
51.2,1.6,8
51.2,1.7,8
51.2,1.8,8
51.2,1.9,8
51.2,2,8
51.2,2.1,8
51.2,2.2,8
51.2,2.3,8
51.2,2.4,8
51.2,2.5,8
51.2,2.6,8.5
51.2,2.9,2
51.2,3,4.84848484848485
51.2,3.1,3.60869565217391
51.2,3.2,3.47826086956522
51.2,3.3,8
51.2,3.4,8
51.2,3.5,7.66666666666667
51.2,3.6,8
51.2,3.7,8.04166666666667
51.2,3.8,8.13636363636364
51.2,3.9,8
51.2,4,8
51.2,4.1,8
51.2,4.2,8
51.2,4.4,8
51.2,4.5,4.04166666666667
51.2,4.7,8
51.2,4.8,8
51.2,4.9,8
51.2,5,8
51.2,5.6,8
51.2,5.7,8.66666666666667
51.2,5.8,8.67857142857143
51.2,5.9,8.03896103896104
51.2,6.1,8
51.2,6.2,8
51.2,6.3,8
51.2,6.4,8
51.2,6.5,7.14545454545455
51.2,6.6,7.95555555555556
51.2,6.7,7.90909090909091
51.2,6.8,8
51.2,7.1,8
51.2,7.2,8
51.2,7.3,8
51.2,7.4,8
51.2,7.5,8
51.2,8,8
51.2,8.1,8
51.2,8.2,8
51.2,8.5,8
51.2,8.6,8
51.2,8.7,7.65217391304348
51.2,8.8,8
51.2,9.2,8
51.2,9.3,7.7906976744186
51.2,10,8
51.2,10.1,7.57894736842105
51.2,10.2,7.53333333333333
51.2,10.3,8.09090909090909
51.2,10.4,8
51.2,10.5,8
51.2,10.6,8.02564102564103
51.2,10.7,8
51.2,11,8
51.2,11.2,1.6
51.2,11.3,0
51.2,11.4,1.04347826086957
51.2,11.5,2.16666666666667
51.2,11.6,3.96
51.2,11.7,1.08196721311475
51.2,11.8,7
51.2,11.9,8
51.2,12,8
51.2,12.1,8
51.2,12.2,8
51.2,12.3,8
51.2,12.4,8.05555555555556
51.2,12.5,8
51.2,12.6,8
51.2,13,0
51.2,13.4,8
51.2,13.5,8
51.2,13.6,8.09090909090909
51.2,13.7,0.8
51.2,13.9,8
51.2,14,8
51.2,14.1,8
51.2,14.2,9
51.2,14.7,8.97297297297297
51.2,14.8,8.68
51.2,14.9,8
51.2,15,8
51.2,15.1,8
51.2,15.2,8
51.2,15.3,8
51.2,15.4,8
51.2,15.5,8
51.2,15.6,8
51.2,15.7,8
51.2,15.8,8
51.2,15.9,8
51.2,16,8
51.2,16.7,8
51.2,16.8,8
51.2,16.9,8.1578947368421
51.2,17,8
51.2,17.1,8
51.2,17.2,8
51.2,17.3,8
51.2,17.4,8
51.2,17.5,8
51.2,17.6,7
51.2,17.7,8
51.2,17.8,8
51.2,17.9,8
51.2,18,8
51.2,18.1,8
51.2,19,7.9
51.2,19.1,8
51.2,20.7,8
51.2,20.8,8
51.2,21.4,9
51.2,21.5,6.81818181818182
51.2,21.8,9
51.2,22.6,8
51.2,22.7,7.11538461538461
51.3,-12.2,8
51.3,-12.1,7
51.3,-12,6
51.3,-11.9,6
51.3,-8.1,8
51.3,-8,8
51.3,-7.9,6.66666666666667
51.3,-7.7,6.5
51.3,-7.6,7
51.3,-6.1,8
51.3,-6,8
51.3,-5.9,8
51.3,-5.8,7.11111111111111
51.3,-5.7,8
51.3,-4.9,7.70588235294118
51.3,-4.8,7
51.3,-3.5,8
51.3,-3.4,7.5
51.3,-3.3,5.62962962962963
51.3,-3.1,8
51.3,-3,8
51.3,-2.9,8
51.3,-2.8,8
51.3,-2.7,7.2
51.3,-2.6,7.11111111111111
51.3,-2.5,8
51.3,-2.4,7.94444444444444
51.3,-2.3,6.81034482758621
51.3,-2.2,6.4
51.3,-2.1,8
51.3,-2,8
51.3,-1.8,0
51.3,-1.7,0.363636363636364
51.3,-1.6,3.46808510638298
51.3,-1.5,3.02222222222222
51.3,-1.4,4.44117647058824
51.3,-1.3,5.66666666666667
51.3,-1.2,7.11111111111111
51.3,-1.1,6.390625
51.3,-1,5.18333333333333
51.3,-0.9,5.1219512195122
51.3,-0.8,6.12777777777778
51.3,-0.7,7.38461538461539
51.3,-0.6,8
51.3,-0.5,5.21428571428571
51.3,-0.4,8.01428571428571
51.3,-0.3,8
51.3,-0.2,8
51.3,-0.1,7.5
51.3,0,8.02380952380952
51.3,0.1,7.3469387755102
51.3,0.2,7.45283018867925
51.3,0.3,7.3
51.3,0.4,7.9873417721519
51.3,0.5,6.80412371134021
51.3,0.6,8.38095238095238
51.3,0.7,7.94117647058824
51.3,0.8,8
51.3,0.9,7.33333333333333
51.3,1,8
51.3,1.1,8
51.3,1.2,7.5
51.3,1.3,8
51.3,1.4,8
51.3,1.5,8
51.3,1.6,8
51.3,1.7,8
51.3,1.8,8
51.3,1.9,5.33333333333333
51.3,2.6,8
51.3,2.7,8
51.3,2.8,8
51.3,2.9,7.9375
51.3,3,8.0625
51.3,3.1,8.0625
51.3,3.2,6.58823529411765
51.3,3.3,7
51.3,3.5,8
51.3,3.8,8
51.3,3.9,8
51.3,4,8
51.3,4.1,8
51.3,4.2,8
51.3,4.3,8.08333333333333
51.3,4.4,7.94117647058824
51.3,4.9,8
51.3,5,8
51.3,5.1,8
51.3,5.6,8.82857142857143
51.3,5.7,8
51.3,5.8,6.96969696969697
51.3,5.9,6.8
51.3,6,8.07692307692308
51.3,6.1,7.84615384615385
51.3,6.2,7.66666666666667
51.3,6.3,8
51.3,6.4,8
51.3,6.5,6.68627450980392
51.3,6.7,8.04
51.3,6.8,8.0125
51.3,6.9,8.03703703703704
51.3,7,8
51.3,7.1,8
51.3,7.3,8
51.3,7.4,8
51.3,7.5,7.96
51.3,7.6,8
51.3,7.7,8
51.3,7.8,8
51.3,7.9,8
51.3,8,8
51.3,8.3,8
51.3,8.4,8
51.3,8.5,7.57894736842105
51.3,8.6,7.2
51.3,9.2,7.89473684210526
51.3,9.3,8
51.3,9.4,8
51.3,9.6,8
51.3,9.7,7.30769230769231
51.3,9.8,6.13725490196078
51.3,9.9,8
51.3,10,8.11111111111111
51.3,10.1,8.0625
51.3,10.2,8
51.3,10.4,5.33333333333333
51.3,10.5,8
51.3,10.6,4.8
51.3,10.7,7.66666666666667
51.3,10.8,8
51.3,10.9,8.09090909090909
51.3,11,8
51.3,11.7,0.30188679245283
51.3,11.8,8.5
51.3,11.9,8
51.3,12,8
51.3,12.1,8
51.3,12.4,8
51.3,12.5,8.05
51.3,12.6,7.5
51.3,12.7,8
51.3,12.8,9
51.3,13.5,8
51.3,13.7,8
51.3,13.8,8
51.3,13.9,8
51.3,14,8
51.3,14.2,8.95238095238095
51.3,14.7,8
51.3,15.7,8
51.3,15.8,8
51.3,16.6,8
51.3,16.7,8
51.3,16.8,6.76923076923077
51.3,16.9,8
51.3,17,6.85714285714286
51.3,17.1,8
51.3,17.8,8
51.3,17.9,8
51.3,18.8,8
51.3,18.9,8
51.3,19,8
51.3,19.7,9
51.3,20.3,9
51.3,20.4,9
51.3,20.7,6.69230769230769
51.3,20.8,7.38461538461539
51.3,21.2,6.52173913043478
51.3,21.3,3.72727272727273
51.3,21.4,5.69047619047619
51.3,21.5,5.51282051282051
51.3,21.7,9
51.3,21.8,9
51.3,22.5,8
51.3,22.6,8
51.3,22.7,7.46428571428571
51.4,-11.9,5
51.4,-11.8,4
51.4,-11.7,7
51.4,-11.6,5.44444444444444
51.4,-11.5,7
51.4,-11.4,7.11111111111111
51.4,-11.3,7.25
51.4,-11.2,7.11111111111111
51.4,-11.1,5.875
51.4,-11,8
51.4,-10.9,6.11111111111111
51.4,-10.8,8
51.4,-8.3,8
51.4,-8.2,8
51.4,-8.1,7.9
51.4,-8,6.66666666666667
51.4,-7.9,4
51.4,-7.8,7
51.4,-7.7,7
51.4,-6,8
51.4,-5.6,8
51.4,-5.5,8
51.4,-5.4,8
51.4,-5.3,8
51.4,-5.2,8
51.4,-5.1,7.88888888888889
51.4,-5,7.88461538461539
51.4,-4.9,8
51.4,-4.8,8
51.4,-3.5,8
51.4,-3.4,8
51.4,-3.3,8
51.4,-3.2,6.85185185185185
51.4,-3.1,4.19047619047619
51.4,-3,8
51.4,-2.9,8
51.4,-2.8,8
51.4,-2.7,7.91304347826087
51.4,-2.6,7.40740740740741
51.4,-2.5,8
51.4,-2.4,8
51.4,-2.3,8.37837837837838
51.4,-2.2,8
51.4,-2.1,8.30188679245283
51.4,-2,8
51.4,-1.9,7.6875
51.4,-1.8,8
51.4,-1.7,7.76923076923077
51.4,-1.6,8.12790697674419
51.4,-1.5,8
51.4,-1.4,5.08620689655172
51.4,-1.3,4.44117647058824
51.4,-1.2,6.82291666666667
51.4,-1.1,6.16822429906542
51.4,-1,6.3469387755102
51.4,-0.9,8
51.4,-0.8,5.96153846153846
51.4,-0.7,8.24242424242424
51.4,-0.6,7.71428571428571
51.4,-0.5,6.90909090909091
51.4,-0.4,8
51.4,-0.3,8.05
51.4,-0.2,8
51.4,0,8.125
51.4,0.1,8
51.4,0.3,8.84090909090909
51.4,0.4,8.46511627906977
51.4,0.5,6.76978417266187
51.4,0.6,8
51.4,0.7,8
51.4,0.8,8.25
51.4,0.9,8.38461538461539
51.4,1,8
51.4,1.1,8
51.4,2,8
51.4,2.1,8
51.4,2.2,8
51.4,2.3,7.55555555555556
51.4,2.4,8
51.4,2.5,8
51.4,2.6,8.09090909090909
51.4,2.7,8
51.4,2.8,8
51.4,2.9,8
51.4,3,8
51.4,3.1,8
51.4,3.2,8.91666666666667
51.4,3.3,8.1
51.4,3.4,8
51.4,3.5,8
51.4,3.7,8
51.4,3.8,8
51.4,3.9,8
51.4,4.3,8
51.4,4.4,7.52941176470588
51.4,4.5,6.46153846153846
51.4,5,8
51.4,5.1,8
51.4,5.2,8.11111111111111
51.4,5.3,9.06666666666667
51.4,5.4,9
51.4,5.7,7.52941176470588
51.4,5.8,7.12
51.4,5.9,8
51.4,6,7.39473684210526
51.4,6.1,7.8
51.4,6.2,8
51.4,6.3,8
51.4,6.4,8
51.4,6.5,6.75757575757576
51.4,6.6,7.19047619047619
51.4,6.7,7
51.4,6.8,7.40540540540541
51.4,6.9,7.41818181818182
51.4,7,6.82278481012658
51.4,7.1,7.46666666666667
51.4,7.2,8.18181818181818
51.4,7.3,8
51.4,7.4,7.95
51.4,7.5,8
51.4,7.6,8.05263157894737
51.4,7.7,8
51.4,8,0
51.4,8.1,0
51.4,8.3,8
51.4,8.4,8
51.4,8.5,8
51.4,9.2,8.0625
51.4,9.3,8
51.4,9.4,6.88888888888889
51.4,9.5,7.57894736842105
51.4,9.6,7.90476190476191
51.4,9.7,8
51.4,9.8,3.97674418604651
51.4,9.9,5.75
51.4,10,7.09090909090909
51.4,10.1,4.9
51.4,10.2,6.95652173913043
51.4,10.3,7.33333333333333
51.4,10.4,6.75
51.4,10.5,6.08333333333333
51.4,10.6,8
51.4,10.8,7.69230769230769
51.4,10.9,8
51.4,12.2,7.94444444444444
51.4,12.3,8
51.4,12.4,7.97959183673469
51.4,12.5,8
51.4,12.6,8
51.4,13.5,8
51.4,13.6,8
51.4,13.7,7.33333333333333
51.4,13.8,8
51.4,13.9,8
51.4,14.1,9
51.4,14.2,9
51.4,16.4,8
51.4,16.5,8
51.4,16.6,8
51.4,16.7,8
51.4,16.8,8
51.4,16.9,6.91666666666667
51.4,17,8
51.4,17.1,8
51.4,17.7,8
51.4,17.8,8
51.4,18.7,8
51.4,18.8,8
51.4,19.7,8.875
51.4,20,9
51.4,20.1,8.97058823529412
51.4,20.2,9
51.4,20.3,9
51.4,20.7,7.11111111111111
51.4,20.8,8
51.4,21.2,9
51.4,21.3,9
51.4,21.4,8.71875
51.4,21.5,3.80281690140845
51.4,21.6,9
51.4,21.7,8.90909090909091
51.4,21.9,8
51.4,22,8
51.5,-10.8,8
51.5,-10.7,8
51.5,-10.6,8
51.5,-10.5,8
51.5,-10.4,6.85714285714286
51.5,-9.6,8
51.5,-9.5,8
51.5,-9.4,8
51.5,-9.3,8
51.5,-8.7,6
51.5,-8.6,8
51.5,-8.5,7.41666666666667
51.5,-8.4,8
51.5,-8.3,8
51.5,-8.1,6
51.5,-8,6.54545454545455
51.5,-7.9,7.66666666666667
51.5,-6.7,8
51.5,-6.6,8
51.5,-6.5,8
51.5,-6.4,8
51.5,-6.3,8
51.5,-6.2,8
51.5,-6.1,8
51.5,-6,8
51.5,-5.9,8.16666666666667
51.5,-5.8,8
51.5,-5.7,8.42857142857143
51.5,-5.6,9.5
51.5,-5.2,7.5
51.5,-5.1,7.36842105263158
51.5,-4.2,8
51.5,-4.1,8
51.5,-4,8
51.5,-3.9,8
51.5,-3.8,8.4811320754717
51.5,-3.7,8.56060606060606
51.5,-3.6,8.08450704225352
51.5,-3.5,8
51.5,-3.4,8
51.5,-3.3,8
51.5,-3.2,8
51.5,-3.1,5.71428571428571
51.5,-3,4.60606060606061
51.5,-2.9,8
51.5,-2.8,8
51.5,-2.4,7.76666666666667
51.5,-2.3,8.5
51.5,-2.2,8.56842105263158
51.5,-2.1,8.5625
51.5,-2,8.43055555555556
51.5,-1.9,7.63414634146341
51.5,-1.8,8
51.5,-1.7,7.5
51.5,-1.6,8
51.5,-1.5,8
51.5,-1.4,5.62790697674419
51.5,-1.3,6.59649122807018
51.5,-1.2,6.71317829457364
51.5,-1.1,6.38842975206612
51.5,-1,5.25
51.5,-0.9,6.6056338028169
51.5,-0.8,6.584
51.5,-0.7,7.69387755102041
51.5,-0.6,8.11851851851852
51.5,-0.5,7.54989384288747
51.5,-0.4,7.78057553956835
51.5,-0.3,7.95408163265306
51.5,-0.2,7.8348623853211
51.5,-0.1,7.9060773480663
51.5,0,7.95977011494253
51.5,0.1,8
51.5,0.2,8
51.5,0.3,8.53
51.5,0.4,7.83636363636364
51.5,0.5,8
51.5,0.6,8
51.5,0.7,8.08
51.5,0.8,8.63888888888889
51.5,0.9,7.71428571428571
51.5,1,8
51.5,1.1,8
51.5,1.2,8
51.5,1.8,8
51.5,1.9,8
51.5,2.2,8
51.5,2.3,8
51.5,2.4,8
51.5,2.5,8
51.5,2.6,8
51.5,2.7,8
51.5,2.8,8
51.5,2.9,8
51.5,3.6,8
51.5,3.7,6.18181818181818
51.5,3.8,7.42857142857143
51.5,3.9,8
51.5,4.3,8
51.5,4.5,8.59649122807017
51.5,4.6,8.62068965517241
51.5,5,8
51.5,5.1,4.19047619047619
51.5,5.2,6.18840579710145
51.5,5.3,8
51.5,5.4,8.14285714285714
51.5,5.5,7.39024390243902
51.5,5.6,7.17857142857143
51.5,5.7,7.73239436619718
51.5,5.8,8
51.5,5.9,8
51.5,6,8
51.5,6.1,8
51.5,6.2,8
51.5,6.5,8
51.5,6.6,7.38461538461539
51.5,6.7,8.14285714285714
51.5,6.8,8.63953488372093
51.5,6.9,7.84313725490196
51.5,7,7.58181818181818
51.5,7.1,8
51.5,7.2,7.94444444444444
51.5,7.5,8
51.5,7.6,6
51.5,7.7,7.10526315789474
51.5,7.8,7.2
51.5,7.9,0
51.5,8.5,8
51.5,8.6,8
51.5,8.9,7.91666666666667
51.5,9,8
51.5,9.1,8
51.5,9.2,8.17777777777778
51.5,9.3,8.15
51.5,9.4,7.61904761904762
51.5,9.5,7.11764705882353
51.5,9.6,6.84615384615385
51.5,9.7,8
51.5,9.8,6.66666666666667
51.5,9.9,8.33333333333333
51.5,10,8
51.5,10.2,8
51.5,10.3,8
51.5,10.9,7.41666666666667
51.5,11,8
51.5,11.1,8
51.5,11.4,0
51.5,11.5,0
51.5,12,8
51.5,12.1,8
51.5,12.2,7.11111111111111
51.5,12.3,8
51.5,12.8,8.125
51.5,12.9,8
51.5,13.5,8
51.5,13.6,8
51.5,13.7,8
51.5,13.9,8
51.5,14,8
51.5,14.1,9
51.5,16.2,8
51.5,16.3,8
51.5,16.4,8
51.5,16.5,8
51.5,16.6,8
51.5,16.7,8.25
51.5,16.8,7.33333333333333
51.5,16.9,6.66666666666667
51.5,17,8
51.5,17.1,8
51.5,17.5,8
51.5,17.6,8
51.5,17.7,8
51.5,18.6,8
51.5,18.7,8
51.5,19.8,8
51.5,19.9,8
51.5,20.7,7.5
51.5,20.8,7.6
51.5,20.9,7
51.5,21.2,8
51.5,21.3,8
51.5,21.4,8
51.5,21.7,6.49056603773585
51.5,21.8,5.46153846153846
51.5,22,8.21428571428571
51.5,22.1,9
51.6,-9.3,8
51.6,-9.2,8.25
51.6,-9.1,7.38461538461539
51.6,-9,7.57142857142857
51.6,-8.9,8
51.6,-8.8,7
51.6,-8.7,7.11111111111111
51.6,-8.6,7.46666666666667
51.6,-8.5,8.1
51.6,-8.4,7.61538461538461
51.6,-8.3,7.07142857142857
51.6,-8.2,6.875
51.6,-8.1,7.1
51.6,-8,7
51.6,-7.9,8
51.6,-7.8,8
51.6,-7.2,8
51.6,-7.1,8
51.6,-7,6.85714285714286
51.6,-6.9,8
51.6,-6.8,8
51.6,-6.7,8
51.6,-5.2,7.65
51.6,-4.4,8
51.6,-4.3,8
51.6,-4.2,6.04347826086957
51.6,-4.1,8
51.6,-4,8
51.6,-3.7,8.8
51.6,-3.6,9
51.6,-3.5,8
51.6,-3.4,7.875
51.6,-2.5,8.375
51.6,-2.4,8
51.6,-2.3,8
51.6,-2.2,8
51.6,-2.1,8.5
51.6,-2,5.29411764705882
51.6,-1.9,2.89285714285714
51.6,-1.8,7.17241379310345
51.6,-1.7,7.68
51.6,-1.6,8.04166666666667
51.6,-1.5,7.83333333333333
51.6,-1.4,6.96774193548387
51.6,-1.3,6.9
51.6,-1.2,8.35185185185185
51.6,-1.1,8.6
51.6,-1,8
51.6,-0.9,6.48387096774194
51.6,-0.8,5.48275862068965
51.6,-0.7,8.53968253968254
51.6,-0.6,7.75555555555556
51.6,-0.5,7.27564102564103
51.6,-0.4,8.33333333333333
51.6,-0.3,8.01219512195122
51.6,-0.2,7.97385620915033
51.6,-0.1,8.10526315789474
51.6,0,8
51.6,0.1,7.88235294117647
51.6,0.2,7.5414364640884
51.6,0.3,7.52040816326531
51.6,0.4,6.37647058823529
51.6,0.5,6.4
51.6,0.6,8.76470588235294
51.6,0.7,8.73913043478261
51.6,1.8,8
51.6,1.9,8
51.6,2,8
51.6,2.1,8
51.6,2.2,8
51.6,2.5,8
51.6,2.6,7.2
51.6,2.7,8
51.6,3.3,8
51.6,3.4,8.125
51.6,3.5,8
51.6,3.6,7.30769230769231
51.6,3.7,8
51.6,3.8,8
51.6,3.9,7.61904761904762
51.6,4,7.83333333333333
51.6,4.3,8
51.6,4.4,8
51.6,4.5,7.82352941176471
51.6,4.6,8.60344827586207
51.6,4.7,7.96
51.6,4.8,8
51.6,4.9,8.05263157894737
51.6,5,8
51.6,5.1,8.72727272727273
51.6,5.2,8.66666666666667
51.6,5.3,8
51.6,5.4,8
51.6,5.5,7.57971014492754
51.6,5.6,7.90909090909091
51.6,5.7,8
51.6,5.8,8
51.6,5.9,8
51.6,6,8
51.6,6.1,8.07142857142857
51.6,6.2,7.91666666666667
51.6,6.3,7.92307692307692
51.6,6.4,8
51.6,6.5,7.82758620689655
51.6,6.6,8
51.6,6.8,3.06428571428571
51.6,6.9,4.55785123966942
51.6,7.1,8
51.6,7.2,7.38461538461539
51.6,7.3,8
51.6,7.4,8.35714285714286
51.6,7.7,5.55555555555556
51.6,7.8,5.77586206896552
51.6,7.9,7.03030303030303
51.6,8.3,0
51.6,8.5,8
51.6,8.6,7.91666666666667
51.6,8.7,8
51.6,8.8,7.11111111111111
51.6,8.9,8
51.6,9,8
51.6,9.1,8
51.6,9.2,8
51.6,9.3,7.8
51.6,9.4,8.12195121951219
51.6,9.5,8.33333333333333
51.6,9.6,8.76190476190476
51.6,9.7,8.33333333333333
51.6,10.3,7.27272727272727
51.6,11,8
51.6,11.1,8
51.6,11.2,8.22222222222222
51.6,11.7,7.5
51.6,11.8,8
51.6,11.9,8
51.6,12,4.05263157894737
51.6,12.1,3
51.6,12.2,3.13333333333333
51.6,12.3,3.66666666666667
51.6,12.4,3.53571428571429
51.6,12.6,8
51.6,12.7,8
51.6,12.8,8.33333333333333
51.6,13.4,8
51.6,13.5,8
51.6,13.6,8
51.6,13.7,8
51.6,14,9
51.6,14.1,8.54166666666667
51.6,14.2,8
51.6,16,8
51.6,16.1,7.2
51.6,16.2,8
51.6,16.3,8
51.6,16.4,8
51.6,16.5,8
51.6,16.6,8
51.6,16.7,6
51.6,16.8,7.3
51.6,17,8
51.6,17.4,8
51.6,17.5,8
51.6,18.5,8
51.6,18.6,8
51.6,19.9,8
51.6,20,8
51.6,20.8,7.61904761904762
51.6,20.9,7.69230769230769
51.6,21.4,8
51.6,21.5,8
51.6,21.6,8.8135593220339
51.6,22,8
51.6,22.1,8.14285714285714
51.7,-9.5,8
51.7,-9.4,8
51.7,-9.3,6.66666666666667
51.7,-9.2,6.66666666666667
51.7,-9.1,8
51.7,-9,8
51.7,-8.9,8
51.7,-8.8,8
51.7,-8.4,7
51.7,-5.3,7.6
51.7,-5.2,7.25
51.7,-4.8,8
51.7,-4.7,8
51.7,-4.6,8
51.7,-4.5,8
51.7,-4.4,8
51.7,-4.3,9
51.7,-4.2,9
51.7,-3.5,8
51.7,-3.2,8.6875
51.7,-3.1,8.75
51.7,-3,3.98039215686275
51.7,-2.9,3
51.7,-2.8,8.625
51.7,-2.7,8.625
51.7,-2.6,6.97727272727273
51.7,-2.5,6.27586206896552
51.7,-2.4,8.08333333333333
51.7,-2.3,4.66666666666667
51.7,-2.2,8
51.7,-2.1,7.74193548387097
51.7,-2,7.36842105263158
51.7,-1.9,8
51.7,-1.8,7.70833333333333
51.7,-1.7,7.65217391304348
51.7,-1.6,7.88888888888889
51.7,-1.5,8
51.7,-1.3,6.89285714285714
51.7,-1.2,8.75
51.7,-1.1,8.52542372881356
51.7,-1,8.08571428571429
51.7,-0.9,7.51351351351351
51.7,-0.8,5.93814432989691
51.7,-0.7,6
51.7,-0.6,6.90476190476191
51.7,-0.5,7.1265306122449
51.7,-0.4,6.86
51.7,-0.3,8.21
51.7,-0.2,7.66666666666667
51.7,-0.1,8.01333333333333
51.7,0,8
51.7,0.1,6.76923076923077
51.7,0.2,6.77777777777778
51.7,0.3,7.32704402515723
51.7,0.4,7.06081081081081
51.7,0.5,6.96759259259259
51.7,0.6,6.93518518518519
51.7,0.7,7.94871794871795
51.7,0.8,7.81578947368421
51.7,0.9,7.8
51.7,1,8
51.7,1.1,8.04166666666667
51.7,1.2,8.09523809523809
51.7,1.3,8
51.7,1.4,8
51.7,1.9,8
51.7,2,8
51.7,2.1,8
51.7,2.2,8
51.7,2.3,8
51.7,2.4,8
51.7,2.5,8
51.7,2.6,8
51.7,2.7,8
51.7,2.8,8
51.7,2.9,8
51.7,3,8
51.7,3.1,8
51.7,3.2,7.5
51.7,3.3,8.06666666666667
51.7,3.4,8
51.7,3.5,8
51.7,3.6,8
51.7,3.9,8.4
51.7,4,7.74193548387097
51.7,4.1,4
51.7,4.2,7.11111111111111
51.7,4.3,8
51.7,4.4,8
51.7,4.5,8
51.7,4.6,8
51.7,4.7,8
51.7,4.8,8
51.7,4.9,8
51.7,5,8
51.7,5.1,9.69230769230769
51.7,5.2,8
51.7,5.3,8
51.7,5.4,7.65217391304348
51.7,5.5,8
51.7,5.6,8
51.7,5.7,8
51.7,6.1,8
51.7,6.2,8.4
51.7,6.3,8.22222222222222
51.7,6.4,7.84090909090909
51.7,6.5,7.11111111111111
51.7,6.6,8
51.7,6.9,5.46268656716418
51.7,7.2,6.15384615384615
51.7,7.3,6.54545454545455
51.7,7.4,7.11111111111111
51.7,7.5,8.03225806451613
51.7,7.6,8.5
51.7,7.9,5.71428571428571
51.7,8,8
51.7,8.1,7.11111111111111
51.7,8.2,7.15789473684211
51.7,8.3,7.5
51.7,8.4,8.04761904761905
51.7,8.5,7.9
51.7,8.6,8
51.7,8.7,7.93333333333333
51.7,8.8,7.84210526315789
51.7,8.9,8.07692307692308
51.7,9,8.28571428571429
51.7,9.1,7.2
51.7,9.2,8
51.7,9.3,8
51.7,9.4,8.05263157894737
51.7,9.5,8
51.7,9.6,8
51.7,9.7,8.55555555555556
51.7,9.8,8.45161290322581
51.7,9.9,8.5
51.7,10,9
51.7,10.3,8
51.7,10.4,8
51.7,10.5,8.33333333333333
51.7,10.6,8
51.7,10.7,8
51.7,11.2,8
51.7,11.3,8
51.7,11.4,8
51.7,11.5,8.11111111111111
51.7,11.6,8
51.7,11.7,7.75
51.7,12.4,8
51.7,12.5,8
51.7,12.6,8
51.7,13.3,8
51.7,13.4,8
51.7,13.5,8
51.7,13.7,8.07692307692308
51.7,14,9
51.7,14.2,8
51.7,16,8
51.7,16.2,8
51.7,16.3,8
51.7,16.4,8
51.7,16.5,8
51.7,16.7,7.11111111111111
51.7,17,8.2
51.7,17.2,0
51.7,17.3,8
51.7,17.4,8
51.7,18.4,8.14285714285714
51.7,18.5,8
51.7,18.9,8
51.7,20,8
51.7,20.1,8
51.7,20.8,7.52941176470588
51.7,20.9,7.78125
51.7,21.6,8.93333333333333
51.7,21.7,9
51.7,22.1,8
51.7,22.8,8
51.8,-9.9,8
51.8,-9.8,8
51.8,-9.7,8
51.8,-9.6,8
51.8,-9.5,8
51.8,-9.2,8
51.8,-9.1,8
51.8,-9,8
51.8,-8.5,7
51.8,-8.2,6.85714285714286
51.8,-8.1,8
51.8,-8,0
51.8,-5.4,8
51.8,-5.3,8
51.8,-5.2,8
51.8,-5.1,8
51.8,-5,8
51.8,-4.9,8
51.8,-4.8,8
51.8,-4.7,8
51.8,-4.6,7.2
51.8,-4.5,9
51.8,-4.4,9
51.8,-4.3,9
51.8,-4,8
51.8,-3.9,8
51.8,-3.8,8
51.8,-3.7,8
51.8,-3.6,8
51.8,-3.5,8
51.8,-3.4,8.55263157894737
51.8,-3.3,8
51.8,-3.2,7.85714285714286
51.8,-3.1,8
51.8,-3,3.05882352941176
51.8,-2.9,3.87878787878788
51.8,-2.8,8
51.8,-2.7,8
51.8,-2.6,8
51.8,-2.5,7
51.8,-2.4,7
51.8,-2.3,7.33333333333333
51.8,-2.2,7.5
51.8,-2.1,7.25
51.8,-2,7.22222222222222
51.8,-1.9,2.34375
51.8,-1.8,2.33333333333333
51.8,-1.4,4.72
51.8,-1.3,5.03529411764706
51.8,-1.2,3.79024390243902
51.8,-1.1,6.9375
51.8,-1,8.625
51.8,-0.9,6.41436464088398
51.8,-0.8,6.96666666666667
51.8,-0.7,6.73825503355705
51.8,-0.6,8.18072289156627
51.8,-0.5,8.28888888888889
51.8,-0.4,8.18181818181818
51.8,-0.3,7.5
51.8,-0.2,7.71428571428571
51.8,-0.1,7.61904761904762
51.8,0,7.95833333333333
51.8,0.1,8
51.8,0.2,7.48387096774194
51.8,0.3,8
51.8,0.4,8
51.8,0.5,7
51.8,0.6,6.78260869565217
51.8,0.7,4.84375
51.8,0.8,4.74509803921569
51.8,0.9,6.75
51.8,1,0
51.8,1.1,6.20833333333333
51.8,1.2,8
51.8,1.8,8
51.8,1.9,8
51.8,2,8
51.8,2.1,7.96153846153846
51.8,2.2,7.61904761904762
51.8,2.3,8
51.8,2.4,8
51.8,2.5,8
51.8,2.6,8
51.8,2.7,8
51.8,2.8,8
51.8,2.9,8
51.8,3,8
51.8,3.1,8
51.8,3.2,8
51.8,3.3,8
51.8,3.4,8
51.8,3.5,7.5
51.8,3.6,8
51.8,3.7,8
51.8,3.8,7.94444444444444
51.8,3.9,8.125
51.8,4,8.19047619047619
51.8,4.1,7.85106382978723
51.8,4.2,7.83673469387755
51.8,4.3,6.73684210526316
51.8,4.4,6.77777777777778
51.8,4.5,5.5
51.8,4.6,6.11764705882353
51.8,4.8,8
51.8,4.9,8
51.8,5,8
51.8,5.1,8.09090909090909
51.8,5.2,8
51.8,5.3,7.27272727272727
51.8,5.4,8
51.8,5.5,8
51.8,5.6,8
51.8,5.7,8
51.8,5.8,8
51.8,5.9,8
51.8,6,8.81818181818182
51.8,6.1,8
51.8,6.2,8
51.8,6.3,8
51.8,6.4,8
51.8,6.5,8
51.8,6.6,8
51.8,6.9,8
51.8,7.4,8
51.8,7.5,8
51.8,7.6,7.25490196078431
51.8,7.7,7.75675675675676
51.8,7.8,7.14285714285714
51.8,7.9,0
51.8,8,8
51.8,8.1,8
51.8,8.2,8
51.8,8.3,8
51.8,8.4,8
51.8,8.9,8
51.8,9,8
51.8,9.1,8
51.8,9.3,0
51.8,9.4,8
51.8,9.5,8
51.8,9.6,8
51.8,9.7,8.14285714285714
51.8,9.8,8
51.8,9.9,8
51.8,10.4,8
51.8,10.6,0
51.8,10.7,8
51.8,10.8,8
51.8,10.9,7
51.8,11,8
51.8,11.1,8
51.8,11.2,8
51.8,11.3,8
51.8,11.4,8
51.8,11.5,8
51.8,11.6,8
51.8,12.2,8
51.8,12.3,8
51.8,12.4,3.76470588235294
51.8,12.5,2.14285714285714
51.8,12.6,3.24242424242424
51.8,12.7,0
51.8,13.1,8
51.8,13.2,8
51.8,13.3,8
51.8,13.4,8
51.8,13.7,7.71428571428571
51.8,13.9,8.875
51.8,14,9
51.8,16.1,8
51.8,16.2,8
51.8,16.3,8
51.8,16.4,8
51.8,16.6,6.57142857142857
51.8,16.7,8
51.8,16.9,8
51.8,17,8
51.8,17.1,8
51.8,17.2,6.85714285714286
51.8,18.3,8
51.8,18.4,8
51.8,19,8
51.8,19.1,8
51.8,20,7.33333333333333
51.8,20.1,8
51.8,20.2,8
51.8,20.8,8
51.8,20.9,8
51.8,21,8
51.8,21.7,8.72727272727273
51.8,22.2,8
51.8,22.8,6.45454545454545
51.9,-10.2,8
51.9,-10.1,6.66666666666667
51.9,-10,8
51.9,-9.9,8.2
51.9,-9.5,8
51.9,-9.4,7.85714285714286
51.9,-9.3,8
51.9,-9.2,8
51.9,-8.6,1.48076923076923
51.9,-8.5,7
51.9,-8.3,1.77777777777778
51.9,-8.2,2
51.9,-8.1,0
51.9,-8,0
51.9,-7.9,0
51.9,-5.6,8
51.9,-5.5,8.04166666666667
51.9,-5.4,8
51.9,-5.3,8
51.9,-5.2,8
51.9,-4.8,8
51.9,-4.7,8
51.9,-4.6,7.875
51.9,-4.5,8.11111111111111
51.9,-4.4,8
51.9,-4.3,8
51.9,-4.2,8
51.9,-4.1,7.88888888888889
51.9,-4,7.11111111111111
51.9,-3.9,7.4375
51.9,-3.8,7.125
51.9,-3.7,7.53846153846154
51.9,-3.6,7
51.9,-3.5,7.44444444444444
51.9,-3.4,8.325
51.9,-3.3,7.54545454545455
51.9,-3.2,7.28571428571429
51.9,-3.1,8
51.9,-3,8
51.9,-2.9,7.91666666666667
51.9,-2.8,7.92307692307692
51.9,-2.7,7.66666666666667
51.9,-2.6,7.38461538461539
51.9,-2.5,7.5
51.9,-2.4,7.0625
51.9,-2.3,6.64864864864865
51.9,-2.2,5.94339622641509
51.9,-2.1,5.61946902654867
51.9,-2,6.76315789473684
51.9,-1.9,5.34782608695652
51.9,-1.8,3.78181818181818
51.9,-1.7,2.66666666666667
51.9,-1.6,1.75
51.9,-1.5,3.38461538461538
51.9,-1.4,2.14634146341463
51.9,-1.3,3.77272727272727
51.9,-1.2,0
51.9,-1.1,6.35897435897436
51.9,-1,6.37931034482759
51.9,-0.9,5.61827956989247
51.9,-0.8,7.62162162162162
51.9,-0.7,8.42857142857143
51.9,-0.6,7.03703703703704
51.9,-0.5,8
51.9,-0.4,7.73972602739726
51.9,-0.3,7.97435897435897
51.9,-0.2,8
51.9,-0.1,8.125
51.9,0,7.85714285714286
51.9,0.1,7.76086956521739
51.9,0.2,8.07547169811321
51.9,0.3,6.84615384615385
51.9,0.4,8
51.9,0.5,7.21052631578947
51.9,0.6,7.94736842105263
51.9,0.7,7.6875
51.9,0.8,7.52941176470588
51.9,0.9,7.2
51.9,1,8
51.9,1.1,7.11111111111111
51.9,1.2,8.1
51.9,1.3,8
51.9,1.6,8
51.9,1.7,8
51.9,1.8,8
51.9,1.9,8
51.9,2,7.27272727272727
51.9,2.5,8.3
51.9,2.6,7.875
51.9,2.7,7.22222222222222
51.9,2.8,8
51.9,2.9,8
51.9,3,8
51.9,3.1,8
51.9,3.2,8
51.9,3.3,8
51.9,3.4,8
51.9,3.5,8
51.9,3.6,8
51.9,3.7,8
51.9,3.8,8
51.9,3.9,8
51.9,4,8
51.9,4.1,8
51.9,4.2,8
51.9,4.3,8
51.9,4.4,8
51.9,4.5,8
51.9,4.6,8
51.9,4.7,8.1
51.9,4.8,8
51.9,4.9,8
51.9,5,8
51.9,5.1,8
51.9,5.2,8
51.9,5.3,7.46666666666667
51.9,5.4,8
51.9,5.5,5.58139534883721
51.9,5.6,7.68888888888889
51.9,5.7,7.95744680851064
51.9,5.8,8.44444444444444
51.9,5.9,8.23809523809524
51.9,6,7.78125
51.9,6.1,8
51.9,6.2,7.96
51.9,6.3,8
51.9,6.4,8
51.9,6.5,8
51.9,6.6,8
51.9,6.7,8
51.9,7.5,8
51.9,7.6,8
51.9,7.7,3.97849462365591
51.9,7.8,3.91304347826087
51.9,7.9,8.31818181818182
51.9,8,7.23529411764706
51.9,8.1,8.66666666666667
51.9,8.2,8.63636363636364
51.9,8.3,8.3
51.9,8.4,8.57142857142857
51.9,8.6,8
51.9,8.7,1.07986111111111
51.9,9,8.4
51.9,9.1,8
51.9,9.4,8.08333333333333
51.9,9.6,8
51.9,9.9,8
51.9,10.4,8
51.9,10.5,8
51.9,10.7,8
51.9,10.8,6.66666666666667
51.9,10.9,7.2
51.9,11,8
51.9,11.1,8
51.9,11.2,8
51.9,11.3,8
51.9,11.4,8.3
51.9,11.5,8
51.9,12.1,8
51.9,12.2,6
51.9,12.3,2.90909090909091
51.9,12.4,0
51.9,12.6,2.39285714285714
51.9,12.7,5.64285714285714
51.9,12.8,0
51.9,13,4.44444444444444
51.9,13.1,2.4
51.9,13.2,5.25
51.9,13.8,8.02439024390244
51.9,13.9,9
51.9,16,8
51.9,16.1,8
51.9,16.2,8
51.9,16.3,8
51.9,16.5,8.11111111111111
51.9,16.6,5.81818181818182
51.9,16.9,8
51.9,17,8
51.9,17.1,8
51.9,17.2,8
51.9,18.2,8
51.9,18.3,8
51.9,19.1,8
51.9,19.2,8
51.9,19.5,9
51.9,19.7,8
51.9,20,7.38461538461539
51.9,20.3,8
51.9,20.4,8
51.9,20.6,8.125
51.9,20.7,8
51.9,20.8,8
51.9,20.9,8
51.9,21,8
51.9,21.1,0
51.9,21.7,6.07142857142857
51.9,22.2,8
51.9,22.3,8.5
51.9,22.8,7.25
52,-15.1,8
52,-14.9,8
52,-14.8,4
52,-14.1,4.57142857142857
52,-14,5.70588235294118
52,-13.9,6.4
52,-13.8,5.6875
52,-13.7,6.05882352941176
52,-13.6,4.92307692307692
52,-13.5,6.125
52,-13.4,2.66666666666667
52,-13.3,5.33333333333333
52,-13.2,5.71428571428571
52,-13.1,5.33333333333333
52,-13,7
52,-12.9,6
52,-12.8,8
52,-12.7,8
52,-12.6,7
52,-12.5,8
52,-12.4,7
52,-12.3,8
52,-9.7,6.2
52,-9.6,8
52,-9.5,8
52,-8.6,0
52,-8.4,8
52,-8.3,8
52,-6.8,8
52,-6.7,8
52,-6.6,8
52,-6.5,8
52,-6.4,7.9
52,-6.3,8
52,-6.2,8
52,-6.1,8
52,-6,8
52,-5.9,7.63636363636364
52,-5.8,8
52,-5.7,7.63636363636364
52,-5.6,8
52,-5.5,8
52,-5.4,8
52,-5.3,8.05882352941176
52,-5.2,8
52,-5.1,8
52,-5,7.94736842105263
52,-4.9,7.93939393939394
52,-4.8,7.80555555555556
52,-4.7,7.8
52,-4.6,7.66666666666667
52,-4.5,7.7037037037037
52,-4.4,7.7037037037037
52,-4.3,7.64
52,-4.2,7.61904761904762
52,-4.1,7.70588235294118
52,-4,8
52,-3.9,8
52,-3.3,8.64864864864865
52,-3.2,8
52,-3.1,8
52,-3,7.65217391304348
52,-2.9,7.4
52,-2.8,7.22727272727273
52,-2.7,7.22222222222222
52,-2.6,7
52,-2.5,7
52,-2.3,5.06666666666667
52,-2.2,4.22352941176471
52,-2.1,2.28571428571429
52,-2,3.64864864864865
52,-1.9,4.66666666666667
52,-1.8,4.1025641025641
52,-1.7,3.95454545454545
52,-1.6,4.74074074074074
52,-1.5,3.55555555555556
52,-1.4,2.55263157894737
52,-1.3,0.941176470588235
52,-1.2,5.285
52,-1.1,3.368
52,-1,5.25882352941176
52,-0.9,5.7910447761194
52,-0.8,8
52,-0.7,6
52,-0.6,5.40196078431373
52,-0.5,5.84090909090909
52,-0.4,6.34567901234568
52,-0.3,6.7258064516129
52,-0.2,7.27777777777778
52,-0.1,5.53846153846154
52,0,8
52,0.1,7.63636363636364
52,0.2,6.66666666666667
52,0.3,7.7037037037037
52,0.4,7.33928571428571
52,0.5,0
52,0.6,7.88888888888889
52,0.7,6.85714285714286
52,0.8,7.68
52,0.9,7.69230769230769
52,1,7.73333333333333
52,1.1,8.02857142857143
52,1.2,8
52,1.3,8.05263157894737
52,1.4,7.79487179487179
52,1.5,8
52,1.6,7.78947368421053
52,1.7,8
52,1.8,8
52,1.9,8.14285714285714
52,3.4,8
52,3.5,8
52,3.6,7.88235294117647
52,3.7,8
52,3.8,7.55555555555556
52,3.9,8
52,4,8
52,4.1,8.07692307692308
52,4.2,8
52,4.3,8
52,4.4,7.56756756756757
52,4.5,7.75510204081633
52,4.6,8.05
52,4.7,8
52,5,8
52,5.1,8.38461538461539
52,5.2,8.66666666666667
52,5.3,7.60606060606061
52,5.4,7.54347826086957
52,5.5,8.03225806451613
52,5.6,8.36111111111111
52,5.7,8.11458333333333
52,5.8,8.09090909090909
52,5.9,8.32142857142857
52,6,8.39473684210526
52,6.1,8.325
52,6.2,8.5
52,6.3,8.69230769230769
52,6.8,5.33333333333333
52,6.9,8
52,7,8
52,7.1,8.375
52,7.2,7.46666666666667
52,7.3,8
52,7.4,8
52,7.5,8
52,7.6,8.11111111111111
52,7.7,7.75
52,7.8,5.33333333333333
52,7.9,8
52,8.4,9
52,8.5,8.6
52,8.6,8.5
52,8.7,8.75
52,8.8,0
52,8.9,4
52,9,8
52,9.1,5.33333333333333
52,9.2,8
52,9.4,8.23076923076923
52,9.6,8
52,9.7,8
52,9.9,8
52,10,8
52,10.5,7.83333333333333
52,10.7,8
52,10.8,8
52,11.1,3.80952380952381
52,11.2,1.72727272727273
52,11.3,3.61290322580645
52,11.4,1.17142857142857
52,11.5,0.888888888888889
52,11.6,8
52,11.7,8
52,11.8,8
52,11.9,8
52,12,7.27272727272727
52,12.1,4.44444444444444
52,12.2,4.8
52,12.7,5.31914893617021
52,12.8,6.45454545454545
52,12.9,8
52,13,7.5
52,13.1,2.52439024390244
52,13.2,1.1
52,13.8,7.27272727272727
52,13.9,8
52,16,8.42857142857143
52,16.1,8
52,16.2,8
52,16.4,8
52,16.5,7.05555555555556
52,16.8,8
52,16.9,8
52,17,8
52,17.1,8
52,19.2,8
52,19.3,8
52,19.7,8.95238095238095
52,19.8,9
52,19.9,9
52,20,8.11538461538461
52,20.4,8
52,20.5,7
52,20.6,8
52,20.7,8
52,20.8,8
52,20.9,8
52,21,0
52,21.1,0
52,21.7,8.66666666666667
52,22.3,8
52,22.8,6.63636363636364
52.1,-22.8,0
52.1,-14.6,2
52.1,-14.5,2.28571428571429
52.1,-14.4,6.22222222222222
52.1,-14.3,4.28571428571429
52.1,-13.6,7.75
52.1,-13.5,5
52.1,-13.4,4.33333333333333
52.1,-13.3,7.11111111111111
52.1,-13.2,6.875
52.1,-13.1,6.33333333333333
52.1,-13,8
52.1,-12.9,5.33333333333333
52.1,-12.8,6.85714285714286
52.1,-12.7,7.11111111111111
52.1,-12.6,5.33333333333333
52.1,-12.5,8
52.1,-12.4,7
52.1,-12.3,8
52.1,-10,8
52.1,-9.9,8
52.1,-9.8,8
52.1,-9.7,8
52.1,-8.6,0
52.1,-8.5,7.33333333333333
52.1,-8.4,6
52.1,-7.1,6.93333333333333
52.1,-7,8
52.1,-6.8,8
52.1,-6.7,8
52.1,-6.4,7.83333333333333
52.1,-6.3,7.33333333333333
52.1,-6.2,8
52.1,-6.1,8
52.1,-6,8
52.1,-5.9,8.11111111111111
52.1,-5.8,8
52.1,-5.7,8
52.1,-5.6,8
52.1,-5.5,7.14285714285714
52.1,-5.4,8
52.1,-5.3,7.68
52.1,-5.2,8.11764705882353
52.1,-5.1,8
52.1,-5,7.80952380952381
52.1,-4.9,7.74193548387097
52.1,-4.8,8
52.1,-4.7,8
52.1,-4.6,8
52.1,-3.6,8
52.1,-3.5,8
52.1,-3.4,8
52.1,-3.3,8.28301886792453
52.1,-3.2,7.14285714285714
52.1,-3.1,7.34
52.1,-3,7.61111111111111
52.1,-2.9,7.69230769230769
52.1,-2.8,8
52.1,-2.3,6.2
52.1,-2.2,6
52.1,-1.9,3.61538461538462
52.1,-1.8,8.69565217391304
52.1,-1.7,9.46031746031746
52.1,-1.6,2.14634146341463
52.1,-1.5,3.2
52.1,-1.4,1.91489361702128
52.1,-1.3,8.29230769230769
52.1,-1.2,6.42857142857143
52.1,-1.1,4.22535211267606
52.1,-1,7.28
52.1,-0.9,5.27884615384615
52.1,-0.8,2.44230769230769
52.1,-0.7,3.11475409836066
52.1,-0.6,3.6640625
52.1,-0.5,6.58823529411765
52.1,-0.3,5.33333333333333
52.1,-0.2,8.11111111111111
52.1,-0.1,8
52.1,0,5.94736842105263
52.1,0.1,3.2
52.1,0.2,4.66666666666667
52.1,0.3,6.71698113207547
52.1,0.4,6.4375
52.1,0.6,5.41666666666667
52.1,0.7,1.68421052631579
52.1,0.9,8.54545454545454
52.1,1,8.36842105263158
52.1,1.1,7.68181818181818
52.1,1.2,8
52.1,1.3,7.66666666666667
52.1,1.4,8
52.1,1.5,8
52.1,1.6,8
52.1,1.7,8.0625
52.1,1.8,8
52.1,1.9,8
52.1,2,8
52.1,2.1,8
52.1,2.2,8
52.1,3.6,8
52.1,3.7,8
52.1,3.8,8
52.1,3.9,8
52.1,4,8
52.1,4.1,7.95
52.1,4.2,8
52.1,4.3,7.71428571428571
52.1,4.4,8
52.1,4.6,8
52.1,4.7,8
52.1,5,8.7
52.1,5.1,8.4
52.1,5.2,8
52.1,5.4,8
52.1,5.5,8
52.1,5.6,8
52.1,5.7,8
52.1,5.8,8.11111111111111
52.1,5.9,8
52.1,6,8
52.1,6.1,8
52.1,6.2,8
52.1,6.6,8
52.1,6.7,8
52.1,6.8,8
52.1,6.9,7.35714285714286
52.1,7,8.125
52.1,7.1,8
52.1,7.2,8
52.1,7.7,6.4
52.1,7.8,8
52.1,8.9,8
52.1,9.2,8.125
52.1,9.3,8
52.1,9.4,6.5
52.1,9.5,8.1304347826087
52.1,9.6,9
52.1,9.7,8
52.1,10,8.07142857142857
52.1,10.5,8
52.1,10.6,7
52.1,10.7,8
52.1,11.7,8.66666666666667
52.1,11.8,7.96428571428571
52.1,11.9,6.71875
52.1,12,6.87096774193548
52.1,12.1,8.71428571428571
52.1,12.2,8.7037037037037
52.1,12.3,8.38461538461539
52.1,12.4,9
52.1,12.7,2.52631578947368
52.1,12.8,7.86
52.1,12.9,7.89473684210526
52.1,13,8.9375
52.1,13.1,5.85507246376812
52.1,13.2,0
52.1,13.8,8
52.1,13.9,8.06382978723404
52.1,14,8.33333333333333
52.1,14.1,8
52.1,14.2,8
52.1,14.3,8
52.1,14.4,8
52.1,15,8
52.1,15.1,8.375
52.1,15.2,8
52.1,16,8
52.1,16.1,8
52.1,16.3,8
52.1,16.4,8
52.1,16.7,8
52.1,16.8,8
52.1,16.9,8
52.1,17,8
52.1,19.4,8.07692307692308
52.1,19.5,8
52.1,20,7.84210526315789
52.1,20.5,8
52.1,20.6,7.9811320754717
52.1,20.7,4
52.1,21,0
52.1,21.7,8.1
52.1,22.3,7.11111111111111
52.1,22.4,7.64285714285714
52.1,22.5,6.85714285714286
52.1,22.8,8
52.1,22.9,7.90909090909091
52.2,-14.3,8
52.2,-14.2,6.22222222222222
52.2,-14.1,2.66666666666667
52.2,-14,3.55555555555556
52.2,-13.9,8
52.2,-10.2,8
52.2,-10.1,8
52.2,-10,8
52.2,-8.6,7.42857142857143
52.2,-8.5,5.33333333333333
52.2,-7.4,8
52.2,-7.3,8
52.2,-7.2,6.85714285714286
52.2,-7.1,8
52.2,-7,8.04761904761905
52.2,-6.9,6.85714285714286
52.2,-6.8,6.66666666666667
52.2,-6.7,8
52.2,-6.6,8
52.2,-6.5,8
52.2,-6.4,8
52.2,-6.3,8
52.2,-6.2,8
52.2,-6.1,8
52.2,-6,8
52.2,-5.9,8
52.2,-5.8,7.96551724137931
52.2,-5.7,7.96666666666667
52.2,-5.6,7.55555555555556
52.2,-5.5,8.22222222222222
52.2,-5.4,7.85714285714286
52.2,-5.3,7
52.2,-5.2,7.88888888888889
52.2,-5.1,7.14285714285714
52.2,-5,7
52.2,-4.6,8
52.2,-4.5,8
52.2,-4.4,8
52.2,-4.3,8
52.2,-3.9,8
52.2,-3.8,8.11111111111111
52.2,-3.7,8
52.2,-3.6,7.3125
52.2,-3.5,7.75
52.2,-3.4,7.84
52.2,-3.3,8.21052631578947
52.2,-3.2,8
52.2,-3.1,8
52.2,-3,0
52.2,-2.8,7.52380952380952
52.2,-2.7,7.28813559322034
52.2,-2.6,4.82352941176471
52.2,-2.5,4.2
52.2,-2.3,6
52.2,-2.2,4.58823529411765
52.2,-2.1,3.40425531914894
52.2,-2,4.70588235294118
52.2,-1.9,4.61538461538461
52.2,-1.8,5.33333333333333
52.2,-1.7,5.5
52.2,-1.6,8.57575757575758
52.2,-1.5,3.67088607594937
52.2,-1.4,7.47286821705426
52.2,-1.3,7.33333333333333
52.2,-1.2,3
52.2,-1.1,8.03225806451613
52.2,-1,3.33333333333333
52.2,-0.8,2.66666666666667
52.2,-0.7,1.93162393162393
52.2,-0.6,3.7037037037037
52.2,-0.5,4.35714285714286
52.2,-0.4,4.5
52.2,-0.3,3.36842105263158
52.2,-0.2,4.77777777777778
52.2,-0.1,0.247619047619048
52.2,0,8
52.2,0.1,7.85
52.2,0.2,7.02777777777778
52.2,0.4,3.26666666666667
52.2,0.5,2.25
52.2,0.6,4
52.2,0.8,8
52.2,0.9,7.27272727272727
52.2,1,8
52.2,1.1,8
52.2,1.2,6.4
52.2,1.3,8
52.2,1.4,8
52.2,1.5,8
52.2,1.6,8
52.2,1.7,8
52.2,1.8,8
52.2,1.9,7.65217391304348
52.2,2,8
52.2,2.1,8
52.2,2.2,7.93333333333333
52.2,2.3,8
52.2,3.5,8
52.2,3.6,7
52.2,3.7,8
52.2,3.8,8
52.2,3.9,8.125
52.2,4.4,8
52.2,4.5,8
52.2,4.6,8
52.2,4.7,8
52.2,4.8,8
52.2,4.9,8
52.2,5,7.84615384615385
52.2,5.1,7.35294117647059
52.2,5.2,5.84782608695652
52.2,5.3,7.84090909090909
52.2,5.4,8
52.2,5.5,8
52.2,5.6,8
52.2,5.7,8.06666666666667
52.2,6,6.82352941176471
52.2,6.1,7.32727272727273
52.2,6.2,8
52.2,6.3,7.55555555555556
52.2,6.4,8
52.2,6.5,8
52.2,6.6,8
52.2,7.8,8
52.2,7.9,8
52.2,8.1,0
52.2,8.2,3.55555555555556
52.2,8.3,5.3
52.2,8.4,2.73333333333333
52.2,8.5,4.22222222222222
52.2,8.6,0
52.2,8.7,8
52.2,8.9,8
52.2,9,8
52.2,9.1,8.34615384615385
52.2,9.2,8.62068965517241
52.2,9.3,8.07142857142857
52.2,9.4,7.33333333333333
52.2,9.7,8
52.2,9.8,8
52.2,9.9,1.20547945205479
52.2,10,1.68181818181818
52.2,10.1,8
52.2,10.5,0
52.2,10.6,8.02352941176471
52.2,10.7,8.15463917525773
52.2,10.8,8.125
52.2,10.9,8.1875
52.2,11,8
52.2,11.5,8
52.2,11.6,8
52.2,11.7,4.66666666666667
52.2,11.8,2.66666666666667
52.2,12.3,8
52.2,12.4,8
52.2,12.5,8.11111111111111
52.2,12.6,7.57894736842105
52.2,12.7,8
52.2,12.8,8
52.2,12.9,7.95454545454545
52.2,13,8.5
52.2,13.1,8.72727272727273
52.2,13.2,8.65
52.2,13.3,8
52.2,13.4,8
52.2,13.5,7.27272727272727
52.2,13.6,8
52.2,13.9,7.65217391304348
52.2,14,8.34848484848485
52.2,14.1,8
52.2,14.2,8
52.2,14.9,8
52.2,15,8
52.2,15.9,8
52.2,16,8
52.2,16.1,8
52.2,16.2,8.28
52.2,16.3,7.86206896551724
52.2,16.4,8.28571428571429
52.2,16.5,8.53846153846154
52.2,16.6,8.64
52.2,16.7,8.18918918918919
52.2,16.8,8.38095238095238
52.2,16.9,8.57692307692308
52.2,17,8.54166666666667
52.2,17.1,8.2
52.2,19.5,8
52.2,19.6,8
52.2,20,8
52.2,20.4,0
52.2,20.5,3.97058823529412
52.2,20.6,7
52.2,20.7,7.78378378378378
52.2,20.8,8
52.2,20.9,8.00990099009901
52.2,21,8.91246684350133
52.2,21.7,7.68965517241379
52.2,21.8,8.94444444444444
52.2,21.9,9
52.2,22.4,8
52.2,22.5,8
52.2,22.9,8.27272727272727
52.3,-10.3,8
52.3,-10.2,8
52.3,-8.7,8
52.3,-8.6,8
52.3,-8.2,8
52.3,-8.1,8
52.3,-8,8
52.3,-7.9,8.16666666666667
52.3,-7.8,8
52.3,-7.7,8
52.3,-7.6,8.16666666666667
52.3,-7.5,8
52.3,-7.4,8
52.3,-7.2,8
52.3,-7.1,8
52.3,-7,7.46666666666667
52.3,-6.9,7.76
52.3,-6.8,8
52.3,-6.5,8
52.3,-6.4,7.6
52.3,-6.3,8
52.3,-6.2,8
52.3,-6.1,8
52.3,-6,8
52.3,-5.9,8
52.3,-5.8,8
52.3,-5.7,7.88888888888889
52.3,-5.3,7
52.3,-5.2,6.66666666666667
52.3,-4.9,8
52.3,-4.8,8
52.3,-4.7,8
52.3,-4.6,8
52.3,-4.2,8
52.3,-4.1,8.09090909090909
52.3,-4,7.92307692307692
52.3,-3.9,8
52.3,-3.8,8
52.3,-3.7,8
52.3,-3.6,8
52.3,-3.5,8
52.3,-3.4,8
52.3,-3.1,8
52.3,-2.8,0
52.3,-2.7,8.85849056603774
52.3,-2.5,0
52.3,-2.4,0
52.3,-2.3,4.03225806451613
52.3,-2.2,1.06666666666667
52.3,-2,8
52.3,-1.9,7.95454545454545
52.3,-1.8,8
52.3,-1.7,7.95833333333333
52.3,-1.6,7.87671232876712
52.3,-1.5,5.82857142857143
52.3,-1.4,6.16666666666667
52.3,-1.2,5
52.3,-1.1,6.81395348837209
52.3,-1,8
52.3,-0.8,8
52.3,-0.7,6.6551724137931
52.3,-0.6,0
52.3,-0.2,8
52.3,0,5.50746268656716
52.3,0.1,5.375
52.3,0.2,4.66666666666667
52.3,0.3,3.39393939393939
52.3,0.4,4.8
52.3,0.5,8
52.3,0.6,8
52.3,0.7,8.07142857142857
52.3,0.8,8
52.3,0.9,7.91666666666667
52.3,1,8.28571428571429
52.3,1.1,6.85714285714286
52.3,1.2,8
52.3,2.3,8
52.3,2.4,8
52.3,2.5,7.42857142857143
52.3,2.6,8
52.3,2.7,8
52.3,2.8,8
52.3,3.1,8
52.3,3.2,8
52.3,3.3,8
52.3,3.4,7.46666666666667
52.3,3.5,8
52.3,3.6,8
52.3,4.3,8
52.3,4.4,8
52.3,4.5,8
52.3,4.7,7.70143884892086
52.3,4.8,7.24725274725275
52.3,4.9,7.97674418604651
52.3,5.3,5.33333333333333
52.3,5.4,8
52.3,5.5,8
52.3,5.6,7.28571428571429
52.3,5.7,8
52.3,5.8,8
52.3,5.9,8
52.3,6,6.51724137931035
52.3,6.1,7.14018691588785
52.3,6.2,8.13333333333333
52.3,6.4,8
52.3,6.5,8
52.3,6.6,8
52.3,6.7,8
52.3,8,5.29411764705882
52.3,8.4,0
52.3,8.5,3.90909090909091
52.3,8.6,3.0625
52.3,8.7,3.15384615384615
52.3,8.8,5.05263157894737
52.3,8.9,5.33333333333333
52.3,9,3.73333333333333
52.3,9.1,2.90909090909091
52.3,9.2,8
52.3,9.3,7
52.3,9.4,5.82926829268293
52.3,9.5,8
52.3,9.6,8
52.3,9.7,8
52.3,9.8,8
52.3,9.9,8
52.3,10,8
52.3,10.1,8
52.3,10.2,7.94117647058824
52.3,10.3,8
52.3,10.4,8
52.3,10.5,8.54285714285714
52.3,10.6,8.15151515151515
52.3,10.7,8.08333333333333
52.3,10.8,8
52.3,10.9,8
52.3,11,8
52.3,11.1,8
52.3,11.2,8
52.3,11.3,8
52.3,11.4,8
52.3,11.5,4.8
52.3,11.6,2.4
52.3,11.7,0
52.3,12.3,8
52.3,12.4,8
52.3,12.5,8
52.3,12.6,8
52.3,12.7,8
52.3,12.8,8
52.3,12.9,7.2
52.3,13,8
52.3,13.1,8.5
52.3,13.2,8.22222222222222
52.3,13.3,8.26470588235294
52.3,13.4,8
52.3,13.6,8
52.3,13.7,8
52.3,13.8,8
52.3,13.9,7.2
52.3,14,7.4367816091954
52.3,14.1,5.33333333333333
52.3,14.2,7.57142857142857
52.3,14.3,7.95454545454545
52.3,14.4,7.95238095238095
52.3,14.5,8
52.3,14.6,8
52.3,14.7,8
52.3,14.8,8
52.3,15.2,8
52.3,15.3,8
52.3,15.4,8
52.3,15.5,8
52.3,15.6,8
52.3,15.7,8
52.3,15.8,8
52.3,15.9,8
52.3,16,8
52.3,16.1,8
52.3,16.2,8
52.3,16.6,8
52.3,16.7,8
52.3,16.8,8
52.3,16.9,8
52.3,17,8
52.3,17.1,8
52.3,17.2,8.8
52.3,17.3,8.5
52.3,17.6,8
52.3,17.7,8
52.3,17.8,8
52.3,17.9,8
52.3,18,8
52.3,18.1,7.85714285714286
52.3,18.2,8
52.3,18.3,8
52.3,18.4,8
52.3,18.5,7
52.3,19.4,5.33333333333333
52.3,19.5,8
52.3,19.6,6.85714285714286
52.3,19.7,8
52.3,19.8,8
52.3,19.9,8
52.3,20,8
52.3,20.1,7.63157894736842
52.3,20.2,6.54545454545455
52.3,20.3,3.03448275862069
52.3,20.4,7.84615384615385
52.3,20.5,8.08333333333333
52.3,20.6,7.85135135135135
52.3,20.7,6.93333333333333
52.3,20.8,4.66666666666667
52.3,20.9,3.39506172839506
52.3,21,5.41666666666667
52.3,22.4,8.33333333333333
52.3,22.5,7.75757575757576
52.3,22.9,8
52.4,-9,8
52.4,-8.9,7.46666666666667
52.4,-8.8,8
52.4,-8.7,8
52.4,-8.6,7.8
52.4,-8.5,8
52.4,-8.4,8
52.4,-8.3,8
52.4,-8.2,8
52.4,-8.1,8
52.4,-8,8
52.4,-7.9,8
52.4,-7.8,8
52.4,-7.7,7.11111111111111
52.4,-7.6,8
52.4,-7.5,8
52.4,-7.4,7.88888888888889
52.4,-7.3,8
52.4,-7.2,8
52.4,-6.8,8
52.4,-6.7,8
52.4,-6.6,7.2
52.4,-6.5,8
52.4,-5.8,8.6
52.4,-5.4,7
52.4,-5.3,7.21428571428571
52.4,-5.2,8
52.4,-5.1,8
52.4,-5,8
52.4,-4.9,8
52.4,-4.5,8
52.4,-4.4,8
52.4,-4.3,8
52.4,-4.2,8
52.4,-4.1,8
52.4,-4,8
52.4,-3.9,7.11111111111111
52.4,-3.8,8
52.4,-3.7,8
52.4,-3.1,8
52.4,-2.1,8
52.4,-2,8
52.4,-1.9,8
52.4,-1.8,7.96969696969697
52.4,-1.7,7.88392857142857
52.4,-1.6,6.40845070422535
52.4,-1.5,4.4375
52.4,-1.4,3.39393939393939
52.4,-1.2,8.9344262295082
52.4,-1.1,3.55813953488372
52.4,-1,0.20125786163522
52.4,-0.9,8
52.4,-0.8,7.95652173913043
52.4,-0.7,8
52.4,-0.3,5.04545454545455
52.4,-0.2,0
52.4,-0.1,0
52.4,0,4.6551724137931
52.4,0.1,5.75757575757576
52.4,0.2,1.5
52.4,0.4,8
52.4,0.5,8
52.4,0.6,8
52.4,0.7,8
52.4,1.6,0
52.4,1.7,0
52.4,3.1,8
52.4,3.2,8
52.4,3.3,8
52.4,3.9,8
52.4,4,8.14285714285714
52.4,4.1,8
52.4,4.2,8
52.4,4.3,8
52.4,4.7,7.95104895104895
52.4,4.9,8
52.4,5.1,8
52.4,5.3,8
52.4,5.4,8
52.4,5.5,7.46666666666667
52.4,5.6,8
52.4,5.7,8
52.4,5.9,8
52.4,6,8
52.4,6.1,7.15789473684211
52.4,6.2,7.6
52.4,6.3,8.09090909090909
52.4,6.4,8
52.4,6.5,8
52.4,6.6,8
52.4,8.4,7
52.4,8.5,8
52.4,8.8,8
52.4,8.9,0
52.4,9,1.84615384615385
52.4,9.1,4
52.4,9.2,8
52.4,9.3,8
52.4,9.4,8.08695652173913
52.4,9.5,8
52.4,9.6,8
52.4,9.7,8
52.4,9.8,8
52.4,9.9,8
52.4,10.2,8
52.4,10.5,8.81818181818182
52.4,10.6,8.83333333333333
52.4,10.7,8.33333333333333
52.4,11.3,0
52.4,11.4,0.727272727272727
52.4,11.5,3.42857142857143
52.4,11.6,8
52.4,11.7,8
52.4,11.8,8
52.4,11.9,8
52.4,12,8.11111111111111
52.4,12.1,8
52.4,12.2,8
52.4,12.3,8
52.4,12.4,8
52.4,13.3,0.615384615384615
52.4,13.4,1.36170212765957
52.4,13.5,7.97269624573379
52.4,13.6,8
52.4,13.7,8
52.4,13.8,7.8961038961039
52.4,13.9,7.80722891566265
52.4,14,8.02352941176471
52.4,14.1,3.65714285714286
52.4,14.2,8
52.4,14.3,8
52.4,14.4,8
52.4,14.5,8
52.4,14.6,8
52.4,14.7,8
52.4,14.8,7.2
52.4,14.9,8
52.4,15.5,8
52.4,15.6,8
52.4,15.7,8
52.4,15.8,8
52.4,15.9,8
52.4,16,8
52.4,16.5,8
52.4,16.6,8
52.4,16.8,8.12
52.4,16.9,9
52.4,17,8.93333333333333
52.4,17.1,8.57142857142857
52.4,17.2,8
52.4,17.3,8
52.4,17.4,8
52.4,17.5,8
52.4,17.6,8
52.4,17.7,8
52.4,17.8,8
52.4,17.9,8.0625
52.4,18,7.94736842105263
52.4,18.1,8
52.4,18.2,8
52.4,18.3,8
52.4,18.4,8
52.4,18.5,8
52.4,18.6,8
52.4,18.7,7.63636363636364
52.4,18.8,8
52.4,18.9,8
52.4,19,8
52.4,19.1,8
52.4,19.2,8
52.4,19.3,8
52.4,19.4,8.05555555555556
52.4,19.5,8
52.4,19.6,8
52.4,19.7,7.92307692307692
52.4,19.8,8
52.4,19.9,8
52.4,20,8
52.4,20.1,7.91304347826087
52.4,20.2,8
52.4,20.3,7.57142857142857
52.4,20.4,8
52.4,20.5,7.95454545454545
52.4,20.6,8
52.4,20.7,7.55555555555556
52.4,20.9,8
52.4,21,7.27272727272727
52.4,22.2,0
52.4,22.5,7.2
52.4,22.9,6.875
52.4,23,8
52.5,-9.9,8
52.5,-9.8,6.66666666666667
52.5,-9.7,6.66666666666667
52.5,-9.6,8
52.5,-9.5,8
52.5,-9.4,8
52.5,-9.3,8.11111111111111
52.5,-9.2,6.45454545454545
52.5,-9.1,8
52.5,-9,8
52.5,-8.9,8
52.5,-8.6,8
52.5,-8.5,7.11111111111111
52.5,-8.4,8
52.5,-8.3,8.11111111111111
52.5,-8.2,8
52.5,-8.1,8
52.5,-7,8
52.5,-6.9,8
52.5,-6.8,8
52.5,-6.7,8
52.5,-6.6,8
52.5,-5.9,8
52.5,-5.7,8
52.5,-5.6,8
52.5,-5.5,8
52.5,-5.4,8
52.5,-5.3,8
52.5,-5.2,8
52.5,-4.8,8.375
52.5,-4.7,8
52.5,-4.6,8.07692307692308
52.5,-4.5,8
52.5,-4.3,8
52.5,-4.2,8
52.5,-4.1,8
52.5,-3.3,0
52.5,-3.1,8
52.5,-2.2,8
52.5,-2.1,8
52.5,-2,8
52.5,-1.9,8.03225806451613
52.5,-1.8,7.8030303030303
52.5,-1.7,8
52.5,-1.2,8.71830985915493
52.5,-1,4
52.5,-0.9,2.61818181818182
52.5,-0.8,8
52.5,-0.6,6
52.5,-0.4,7.38461538461539
52.5,-0.3,6.83928571428571
52.5,-0.2,8.55555555555556
52.5,-0.1,8.31034482758621
52.5,0,0
52.5,0.2,8
52.5,0.3,8
52.5,0.4,8
52.5,0.5,8
52.5,0.6,7.5
52.5,1.2,0.275862068965517
52.5,3.7,8
52.5,3.8,8.09090909090909
52.5,3.9,8
52.5,4,7.94736842105263
52.5,4.1,8
52.5,4.2,8
52.5,4.3,8
52.5,4.4,7.68085106382979
52.5,4.5,8.025
52.5,4.6,8
52.5,4.7,8.00826446280992
52.5,4.8,7.6
52.5,4.9,7.75
52.5,5,8
52.5,5.1,8
52.5,5.2,8
52.5,5.3,8
52.5,5.5,8
52.5,5.6,8
52.5,5.7,8
52.5,5.8,8
52.5,6,8
52.5,6.1,7.22727272727273
52.5,6.2,8
52.5,6.4,8.125
52.5,6.5,8
52.5,6.6,8
52.5,6.7,8
52.5,6.8,8
52.5,8.1,7.5
52.5,8.2,7.375
52.5,8.3,7
52.5,8.4,8
52.5,8.5,8
52.5,8.6,8
52.5,8.7,8
52.5,8.8,7.57894736842105
52.5,8.9,7
52.5,9,6.4
52.5,9.2,8
52.5,9.5,8
52.5,9.6,7.94444444444444
52.5,9.7,8.6015037593985
52.5,9.8,8.75
52.5,9.9,8.08333333333333
52.5,10.2,8
52.5,10.3,8
52.5,10.7,8.25
52.5,10.8,8.66666666666667
52.5,11.2,1.6
52.5,11.3,0.888888888888889
52.5,12.1,7.9
52.5,12.2,8
52.5,12.3,8
52.5,13,8
52.5,13.1,8
52.5,13.2,8
52.5,13.3,5
52.5,13.4,0
52.5,13.5,0
52.5,13.6,0
52.5,13.7,0
52.5,13.8,8
52.5,13.9,8
52.5,14,8.48888888888889
52.5,14.1,1.82456140350877
52.5,14.2,8
52.5,15.8,8
52.5,15.9,8
52.5,16,8
52.5,16.3,8
52.5,16.4,8
52.5,17.4,8
52.5,17.5,8
52.5,18.4,8
52.5,18.5,8
52.5,18.6,8
52.5,18.7,8
52.5,18.8,8
52.5,18.9,8
52.5,19,8
52.5,19.1,8
52.5,19.2,8
52.5,19.3,8
52.5,19.4,8
52.5,19.5,8
52.5,19.6,8
52.5,19.7,8
52.5,19.8,8
52.5,19.9,7.6
52.5,20,8
52.5,20.1,7.14285714285714
52.5,20.2,7.92857142857143
52.5,20.3,8
52.5,20.4,8.06896551724138
52.5,20.5,8
52.5,20.6,8
52.5,20.7,8
52.5,21.1,8
52.5,22.5,8
52.5,22.6,7.27272727272727
52.5,23,8
52.6,-10.8,8
52.6,-10.7,6.66666666666667
52.6,-10.6,8
52.6,-10.5,8
52.6,-10.4,6.4
52.6,-10.3,8
52.6,-10.2,8
52.6,-10.1,8
52.6,-10,8
52.6,-9.9,8
52.6,-9.5,8
52.6,-9.4,8
52.6,-9.3,0
52.6,-9.2,0
52.6,-9.1,1.45454545454545
52.6,-9,7.42857142857143
52.6,-7.2,8
52.6,-7.1,8
52.6,-7,8
52.6,-6.6,8
52.6,-6.5,8
52.6,-6,8
52.6,-5.9,8
52.6,-5.8,8
52.6,-5.7,8
52.6,-5.1,8
52.6,-5,8
52.6,-4.9,8
52.6,-4.8,8
52.6,-3.1,8
52.6,-2.4,8
52.6,-2.3,8
52.6,-2.2,8
52.6,-2.1,8
52.6,-2,8
52.6,-1.9,8
52.6,-1.8,7.85714285714286
52.6,-1.6,8
52.6,-1.5,8
52.6,-1.3,8
52.6,-1.2,6
52.6,-1.1,8.25
52.6,-1,6.06593406593407
52.6,-0.9,3.04761904761905
52.6,-0.8,5.18181818181818
52.6,-0.6,8.33333333333333
52.6,-0.5,8.62790697674419
52.6,-0.4,7.19512195121951
52.6,-0.3,1
52.6,-0.2,8.66666666666667
52.6,0,2.07407407407407
52.6,0.1,7.63636363636364
52.6,0.2,7.6078431372549
52.6,0.3,7.44444444444444
52.6,0.4,8
52.6,0.5,5.71428571428571
52.6,0.6,5.33333333333333
52.6,0.7,8
52.6,0.8,8.27272727272727
52.6,0.9,7.65
52.6,1,8
52.6,1.1,8
52.6,1.2,8.18181818181818
52.6,1.3,5.57142857142857
52.6,1.4,8
52.6,1.5,6
52.6,1.7,8
52.6,1.8,8
52.6,2.4,8
52.6,2.5,8
52.6,3.3,8
52.6,3.4,8
52.6,3.5,8
52.6,3.6,8
52.6,3.7,8
52.6,3.8,8
52.6,4.2,7.8
52.6,4.3,8
52.6,4.4,8
52.6,4.5,8
52.6,4.6,8
52.6,4.7,7.76923076923077
52.6,4.8,6
52.6,4.9,8
52.6,5,8
52.6,5.1,8
52.6,5.2,8
52.6,5.5,4.30769230769231
52.6,5.6,3.88888888888889
52.6,5.7,0.923076923076923
52.6,5.8,8
52.6,5.9,8
52.6,6.1,0
52.6,6.2,8.07692307692308
52.6,6.6,11
52.6,6.7,8
52.6,6.8,8
52.6,6.9,8
52.6,7,8
52.6,7.1,7
52.6,7.2,8
52.6,7.3,8
52.6,8.6,8.09090909090909
52.6,8.7,7.2
52.6,8.8,8
52.6,8.9,8
52.6,9,8
52.6,9.1,8
52.6,9.2,8.1
52.6,9.3,8
52.6,9.4,8
52.6,9.5,8
52.6,9.6,8
52.6,9.7,8
52.6,9.8,7.14285714285714
52.6,9.9,8.69230769230769
52.6,10,7.54545454545455
52.6,10.1,8.90909090909091
52.6,10.2,8.92307692307692
52.6,10.3,8.38333333333333
52.6,10.8,7.70588235294118
52.6,10.9,7.625
52.6,12,8.42857142857143
52.6,12.1,8
52.6,12.2,8
52.6,12.3,8
52.6,12.4,8
52.6,12.5,8.125
52.6,12.6,8
52.6,12.7,8
52.6,12.8,7.5
52.6,12.9,8
52.6,13,8
52.6,13.1,8
52.6,13.2,9
52.6,13.3,9
52.6,13.4,5.23214285714286
52.6,13.5,4
52.6,13.6,3.80952380952381
52.6,13.7,4.6
52.6,13.8,7.69230769230769
52.6,13.9,8
52.6,14,8.72727272727273
52.6,15.7,8
52.6,15.8,8
52.6,16,8
52.6,16.1,8
52.6,16.2,8
52.6,16.3,8
52.6,17.3,8
52.6,17.4,8.16666666666667
52.6,20.2,8
52.6,20.3,7.35714285714286
52.6,20.4,8
52.6,21.9,8
52.6,22.5,8
52.6,22.6,8
52.6,23,8
52.7,-11.3,8
52.7,-11.2,8
52.7,-11.1,5.33333333333333
52.7,-11,5.33333333333333
52.7,-10.9,8
52.7,-10.8,8
52.7,-10.7,8
52.7,-10.6,8
52.7,-10.5,7
52.7,-10.4,8
52.7,-10.3,8
52.7,-10.2,8
52.7,-10.1,8
52.7,-10,8
52.7,-9.9,8
52.7,-9.8,8
52.7,-9.7,8
52.7,-9.6,8
52.7,-9.5,8
52.7,-9,4.28571428571429
52.7,-8.9,0
52.7,-7.4,8
52.7,-7.3,8
52.7,-7.2,8
52.7,-6.5,8
52.7,-6.4,8
52.7,-6.1,8
52.7,-6,7.66666666666667
52.7,-5.5,8
52.7,-5.4,8
52.7,-5.3,6.66666666666667
52.7,-5.2,8
52.7,-3.1,8.04
52.7,-3,6.64705882352941
52.7,-2.9,8.11111111111111
52.7,-2.4,8
52.7,-2.3,8
52.7,-2.2,7.33333333333333
52.7,-2.1,8
52.7,-2,8
52.7,-1.9,7.33333333333333
52.7,-1.8,6.7887323943662
52.7,-1.7,8.29545454545454
52.7,-1.6,8
52.7,-1.4,8
52.7,-1.3,8.22727272727273
52.7,-1.2,8
52.7,-1.1,3.2
52.7,-0.9,2.86363636363636
52.7,-0.8,6.53333333333333
52.7,-0.7,6.44444444444444
52.7,-0.6,7.65384615384615
52.7,-0.5,7.23611111111111
52.7,-0.4,8.62962962962963
52.7,-0.3,8.23684210526316
52.7,-0.2,8
52.7,-0.1,8
52.7,0,0.64
52.7,0.1,1.92
52.7,0.2,7.39024390243902
52.7,0.3,7.02040816326531
52.7,0.4,7.29411764705882
52.7,0.5,8
52.7,0.6,8
52.7,0.7,8.125
52.7,0.8,8.05555555555556
52.7,0.9,7.15
52.7,1.3,7.98214285714286
52.7,1.5,9.57894736842105
52.7,1.7,4
52.7,1.8,7.5
52.7,2,8
52.7,2.1,8
52.7,2.2,8
52.7,2.3,8
52.7,2.4,8.25
52.7,2.8,8
52.7,2.9,8
52.7,3,7.46666666666667
52.7,3.1,7.5
52.7,3.2,8
52.7,3.3,8
52.7,3.5,8
52.7,4.1,8
52.7,4.2,8
52.7,4.3,7.83333333333333
52.7,4.4,8
52.7,4.9,8
52.7,5,8
52.7,5.2,8
52.7,5.3,8
52.7,5.4,5.5625
52.7,5.5,5.6
52.7,5.6,8
52.7,5.7,8
52.7,5.8,8.14285714285714
52.7,5.9,8
52.7,6,8.15
52.7,6.1,8
52.7,6.2,8
52.7,6.3,8
52.7,6.4,8
52.7,6.5,8
52.7,6.6,8
52.7,6.9,8
52.7,7,7.27272727272727
52.7,7.1,8
52.7,7.8,8
52.7,7.9,4
52.7,8.7,8
52.7,8.8,8
52.7,9,8
52.7,9.1,8
52.7,9.6,8
52.7,9.8,8
52.7,9.9,8
52.7,10,8
52.7,10.1,3.51351351351351
52.7,10.2,8
52.7,10.3,8
52.7,10.4,8
52.7,10.5,8
52.7,10.6,8
52.7,10.7,8
52.7,11.8,8
52.7,11.9,8.08333333333333
52.7,12,8
52.7,12.2,8
52.7,12.3,8
52.7,12.7,5
52.7,12.8,0
52.7,12.9,0
52.7,13.1,8
52.7,13.2,8
52.7,13.3,8
52.7,13.4,7.45454545454545
52.7,13.5,8
52.7,13.7,5.47368421052632
52.7,13.8,7.11111111111111
52.7,15.6,8
52.7,15.7,8
52.7,16,8
52.7,16.1,8
52.7,16.2,8
52.7,16.3,8
52.7,16.4,8
52.7,16.5,8
52.7,16.6,8
52.7,17.2,8
52.7,17.3,8
52.7,19.9,8
52.7,20,8
52.7,20.1,6.66666666666667
52.7,20.2,8
52.7,20.3,8
52.7,21.9,7.5
52.7,22.5,8
52.7,22.6,8
52.7,23,8
52.8,-11.2,7.5
52.8,-11.1,6
52.8,-11,8
52.8,-10.9,8
52.8,-10.8,7.11111111111111
52.8,-7.6,8
52.8,-7.5,8
52.8,-7.4,8
52.8,-6.4,8
52.8,-6.3,8
52.8,-5.8,8
52.8,-5.7,8
52.8,-5.6,8
52.8,-5.5,8
52.8,-3.1,7.76470588235294
52.8,-3,7.47058823529412
52.8,-2.9,5.71875
52.8,-2.7,2.98039215686275
52.8,-2.6,5.40909090909091
52.8,-2.5,5.67676767676768
52.8,-2.4,8.78378378378378
52.8,-2.3,8
52.8,-2.2,8
52.8,-2.1,7.7037037037037
52.8,-2,7.2
52.8,-1.9,6.41071428571429
52.8,-1.8,5.88333333333333
52.8,-1.7,7.3265306122449
52.8,-1.5,8
52.8,-1.4,8.12244897959184
52.8,-1.3,8.15771812080537
52.8,-1.2,8.17241379310345
52.8,-1.1,4.74358974358974
52.8,-1,0
52.8,-0.9,5.76363636363636
52.8,-0.8,6.38
52.8,-0.7,2.87671232876712
52.8,-0.6,3.82608695652174
52.8,-0.5,6.07692307692308
52.8,-0.4,8.8
52.8,-0.3,7.2258064516129
52.8,-0.2,4.71428571428571
52.8,-0.1,0
52.8,0,0
52.8,0.1,0
52.8,1.3,8
52.8,1.4,8
52.8,1.5,10
52.8,1.6,9.66666666666667
52.8,1.7,9.53846153846154
52.8,1.8,9.44
52.8,1.9,6.66666666666667
52.8,2,8
52.8,2.1,8
52.8,2.2,8
52.8,2.3,8
52.8,2.4,6.85714285714286
52.8,2.5,8.28571428571429
52.8,2.6,8.125
52.8,2.7,8
52.8,2.8,8
52.8,3.3,8
52.8,3.4,8
52.8,3.5,8
52.8,3.6,8
52.8,3.7,7.33333333333333
52.8,3.8,8
52.8,3.9,8
52.8,4,8
52.8,4.1,8
52.8,4.2,7.88888888888889
52.8,4.3,8
52.8,4.7,8
52.8,4.8,8
52.8,4.9,8
52.8,5.2,8
52.8,5.3,8
52.8,5.4,8
52.8,5.5,8
52.8,5.6,8
52.8,5.7,8
52.8,5.8,8
52.8,5.9,8
52.8,6,8
52.8,6.1,8
52.8,6.4,8
52.8,6.5,8
52.8,7.1,8
52.8,7.2,8
52.8,8,0
52.8,8.7,8.09090909090909
52.8,8.8,8
52.8,8.9,8
52.8,9,8.09090909090909
52.8,9.6,0
52.8,10.4,8
52.8,10.5,8
52.8,11.8,8
52.8,12,8
52.8,12.1,8
52.8,12.2,8
52.8,12.3,8
52.8,12.4,8
52.8,12.5,8
52.8,12.6,8
52.8,12.7,2.66666666666667
52.8,12.8,2.94736842105263
52.8,12.9,8.42857142857143
52.8,13,8
52.8,13.1,8
52.8,13.7,8
52.8,15.5,8
52.8,15.9,8
52.8,16,8
52.8,16.6,8
52.8,16.7,8
52.8,16.8,8
52.8,16.9,8
52.8,17,8
52.8,17.1,8
52.8,21.9,8
52.8,22,7.38461538461539
52.8,22.6,7.40740740740741
52.8,23,7.11111111111111
52.8,23.1,8
52.9,-13.9,6.4
52.9,-13.8,5
52.9,-13.7,4.125
52.9,-13.6,4
52.9,-13.5,4.44444444444444
52.9,-13.4,6.875
52.9,-13.3,5
52.9,-13.2,5.44444444444444
52.9,-13.1,6
52.9,-13,8.33333333333333
52.9,-12.9,6
52.9,-12.8,6.125
52.9,-12.7,6.85714285714286
52.9,-9.7,8
52.9,-7.8,8
52.9,-7.7,8
52.9,-7.6,8
52.9,-6.9,8
52.9,-6.8,8
52.9,-6.7,8
52.9,-6.6,7.22222222222222
52.9,-6.5,8
52.9,-6.3,8
52.9,-6.2,8
52.9,-6.1,8
52.9,-6,8
52.9,-5.9,7.83333333333333
52.9,-5.8,8
52.9,-3.1,8
52.9,-3,8.67415730337079
52.9,-2.9,8.70588235294118
52.9,-2.8,8.79310344827586
52.9,-2.7,8
52.9,-2.6,8
52.9,-2.5,8
52.9,-2.4,8
52.9,-2.3,8
52.9,-2.2,8
52.9,-2.1,8
52.9,-2,6.30434782608696
52.9,-1.9,8
52.9,-1.7,8.95
52.9,-1.6,8
52.9,-1.5,8
52.9,-1.4,7
52.9,-1.3,8.6510067114094
52.9,-1.2,7.25
52.9,-1.1,3
52.9,-1,4.92307692307692
52.9,-0.9,6.85714285714286
52.9,-0.8,6.61224489795918
52.9,-0.7,0.625
52.9,-0.6,1.8
52.9,-0.5,6.41935483870968
52.9,-0.4,7.15789473684211
52.9,-0.3,3.15
52.9,-0.2,1.81818181818182
52.9,-0.1,0
52.9,1.2,6.875
52.9,1.3,8
52.9,1.4,8
52.9,1.5,8
52.9,1.6,8
52.9,1.8,10
52.9,1.9,10
52.9,2,9.47826086956522
52.9,2.1,8
52.9,2.2,8
52.9,2.3,8
52.9,2.4,8
52.9,2.7,6.85714285714286
52.9,2.8,8
52.9,2.9,8
52.9,3,8
52.9,3.1,8
52.9,3.2,8
52.9,3.3,7.88888888888889
52.9,3.4,8.13333333333333
52.9,3.5,8.0625
52.9,3.6,8.11111111111111
52.9,3.7,8
52.9,4.5,8
52.9,4.6,8
52.9,4.7,8
52.9,4.8,8
52.9,5.4,8
52.9,5.5,7.11111111111111
52.9,5.6,8
52.9,5.7,8
52.9,5.8,8
52.9,5.9,8
52.9,6,8
52.9,6.1,8
52.9,6.2,8
52.9,6.5,8
52.9,6.6,8
52.9,7.2,8
52.9,7.3,8
52.9,7.4,8
52.9,8.1,8
52.9,8.2,8
52.9,8.6,8
52.9,8.7,8
52.9,8.8,8
52.9,8.9,7.91666666666667
52.9,10.3,8
52.9,10.5,8
52.9,11.2,8
52.9,12.5,8.25
52.9,12.6,8
52.9,13.1,8
52.9,13.2,8
52.9,13.3,8
52.9,13.4,8
52.9,13.5,8
52.9,13.6,8
52.9,13.7,7.6
52.9,13.8,8.125
52.9,13.9,8
52.9,14,8.28571428571429
52.9,14.1,8
52.9,14.2,8
52.9,15.5,8
52.9,15.6,8
52.9,15.7,8
52.9,15.8,8
52.9,15.9,8
52.9,16.9,8
52.9,17,8
52.9,17.1,8
52.9,17.2,8.75
52.9,21.9,8.93333333333333
52.9,22,8
52.9,22.1,8
52.9,22.6,7.63636363636364
52.9,22.7,8
52.9,23.1,8
53,-20.6,0
53,-20.5,0
53,-20.3,0
53,-20.2,0
53,-20,0
53,-15.8,0
53,-15.6,0
53,-15.5,1.6
53,-15.4,0
53,-15.3,2.4
53,-15.2,4.86666666666667
53,-15.1,6.17647058823529
53,-15,4.73333333333333
53,-14.9,5.77777777777778
53,-14.8,6.08333333333333
53,-14.7,4.75
53,-14.6,4
53,-14.5,5.33333333333333
53,-14.4,6
53,-14.3,7.11111111111111
53,-14.2,7.125
53,-14.1,6.85714285714286
53,-14,6.22222222222222
53,-13.9,4
53,-10.1,7.8
53,-10,8
53,-9.9,8
53,-9.8,8
53,-9.7,8
53,-8,7.8
53,-7.9,7.83333333333333
53,-7.8,8
53,-7.3,8
53,-7.2,8
53,-7.1,8
53,-7,6.54545454545455
53,-6.9,8
53,-5.8,8
53,-5.7,6.63636363636364
53,-3.2,8
53,-3.1,8
53,-2.9,8
53,-2.8,8
53,-2.7,8
53,-2.6,8
53,-2.5,6.85714285714286
53,-2.4,8
53,-2.3,8
53,-2.2,8.5625
53,-2.1,2.66666666666667
53,-2,8
53,-1.7,8.72727272727273
53,-1.4,8.18181818181818
53,-1.3,5.19417475728155
53,-1.2,7.05633802816901
53,-1.1,5.14285714285714
53,-1,8
53,-0.9,1.86906019007392
53,-0.8,8.86363636363636
53,-0.7,2.88
53,-0.6,3.125
53,-0.5,2.22900763358779
53,-0.4,3.875
53,-0.2,0
53,0.3,8
53,0.4,8
53,0.5,7
53,0.6,7.83333333333333
53,0.7,3.96875
53,0.8,3.8695652173913
53,0.9,3.59090909090909
53,1,2.75862068965517
53,1.1,5.66666666666667
53,1.2,8
53,2.2,8
53,2.3,8
53,2.4,8
53,2.5,7.65217391304348
53,2.6,8
53,2.7,8.06666666666667
53,2.8,8
53,2.9,8
53,3,7.46666666666667
53,3.1,8
53,3.8,8
53,3.9,8
53,4.4,8
53,4.5,8
53,4.6,8
53,4.7,8
53,5.9,8
53,6,8.04166666666667
53,6.1,7.5
53,6.2,8
53,6.3,7.85
53,6.4,8
53,6.5,8
53,6.6,7.11111111111111
53,6.7,7.83333333333333
53,6.9,5.625
53,7,7.04651162790698
53,7.1,8.33333333333333
53,7.4,8
53,7.5,8
53,8.5,1.8
53,8.6,8
53,8.7,7.78947368421053
53,8.8,8.22619047619048
53,8.9,8
53,9,8
53,9.1,8
53,9.2,8
53,10.3,7.75
53,10.5,0
53,10.6,0
53,11.2,8
53,12,2.125
53,12.1,1.5
53,12.6,8
53,12.7,5.33333333333333
53,13.6,8.05555555555556
53,14,9
53,15.9,8
53,16,8
53,16.1,8
53,16.2,8
53,16.3,8.14285714285714
53,16.4,8
53,16.7,8.96551724137931
53,16.8,8
53,16.9,8
53,17.2,8
53,17.3,8
53,17.4,8
53,19,8
53,21.9,9
53,22.1,6.71428571428571
53,22.2,8
53,22.6,8
53,22.7,8
53,23.1,8
53.1,-22.5,0
53.1,-16.3,0
53.1,-16.2,0
53.1,-16,0
53.1,-14.8,4
53.1,-14.7,5.33333333333333
53.1,-14.6,2.66666666666667
53.1,-14.5,3.92857142857143
53.1,-14.4,6.58823529411765
53.1,-14.3,6.23529411764706
53.1,-14.2,7.0625
53.1,-14.1,6.625
53.1,-14,5.86666666666667
53.1,-13.9,7.53333333333333
53.1,-13.8,6.58823529411765
53.1,-13.7,6.93333333333333
53.1,-13.6,6.66666666666667
53.1,-13.5,5.71428571428571
53.1,-13.4,8.25
53.1,-10.6,8
53.1,-10.5,6.66666666666667
53.1,-10.4,8
53.1,-10.3,8
53.1,-10.2,8
53.1,-10.1,8
53.1,-8.2,6.4
53.1,-8.1,8
53.1,-8,8
53.1,-7.7,8
53.1,-7.6,8.11111111111111
53.1,-7.5,8
53.1,-7.4,8
53.1,-7.3,8
53.1,-7,0
53.1,-6.9,0
53.1,-6.3,3.5
53.1,-6.1,0
53.1,-6,0
53.1,-5.8,7.11111111111111
53.1,-5.6,8.11111111111111
53.1,-5.5,8
53.1,-3.3,8
53.1,-3.2,8
53.1,-3.1,8
53.1,-3,7.15384615384615
53.1,-2.9,7.66666666666667
53.1,-2.7,8
53.1,-2.6,9.12727272727273
53.1,-2.5,9.44897959183673
53.1,-2.4,9.22222222222222
53.1,-2.3,7
53.1,-2.2,8.77777777777778
53.1,-1.7,8.14285714285714
53.1,-1.6,8
53.1,-1.5,8.67857142857143
53.1,-1.4,8.07142857142857
53.1,-1.3,8.12068965517241
53.1,-1.2,9
53.1,-1.1,8
53.1,-1,8
53.1,-0.9,8.93877551020408
53.1,-0.8,0
53.1,-0.7,2.12121212121212
53.1,-0.6,7.20833333333333
53.1,-0.5,8
53.1,-0.4,8
53.1,-0.3,8
53.1,-0.2,8
53.1,-0.1,8
53.1,0,8
53.1,0.1,8
53.1,0.2,8
53.1,0.3,8.02702702702703
53.1,0.4,7.75
53.1,0.5,8
53.1,0.6,8
53.1,0.7,8.2
53.1,1.7,8
53.1,1.8,7.46666666666667
53.1,1.9,7.42857142857143
53.1,2,8
53.1,2.1,8
53.1,2.2,7.8
53.1,2.3,8
53.1,2.4,8
53.1,2.5,8.11111111111111
53.1,2.6,8
53.1,2.7,8
53.1,3.9,8
53.1,4,8
53.1,4.1,8
53.1,4.2,8
53.1,4.3,8
53.1,4.4,8
53.1,4.5,8
53.1,4.6,8.06060606060606
53.1,4.7,8
53.1,4.8,8
53.1,4.9,8
53.1,6.1,8
53.1,6.2,8
53.1,6.3,8
53.1,6.4,7.94285714285714
53.1,6.5,8.11764705882353
53.1,6.6,7.53846153846154
53.1,6.7,6.78787878787879
53.1,6.8,8
53.1,6.9,8
53.1,7,7.93939393939394
53.1,7.5,8
53.1,7.6,8
53.1,8.5,1.51515151515152
53.1,8.6,6.4
53.1,8.7,6.33333333333333
53.1,8.8,7.46153846153846
53.1,8.9,5.6
53.1,9,7.7037037037037
53.1,9.1,6.84615384615385
53.1,9.2,8
53.1,10.3,8
53.1,10.5,0
53.1,10.6,0
53.1,11.2,8.09090909090909
53.1,11.9,2.33333333333333
53.1,12,2
53.1,12.7,8.11111111111111
53.1,12.8,8
53.1,13.5,8
53.1,13.6,8
53.1,14,1
53.1,15.7,8
53.1,15.8,8
53.1,16.4,8
53.1,16.5,8
53.1,16.6,8
53.1,16.7,8.54320987654321
53.1,16.8,8
53.1,17.5,6.26666666666667
53.1,17.6,6
53.1,17.7,6
53.1,17.8,6
53.1,19,7.875
53.1,22.2,7.46666666666667
53.1,22.5,9
53.1,22.6,8.91428571428571
53.1,22.7,8.24528301886792
53.1,22.8,9
53.1,23.2,8.8
53.2,-13.5,7.25
53.2,-13.4,6.25
53.2,-13.3,5
53.2,-13.2,6.66666666666667
53.2,-13.1,5.5625
53.2,-13,7.52941176470588
53.2,-12.9,5.77777777777778
53.2,-12.8,7.4375
53.2,-12.7,7
53.2,-12.6,5.86666666666667
53.2,-12.5,4.4375
53.2,-12.4,2.66666666666667
53.2,-12.3,4.57142857142857
53.2,-12.2,4.55555555555556
53.2,-12.1,4.875
53.2,-12,5.33333333333333
53.2,-11.9,8
53.2,-11.8,6
53.2,-11.7,8
53.2,-11.1,8
53.2,-11,8
53.2,-10.9,8.16666666666667
53.2,-10.8,8
53.2,-10.7,8
53.2,-10.6,6
53.2,-8.4,8
53.2,-8.3,6.85714285714286
53.2,-8.2,8
53.2,-8,8.125
53.2,-7.9,8
53.2,-7.8,8
53.2,-7.7,8
53.2,-6.4,6.09090909090909
53.2,-6.3,7.25
53.2,-5.8,8
53.2,-5.7,6.76923076923077
53.2,-5.6,6.92857142857143
53.2,-4.6,9
53.2,-3.3,7.6
53.2,-3.2,8
53.2,-3.1,8
53.2,-3,8.41463414634146
53.2,-2.9,8.453125
53.2,-2.8,8
53.2,-2.7,7.65217391304348
53.2,-2.6,6.66666666666667
53.2,-2.5,5.51063829787234
53.2,-2.4,8.56410256410256
53.2,-2.3,7
53.2,-2.2,9
53.2,-2.1,8.66666666666667
53.2,-1.7,9
53.2,-1.6,8.4390243902439
53.2,-1.5,5.925
53.2,-1.2,7.85714285714286
53.2,-1.1,7.27272727272727
53.2,-1,8
53.2,-0.9,8
53.2,-0.8,1.48571428571429
53.2,-0.7,5.58139534883721
53.2,-0.6,3.16279069767442
53.2,-0.5,7.90123456790123
53.2,-0.4,8.08823529411765
53.2,-0.3,6.32558139534884
53.2,-0.2,8
53.2,-0.1,8
53.2,0,8
53.2,0.1,7.5
53.2,0.2,8
53.2,0.6,8
53.2,0.7,8
53.2,0.8,8
53.2,0.9,8
53.2,1,8.14285714285714
53.2,1.1,7.2
53.2,1.2,8.14285714285714
53.2,1.3,8
53.2,1.4,8
53.2,1.5,8
53.2,1.6,8
53.2,1.7,8
53.2,2.7,7.11111111111111
53.2,2.8,8
53.2,4.2,8
53.2,4.3,8
53.2,4.4,7.93333333333333
53.2,4.5,7.72
53.2,4.6,8
53.2,4.9,8
53.2,5,8
53.2,5.1,8
53.2,5.8,0
53.2,6.2,8
53.2,6.3,8
53.2,6.4,8
53.2,6.5,7.94117647058824
53.2,6.6,8
53.2,6.7,8.57446808510638
53.2,6.8,8.69444444444444
53.2,6.9,8
53.2,8.1,8
53.2,8.2,8
53.2,8.3,8
53.2,8.5,8.11111111111111
53.2,8.6,8
53.2,8.7,8
53.2,9,7.69230769230769
53.2,9.1,7.6
53.2,9.2,8
53.2,9.6,8
53.2,10.3,8
53.2,11.2,8
53.2,11.7,1.38461538461538
53.2,11.8,2
53.2,11.9,0
53.2,12.8,8
53.2,12.9,8
53.2,15.4,8
53.2,15.5,6.66666666666667
53.2,15.6,8
53.2,15.7,8
53.2,16.5,8
53.2,16.6,8
53.2,16.7,8.97435897435897
53.2,16.8,8
53.2,16.9,8
53.2,17,8
53.2,17.1,8
53.2,17.2,7.85714285714286
53.2,17.3,8
53.2,17.8,6.4
53.2,17.9,6
53.2,18,6.10526315789474
53.2,18.1,6.63157894736842
53.2,18.2,5.36842105263158
53.2,18.3,2
53.2,18.9,8.125
53.2,19,8
53.2,19.3,7
53.2,19.4,6.76785714285714
53.2,19.5,4.3265306122449
53.2,19.6,8
53.2,22.2,6.4
53.2,22.3,8.1
53.2,22.7,8
53.2,22.8,9
53.2,22.9,5.82608695652174
53.3,-12.5,8
53.3,-12.4,8
53.3,-12.3,8
53.3,-12.2,8
53.3,-12.1,8
53.3,-12,6.125
53.3,-11.9,7
53.3,-11.8,8
53.3,-11.7,7.92857142857143
53.3,-11.6,8
53.3,-11.5,7.95652173913043
53.3,-11.4,8
53.3,-11.3,8
53.3,-11.2,8.06666666666667
53.3,-11.1,8
53.3,-11,7
53.3,-10.9,8
53.3,-8.6,8
53.3,-8.5,8
53.3,-8.4,8
53.3,-7.3,3
53.3,-7.2,2.24615384615385
53.3,-7.1,3.29411764705882
53.3,-6.5,6.44444444444444
53.3,-6.4,6.54545454545455
53.3,-5.9,4
53.3,-5.8,7.78048780487805
53.3,-5.7,8
53.3,-3.5,8
53.3,-3.4,8.03846153846154
53.3,-3.3,7.42857142857143
53.3,-3.2,7.42857142857143
53.3,-3.1,8
53.3,-3,8
53.3,-2.9,8.10126582278481
53.3,-2.8,8.11111111111111
53.3,-2.7,8
53.3,-2.6,5.71428571428571
53.3,-2.5,6.33333333333333
53.3,-2.4,7.36363636363636
53.3,-2.3,9.25342465753425
53.3,-2.2,8
53.3,-2.1,8.5
53.3,-2,6.66666666666667
53.3,-1.9,8
53.3,-1.8,8.75
53.3,-1.7,3.43661971830986
53.3,-1.6,8
53.3,-1.5,5.33333333333333
53.3,-1.4,4.8
53.3,-1.3,8
53.3,-1.2,4.7875
53.3,-1.1,8
53.3,-1,6.76923076923077
53.3,-0.9,5.68235294117647
53.3,-0.8,3.17283950617284
53.3,-0.7,6.76388888888889
53.3,-0.6,3.33333333333333
53.3,-0.5,5.96774193548387
53.3,-0.4,8
53.3,-0.3,6.96153846153846
53.3,-0.2,8
53.3,-0.1,8
53.3,0,8
53.3,0.1,2.44897959183673
53.3,0.2,1.98387096774194
53.3,0.3,8
53.3,0.4,8.125
53.3,0.5,8
53.3,0.6,8
53.3,2.8,8
53.3,2.9,8
53.3,4.5,8
53.3,4.6,8
53.3,4.7,8
53.3,4.8,8
53.3,4.9,8
53.3,5.2,7
53.3,5.3,8
53.3,5.4,8.33333333333333
53.3,6.4,8
53.3,6.5,8
53.3,6.6,8
53.3,6.7,8.07692307692308
53.3,6.8,8.12121212121212
53.3,6.9,8.625
53.3,7,7.73684210526316
53.3,7.1,8
53.3,8.3,8
53.3,8.4,8
53.3,8.5,8.1
53.3,8.6,8
53.3,8.7,8
53.3,8.8,8
53.3,8.9,8
53.3,9,8
53.3,9.1,8
53.3,9.2,8
53.3,9.3,8
53.3,9.4,8
53.3,9.5,8
53.3,9.6,8
53.3,9.7,8
53.3,10.3,8
53.3,10.4,8
53.3,11.2,7.95652173913043
53.3,11.6,0.9
53.3,11.7,1.42105263157895
53.3,12.9,8
53.3,13,7.33333333333333
53.3,15,8
53.3,15.1,8
53.3,15.4,8
53.3,15.5,8
53.3,16.4,8
53.3,16.5,8
53.3,17.3,8
53.3,17.4,8
53.3,17.5,8
53.3,17.6,8
53.3,18.9,8
53.3,22.3,6.4
53.3,22.4,8
53.3,23,7.55555555555556
53.4,-12,8
53.4,-11.9,8
53.4,-11.8,8
53.4,-11.7,8.33333333333333
53.4,-11.6,8
53.4,-8.8,8
53.4,-8.7,8
53.4,-8.6,8
53.4,-7.9,8
53.4,-7.5,8
53.4,-7.4,8
53.4,-7.3,6.8
53.4,-7.2,4
53.4,-6.7,9
53.4,-6.6,4.66666666666667
53.4,-6.5,7.15909090909091
53.4,-6.4,0
53.4,-6.3,7.43096234309623
53.4,-6.2,7.31382978723404
53.4,-6.1,7.75308641975309
53.4,-6,7.72602739726027
53.4,-5.9,6.87179487179487
53.4,-5.8,7.66666666666667
53.4,-5.3,7.66666666666667
53.4,-5.2,7.42857142857143
53.4,-5.1,7.75
53.4,-5,7.5
53.4,-4.9,6.81818181818182
53.4,-4.8,7.27272727272727
53.4,-4.7,7.27777777777778
53.4,-4.6,7.2
53.4,-4.5,7.28571428571429
53.4,-4.4,7
53.4,-4.3,7.15384615384615
53.4,-4.2,7.15384615384615
53.4,-4.1,7.08333333333333
53.4,-4,6.84615384615385
53.4,-3.9,7.16666666666667
53.4,-3.8,7.5
53.4,-3.7,7.7
53.4,-3.6,7.8
53.4,-3.5,8.02
53.4,-3.4,8.08571428571429
53.4,-3.3,8.1875
53.4,-3.2,8.13513513513514
53.4,-3.1,7.97222222222222
53.4,-3,8.25
53.4,-2.9,8.32258064516129
53.4,-2.8,8.02564102564103
53.4,-2.7,6.09375
53.4,-2.6,3.41666666666667
53.4,-2.5,6.47619047619048
53.4,-2.4,8
53.4,-2.3,9.21408045977011
53.4,-2.2,7.75
53.4,-2.1,8.41666666666667
53.4,-2,8.875
53.4,-1.8,8.7
53.4,-1.7,8
53.4,-1.6,8
53.4,-1.5,8
53.4,-1.4,8.04545454545454
53.4,-1.3,8.02040816326531
53.4,-1.2,6
53.4,-1.1,7.40540540540541
53.4,-1,5.77777777777778
53.4,-0.9,6
53.4,-0.8,7.09433962264151
53.4,-0.7,7
53.4,-0.6,7.57142857142857
53.4,-0.5,8
53.4,-0.4,8
53.4,-0.3,5.52272727272727
53.4,-0.2,8.125
53.4,-0.1,8.04347826086956
53.4,0,8
53.4,2.9,8
53.4,3,8.22222222222222
53.4,4.7,8
53.4,4.8,8.14285714285714
53.4,4.9,8
53.4,5,8
53.4,5.1,8
53.4,5.4,8
53.4,5.5,8
53.4,5.6,8
53.4,6.6,8
53.4,6.7,8
53.4,6.8,8
53.4,6.9,8.1
53.4,7,8
53.4,7.1,8
53.4,7.2,8
53.4,7.3,8
53.4,7.4,8
53.4,7.5,8.375
53.4,7.6,8
53.4,7.7,8
53.4,8.4,8
53.4,8.5,8
53.4,8.6,8
53.4,9.1,8
53.4,9.2,8
53.4,9.3,8
53.4,9.6,8
53.4,9.9,8
53.4,10,6.22222222222222
53.4,10.1,7.29032258064516
53.4,10.2,6.32
53.4,10.4,6.54545454545455
53.4,10.5,8.875
53.4,10.6,9
53.4,11.1,8
53.4,11.2,8
53.4,13,8
53.4,13.1,8
53.4,14.9,8
53.4,15,8
53.4,15.3,8
53.4,15.4,8
53.4,16.3,8
53.4,16.4,8
53.4,18.5,0
53.4,18.8,8
53.4,18.9,8
53.4,22.4,6.4
53.4,23,7.75
53.4,23.1,7.1
53.5,-13.2,6.4
53.5,-13.1,8
53.5,-12.2,8
53.5,-12.1,8
53.5,-12,8
53.5,-8.4,8.33333333333333
53.5,-7,8.625
53.5,-6.9,8.97058823529412
53.5,-6.8,9
53.5,-6.7,9
53.5,-6.6,7.3
53.5,-6.5,7.62857142857143
53.5,-6.4,7.40909090909091
53.5,-6.3,7.6875
53.5,-6.2,7.5
53.5,-6.1,7.65
53.5,-6,7.05263157894737
53.5,-5.9,6.83870967741935
53.5,-5.8,7.01612903225806
53.5,-5.7,7.23809523809524
53.5,-5.6,7.3125
53.5,-5.5,7.45454545454545
53.5,-5.4,7.09090909090909
53.5,-5.3,6.95
53.5,-5.2,8
53.5,-5.1,8
53.5,-5,8
53.5,-4.9,8
53.5,-4.8,8
53.5,-4.7,8
53.5,-4.6,7.6
53.5,-4.5,8
53.5,-4.4,8
53.5,-4.3,7.89473684210526
53.5,-4.2,7.96551724137931
53.5,-4.1,8
53.5,-4,8
53.5,-3.9,7.51515151515152
53.5,-3.8,8
53.5,-3.7,8
53.5,-3.6,8.21739130434783
53.5,-3.5,8.15384615384615
53.5,-3.4,8.1304347826087
53.5,-3.3,8
53.5,-3.2,8
53.5,-3.1,8
53.5,-3,8.04761904761905
53.5,-2.9,8
53.5,-2.8,8
53.5,-2.7,8.09090909090909
53.5,-2.6,8
53.5,-2.5,6.27450980392157
53.5,-2.4,5.6
53.5,-2.2,7
53.5,-2.1,7.125
53.5,-2,8.21951219512195
53.5,-1.9,7.57692307692308
53.5,-1.8,7.33333333333333
53.5,-1.7,6.20689655172414
53.5,-1.6,7.68181818181818
53.5,-1.5,7.74193548387097
53.5,-1.4,7.45454545454545
53.5,-1.3,7.72
53.5,-1.2,7.76470588235294
53.5,-1.1,5.84848484848485
53.5,-1,8
53.5,-0.9,8
53.5,-0.8,5
53.5,-0.7,4
53.5,-0.6,9
53.5,-0.5,6.57575757575758
53.5,-0.3,3.2
53.5,-0.2,7.67741935483871
53.5,-0.1,8.42105263157895
53.5,0,8.90625
53.5,0.1,9
53.5,3,8
53.5,3.1,8
53.5,5,8.16666666666667
53.5,5.1,8.05882352941176
53.5,5.2,8.04166666666667
53.5,5.3,8
53.5,5.4,8
53.5,5.6,8
53.5,5.7,8
53.5,5.8,7.11111111111111
53.5,5.9,8
53.5,6.7,8
53.5,6.8,7.5
53.5,6.9,8.05
53.5,7,8
53.5,7.1,8.09090909090909
53.5,7.2,8
53.5,7.3,8
53.5,7.4,8
53.5,7.5,8
53.5,7.6,8
53.5,7.7,8
53.5,7.8,8
53.5,7.9,8
53.5,8,7.2
53.5,8.1,8.5625
53.5,8.2,8
53.5,8.3,8
53.5,8.4,8
53.5,8.5,8.14285714285714
53.5,9.2,7.84615384615385
53.5,9.3,8
53.5,9.4,6.75
53.5,9.5,6.54545454545455
53.5,9.6,8
53.5,9.8,7.29310344827586
53.5,9.9,8
53.5,10,8
53.5,10.1,8.05769230769231
53.5,10.2,7.75409836065574
53.5,10.3,7.27142857142857
53.5,10.4,6.83050847457627
53.5,10.5,4.27777777777778
53.5,11,8
53.5,11.1,8
53.5,11.2,8
53.5,13.1,8
53.5,13.2,8
53.5,14.8,8
53.5,14.9,8
53.5,15.2,8
53.5,15.3,8.1
53.5,15.4,8
53.5,18.7,8
53.5,18.8,7.38461538461539
53.5,22.4,0
53.5,22.5,6.28571428571429
53.5,23.1,8
53.5,23.2,8
53.6,-13.6,8
53.6,-13.5,2.66666666666667
53.6,-13.4,4
53.6,-13.3,4
53.6,-13.2,8
53.6,-8.8,8
53.6,-8.7,8
53.6,-8.6,8
53.6,-8.5,8.16666666666667
53.6,-8.4,8
53.6,-6.9,3
53.6,-6.8,3
53.6,-6.5,8
53.6,-6.3,8
53.6,-6.1,7.16666666666667
53.6,-5.9,8
53.6,-5.8,8
53.6,-5.7,7.77272727272727
53.6,-5.6,7.7037037037037
53.6,-5.5,8
53.6,-5.2,6.22222222222222
53.6,-5.1,7.2
53.6,-5,8
53.6,-4.9,8
53.6,-4.8,8.05555555555556
53.6,-4.7,8
53.6,-4.6,8
53.6,-4.5,8
53.6,-4.4,8
53.6,-4.3,7.46666666666667
53.6,-4.2,8
53.6,-4.1,8
53.6,-4,8.04166666666667
53.6,-3.9,8
53.6,-3.8,8.03703703703704
53.6,-3.7,7.95833333333333
53.6,-3.6,8
53.6,-3.5,7.76923076923077
53.6,-3.4,7.70833333333333
53.6,-3.3,7.76
53.6,-3.2,7.93333333333333
53.6,-3.1,7.17241379310345
53.6,-3,3.05405405405405
53.6,-2.9,8
53.6,-2.8,7.69230769230769
53.6,-2.7,5.14814814814815
53.6,-2.6,4.75675675675676
53.6,-2.5,5.84090909090909
53.6,-2.4,7
53.6,-2.3,7.125
53.6,-2.2,7
53.6,-1.9,9
53.6,-1.8,8.46875
53.6,-1.7,7.6
53.6,-1.6,8
53.6,-1.5,8
53.6,-1.4,8
53.6,-0.8,8.5
53.6,-0.7,6.04347826086957
53.6,-0.6,8.88461538461539
53.6,-0.5,5.82608695652174
53.6,-0.4,7.08333333333333
53.6,-0.3,7.95180722891566
53.6,-0.2,8.56
53.6,-0.1,8.96153846153846
53.6,3.1,8
53.6,3.2,8
53.6,4.4,8
53.6,4.5,8
53.6,4.6,8
53.6,5.3,8
53.6,5.4,8
53.6,5.5,7.63636363636364
53.6,5.6,6.22222222222222
53.6,5.7,8
53.6,5.9,8
53.6,6,8
53.6,6.1,7.875
53.6,6.9,7.85964912280702
53.6,7,8
53.6,7.1,8
53.6,7.2,8
53.6,7.3,8
53.6,7.6,8.42857142857143
53.6,7.7,7.72222222222222
53.6,7.8,6.76923076923077
53.6,7.9,5.33333333333333
53.6,8.1,8.76470588235294
53.6,8.2,8
53.6,8.3,7.27272727272727
53.6,8.4,5.88461538461539
53.6,8.5,2.28571428571429
53.6,8.6,2.18181818181818
53.6,8.7,0.888888888888889
53.6,9.3,8
53.6,9.4,7.54545454545455
53.6,9.5,6.19672131147541
53.6,9.6,8.22222222222222
53.6,9.7,0
53.6,9.9,8
53.6,10,8.01840490797546
53.6,10.1,8.10526315789474
53.6,10.2,8.83333333333333
53.6,10.3,8.96296296296296
53.6,10.4,8.71428571428571
53.6,10.9,8
53.6,11,8
53.6,11.1,8
53.6,13.1,8
53.6,13.2,8
53.6,13.3,8
53.6,14.7,8
53.6,14.8,8
53.6,15.2,8
53.6,15.3,8
53.6,18.7,8.0625
53.6,22.5,7.71428571428571
53.6,22.6,6
53.6,23.2,8
53.7,-14,2.66666666666667
53.7,-13.9,4
53.7,-13.8,4.6
53.7,-13.7,4.57142857142857
53.7,-13.6,4.25
53.7,-13.5,4.42857142857143
53.7,-13.4,6.66666666666667
53.7,-13.3,5.71428571428571
53.7,-9.2,8
53.7,-9.1,8
53.7,-9,8
53.7,-8.9,8
53.7,-8.8,8
53.7,-6.8,3
53.7,-6.7,3
53.7,-6.6,7.52941176470588
53.7,-6.5,8
53.7,-6.3,8
53.7,-6.2,8
53.7,-6.1,8
53.7,-6,7.68421052631579
53.7,-5.6,7.63636363636364
53.7,-5.5,7
53.7,-5.4,7.45454545454545
53.7,-5.3,7.7
53.7,-5.2,7.92857142857143
53.7,-5.1,7.625
53.7,-5,7.55555555555556
53.7,-4.9,7.76470588235294
53.7,-4.8,7.72222222222222
53.7,-4.7,7.36666666666667
53.7,-4.6,7.51515151515152
53.7,-4.5,7.2
53.7,-4.4,7.66666666666667
53.7,-4.3,7.63157894736842
53.7,-4.2,7.55555555555556
53.7,-4.1,7.71428571428571
53.7,-4,7.55555555555556
53.7,-3.9,7.59090909090909
53.7,-3.8,7.65384615384615
53.7,-3.7,7.66666666666667
53.7,-3.6,7.4
53.7,-3.5,7.5
53.7,-3.1,8.69444444444444
53.7,-3,9
53.7,-2.9,8.93333333333333
53.7,-2.8,9
53.7,-1.9,8
53.7,-1.8,8
53.7,-1.7,4.42105263157895
53.7,-1.6,2.26086956521739
53.7,-1.5,1.06666666666667
53.7,-1.4,0
53.7,-1.2,3.60869565217391
53.7,-1.1,2.44444444444444
53.7,-1,4.29032258064516
53.7,-0.9,6.95454545454545
53.7,-0.8,8
53.7,-0.7,5.41025641025641
53.7,-0.6,6.64516129032258
53.7,-0.5,6.67532467532468
53.7,-0.4,7.09375
53.7,-0.3,7.6
53.7,-0.2,8
53.7,3.2,8
53.7,5.5,8
53.7,5.6,8
53.7,5.7,8.05263157894737
53.7,5.8,8
53.7,5.9,8
53.7,6,8
53.7,6.2,8
53.7,6.3,8
53.7,6.4,8
53.7,7.1,8
53.7,7.2,8
53.7,7.3,0
53.7,7.4,6
53.7,7.5,0
53.7,7.6,0
53.7,7.7,0
53.7,7.8,0
53.7,7.9,6.4
53.7,8,8
53.7,8.1,8.21052631578947
53.7,8.2,8
53.7,8.3,8.09090909090909
53.7,8.5,8
53.7,8.6,7.2
53.7,8.7,3.77777777777778
53.7,8.8,3.58620689655172
53.7,8.9,3.33333333333333
53.7,9.5,6.93333333333333
53.7,9.6,6.17021276595745
53.7,9.7,8.07692307692308
53.7,9.8,8
53.7,9.9,8
53.7,10,8
53.7,10.1,7.93103448275862
53.7,10.2,8
53.7,10.4,8.57692307692308
53.7,10.7,8
53.7,10.8,8
53.7,11.1,8
53.7,13.2,8
53.7,13.3,8
53.7,13.4,8
53.7,14.7,8
53.7,15.1,7.91666666666667
53.7,15.2,8
53.7,18.6,8
53.7,18.7,8.125
53.7,21,5.33333333333333
53.7,21.1,8
53.7,21.2,8
53.7,21.3,6
53.7,21.4,7.11111111111111
53.7,23.2,4
53.7,23.3,4
53.8,-14.4,8
53.8,-14.3,3.42857142857143
53.8,-14.2,4.8
53.8,-14.1,5.33333333333333
53.8,-14,3.92857142857143
53.8,-13.9,5.81818181818182
53.8,-13.8,5.72727272727273
53.8,-13.7,4
53.8,-13.6,4.5
53.8,-13.5,4.8
53.8,-9.6,8
53.8,-9.5,7.46666666666667
53.8,-9.4,7.5
53.8,-9.3,8
53.8,-9.2,8
53.8,-7.5,0
53.8,-7.4,0
53.8,-7.3,0
53.8,-7.2,0
53.8,-6.8,6.66666666666667
53.8,-6.7,8
53.8,-6.2,7.14285714285714
53.8,-6,7
53.8,-5.9,7.2
53.8,-4.2,8.07142857142857
53.8,-4.1,8
53.8,-4,8.14285714285714
53.8,-3.9,8
53.8,-3.3,9
53.8,-3.2,9
53.8,-3.1,8.28571428571429
53.8,-3,6
53.8,-2,8
53.8,-1.9,8
53.8,-1.8,8
53.8,-1.7,6.85714285714286
53.8,-1.6,8.48571428571429
53.8,-1.4,0
53.8,-1.3,1.15068493150685
53.8,-1.2,3.91
53.8,-1.1,2.66666666666667
53.8,-0.8,8
53.8,-0.7,7.5
53.8,-0.6,7.09154929577465
53.8,-0.5,7.3
53.8,-0.4,7
53.8,-0.3,8
53.8,0.2,8.04545454545454
53.8,0.3,8
53.8,2.1,7.8
53.8,3.3,8
53.8,5.8,8
53.8,5.9,8.125
53.8,6,8.13333333333333
53.8,6.1,7.84615384615385
53.8,6.2,8
53.8,6.3,8
53.8,6.4,8
53.8,7.2,8
53.8,7.3,8
53.8,8.2,8.05555555555556
53.8,8.3,8
53.8,8.4,8
53.8,8.8,8
53.8,8.9,8
53.8,9,8
53.8,9.1,8
53.8,9.3,10
53.8,9.4,2
53.8,9.5,5.76086956521739
53.8,9.6,5.21428571428571
53.8,9.7,7.39130434782609
53.8,9.8,6.52941176470588
53.8,10.2,8
53.8,10.3,8
53.8,10.4,8
53.8,10.6,8
53.8,10.7,6.28571428571429
53.8,11.1,8.05263157894737
53.8,12.2,0
53.8,13.3,8
53.8,13.6,8.5
53.8,13.7,9
53.8,14.6,8.06666666666667
53.8,14.7,8
53.8,15,8
53.8,15.1,8.04347826086956
53.8,18.6,8
53.8,20.9,8.33333333333333
53.8,21,6
53.8,21.1,7.8
53.8,21.2,7
53.8,21.3,6
53.8,21.4,7.2
53.8,23.3,7.27272727272727
53.8,23.4,4.66666666666667
53.9,-14.8,2.66666666666667
53.9,-14.7,4
53.9,-14.6,5.23529411764706
53.9,-14.5,5.17647058823529
53.9,-14.4,6.28571428571429
53.9,-14.3,5.91666666666667
53.9,-14.2,5.41666666666667
53.9,-14.1,4.8
53.9,-10,8
53.9,-9.9,8
53.9,-9.8,7.5
53.9,-9.7,7.46666666666667
53.9,-9.6,8
53.9,-6.9,7.27272727272727
53.9,-6.8,7.11111111111111
53.9,-6.2,7
53.9,-6.1,8.09090909090909
53.9,-5.9,7.5
53.9,-5.8,7.75
53.9,-5.7,7.52941176470588
53.9,-4.5,8
53.9,-4.4,8
53.9,-4.3,8.06666666666667
53.9,-4.2,8
53.9,-3.1,8
53.9,-2,8
53.9,-1.8,8
53.9,-1.7,7.59530791788856
53.9,-1.6,7.75
53.9,-1.4,3.07692307692308
53.9,-1.3,4.30769230769231
53.9,-1.2,0
53.9,-1.1,8
53.9,-0.9,4
53.9,-0.8,1.68181818181818
53.9,-0.7,7.60526315789474
53.9,-0.6,7.86666666666667
53.9,-0.5,4.8695652173913
53.9,-0.4,3.52
53.9,-0.3,6
53.9,0.3,7.75
53.9,0.4,8
53.9,1.3,8
53.9,1.4,8
53.9,1.5,8
53.9,1.6,8
53.9,1.7,8
53.9,1.8,8
53.9,1.9,8
53.9,2,5.33333333333333
53.9,2.1,8
53.9,3.3,8
53.9,6.1,8
53.9,6.2,8
53.9,6.3,8
53.9,6.4,8.10526315789474
53.9,6.5,8
53.9,8.2,7.9
53.9,8.5,8
53.9,8.6,7.77777777777778
53.9,8.7,8
53.9,9.1,4.30769230769231
53.9,9.2,1.28
53.9,9.3,3.73333333333333
53.9,9.4,0.714285714285714
53.9,9.5,8.55263157894737
53.9,9.6,9.97058823529412
53.9,9.7,8.8
53.9,10.3,7.05882352941176
53.9,10.4,6.03125
53.9,10.5,5.375
53.9,10.6,4.92857142857143
53.9,10.7,3.39130434782609
53.9,10.8,6.26315789473684
53.9,10.9,0
53.9,11.1,8
53.9,11.2,8
53.9,11.3,8.125
53.9,11.4,7.38461538461539
53.9,11.5,8
53.9,12.2,8.72222222222222
53.9,12.3,8.625
53.9,13.3,8.25
53.9,13.4,8
53.9,14.5,8
53.9,14.6,8
53.9,15,8
53.9,15.1,8
53.9,18.5,8
53.9,20.3,8
53.9,20.4,6
53.9,20.5,7.28571428571429
53.9,20.6,8.25
53.9,20.7,8
53.9,20.8,6
53.9,20.9,8
53.9,21,8
53.9,21.1,5.33333333333333
53.9,23.4,5.23076923076923
54,-15.8,8
54,-15.7,8
54,-15.5,8
54,-15.3,8
54,-15.1,1.33333333333333
54,-15,2.4
54,-14.9,2.18181818181818
54,-14.8,0
54,-14.7,0
54,-10.5,8
54,-10.4,8
54,-10.3,7.5
54,-10.2,7.5
54,-10.1,8
54,-10,7
54,-7.1,8.16666666666667
54,-7,8.04347826086956
54,-6.9,7.27272727272727
54,-6.8,8
54,-6.7,8
54,-6.1,7.16
54,-5.8,7.33333333333333
54,-5.7,7.95833333333333
54,-4.8,8
54,-4.7,8
54,-4.6,8
54,-4.5,8
54,-3.2,8
54,-3.1,8
54,-2.1,8
54,-1.3,0
54,-1.2,0
54,-1.1,4.33333333333333
54,-1,2.56
54,-0.9,4.21153846153846
54,-0.8,6.05405405405405
54,-0.7,6.48717948717949
54,-0.6,8.12121212121212
54,0.4,8
54,0.5,8
54,0.6,8
54,1.4,8
54,1.5,8
54,1.6,8
54,1.7,8
54,2,8
54,2.1,8
54,2.2,8
54,2.3,5.875
54,6.4,8
54,6.5,8.04
54,6.6,8
54,6.7,8
54,8,0
54,8.2,7.27272727272727
54,8.6,8
54,8.8,8
54,8.9,8
54,9,8
54,9.1,7.57575757575758
54,9.2,0
54,9.3,4.25
54,9.4,8
54,9.5,8.63380281690141
54,9.6,7.38144329896907
54,9.7,0.25
54,9.9,0
54,10,0
54,10.1,0
54,10.2,0
54,10.4,8.05
54,10.5,8
54,10.6,8
54,10.8,8.04545454545454
54,11.1,8
54,11.2,8
54,11.3,8
54,11.5,8
54,11.6,8
54,11.7,8
54,12.1,3
54,12.2,6.39473684210526
54,12.3,4.09090909090909
54,13.4,8
54,14.4,8
54,14.5,8
54,14.9,8.13333333333333
54,15,8
54,15.3,8
54,18.5,8
54,20.1,8
54,20.2,8
54,23.4,0
54,33,5.56976744186047
54.1,-22.5,0
54.1,-15.3,1.33333333333333
54.1,-15.2,4.57142857142857
54.1,-15.1,2.66666666666667
54.1,-12.6,8
54.1,-12.5,8
54.1,-12.3,8
54.1,-12.2,8
54.1,-12.1,8
54.1,-10.9,8
54.1,-10.8,8
54.1,-10.7,8
54.1,-10.6,8
54.1,-10.5,8
54.1,-10.4,6
54.1,-8.8,8
54.1,-8.7,8
54.1,-8.6,6.85714285714286
54.1,-8.5,8
54.1,-8.4,8
54.1,-7.5,8
54.1,-7.4,8.11111111111111
54.1,-7.3,7.11111111111111
54.1,-7.2,8
54.1,-7.1,7.5625
54.1,-6,8
54.1,-5.7,7.125
54.1,-5.6,7.67567567567568
54.1,-5,8
54.1,-4.9,8
54.1,-4.8,8
54.1,-3.2,8
54.1,-2.2,8
54.1,-2.1,8
54.1,-1.1,7.40909090909091
54.1,-1,7
54.1,-0.9,7.76470588235294
54.1,-0.8,8
54.1,-0.7,5.25
54.1,0.1,8
54.1,0.2,8
54.1,0.3,8
54.1,0.4,8
54.1,0.6,8
54.1,1.3,8.05555555555556
54.1,1.4,8
54.1,1.7,8
54.1,1.8,8
54.1,1.9,7.88888888888889
54.1,2,8
54.1,2.1,8
54.1,2.4,6.66666666666667
54.1,2.5,8
54.1,6.5,8
54.1,6.6,7.93333333333333
54.1,6.7,8
54.1,6.8,8.14285714285714
54.1,6.9,8.16666666666667
54.1,8,0
54.1,8.1,8
54.1,8.2,8
54.1,8.7,8
54.1,8.8,8
54.1,8.9,8
54.1,9,8
54.1,9.1,9.10294117647059
54.1,9.2,9.24285714285714
54.1,9.3,8.42857142857143
54.1,9.4,8
54.1,9.5,8
54.1,9.7,0
54.1,9.8,1.09090909090909
54.1,9.9,0.685714285714286
54.1,10,0.32
54.1,10.3,7.85714285714286
54.1,10.4,8
54.1,10.5,8.03703703703704
54.1,10.6,8.25641025641026
54.1,10.7,8.30769230769231
54.1,10.8,8
54.1,10.9,7.775
54.1,11,5.62162162162162
54.1,11.3,7.8
54.1,11.4,6.66666666666667
54.1,11.5,0
54.1,11.6,7.41379310344828
54.1,11.7,7.5
54.1,11.8,0
54.1,12,8.34146341463415
54.1,12.1,5.66666666666667
54.1,12.2,9
54.1,12.3,3
54.1,12.4,2.96875
54.1,12.5,3
54.1,12.6,3
54.1,13.5,8
54.1,14.3,8.27272727272727
54.1,14.4,8
54.1,14.8,8
54.1,14.9,8
54.1,15.1,8
54.1,15.2,8.14285714285714
54.1,15.3,8
54.1,18.4,8
54.1,18.5,0
54.1,23.5,2.5
54.1,23.6,6.44444444444444
54.1,23.7,7
54.2,-15.6,0
54.2,-15.5,0
54.2,-15.4,0
54.2,-13.3,4
54.2,-13.2,6.66666666666667
54.2,-13.1,4.8
54.2,-13,6.66666666666667
54.2,-12.9,6.4
54.2,-12.8,6.83333333333333
54.2,-12.7,6.4
54.2,-11,8
54.2,-10.9,8
54.2,-9.4,7.83333333333333
54.2,-9.3,8
54.2,-9.2,8
54.2,-9.1,8
54.2,-9,8
54.2,-8.9,8
54.2,-8,8
54.2,-7.9,8
54.2,-7.8,7.11111111111111
54.2,-7.7,8
54.2,-7.6,8
54.2,-7.3,8
54.2,-7.2,8
54.2,-6.1,8
54.2,-6,8
54.2,-5.9,7.2
54.2,-5.6,7.74074074074074
54.2,-5.5,7.86363636363636
54.2,-5.3,8
54.2,-5.2,8
54.2,-5.1,8
54.2,-5,8
54.2,-3.2,8
54.2,-2,8
54.2,-1.3,8
54.2,-1.2,1.46938775510204
54.2,-1.1,8.33333333333333
54.2,-1,7.90909090909091
54.2,-0.9,8
54.2,-0.6,8
54.2,-0.4,6
54.2,0,8
54.2,0.1,8
54.2,0.4,8
54.2,0.5,8
54.2,0.6,8
54.2,0.7,8
54.2,0.9,8
54.2,1,8
54.2,1.1,8.125
54.2,1.2,8
54.2,1.3,8
54.2,3.3,8
54.2,6.6,8
54.2,6.7,8
54.2,7.1,8
54.2,7.9,0
54.2,8.1,8
54.2,9,8
54.2,9.1,8
54.2,9.2,8
54.2,9.3,8
54.2,9.4,8
54.2,9.5,8
54.2,9.7,2.68421052631579
54.2,9.8,1.43589743589744
54.2,9.9,5.20454545454545
54.2,10.2,8
54.2,10.3,8
54.2,10.5,8
54.2,10.6,8
54.2,10.9,8
54.2,11,8.04347826086956
54.2,11.1,2.33333333333333
54.2,11.2,0.888888888888889
54.2,11.4,7.11111111111111
54.2,11.5,8
54.2,11.6,8
54.2,11.7,8
54.2,11.9,0
54.2,12.1,0
54.2,13.5,8
54.2,13.6,8
54.2,14.2,8
54.2,14.3,8
54.2,14.7,8
54.2,14.8,8
54.2,15,8.5
54.2,15.1,8
54.2,18.3,5.6
54.2,18.4,6.85714285714286
54.2,23.8,4.44444444444444
54.2,23.9,6.22222222222222
54.2,24,4
54.3,-15.6,0
54.3,-13.9,5.66666666666667
54.3,-13.8,8
54.3,-13.7,8
54.3,-13.6,7.83333333333333
54.3,-13.5,8
54.3,-13.4,8.14285714285714
54.3,-13.3,8
54.3,-10.1,8
54.3,-10,8
54.3,-9.9,8
54.3,-9.8,8
54.3,-9.7,8
54.3,-9.6,8
54.3,-9.5,8
54.3,-8.4,8.5
54.3,-8.3,8.11111111111111
54.3,-8.2,6.11111111111111
54.3,-8.1,8
54.3,-8,8
54.3,-7.4,8
54.3,-6,8
54.3,-5.9,8
54.3,-5.8,8.05882352941176
54.3,-5.7,8
54.3,-5.6,7.33333333333333
54.3,-5.5,7.64285714285714
54.3,-5.4,7.97058823529412
54.3,-5.3,7.46666666666667
54.3,-5.2,8
54.3,-3.2,8
54.3,-3.1,8
54.3,-3,5
54.3,-2.8,8
54.3,-2.6,7.11111111111111
54.3,-2.5,8
54.3,-2.1,8
54.3,-2,8
54.3,-1.4,8
54.3,-1.3,6.71428571428571
54.3,-1.2,2.18181818181818
54.3,-1.1,8.81632653061224
54.3,-0.1,8
54.3,0,8
54.3,0.7,8
54.3,0.8,7.18181818181818
54.3,0.9,8
54.3,1,8
54.3,1.1,8
54.3,1.2,8
54.3,1.3,8
54.3,1.4,8
54.3,1.5,8
54.3,1.6,8
54.3,3.3,8
54.3,6.7,8
54.3,6.8,8.33333333333333
54.3,7.1,8
54.3,7.2,8
54.3,8.1,8
54.3,9.2,8
54.3,9.3,8
54.3,9.4,8
54.3,9.5,8
54.3,9.6,8
54.3,10.5,8
54.3,10.7,8
54.3,11,8.07692307692308
54.3,11.1,5.53846153846154
54.3,11.5,7.36363636363636
54.3,11.6,8
54.3,12.6,0
54.3,13.2,0
54.3,13.6,8
54.3,14.7,8.09090909090909
54.3,14.8,8
54.3,14.9,7.46666666666667
54.3,15,8
54.3,16.7,8
54.3,16.8,8
54.3,16.9,8
54.3,18.2,8
54.3,18.3,6.85714285714286
54.3,18.6,8
54.3,18.7,6.62857142857143
54.3,18.8,6.96774193548387
54.4,-14.5,7.75
54.4,-14.4,8.16666666666667
54.4,-14.3,8
54.4,-14.2,6.33333333333333
54.4,-14.1,8
54.4,-14,8
54.4,-10.7,8
54.4,-10.6,6.66666666666667
54.4,-10.5,8
54.4,-10.4,8
54.4,-10.3,8
54.4,-10.2,8
54.4,-10.1,8
54.4,-7.5,8
54.4,-5.9,8
54.4,-5.8,8
54.4,-5.7,8
54.4,-5.6,8.11111111111111
54.4,-5.5,8.07692307692308
54.4,-5.4,7.44444444444444
54.4,-5.3,7.46666666666667
54.4,-3.3,8
54.4,-3.2,8
54.4,-3.1,8
54.4,-2.7,8
54.4,-2.6,7.38461538461539
54.4,-2.5,8
54.4,-2.4,8.2
54.4,-2.2,8
54.4,-2.1,8
54.4,-1.8,8.1
54.4,-1.6,8
54.4,-1.5,7.88888888888889
54.4,-1.4,8
54.4,-1.3,8
54.4,-1.2,7.2
54.4,-1.1,8.68571428571429
54.4,1.4,8
54.4,1.5,8
54.4,1.6,8
54.4,3.2,8
54.4,3.3,8
54.4,6.7,8.66666666666667
54.4,6.8,8.05555555555556
54.4,6.9,8
54.4,7.2,8
54.4,7.3,8
54.4,8.1,8
54.4,9.3,8
54.4,9.4,8.10526315789474
54.4,9.5,6.9
54.4,9.6,7.65217391304348
54.4,9.7,8
54.4,9.8,8
54.4,10.8,8.28571428571429
54.4,11.1,7.2
54.4,11.2,5.33333333333333
54.4,11.6,8
54.4,13.6,8
54.4,13.7,8
54.4,14.6,8
54.4,14.7,8
54.4,14.8,8
54.4,14.9,8
54.4,15,8.11111111111111
54.4,16.5,8
54.4,16.6,8
54.4,16.7,8.2
54.4,18.1,8
54.4,18.2,8
54.4,18.3,8
54.4,18.4,8
54.4,18.5,8
54.4,18.6,8
54.4,18.7,6.28571428571429
54.4,18.8,7.5
54.4,18.9,7.66666666666667
54.4,23.9,6.66666666666667
54.4,24,3.42857142857143
54.5,-14.7,0
54.5,-11,8
54.5,-10.9,6.66666666666667
54.5,-10.8,5.33333333333333
54.5,-5.9,8
54.5,-5.8,7.38461538461539
54.5,-5.7,8
54.5,-5.5,8.125
54.5,-5.4,7.76923076923077
54.5,-5.3,7.75
54.5,-5.2,8
54.5,-3.3,8
54.5,-3.2,8
54.5,-2.8,8
54.5,-2.7,8
54.5,-2.4,8.33333333333333
54.5,-2.3,8
54.5,-2.2,8
54.5,-1.9,7.64285714285714
54.5,-1.8,7.07692307692308
54.5,-1.7,8
54.5,-1.6,8
54.5,-1.4,3.42857142857143
54.5,-1.3,8
54.5,-1.1,7.91891891891892
54.5,3.2,8
54.5,6.8,8
54.5,6.9,8
54.5,7,8
54.5,7.3,8
54.5,7.4,8
54.5,7.5,7
54.5,8,8.375
54.5,8.1,8
54.5,9.3,6.85714285714286
54.5,9.4,8
54.5,9.5,8.75
54.5,9.6,7.55405405405405
54.5,9.7,8.45
54.5,9.8,7.42857142857143
54.5,9.9,8
54.5,10,8.11111111111111
54.5,10.1,8
54.5,10.8,8
54.5,10.9,8
54.5,11.2,7.65
54.5,11.3,8
54.5,11.6,8
54.5,11.7,8
54.5,11.8,8
54.5,11.9,8
54.5,13.7,8
54.5,13.8,8
54.5,14.3,8
54.5,14.5,8
54.5,14.6,8
54.5,14.7,8
54.5,14.8,8
54.5,15,8
54.5,15.1,8
54.5,15.2,8
54.5,16.3,8
54.5,16.4,8
54.5,16.5,8
54.5,18,7.27272727272727
54.5,18.1,8
54.5,18.5,7.27272727272727
54.5,18.6,6
54.5,24,2.66666666666667
54.5,24.1,0.666666666666667
54.5,24.2,3.2
54.5,24.3,2
54.6,-6.6,0
54.6,-5.6,8
54.6,-5.5,8
54.6,-5.4,8
54.6,-5.3,7.16666666666667
54.6,-5.2,7.61538461538461
54.6,-5.1,7.42857142857143
54.6,-3.4,7.2
54.6,-3.3,8
54.6,-3.2,8
54.6,-2.9,8
54.6,-2.8,8
54.6,-2.7,8
54.6,-2.4,8
54.6,-2.3,8
54.6,-2.2,4
54.6,-2,7.5
54.6,-1.9,8.46808510638298
54.6,-1.8,8
54.6,-1.7,6
54.6,-1.5,8
54.6,-1.4,8
54.6,3.1,8
54.6,3.2,8
54.6,6.3,8.2
54.6,6.9,8
54.6,7,7.7
54.6,7.5,7.38461538461539
54.6,8,8.09090909090909
54.6,9.2,9
54.6,9.3,4.40540540540541
54.6,9.4,8.66666666666667
54.6,9.6,8
54.6,9.7,8.7
54.6,9.8,8.78947368421053
54.6,9.9,8
54.6,10,8
54.6,10.1,8.08333333333333
54.6,10.2,8
54.6,10.3,8
54.6,11.3,8
54.6,11.7,8
54.6,11.8,8
54.6,11.9,8
54.6,12,8
54.6,13.8,8
54.6,14.3,8
54.6,14.4,8
54.6,14.5,8
54.6,14.6,8
54.6,14.7,8
54.6,15.2,8
54.6,15.3,8
54.6,16.1,8
54.6,16.2,8
54.6,16.3,8
54.6,17.9,8
54.6,18,8
54.6,24.3,0
54.6,24.4,0.727272727272727
54.6,24.5,0.666666666666667
54.6,24.6,6.22222222222222
54.6,25.3,8
54.7,-6.6,0
54.7,-6.3,0
54.7,-6.2,6
54.7,-6,8
54.7,-5.6,8
54.7,-5.5,8
54.7,-5.4,8
54.7,-5.3,8.33333333333333
54.7,-5.2,7.27272727272727
54.7,-5.1,7.4
54.7,-5,7.38461538461539
54.7,-3.5,8
54.7,-3.4,7.33333333333333
54.7,-3.3,8
54.7,-3,8
54.7,-2.9,8
54.7,-2.8,8
54.7,-2.5,8
54.7,-2.4,8
54.7,-2.1,8.125
54.7,-2,8.81395348837209
54.7,-1.6,8
54.7,-1.5,7.63636363636364
54.7,3.1,8
54.7,6.3,8
54.7,6.4,7.8
54.7,7,8
54.7,7.1,8
54.7,7.6,7.83333333333333
54.7,8,8
54.7,9,9
54.7,9.1,9
54.7,9.2,9
54.7,9.3,0.740740740740741
54.7,9.6,8
54.7,10.1,8
54.7,10.2,8
54.7,10.3,8
54.7,10.4,8
54.7,11.4,8
54.7,11.5,8
54.7,11.6,8
54.7,11.9,8.09090909090909
54.7,12,8
54.7,12.1,8.25
54.7,14.4,8.04
54.7,14.5,8
54.7,14.6,8.1
54.7,14.7,8
54.7,15.3,8
54.7,15.4,8
54.7,15.8,8
54.7,15.9,8
54.7,16,7.8
54.7,16.1,8
54.7,17.8,7.27272727272727
54.7,17.9,8
54.7,23.2,7.11111111111111
54.7,24.6,4
54.7,24.7,6.66666666666667
54.7,24.8,5.57894736842105
54.7,24.9,7.09090909090909
54.7,25.3,7.88524590163934
54.7,25.4,8
54.8,-6.3,0
54.8,-6.1,7.85714285714286
54.8,-6,8
54.8,-5.6,8
54.8,-5.5,8
54.8,-5.4,7.91666666666667
54.8,-5.3,7.61538461538461
54.8,-5.2,6.5
54.8,-5.1,7.68
54.8,-5,7.12
54.8,-4.9,7
54.8,-4.8,7.5
54.8,-4.7,8
54.8,-3.7,8
54.8,-3.6,8
54.8,-3.5,8
54.8,-3.4,8.5
54.8,-3.1,8
54.8,-3,8
54.8,-2.9,8
54.8,-2.8,8
54.8,-2.6,7.2
54.8,-2.5,8
54.8,-2,7.96296296296296
54.8,-1.7,8
54.8,-1.6,7.75
54.8,-1.4,11
54.8,3,8
54.8,6.4,8.11111111111111
54.8,6.5,8
54.8,7.1,8
54.8,7.2,8
54.8,7.6,8.25
54.8,7.7,8.11111111111111
54.8,8.4,8
54.8,8.5,8
54.8,8.9,9
54.8,9,9
54.8,9.3,0
54.8,9.4,0
54.8,9.6,8.07692307692308
54.8,9.7,8
54.8,10.4,8
54.8,10.5,8.11111111111111
54.8,10.6,8
54.8,10.7,8
54.8,11.1,8
54.8,11.6,8
54.8,11.7,8
54.8,11.8,8
54.8,11.9,8
54.8,12,8
54.8,12.1,7
54.8,12.2,7
54.8,14.3,8
54.8,14.4,8
54.8,14.5,8
54.8,14.7,8
54.8,15.4,8
54.8,15.5,8
54.8,15.6,8
54.8,15.7,7.46666666666667
54.8,15.8,8.08333333333333
54.8,15.9,8
54.8,17.7,6.76923076923077
54.8,17.8,5.33333333333333
54.8,23.2,5.81818181818182
54.8,24.8,5.33333333333333
54.8,24.9,7.0625
54.8,25,4.48148148148148
54.8,25.1,6.66666666666667
54.8,25.2,4.16666666666667
54.8,25.4,3.55555555555556
54.8,37.9,0
54.9,-6.4,0
54.9,-6.3,8
54.9,-6.2,8
54.9,-5.3,8
54.9,-5.2,8
54.9,-3.8,8
54.9,-3.7,8
54.9,-3.6,8
54.9,-3.5,8
54.9,-3.3,8
54.9,-3.2,8
54.9,-3.1,8
54.9,-2.9,8
54.9,-2.7,8
54.9,-2.6,8
54.9,-1.8,8
54.9,-1.7,8
54.9,-1.6,7
54.9,-1.5,7
54.9,-1.3,8
54.9,2.9,8
54.9,3,8
54.9,6.5,7.38461538461539
54.9,7.2,8
54.9,7.3,8
54.9,7.7,8
54.9,7.8,8.25
54.9,8.3,8
54.9,8.4,8
54.9,9.6,8.125
54.9,9.7,8
54.9,9.8,8
54.9,9.9,7.88888888888889
54.9,10.7,8
54.9,10.8,8
54.9,10.9,8
54.9,11,7.90909090909091
54.9,11.1,8
54.9,12,8
54.9,12.1,8.2
54.9,12.2,8
54.9,12.3,8
54.9,12.4,8
54.9,14,8.28571428571429
54.9,14.1,8
54.9,14.2,8
54.9,14.3,8
54.9,14.5,8
54.9,14.7,7.90909090909091
54.9,15.4,8
54.9,15.5,7.9375
54.9,15.6,7.57894736842105
54.9,15.7,8
54.9,17.6,8
54.9,17.7,5.33333333333333
54.9,20.7,8
54.9,20.8,8
54.9,23.2,6.66666666666667
54.9,23.3,6.66666666666667
54.9,23.8,0
54.9,25.1,5.14285714285714
54.9,25.2,6
54.9,25.3,4.77272727272727
54.9,25.4,3.38461538461538
54.9,37.9,0
55,-6.5,8
55,-6.4,8
55,-6.3,8
55,-5.2,8
55,-5.1,7.5
55,-5,8
55,-3.9,8
55,-3.8,8
55,-3.7,6
55,-3.6,8
55,-3.5,8
55,-3.4,7.91666666666667
55,-3.3,8
55,-3,7.46666666666667
55,-2.8,8
55,-2.7,8
55,-1.9,5.52173913043478
55,-1.8,8
55,-1.7,5.84
55,-1.6,7
55,-1.5,7.2
55,-1.4,7
55,-1.3,8
55,-1.2,8
55,2.8,8
55,2.9,8
55,6.5,8
55,6.6,8
55,7.3,8
55,7.8,8
55,9.5,8
55,9.6,8.14285714285714
55,9.7,8
55,10,8
55,10.1,7.75
55,11,8
55,11.1,8
55,12.2,6.66666666666667
55,12.3,7.6
55,12.4,8
55,12.5,8
55,12.6,8
55,12.7,8
55,12.8,8
55,13.2,7.25
55,13.3,8
55,13.7,8
55,13.8,8
55,13.9,7
55,14,8
55,14.6,8.13333333333333
55,14.8,8
55,15.2,8
55,15.3,8.05882352941176
55,15.4,8.09090909090909
55,15.5,8
55,15.7,8
55,15.8,8
55,15.9,8
55,17.5,8.33333333333333
55,17.6,8
55,20.5,8
55,20.6,7.52941176470588
55,20.7,8
55,23.3,4.36363636363636
55,23.8,0
55,23.9,3.35294117647059
55,25.3,0.615384615384615
55,37.9,0
55,44.9,2.66666666666667
55,45,6
55.1,-6.6,8
55.1,-6.5,8
55.1,-4.2,0
55.1,-4.1,7
55.1,-4,8
55.1,-3.9,8
55.1,-3.8,8
55.1,-3.7,7.11111111111111
55.1,-3.6,8
55.1,-3.5,8
55.1,-3,8
55.1,-2.9,8
55.1,-2.8,8.0625
55.1,-2,8
55.1,-1.9,7.34883720930233
55.1,-1.8,8.3125
55.1,-1.7,7.3125
55.1,-1.6,7.84444444444444
55.1,-1.5,8.36065573770492
55.1,-1.4,7.44444444444444
55.1,-1.2,8
55.1,-1.1,8
55.1,2.7,8
55.1,2.8,8
55.1,2.9,8
55.1,6.6,8
55.1,7.8,8
55.1,7.9,7.91666666666667
55.1,9.6,8
55.1,9.7,8.44444444444444
55.1,9.8,8
55.1,10.1,8
55.1,10.2,8
55.1,10.3,6.85714285714286
55.1,11,8
55.1,12.4,8.05263157894737
55.1,12.5,8
55.1,12.8,8
55.1,12.9,8
55.1,13,8
55.1,13.1,7.85
55.1,13.2,7.45454545454545
55.1,13.3,8
55.1,13.4,8
55.1,13.5,8
55.1,13.6,8.125
55.1,13.7,8
55.1,14.6,7.83333333333333
55.1,14.7,8
55.1,14.8,8
55.1,14.9,8
55.1,15,8
55.1,15.1,8
55.1,15.2,8
55.1,15.3,8
55.1,15.5,8
55.1,15.6,8
55.1,15.9,8
55.1,16,8
55.1,16.1,8
55.1,20.4,8
55.1,20.5,8
55.1,20.7,6
55.1,20.8,5.6
55.1,23.3,6.66666666666667
55.1,23.8,1
55.1,23.9,2.66666666666667
55.1,29,0
55.1,29.2,0
55.1,29.4,0
55.1,29.5,0
55.1,29.7,0
55.1,29.9,0
55.1,44.7,2.66666666666667
55.1,44.8,2.44444444444444
55.1,44.9,1.33333333333333
55.2,-6.8,8
55.2,-6.7,8
55.2,-4.9,0
55.2,-4.8,0
55.2,-4.4,0
55.2,-4.3,6.4
55.2,-4.2,8.05882352941176
55.2,-4.1,8.03703703703704
55.2,-4,8
55.2,-3.9,8
55.2,-3.8,8
55.2,-3.1,8
55.2,-3,8
55.2,-2.9,8.05555555555556
55.2,-2.3,8
55.2,-2.2,8
55.2,-2.1,8
55.2,-2,8
55.2,-1.7,0
55.2,-1.5,6
55.2,-1.1,8
55.2,-1,8
55.2,-0.9,8
55.2,-0.8,6.4
55.2,2.6,8
55.2,2.7,8
55.2,2.8,8
55.2,6.6,7.75
55.2,6.7,8
55.2,7.9,8
55.2,8,8.25
55.2,9.8,8
55.2,9.9,8.11111111111111
55.2,10,8.5
55.2,10.3,8
55.2,10.4,8.2
55.2,10.5,8.14285714285714
55.2,11,8
55.2,11.5,0
55.2,12.5,8
55.2,12.6,8.05263157894737
55.2,12.7,7.83333333333333
55.2,12.8,8
55.2,12.9,7.89473684210526
55.2,13,8
55.2,13.1,8
55.2,13.2,8
55.2,13.3,8
55.2,13.4,8
55.2,13.5,8
55.2,14,6
55.2,14.7,7.89473684210526
55.2,14.8,8
55.2,14.9,8.05882352941176
55.2,15.6,8
55.2,15.7,8
55.2,15.8,8
55.2,16.1,8
55.2,16.2,8
55.2,20.7,6.09523809523809
55.2,23.3,6
55.2,23.4,5.33333333333333
55.2,23.7,0
55.2,23.8,0
55.3,-7,8
55.3,-6.9,8
55.3,-6.8,8
55.3,-4.8,0.761904761904762
55.3,-4.5,8
55.3,-4.4,8
55.3,-4.3,7.47058823529412
55.3,-4.2,8
55.3,-4.1,8
55.3,-3.9,8
55.3,-3.7,8
55.3,-3.6,7.33333333333333
55.3,-3.1,8.0625
55.3,-3,8
55.3,-2.6,8
55.3,-2.5,8
55.3,-2.4,7.27272727272727
55.3,-2.3,8
55.3,-1.8,0
55.3,-1.6,7.89473684210526
55.3,-0.8,8
55.3,-0.7,8
55.3,-0.6,8
55.3,-0.5,8
55.3,-0.4,8
55.3,2.5,8
55.3,2.6,7.46666666666667
55.3,2.7,8
55.3,6.7,7.33333333333333
55.3,6.9,8
55.3,7,8
55.3,8,8
55.3,8.1,8
55.3,8.3,8
55.3,10,8
55.3,10.1,8
55.3,10.2,8
55.3,10.5,8
55.3,10.6,7.84615384615385
55.3,10.7,8
55.3,10.9,8
55.3,11,8
55.3,11.4,0
55.3,11.5,0
55.3,12.6,8
55.3,12.7,7.90476190476191
55.3,12.8,8
55.3,13.2,9
55.3,13.3,8.16666666666667
55.3,13.4,9.45454545454546
55.3,13.5,9.33333333333333
55.3,13.6,8.16666666666667
55.3,13.7,8.76923076923077
55.3,13.8,8
55.3,13.9,9.23076923076923
55.3,14.4,7.25
55.3,14.5,8
55.3,14.6,7.875
55.3,14.7,7.92307692307692
55.3,14.8,8
55.3,14.9,8
55.3,15.9,8
55.3,16,8
55.3,16.1,8
55.3,16.2,8
55.3,16.3,8
55.3,16.4,8
55.3,17.4,8
55.3,17.5,7.92857142857143
55.3,20.6,6.4
55.3,23.4,6
55.3,23.7,0.894736842105263
55.4,-7.2,8
55.4,-7.1,8.14285714285714
55.4,-7,6.6
55.4,-4.8,5.33333333333333
55.4,-4.7,6.76923076923077
55.4,-4.6,7.875
55.4,-4.5,6.66666666666667
55.4,-4.4,7.76190476190476
55.4,-4.3,7.81578947368421
55.4,-4.2,8
55.4,-4,8
55.4,-3.7,8
55.4,-3.6,7.81818181818182
55.4,-3.5,7.47058823529412
55.4,-3.4,7.5
55.4,-3.3,8
55.4,-3.1,8
55.4,-3,8
55.4,-2.9,8
55.4,-2.8,8
55.4,-2.7,8.33333333333333
55.4,-2.6,8
55.4,-1.9,0
55.4,-0.3,8
55.4,-0.2,8
55.4,-0.1,8
55.4,0,8
55.4,0.1,8
55.4,2.4,8
55.4,2.5,8
55.4,2.6,8
55.4,5.8,8
55.4,6.8,8
55.4,6.9,9
55.4,7.6,8.42857142857143
55.4,7.7,8
55.4,7.8,8
55.4,7.9,8
55.4,8,8.42857142857143
55.4,8.1,8
55.4,8.2,8
55.4,8.3,8
55.4,10.2,8
55.4,10.3,8
55.4,10.4,8
55.4,10.5,8
55.4,10.6,8
55.4,10.7,8
55.4,10.8,7.5
55.4,10.9,8
55.4,12.5,7.91666666666667
55.4,12.6,8
55.4,12.7,8.03333333333333
55.4,12.8,8.41666666666667
55.4,12.9,8.76923076923077
55.4,13,8.72727272727273
55.4,13.1,9
55.4,13.2,8.8
55.4,13.6,7.65217391304348
55.4,13.7,7.34090909090909
55.4,14.2,8
55.4,14.3,7.6
55.4,14.4,8.125
55.4,14.5,8.25
55.4,14.8,8
55.4,14.9,8
55.4,15,8
55.4,16.1,8
55.4,16.2,8
55.4,16.3,8
55.4,17.3,8
55.4,17.4,7.5
55.4,20.6,5.64705882352941
55.4,23.4,7.27272727272727
55.4,23.6,2.78571428571429
55.4,23.7,0
55.5,-7.3,8
55.5,-7.2,8.42857142857143
55.5,-4.8,8
55.5,-4.7,7.2
55.5,-4.6,7.73333333333333
55.5,-4.5,8.05555555555556
55.5,-4.4,7.58823529411765
55.5,-4.3,6.66666666666667
55.5,-4.2,7.11111111111111
55.5,-4.1,8
55.5,-4,8
55.5,-3.9,7.2
55.5,-3.3,7.6
55.5,-3.2,7.6551724137931
55.5,-3.1,7.65625
55.5,-3,8.03571428571429
55.5,-2.2,0
55.5,-2.1,0
55.5,0.1,8
55.5,0.2,8
55.5,0.3,7.85714285714286
55.5,0.4,8
55.5,0.5,8.2
55.5,0.7,8
55.5,0.8,8
55.5,2.4,8
55.5,2.5,8
55.5,5.8,8
55.5,5.9,7
55.5,6,8.125
55.5,6.1,8
55.5,6.7,7.77777777777778
55.5,6.8,8
55.5,6.9,8
55.5,7,8
55.5,7.1,7.85714285714286
55.5,7.2,7.83333333333333
55.5,7.3,8.16666666666667
55.5,7.4,8
55.5,7.5,8
55.5,8.5,8
55.5,10.3,8
55.5,10.4,8
55.5,10.5,8
55.5,10.6,8
55.5,10.9,8
55.5,11,8
55.5,11.1,8
55.5,11.7,0
55.5,12.5,8
55.5,12.6,8
55.5,12.7,8
55.5,12.8,7.75862068965517
55.5,12.9,8
55.5,13.4,8.05263157894737
55.5,13.5,8.70967741935484
55.5,13.6,7.62962962962963
55.5,13.7,9
55.5,13.8,0
55.5,14.1,8.125
55.5,14.2,8
55.5,14.3,8
55.5,14.8,8
55.5,14.9,8.2
55.5,15,7.90909090909091
55.5,16.3,8
55.5,16.4,7.2
55.5,16.5,8
55.5,17.2,8
55.5,17.3,8.18181818181818
55.5,20.5,4.66666666666667
55.5,20.6,6.66666666666667
55.5,23,2.66666666666667
55.5,23.1,1.77777777777778
55.5,23.2,0
55.5,23.3,0
55.5,23.4,1.23076923076923
55.5,23.5,4.70588235294118
55.5,23.6,8
55.5,37.8,2.66666666666667
55.5,37.9,5.85714285714286
55.5,38,4.55555555555556
55.5,38.1,2
55.5,38.2,4.44444444444444
55.5,38.3,6.125
55.5,38.4,4.44444444444444
55.5,38.5,6.85714285714286
55.5,38.6,4.22222222222222
55.5,41.2,0
55.6,-7.5,8
55.6,-7.4,8
55.6,-7.3,8
55.6,-5,8
55.6,-4.9,8.06666666666667
55.6,-4.8,8
55.6,-4.7,8
55.6,-4.6,7.5
55.6,-4.5,7
55.6,-4.4,6.04166666666667
55.6,-4.2,8
55.6,-4.1,9
55.6,-3.8,5.25
55.6,-3.7,8
55.6,-3.6,5.81818181818182
55.6,-3.5,8
55.6,-3.4,8
55.6,-3.3,8
55.6,-3.1,7.86666666666667
55.6,-3,7.73333333333333
55.6,-2.9,7.4375
55.6,-2.8,8
55.6,-2.7,7.875
55.6,-2.6,8
55.6,-2.2,0
55.6,-2.1,0
55.6,0.3,7
55.6,0.4,7.14285714285714
55.6,0.5,7.33333333333333
55.6,0.6,7.25
55.6,0.7,7
55.6,0.8,8
55.6,0.9,8
55.6,1,8
55.6,1.1,8
55.6,1.2,8
55.6,1.3,8
55.6,1.4,8
55.6,1.5,8
55.6,2.3,8
55.6,2.4,8
55.6,5.4,6
55.6,5.5,7.16666666666667
55.6,5.6,8
55.6,6,8
55.6,6.1,8
55.6,6.2,8
55.6,6.3,7.92307692307692
55.6,6.4,8
55.6,6.5,8
55.6,6.6,8.07142857142857
55.6,6.7,8.09090909090909
55.6,6.8,8
55.6,6.9,8
55.6,8.4,8
55.6,8.5,8
55.6,10.2,8
55.6,10.3,8
55.6,10.6,8
55.6,10.7,8
55.6,10.8,8
55.6,10.9,8
55.6,11.1,8
55.6,11.2,8
55.6,12.1,7.61788617886179
55.6,12.2,8.88405797101449
55.6,12.5,8
55.6,12.6,5.89655172413793
55.6,12.7,7.90657439446367
55.6,12.8,7.7
55.6,12.9,7.83333333333333
55.6,13.5,7.27272727272727
55.6,13.7,8.88235294117647
55.6,13.8,8.41176470588235
55.6,14,7.33333333333333
55.6,14.1,8
55.6,15,8
55.6,15.1,8.125
55.6,16.6,8
55.6,16.7,7.2
55.6,16.8,5.33333333333333
55.6,17.1,8
55.6,17.2,8.08695652173913
55.6,20.5,6.5
55.6,23.5,5.09090909090909
55.6,38.7,4.55555555555556
55.6,38.8,3
55.6,38.9,3
55.6,39,3.28571428571429
55.6,39.1,2
55.6,39.2,0
55.6,39.3,0
55.6,43.4,0
55.6,43.5,0
55.6,43.6,0
55.7,-9,5.33333333333333
55.7,-8.9,5.33333333333333
55.7,-8.8,1.14285714285714
55.7,-8.7,0
55.7,-8.6,0
55.7,-8.5,5.71428571428571
55.7,-8.4,4.33333333333333
55.7,-8.3,9
55.7,-7.7,8
55.7,-7.6,8
55.7,-7.5,8
55.7,-5.2,8
55.7,-5.1,8
55.7,-4.8,8
55.7,-4.7,8
55.7,-4.6,8
55.7,-4.4,8
55.7,-4.3,6.12903225806452
55.7,-4.2,8
55.7,-3.7,8
55.7,-3.5,8
55.7,-3.4,7.71428571428571
55.7,-3.3,6
55.7,-3.1,8
55.7,-3,7.65217391304348
55.7,-2.8,7.25
55.7,-2.7,7.375
55.7,-2.6,7.7
55.7,-2.5,8
55.7,-2.4,8
55.7,-2.3,8
55.7,-2.2,8
55.7,-2.1,8
55.7,-2,8
55.7,-1.9,8
55.7,-1.8,8.14285714285714
55.7,-1.7,8
55.7,0.7,7
55.7,0.8,7
55.7,0.9,7
55.7,1,7
55.7,1.1,7.28571428571429
55.7,1.2,7
55.7,1.3,7
55.7,1.4,7
55.7,1.5,7.6
55.7,1.6,8
55.7,1.7,6.85714285714286
55.7,1.8,8.125
55.7,1.9,8
55.7,2,8
55.7,2.1,8
55.7,2.2,8.06666666666667
55.7,2.3,8
55.7,4.7,8
55.7,4.8,8
55.7,4.9,8
55.7,5,6.85714285714286
55.7,5.1,8
55.7,5.2,8
55.7,5.3,6.85714285714286
55.7,5.4,8
55.7,6.3,8
55.7,6.4,8
55.7,6.5,8
55.7,6.6,8
55.7,6.9,8
55.7,7,8
55.7,8.3,7.61904761904762
55.7,8.4,7.61904761904762
55.7,8.9,8
55.7,9,8
55.7,9.1,6.66666666666667
55.7,9.2,8
55.7,9.9,8
55.7,10,8.25
55.7,10.1,8
55.7,10.8,8
55.7,10.9,7.95
55.7,11,7.83333333333333
55.7,12.4,10.8695652173913
55.7,12.5,8.9
55.7,12.6,8.90990990990991
55.7,12.7,7.96774193548387
55.7,12.8,7.99212598425197
55.7,12.9,8.04545454545454
55.7,13,8
55.7,13.7,8.91666666666667
55.7,13.8,8.58823529411765
55.7,13.9,8
55.7,14,8
55.7,15.1,8
55.7,16.8,6.85714285714286
55.7,16.9,7.11111111111111
55.7,17,8
55.7,17.1,7.2
55.7,17.2,5.66666666666667
55.7,17.3,8
55.7,20.5,5.64705882352941
55.7,23.1,5.53846153846154
55.7,23.5,3.63636363636364
55.7,39.3,0
55.7,39.4,0
55.7,41.2,0
55.7,42.6,0
55.7,42.7,0
55.7,42.8,0
55.7,42.9,0
55.7,43,0
55.7,43.1,0
55.7,43.2,0
55.7,43.3,0
55.8,-11.2,6.5
55.8,-11.1,8
55.8,-9.8,4
55.8,-9.7,8
55.8,-9.6,0
55.8,-9.5,2.66666666666667
55.8,-9.4,2
55.8,-9.3,2.66666666666667
55.8,-9.2,6.25
55.8,-9.1,5.71428571428571
55.8,-9,2.66666666666667
55.8,-7.9,8
55.8,-7.8,8
55.8,-7.7,8
55.8,-5.4,8.16666666666667
55.8,-5.3,8
55.8,-5.2,8
55.8,-4.6,8
55.8,-4.5,8.02083333333333
55.8,-4.2,7.17948717948718
55.8,-4.1,7
55.8,-4,6.4
55.8,-3.9,8
55.8,-3.8,8
55.8,-3.7,8
55.8,-3.6,8
55.8,-3.5,8
55.8,-3.3,7.91666666666667
55.8,-3.2,8
55.8,-3.1,7.95652173913043
55.8,-3,8.06666666666667
55.8,-2.6,7
55.8,-2.5,7.25
55.8,-2.4,7.5
55.8,-2.3,8
55.8,1.5,8
55.8,1.6,8
55.8,1.7,7.57894736842105
55.8,1.8,8
55.8,1.9,8
55.8,2,8
55.8,2.1,8.125
55.8,2.2,8
55.8,2.3,8.21428571428571
55.8,2.4,8
55.8,2.5,8
55.8,2.6,8
55.8,2.7,8
55.8,2.8,8.14285714285714
55.8,4,8
55.8,4.1,8
55.8,4.2,6.85714285714286
55.8,4.3,8
55.8,4.4,8
55.8,4.5,8
55.8,4.6,8
55.8,4.7,8
55.8,6.4,7.77777777777778
55.8,6.5,8
55.8,6.6,8
55.8,6.7,8
55.8,6.8,8.125
55.8,6.9,8
55.8,7,8
55.8,7.3,9
55.8,7.4,8
55.8,7.5,8.14285714285714
55.8,7.6,8
55.8,7.7,8
55.8,7.8,8.14285714285714
55.8,7.9,8
55.8,8,8
55.8,8.1,8.57142857142857
55.8,8.2,7.42857142857143
55.8,8.3,7.70833333333333
55.8,8.4,8
55.8,8.5,8
55.8,8.6,8
55.8,8.7,8
55.8,8.8,7.85714285714286
55.8,8.9,8
55.8,9,8
55.8,9.1,8
55.8,9.9,8.04761904761905
55.8,10,8
55.8,10.6,8
55.8,10.7,8
55.8,10.8,8
55.8,10.9,8
55.8,11,8
55.8,11.1,7.72222222222222
55.8,11.2,7.70588235294118
55.8,11.3,8
55.8,11.4,7.9
55.8,11.5,8.1
55.8,11.6,7.9
55.8,11.7,7.27272727272727
55.8,11.8,8
55.8,12.4,8
55.8,12.5,8.07692307692308
55.8,12.6,7.83333333333333
55.8,12.7,7.6
55.8,12.8,7.91428571428571
55.8,12.9,7.57333333333333
55.8,13,8
55.8,13.1,8
55.8,13.7,8.125
55.8,13.8,8.73913043478261
55.8,15.1,8
55.8,15.2,8
55.8,16.9,8.16666666666667
55.8,17,8
55.8,17.1,6.66666666666667
55.8,17.3,8
55.8,20.5,5.33333333333333
55.8,23.1,5.71428571428571
55.8,23.4,6.11764705882353
55.8,23.5,8
55.8,23.6,4
55.8,33.7,0
55.8,33.8,4
55.8,33.9,6.85714285714286
55.8,34,4.125
55.8,34.1,6.25
55.8,41.2,0
55.8,41.8,0
55.8,42.1,0
55.8,42.5,0
55.8,44.6,5.33333333333333
55.8,44.7,6
55.9,-11.4,8
55.9,-11.3,4
55.9,-11.2,8
55.9,-7.9,8
55.9,-5.5,8
55.9,-5.4,8
55.9,-5.1,9
55.9,-5,9
55.9,-4.5,8
55.9,-4.4,8.08602150537634
55.9,-4.1,7.09090909090909
55.9,-4,7.8
55.9,-3.9,7.23809523809524
55.9,-3.8,7.76470588235294
55.9,-3.7,8
55.9,-3.6,8
55.9,-3.5,8
55.9,-3.4,7.97233201581028
55.9,-3.3,7
55.9,-3.1,8
55.9,-3,7.61538461538461
55.9,-2.3,7.125
55.9,-2.2,7.25
55.9,-2.1,7.4
55.9,1.5,8
55.9,1.6,7.92307692307692
55.9,1.7,8
55.9,1.8,8
55.9,1.9,8
55.9,2,8
55.9,2.1,8
55.9,2.2,7.85714285714286
55.9,2.3,8
55.9,2.4,7.75
55.9,3.4,8
55.9,3.5,6.66666666666667
55.9,3.6,6.85714285714286
55.9,3.7,8
55.9,3.8,8
55.9,3.9,8
55.9,4,8
55.9,6.3,7.9
55.9,6.4,8
55.9,6.9,8
55.9,7,8.14285714285714
55.9,7.1,7.91666666666667
55.9,7.2,8
55.9,7.3,8.16666666666667
55.9,9.7,8
55.9,9.8,8
55.9,9.9,8
55.9,10.2,8
55.9,10.3,8.125
55.9,10.4,8
55.9,10.5,8.25
55.9,10.6,8
55.9,10.8,8.36363636363636
55.9,10.9,8
55.9,11.2,7
55.9,12.2,0
55.9,12.3,0
55.9,12.7,8
55.9,12.8,7.32
55.9,12.9,7.74074074074074
55.9,13.6,7.92307692307692
55.9,13.7,8
55.9,13.8,9
55.9,13.9,9
55.9,14,9
55.9,16.8,8
55.9,16.9,8
55.9,17.3,8
55.9,17.4,7.2
55.9,17.5,8
55.9,20.5,6
55.9,23.1,5.33333333333333
55.9,23.4,6.15384615384615
55.9,23.5,8
55.9,23.6,5.6
55.9,24.5,6.54545454545455
55.9,34.1,0
55.9,34.2,4.57142857142857
55.9,34.3,8.75
55.9,34.4,4
55.9,34.5,0
55.9,34.6,4
55.9,34.7,2
55.9,34.8,6.4
55.9,34.9,4.5
55.9,35,3.42857142857143
55.9,35.1,5
55.9,35.2,4.71428571428571
55.9,35.3,5.71428571428571
55.9,35.4,3.42857142857143
55.9,35.5,4
55.9,35.6,1.6
55.9,35.7,5.33333333333333
55.9,35.8,2
55.9,41.1,0
55.9,41.5,0
55.9,41.6,8
55.9,44.5,1.84615384615385
55.9,44.6,5
56,-20.6,0
56,-20.5,0
56,-20.3,0
56,-20,0
56,-11.5,4
56,-11.4,5.33333333333333
56,-5.2,9
56,-5.1,9
56,-4.1,8
56,-4,5.37037037037037
56,-3.9,2.58620689655172
56,-3.5,8
56,-3.4,8.00363636363636
56,-3.3,7.72881355932203
56,-3.2,8.02083333333333
56,-3.1,8.03921568627451
56,-3,7.77611940298507
56,-2.1,7.33333333333333
56,-2,7.5
56,-1.9,7.375
56,-1.8,8
56,1.3,8
56,1.4,7.2
56,1.5,8
56,1.6,6
56,2.4,8
56,2.5,8
56,2.6,8
56,2.7,8
56,2.8,8
56,2.9,8
56,6.2,8.09090909090909
56,6.3,8
56,7.1,8
56,7.2,8
56,7.3,8
56,7.4,8
56,9.5,8
56,9.6,8
56,9.7,8
56,9.9,8
56,10.8,7.33333333333333
56,12.3,0
56,12.7,7.58333333333333
56,12.9,8
56,13.4,8.6
56,13.5,8
56,16.7,8
56,16.8,8
56,17.4,7.2
56,17.5,8
56,17.6,8.125
56,17.7,7.28571428571429
56,23.1,4.30769230769231
56,23.2,5
56,23.3,5.81818181818182
56,23.4,4.8
56,23.6,6.85714285714286
56,24.6,7.30769230769231
56,37.4,4.38961038961039
56,37.5,0
56,41.1,0
56,44.4,5.33333333333333
56,44.5,0
56.1,-5.3,9
56.1,-5.2,9
56.1,-4.6,2.06451612903226
56.1,-4.5,1.9047619047619
56.1,-4.4,0
56.1,-4.3,8
56.1,-4.2,8
56.1,-4.1,8
56.1,-4,1
56.1,-3.9,2.33333333333333
56.1,-3.8,2
56.1,-3.6,8
56.1,-3.5,8
56.1,-2.7,8
56.1,1.2,8
56.1,1.3,6
56.1,2.9,8
56.1,3,8
56.1,3.1,8
56.1,3.2,8
56.1,3.3,8
56.1,3.4,4
56.1,6.1,8
56.1,6.2,8
56.1,7.4,8
56.1,7.5,8
56.1,7.6,8
56.1,9.4,8
56.1,9.5,8
56.1,9.9,8
56.1,11.8,8
56.1,11.9,8
56.1,12.7,8
56.1,12.9,8.31818181818182
56.1,13,8.83333333333333
56.1,13.1,8.96875
56.1,13.2,9
56.1,13.3,6.875
56.1,13.4,8
56.1,16.6,7.2
56.1,16.7,8
56.1,17.5,8
56.1,17.7,8
56.1,17.8,7.11111111111111
56.1,17.9,8
56.1,23,0
56.1,23.1,6.4
56.1,23.2,5.64705882352941
56.1,23.3,6.4
56.1,23.4,5.41935483870968
56.1,24.7,4.44444444444444
56.1,41.1,0
56.1,44.3,3.9375
56.1,44.4,5.71428571428571
56.2,-5.9,8
56.2,-5.8,8
56.2,-4.5,8
56.2,-4.4,7.92307692307692
56.2,-4.3,8
56.2,-3.9,2.66666666666667
56.2,-3.8,8
56.2,-3.7,8
56.2,-3.6,8
56.2,-3.4,0
56.2,-3.3,0.373368146214099
56.2,-3.2,3
56.2,-3.1,3
56.2,-2.7,8
56.2,1,8
56.2,1.1,7.9
56.2,3.4,6.66666666666667
56.2,3.5,6.66666666666667
56.2,3.6,8
56.2,6,8
56.2,7.7,8.14285714285714
56.2,7.8,8
56.2,9.2,8.5
56.2,9.3,7.11111111111111
56.2,9.4,8
56.2,9.9,8
56.2,11.7,8
56.2,11.8,8
56.2,12.6,7.55555555555556
56.2,12.7,8.05555555555556
56.2,12.8,8
56.2,12.9,8
56.2,13,8
56.2,13.1,8
56.2,13.2,8
56.2,14.6,8
56.2,16.6,8
56.2,17.5,8
56.2,17.6,8
56.2,17.9,8
56.2,18,8
56.2,18.1,8
56.2,22.9,4.8
56.2,23,6.22222222222222
56.2,23.3,0
56.2,23.4,5.63636363636364
56.2,24.8,6.4
56.2,29.4,4.6
56.2,29.5,6.66666666666667
56.2,29.6,7
56.2,29.7,8.16666666666667
56.2,29.8,8
56.2,29.9,5.66666666666667
56.2,30,5.6
56.2,41,0
56.2,41.1,0
56.2,44.1,0
56.2,44.2,2.33333333333333
56.2,44.3,1.16666666666667
56.3,-6.3,8
56.3,-6.2,7.23809523809524
56.3,-6.1,6.54545454545455
56.3,-6,7.61904761904762
56.3,-5.9,6.66666666666667
56.3,-4.6,8
56.3,-4.5,8.05555555555556
56.3,-4.4,6.85714285714286
56.3,-3.9,8
56.3,-3.8,8
56.3,-3.7,6.85714285714286
56.3,-3.3,0
56.3,-2.7,8
56.3,0.8,8
56.3,0.9,8.11111111111111
56.3,1,8
56.3,5.8,8
56.3,5.9,7.27272727272727
56.3,6,8
56.3,9.1,8
56.3,9.2,8
56.3,9.9,8
56.3,10,7.90909090909091
56.3,10.6,7.82608695652174
56.3,10.7,8
56.3,11.6,8
56.3,11.7,8.07692307692308
56.3,12.5,8.16666666666667
56.3,12.6,7.25
56.3,12.8,8
56.3,12.9,7.42857142857143
56.3,13,8
56.3,13.2,8
56.3,13.3,8
56.3,13.4,8
56.3,14.6,8
56.3,14.7,8
56.3,15,8
56.3,15.1,8
56.3,15.2,7.8
56.3,17.4,2.66666666666667
56.3,17.6,8
56.3,18.1,5.33333333333333
56.3,18.2,8
56.3,18.3,6.85714285714286
56.3,22.7,4
56.3,22.8,5.81818181818182
56.3,23.4,6.22222222222222
56.3,24.9,5.75
56.3,27.8,8
56.3,27.9,6.28571428571429
56.3,28,6.42857142857143
56.3,28.1,8
56.3,28.2,8
56.3,28.3,5.5
56.3,28.4,7.71428571428571
56.3,28.5,7.42857142857143
56.3,28.6,8
56.3,28.7,8.14285714285714
56.3,28.8,5.71428571428571
56.3,28.9,6.66666666666667
56.3,29,6.57142857142857
56.3,29.1,5.42857142857143
56.3,29.2,7.71428571428571
56.3,29.3,6.83333333333333
56.3,29.4,8
56.3,41,0
56.3,44.3,0
56.3,44.5,0
56.3,44.7,0
56.3,44.9,0
56.3,45,1.66666666666667
56.4,-6.5,8
56.4,-6.4,0
56.4,-6.3,6.66666666666667
56.4,-4.7,8
56.4,-4.6,8
56.4,-4.5,8
56.4,-4.1,8
56.4,-4,8
56.4,-3.9,8
56.4,-3.8,6
56.4,-3.6,9
56.4,-3.4,1.07142857142857
56.4,-3.1,0
56.4,-3,0
56.4,-2.7,8
56.4,0.6,8
56.4,0.7,8
56.4,0.8,8
56.4,5.7,8
56.4,5.8,7.18181818181818
56.4,6,8
56.4,6.1,8
56.4,10,8.07692307692308
56.4,10.5,0
56.4,10.6,7.11111111111111
56.4,10.7,7
56.4,10.8,0
56.4,10.9,0
56.4,11.6,8
56.4,12.5,8
56.4,12.9,8
56.4,13,8.2
56.4,13.1,8
56.4,13.2,8
56.4,13.3,8.5
56.4,13.4,7
56.4,13.5,8.1
56.4,13.6,8
56.4,14.7,8.2
56.4,14.8,8
56.4,14.9,8.125
56.4,15,8
56.4,17.4,6.4
56.4,17.6,8
56.4,17.7,5.33333333333333
56.4,18.3,8
56.4,18.4,8
56.4,18.5,6.85714285714286
56.4,20,7.66666666666667
56.4,20.1,8
56.4,20.2,7
56.4,20.3,6.85714285714286
56.4,20.4,6
56.4,22.5,8
56.4,22.6,2.85714285714286
56.4,22.7,4
56.4,23.4,4
56.4,23.5,4.66666666666667
56.4,24.9,8
56.4,25,6.66666666666667
56.4,40.9,0
56.5,-7.4,8
56.5,-4.8,7.9375
56.5,-4.7,7.92857142857143
56.5,-4.2,8
56.5,-4.1,8.1
56.5,-4,8
56.5,-3.6,9
56.5,-3.5,9
56.5,-3.4,4.21649484536082
56.5,-3.3,3
56.5,-3.2,5.84210526315789
56.5,-2.8,8
56.5,-2.7,8
56.5,0.5,8
56.5,0.6,8
56.5,1.6,6.85714285714286
56.5,5.7,8
56.5,5.9,8
56.5,6,8
56.5,10,8
56.5,10.4,0
56.5,10.6,8
56.5,10.7,8.08333333333333
56.5,10.8,8.2
56.5,11.5,8
56.5,11.6,8
56.5,12.5,8
56.5,13,8
56.5,13.1,8
56.5,13.2,7.25
56.5,13.6,8
56.5,13.7,7
56.5,13.8,6.3
56.5,14.6,8
56.5,14.7,7.22727272727273
56.5,14.8,8
56.5,17.4,6.54545454545455
56.5,17.7,8
56.5,18.5,8
56.5,18.6,6
56.5,18.7,5.71428571428571
56.5,20.1,8
56.5,20.4,5.33333333333333
56.5,20.5,5.71428571428571
56.5,20.6,8
56.5,20.7,6.85714285714286
56.5,20.8,6.85714285714286
56.5,20.9,7
56.5,21,8
56.5,21.1,8.825
56.5,21.2,8
56.5,21.3,8
56.5,21.4,8
56.5,22.5,6.4
56.5,23.5,6.4
56.5,23.6,6.15384615384615
56.5,25,7
56.5,25.1,6.91666666666667
56.5,40.7,0
56.6,-7.5,8
56.6,-7.4,8
56.6,-5,8
56.6,-4.9,8
56.6,-4.8,8
56.6,-4.4,8
56.6,-4.3,7.57894736842105
56.6,-4.2,8
56.6,-4.1,8
56.6,-3.3,6
56.6,-3.2,5.86666666666667
56.6,-3.1,6
56.6,-3,8
56.6,-2.8,8.18181818181818
56.6,0.3,8
56.6,0.4,7
56.6,1.5,8
56.6,1.6,8.75
56.6,5.8,8
56.6,5.9,8
56.6,10,8
56.6,10.4,8
56.6,10.5,7.875
56.6,10.6,8
56.6,10.9,8.08333333333333
56.6,11,8
56.6,11.4,8
56.6,11.5,8.13333333333333
56.6,11.6,8
56.6,12.5,7.9375
56.6,13,8
56.6,13.1,6.66666666666667
56.6,13.8,9
56.6,13.9,7.2
56.6,14,8
56.6,14.1,8
56.6,14.4,8.2
56.6,14.5,8
56.6,14.6,8
56.6,14.8,7.13333333333333
56.6,17.4,8
56.6,17.5,4.44444444444444
56.6,17.7,6.66666666666667
56.6,17.8,8
56.6,18.7,8
56.6,18.8,5
56.6,18.9,4.57142857142857
56.6,19,8
56.6,20.1,8
56.6,20.2,8
56.6,20.3,8
56.6,20.4,6.85714285714286
56.6,20.5,8
56.6,20.6,3.42857142857143
56.6,20.7,6.4
56.6,21,9
56.6,21.4,8
56.6,21.5,6.85714285714286
56.6,21.6,8
56.6,21.7,8
56.6,21.8,8
56.6,21.9,8
56.6,22,8
56.6,22.3,0
56.6,22.4,4.26666666666667
56.6,23.6,6
56.6,25.2,7.2
56.6,40.6,0
56.7,-7.6,8
56.7,-7.5,8
56.7,-5.2,6
56.7,-5.1,6.80952380952381
56.7,-5,6.70833333333333
56.7,-4.9,6.36363636363636
56.7,-4.8,6
56.7,-4.5,8
56.7,-4.4,8
56.7,-4.3,8
56.7,-4.2,8
56.7,-3,8
56.7,-2.9,8
56.7,-2.8,8
56.7,1.4,8
56.7,1.5,0
56.7,5.7,6.85714285714286
56.7,5.8,8
56.7,10,8
56.7,10.3,8
56.7,10.4,8
56.7,11,8
56.7,11.1,8
56.7,11.3,8.4
56.7,11.4,7.92857142857143
56.7,11.5,8.125
56.7,12.5,7.47058823529412
56.7,12.9,8
56.7,13,6.83333333333333
56.7,13.8,8.2
56.7,13.9,8
56.7,14.1,6.85714285714286
56.7,14.2,6.9375
56.7,14.3,7.16666666666667
56.7,14.4,8
56.7,14.8,6.93333333333333
56.7,17.5,6.22222222222222
56.7,17.8,4.8
56.7,19,6.66666666666667
56.7,19.1,5.71428571428571
56.7,19.2,8
56.7,19.8,8
56.7,20.7,6
56.7,20.8,6.28571428571429
56.7,20.9,5.33333333333333
56.7,21,6.28571428571429
56.7,21.1,4.57142857142857
56.7,21.2,5.33333333333333
56.7,21.3,6.22222222222222
56.7,21.9,0
56.7,22,0
56.7,22.1,0
56.7,22.2,3
56.7,22.3,5.2
56.7,22.4,4.57142857142857
56.7,22.5,2.66666666666667
56.7,22.6,3.42857142857143
56.7,22.7,5.33333333333333
56.7,22.8,8
56.7,22.9,6.66666666666667
56.7,23,8
56.7,23.1,8
56.7,23.8,7.2
56.7,25.3,3.25
56.7,40.4,0
56.7,40.5,0
56.8,-7.6,8
56.8,-5.2,8
56.8,-5.1,8
56.8,-4.7,8
56.8,-4.6,8
56.8,-4.5,8
56.8,-4.4,8
56.8,-4.2,7
56.8,-2.8,8
56.8,1.3,8
56.8,1.4,8
56.8,2.9,8
56.8,5.6,7.33333333333333
56.8,5.7,7.92857142857143
56.8,10,7.84615384615385
56.8,10.1,8.125
56.8,10.2,8
56.8,11.1,8.46153846153846
56.8,11.2,8.0625
56.8,11.3,8
56.8,11.4,8
56.8,12.5,7.47058823529412
56.8,12.8,7
56.8,12.9,8.2
56.8,13.8,9
56.8,13.9,8.875
56.8,14,8.05263157894737
56.8,14.1,7.61111111111111
56.8,14.2,8
56.8,14.3,8
56.8,14.4,5.33333333333333
56.8,14.9,7.46666666666667
56.8,17.5,7.27272727272727
56.8,17.8,8
56.8,17.9,8
56.8,19.2,8
56.8,19.3,7
56.8,19.4,8
56.8,19.8,5.6
56.8,21.3,6.4
56.8,21.4,5.53846153846154
56.8,21.5,6.76923076923077
56.8,21.6,7.38461538461539
56.8,21.7,6.15384615384615
56.8,21.8,7.42857142857143
56.8,21.9,5.81818181818182
56.8,22.2,8
56.8,23.1,8
56.8,23.2,4.8
56.8,23.3,2.28571428571429
56.8,23.4,4
56.8,23.5,2.66666666666667
56.8,23.6,4.625
56.8,23.7,1.33333333333333
56.8,23.8,4.66666666666667
56.8,23.9,3.55555555555556
56.8,24,2
56.8,24.1,5.33333333333333
56.8,24.2,4
56.8,25.4,6
56.8,25.5,8
56.8,40.2,0
56.9,-7.7,8
56.9,-7.6,8
56.9,-5.4,8
56.9,-5.3,8
56.9,-4.8,8
56.9,-4.7,8
56.9,-4.6,7.77777777777778
56.9,-4.5,8
56.9,-4.2,7.69230769230769
56.9,-2.8,7.91666666666667
56.9,1.1,8
56.9,1.2,8
56.9,5.5,8
56.9,5.6,8
56.9,9.9,7.85714285714286
56.9,10,8.07692307692308
56.9,10.4,6.63157894736842
56.9,10.5,6.85714285714286
56.9,11.1,8.08333333333333
56.9,11.2,8
56.9,11.3,8
56.9,11.4,8
56.9,12.4,8
56.9,12.7,8
56.9,12.8,8
56.9,13.7,8
56.9,13.8,8
56.9,13.9,8.11111111111111
56.9,14.2,8
56.9,14.3,8
56.9,14.4,8
56.9,14.9,8.13333333333333
56.9,17.5,5.33333333333333
56.9,17.6,6.85714285714286
56.9,19.9,7.2
56.9,21.9,6
56.9,22,5.33333333333333
56.9,22.1,3.73333333333333
56.9,22.2,6
56.9,22.3,3.55555555555556
56.9,22.4,2.28571428571429
56.9,22.5,6.22222222222222
56.9,22.6,8
56.9,23.9,8
56.9,24,8
56.9,25.5,4.42857142857143
56.9,25.6,8
56.9,40.1,0
57,-7.8,8
57,-7.7,8
57,-5.6,8
57,-5.5,8
57,-5.4,8
57,-5,8
57,-4.9,8
57,-4.8,8
57,-4.7,8
57,-4.2,6.80952380952381
57,-4.1,8
57,-2.9,8
57,-2.7,6.85714285714286
57,-2.6,8
57,1,8
57,1.1,7.27272727272727
57,5.3,8
57,5.4,7.65
57,5.5,8
57,7.7,8
57,7.8,7.27272727272727
57,7.9,8
57,8,7.83333333333333
57,8.1,8
57,9.4,4.71428571428571
57,9.5,4
57,9.7,8
57,9.8,8
57,9.9,8
57,10.2,5.0625
57,10.3,4.71929824561404
57,10.4,5.88461538461539
57,11.1,7.92
57,11.2,8
57,11.3,8
57,11.4,8.5
57,11.5,8
57,12.6,7.11111111111111
57,12.7,8.33333333333333
57,13.5,8
57,13.6,8
57,13.7,8
57,14.4,8
57,14.5,8
57,14.6,8
57,14.7,8
57,15,7.11764705882353
57,16.2,8
57,16.3,5.33333333333333
57,16.4,5.71428571428571
57,16.5,5.71428571428571
57,17.6,5.6
57,19.9,6
57,20.5,0
57,22.6,5.33333333333333
57,22.7,5.33333333333333
57,22.8,5.33333333333333
57,23.9,7.45454545454545
57,24,8
57,25.6,2.66666666666667
57,25.7,0
57.1,-10.6,5.75
57.1,-10.5,8
57.1,-10.4,6.66666666666667
57.1,-10.3,8
57.1,-10.2,8
57.1,-7.8,7.2
57.1,-5.7,8
57.1,-5.6,8
57.1,-5.5,8
57.1,-5.1,8
57.1,-5,8
57.1,-4.9,8
57.1,-4.8,8
57.1,-4.2,8
57.1,-4.1,8
57.1,-4,8
57.1,-2.9,0.468085106382979
57.1,-2.8,0
57.1,-2.6,6.85714285714286
57.1,-2.5,8
57.1,0.9,8
57.1,1,8
57.1,5.2,8
57.1,5.3,7.68181818181818
57.1,5.4,8
57.1,7.2,8
57.1,7.3,8
57.1,8.1,8
57.1,8.2,8
57.1,8.3,8
57.1,8.4,8
57.1,8.5,8
57.1,9.4,3.58620689655172
57.1,9.5,5.05263157894737
57.1,9.6,8
57.1,9.7,8
57.1,9.9,8
57.1,10.1,5.19354838709677
57.1,10.2,5.02702702702703
57.1,11,8
57.1,11.1,8
57.1,11.2,8
57.1,11.6,7.46153846153846
57.1,11.7,6.85714285714286
57.1,12.5,8.11111111111111
57.1,12.6,8
57.1,13.5,8
57.1,14.7,6
57.1,14.8,7
57.1,14.9,8.16666666666667
57.1,15,8
57.1,15.1,7.54545454545455
57.1,15.7,8
57.1,15.8,2.66666666666667
57.1,16.6,6.66666666666667
57.1,16.7,6.66666666666667
57.1,16.8,6.85714285714286
57.1,16.9,6.66666666666667
57.1,17.6,4.36363636363636
57.1,20,7.2
57.1,20.5,0
57.1,23.3,6.22222222222222
57.1,23.4,3.63636363636364
57.1,23.5,1.6
57.1,23.6,1.14285714285714
57.1,23.7,2.18181818181818
57.1,23.8,0.32
57.1,23.9,4.21052631578947
57.1,24,4.49122807017544
57.2,-11,8
57.2,-10.9,8
57.2,-10.8,8.5
57.2,-10.7,6.25
57.2,-10.6,4
57.2,-7.9,7.11111111111111
57.2,-7.8,8
57.2,-5.8,7.27272727272727
57.2,-5.7,7.88888888888889
57.2,-5.2,8
57.2,-5.1,6.66666666666667
57.2,-5,8
57.2,-4.2,6.28571428571429
57.2,-4.1,8
57.2,-4,7.33333333333333
57.2,-3.9,8
57.2,-2.9,8.25
57.2,-2.5,8
57.2,-2.4,7.66666666666667
57.2,-2.3,8
57.2,-2.2,8
57.2,-2.1,8
57.2,-2,8
57.2,-1.9,0
57.2,-1.7,8
57.2,-1.6,8
57.2,-0.5,8.11111111111111
57.2,-0.4,6.6
57.2,0.8,8
57.2,0.9,6.85714285714286
57.2,5.1,6.66666666666667
57.2,5.2,8.04761904761905
57.2,7,8
57.2,7.1,8.03703703703704
57.2,7.2,8
57.2,8.4,8
57.2,8.5,7.57894736842105
57.2,8.6,7.61111111111111
57.2,8.7,8.16666666666667
57.2,8.8,8
57.2,9.3,8
57.2,9.4,5.83783783783784
57.2,10,0
57.2,10.1,0
57.2,10.2,0
57.2,11,8
57.2,11.1,8
57.2,11.7,8.125
57.2,11.8,7.23809523809524
57.2,12.4,8
57.2,12.5,8
57.2,13.8,7.4
57.2,13.9,7
57.2,14.9,8
57.2,15,8
57.2,15.1,6.60869565217391
57.2,15.2,8
57.2,15.6,4
57.2,15.7,6.3
57.2,16.9,0
57.2,17,5.71428571428571
57.2,17.1,8
57.2,17.2,6.85714285714286
57.2,17.3,8
57.2,17.6,4
57.2,17.7,5
57.2,20,4.44444444444444
57.2,20.1,8
57.2,20.5,0
57.2,22.3,8
57.2,23.9,7.2
57.2,24.4,0
57.2,24.5,0
57.2,40.6,8
57.2,40.8,8
57.2,41,8
57.3,-11.5,8
57.3,-11.4,8
57.3,-11.3,8
57.3,-11.2,8
57.3,-11.1,8
57.3,-8,8
57.3,-7.9,8
57.3,-6,8
57.3,-5.9,8
57.3,-5.2,8
57.3,-5.1,8
57.3,-4.2,5.64705882352941
57.3,-4.1,8
57.3,-3.9,8
57.3,-3.8,4.64285714285714
57.3,-3,8
57.3,-2.9,7.27272727272727
57.3,-2.3,7.17241379310345
57.3,-2.2,7.30434782608696
57.3,-2.1,8
57.3,-2,8
57.3,-1.9,8
57.3,-1.6,8
57.3,-1.5,8
57.3,-1.4,8
57.3,-1.3,8
57.3,-1.2,8
57.3,-1.1,8
57.3,-1,8
57.3,-0.9,8
57.3,-0.8,8
57.3,-0.7,8
57.3,-0.6,8.125
57.3,-0.2,8
57.3,-0.1,7
57.3,0,8
57.3,0.7,7.85714285714286
57.3,0.8,8
57.3,5,7.25
57.3,5.1,7.5625
57.3,6.9,8.14285714285714
57.3,7,8
57.3,7.1,8
57.3,8.6,8
57.3,8.7,8
57.3,8.8,8
57.3,8.9,6.66666666666667
57.3,9,7.9
57.3,9.1,8
57.3,9.2,8
57.3,9.4,5
57.3,9.5,8
57.3,10.1,7.5
57.3,11,8.15384615384615
57.3,11.1,8
57.3,11.8,8
57.3,11.9,8
57.3,12.3,7.27272727272727
57.3,12.4,8
57.3,13.9,6.36363636363636
57.3,14,7.5
57.3,14.6,3
57.3,14.7,2.4
57.3,14.9,8
57.3,15,7.27272727272727
57.3,15.2,6.66666666666667
57.3,15.3,6.22222222222222
57.3,15.4,6.85714285714286
57.3,15.5,8
57.3,15.6,8
57.3,17.3,8
57.3,17.4,5.71428571428571
57.3,17.5,8
57.3,17.6,5.71428571428571
57.3,17.7,4.66666666666667
57.3,18.8,8
57.3,18.9,5.33333333333333
57.3,19,0
57.3,20.1,5.09090909090909
57.3,20.5,0
57.3,23.9,8
57.3,24,6.2
57.3,39.5,4.98245614035088
57.3,39.6,4.8
57.3,39.8,8
57.3,40,8
57.3,40.2,8
57.3,40.4,8
57.4,-11.9,6
57.4,-11.8,6.66666666666667
57.4,-11.7,6.4
57.4,-11.6,8
57.4,-11.5,8
57.4,-8,8.3
57.4,-6.1,8
57.4,-6,8
57.4,-5.5,8
57.4,-5.4,8
57.4,-5.3,8
57.4,-4.6,2.82352941176471
57.4,-4.5,4
57.4,-4.2,8
57.4,-4.1,8
57.4,-3.8,4.44444444444444
57.4,-3.7,3.875
57.4,-3,8
57.4,-2.3,8
57.4,-2.2,7.33333333333333
57.4,-2.1,7.27272727272727
57.4,-2,7.7037037037037
57.4,-1.9,8
57.4,-1.8,8
57.4,-1.7,8
57.4,-1,8
57.4,-0.9,8
57.4,-0.8,8
57.4,0,8
57.4,0.1,8
57.4,0.2,8
57.4,0.6,7.875
57.4,0.7,8
57.4,3.8,8
57.4,4.9,7.6
57.4,5,8.4
57.4,6.7,8
57.4,6.8,8
57.4,6.9,8
57.4,7,7.52941176470588
57.4,8.7,7.27272727272727
57.4,8.8,5.33333333333333
57.4,9,8
57.4,9.4,4
57.4,9.5,2.33333333333333
57.4,10.1,8
57.4,10.2,8
57.4,10.3,8
57.4,10.4,8
57.4,10.9,7.92857142857143
57.4,11,8
57.4,11.1,8
57.4,12,8
57.4,12.1,7
57.4,12.2,7.91666666666667
57.4,12.3,8
57.4,13.9,0
57.4,14,5
57.4,14.1,6.76923076923077
57.4,14.2,5.5
57.4,14.7,6.66666666666667
57.4,14.8,7.92307692307692
57.4,14.9,5.55555555555556
57.4,15,2
57.4,15.4,8
57.4,15.5,8
57.4,17.7,5
57.4,17.8,4.57142857142857
57.4,17.9,6.66666666666667
57.4,18,3
57.4,18.7,6.85714285714286
57.4,18.8,5.71428571428571
57.4,20.1,4.8
57.4,20.2,4
57.4,20.5,0
57.4,24,7.90909090909091
57.4,30.2,8.33333333333333
57.4,39.6,0
57.5,-12.4,8
57.5,-12.3,8
57.5,-12.2,8
57.5,-12.1,8
57.5,-12,8.2
57.5,-11.9,8
57.5,-8.8,8
57.5,-8.7,8
57.5,-8.6,8
57.5,-8.1,8
57.5,-6.3,8
57.5,-6.2,8
57.5,-6.1,8
57.5,-5.6,8
57.5,-5.5,8
57.5,-4.5,5.33333333333333
57.5,-4.2,7
57.5,-4.1,7.125
57.5,-4,8
57.5,-3.7,2.82608695652174
57.5,-2.6,8
57.5,-2.5,8
57.5,-2.4,8
57.5,-2.3,8
57.5,-2,6.93333333333333
57.5,-1.9,7.22916666666667
57.5,-1.8,7.77777777777778
57.5,-1.7,8
57.5,-1.2,8
57.5,-1.1,8
57.5,-1,8
57.5,0.2,9
57.5,0.3,7.125
57.5,0.4,8
57.5,0.5,7.38461538461539
57.5,0.6,8
57.5,4.8,7.75
57.5,4.9,8
57.5,5.7,7
57.5,5.8,8
57.5,6.6,8.3
57.5,6.7,8
57.5,6.9,6.66666666666667
57.5,7,8
57.5,8.8,8
57.5,8.9,8
57.5,10.4,8
57.5,10.5,8
57.5,10.6,8
57.5,10.8,8
57.5,10.9,8
57.5,11.1,8
57.5,12,7
57.5,12.1,7.42857142857143
57.5,12.2,8
57.5,13.8,0
57.5,14.2,7
57.5,14.3,8
57.5,14.7,8.16666666666667
57.5,14.8,5.71428571428571
57.5,14.9,8
57.5,15,8
57.5,15.1,0.571428571428571
57.5,15.2,1.33333333333333
57.5,15.3,8
57.5,15.4,6.4
57.5,17.7,8
57.5,17.8,5
57.5,17.9,8.42857142857143
57.5,18.1,6.85714285714286
57.5,18.2,4
57.5,18.3,6
57.5,18.4,6.4
57.5,18.5,8
57.5,18.6,5.6
57.5,18.7,4
57.5,20.2,5.6
57.5,20.5,2.28571428571429
57.5,24,7.2
57.5,30.2,10
57.5,38.6,7.45454545454545
57.5,38.7,7.09420289855072
57.5,40,8
57.6,-12.8,8
57.6,-12.7,8
57.6,-12.6,8
57.6,-12.5,8
57.6,-12.4,8
57.6,-9,8
57.6,-8.9,8
57.6,-8.8,8
57.6,-8.2,6.66666666666667
57.6,-8.1,8.2
57.6,-6.4,8
57.6,-6.3,8
57.6,-5.7,8
57.6,-5.6,7.2
57.6,-4.4,7.68
57.6,-4.3,4.71428571428571
57.6,-4.2,7.52941176470588
57.6,-4.1,6
57.6,-3.7,0.888888888888889
57.6,-2.8,6.85714285714286
57.6,-2.7,8
57.6,-2.6,8
57.6,-1.8,6.88
57.6,-1.7,6
57.6,-1.6,8
57.6,-1.5,8
57.6,-1.4,8
57.6,-1.3,7.38461538461539
57.6,-1.2,6.85714285714286
57.6,0.4,8
57.6,0.5,8
57.6,0.6,6.71428571428571
57.6,0.7,6
57.6,0.8,8
57.6,4.7,8
57.6,4.8,8
57.6,5.5,4
57.6,5.6,8
57.6,5.7,8
57.6,6.4,7.83333333333333
57.6,6.5,8
57.6,6.8,8
57.6,6.9,7
57.6,8.9,8
57.6,10.6,8
57.6,10.7,8
57.6,10.8,8
57.6,10.9,8
57.6,11.1,8
57.6,12,7
57.6,12.1,9
57.6,12.2,8.61904761904762
57.6,12.3,8.27272727272727
57.6,13.8,0
57.6,14.3,8
57.6,14.4,6.76923076923077
57.6,14.5,5.875
57.6,14.6,7.38461538461539
57.6,14.7,8
57.6,15,8
57.6,15.1,8
57.6,15.2,8
57.6,15.3,7.11111111111111
57.6,17.8,5.8
57.6,17.9,8
57.6,18,6.93333333333333
57.6,18.4,6.85714285714286
57.6,18.5,6.85714285714286
57.6,20.2,5.33333333333333
57.6,20.3,7
57.6,20.5,3.58620689655172
57.6,24,6.54545454545455
57.6,40,8
57.7,-12.8,0
57.7,-9.3,8
57.7,-9.2,8
57.7,-9.1,8
57.7,-9,8
57.7,-8.3,8
57.7,-8.2,8
57.7,-6.5,8
57.7,-6.4,8
57.7,-5.8,8
57.7,-5.7,8
57.7,-4.3,7.52
57.7,-3.1,8
57.7,-3,8
57.7,-2.9,8
57.7,-2.8,8
57.7,-1.8,6.79545454545455
57.7,-1.6,8
57.7,-1.5,8
57.7,-1.4,8
57.7,-1.3,8
57.7,-1.2,8
57.7,-1.1,7.48387096774194
57.7,-1,6
57.7,0.8,8
57.7,0.9,6
57.7,1,6.66666666666667
57.7,4.5,8.33333333333333
57.7,4.6,8
57.7,5.4,8
57.7,5.5,8.11111111111111
57.7,6.2,8
57.7,6.3,7
57.7,6.4,7.75
57.7,6.8,8.05882352941176
57.7,8.9,8
57.7,9,8.09090909090909
57.7,10.9,8
57.7,11,8
57.7,11.1,7.46666666666667
57.7,11.2,8
57.7,12.2,9
57.7,12.3,8.92
57.7,12.9,0
57.7,14.4,6
57.7,14.5,7.52941176470588
57.7,14.6,8
57.7,14.7,8
57.7,15.1,8
57.7,15.2,5.81818181818182
57.7,15.3,6.85714285714286
57.7,15.4,8
57.7,17.8,6
57.7,18,6.93333333333333
57.7,18.2,8
57.7,18.3,7.11111111111111
57.7,18.4,7.33333333333333
57.7,20.3,4.8
57.7,20.4,8
57.7,20.5,3.07692307692308
57.7,24,8
57.7,24.1,7.4
57.7,39.9,8
57.8,-9.6,8
57.8,-9.5,8
57.8,-9.4,8
57.8,-9.3,8
57.8,-8.3,8
57.8,-6.7,8
57.8,-6.6,8
57.8,-5.9,8
57.8,-5.8,8
57.8,-4.3,8
57.8,-3.4,8
57.8,-3.3,8.125
57.8,-3.2,8
57.8,-3.1,6.2
57.8,-1.8,7.57142857142857
57.8,-1.7,8
57.8,-1.6,8
57.8,-1.3,6.4
57.8,-1.2,8
57.8,-1.1,8
57.8,-1,7.82222222222222
57.8,-0.9,7.33333333333333
57.8,-0.8,6.4
57.8,1,8
57.8,1.1,8.125
57.8,1.2,8
57.8,1.3,6
57.8,4.4,8
57.8,4.5,8
57.8,5.2,8
57.8,5.3,7.2
57.8,5.4,4
57.8,6.1,8.11111111111111
57.8,6.2,7.71428571428571
57.8,6.7,8
57.8,6.8,8.2
57.8,7.6,8
57.8,9,8
57.8,9.1,7.3
57.8,11.2,8
57.8,11.3,8
57.8,11.4,8
57.8,11.5,8
57.8,12.3,9
57.8,12.4,9
57.8,14.3,6.14285714285714
57.8,14.4,7.11111111111111
57.8,14.7,6.66666666666667
57.8,14.8,6.33333333333333
57.8,15,8
57.8,15.1,8
57.8,15.4,8
57.8,15.5,6.85714285714286
57.8,15.6,5.75
57.8,17.8,4
57.8,17.9,4
57.8,18,8
57.8,18.1,7.05882352941176
57.8,18.2,4.8
57.8,18.3,5.17647058823529
57.8,20.4,5.81818181818182
57.8,20.5,4.63157894736842
57.8,20.6,6.4
57.8,24.1,7.54545454545455
57.9,-9.9,8
57.9,-9.8,8
57.9,-9.7,8
57.9,-9.6,8
57.9,-8.4,7.8
57.9,-8.3,8
57.9,-6.8,7.11111111111111
57.9,-6.7,8
57.9,-6,6.22222222222222
57.9,-5.9,8
57.9,-4.3,8
57.9,-4.2,7.42857142857143
57.9,-4.1,6.66666666666667
57.9,-3.6,8
57.9,-3.5,6.85714285714286
57.9,-3.4,8
57.9,-3.2,0
57.9,-3,2.66666666666667
57.9,-2.9,2
57.9,-2,8.25
57.9,-1.9,8
57.9,-1.8,8
57.9,-1.7,6.93333333333333
57.9,-1.1,8
57.9,-1,8
57.9,-0.8,8
57.9,-0.7,7.66666666666667
57.9,-0.6,8
57.9,1.3,5.33333333333333
57.9,1.4,8
57.9,1.5,8
57.9,1.6,8
57.9,4.4,8
57.9,5.1,6.5
57.9,5.2,7.18181818181818
57.9,5.9,6.5
57.9,6,8
57.9,6.7,8.11764705882353
57.9,7.3,8
57.9,7.4,8
57.9,7.5,8
57.9,8.7,8
57.9,8.8,8.2
57.9,9.1,8
57.9,9.2,8
57.9,11.2,8
57.9,11.5,8
57.9,11.6,8
57.9,11.7,8
57.9,11.8,8.33333333333333
57.9,12.4,9
57.9,14.2,4.8
57.9,14.3,6.4
57.9,14.8,8
57.9,14.9,6.28571428571429
57.9,15,8
57.9,15.6,8
57.9,15.7,8
57.9,15.8,8
57.9,17.9,6.4
57.9,18,7.11111111111111
57.9,18.1,8
57.9,18.2,2.66666666666667
57.9,18.3,8
57.9,19,8
57.9,20.4,5.33333333333333
57.9,20.5,8
57.9,20.6,4.68965517241379
57.9,24.1,6.45454545454545
57.9,39.9,8
58,-10.2,8
58,-10.1,8
58,-10,6.85714285714286
58,-9.9,5.33333333333333
58,-6.9,8
58,-6.8,8
58,-6.1,8
58,-6,8
58,-4.1,7.2
58,-4,5.86666666666667
58,-3.9,8
58,-3.8,8
58,-3.7,8
58,-3.6,8
58,-3.1,0
58,-2.9,4
58,-2.8,3
58,-2.7,0
58,-2.1,8
58,-2,8
58,-1.7,5.89473684210526
58,-0.6,5.33333333333333
58,-0.5,6.85714285714286
58,1.6,8
58,1.7,6
58,1.8,8
58,4.1,8
58,4.2,8
58,5,7.34782608695652
58,5.1,4.8
58,5.7,8
58,5.8,7.88888888888889
58,5.9,8
58,6.6,8
58,6.7,8
58,7.1,8
58,7.2,8
58,7.3,8
58,8.3,8.14285714285714
58,8.4,8
58,8.5,8.25
58,8.6,8
58,8.7,8
58,9.2,8
58,9.3,8
58,11.2,8
58,11.8,8
58,11.9,7.875
58,12,8
58,12.4,8
58,12.5,8
58,12.6,8
58,14,4
58,14.1,6
58,14.2,8
58,14.8,8
58,14.9,8
58,15.8,8
58,15.9,8
58,16,6
58,17.7,8
58,17.8,7.11111111111111
58,17.9,5.33333333333333
58,18.1,8
58,18.2,6.66666666666667
58,18.3,8
58,19.1,5.71428571428571
58,19.2,5.71428571428571
58,19.3,8
58,20.5,5.81818181818182
58,20.6,6.68
58,24.1,7.2
58,39.8,8
58.1,-10.4,8
58.1,-10.3,8
58.1,-10.2,8
58.1,-6.3,8
58.1,-6.2,8
58.1,-6.1,8
58.1,-3.9,8
58.1,-2.7,4.57142857142857
58.1,-2.6,2.4
58.1,-2.5,5.33333333333333
58.1,-1.7,8
58.1,4.2,8
58.1,4.3,8
58.1,4.8,8
58.1,4.9,7.6
58.1,5.7,8
58.1,6.9,8
58.1,7,8
58.1,7.1,8
58.1,8.3,8
58.1,8.4,8.09090909090909
58.1,8.5,8.06666666666667
58.1,9.3,8
58.1,9.4,6.6
58.1,12.2,8
58.1,12.3,8
58.1,12.4,8
58.1,13.9,0
58.1,14,7.27272727272727
58.1,14.7,8
58.1,14.8,8.2
58.1,16,8
58.1,16.1,8
58.1,16.2,8
58.1,17.1,8
58.1,17.6,7
58.1,17.7,6.66666666666667
58.1,18.2,6.93333333333333
58.1,18.3,2.66666666666667
58.1,19.3,8
58.1,19.4,6.85714285714286
58.1,19.5,6.66666666666667
58.1,20.5,4
58.1,20.6,7.46666666666667
58.1,39.8,8
58.2,-10.6,8
58.2,-10.5,8
58.2,-10.4,8
58.2,-6.4,8
58.2,-6.3,7.2
58.2,-2.5,0
58.2,4.6,8
58.2,4.7,8
58.2,4.8,6.5
58.2,6.7,8
58.2,6.8,8
58.2,6.9,8
58.2,8,8.33333333333333
58.2,8.1,7.5
58.2,8.2,8
58.2,8.3,8
58.2,8.4,8.66666666666667
58.2,8.6,8
58.2,8.7,8
58.2,9.4,8
58.2,11.7,8
58.2,11.8,8
58.2,12,8
58.2,12.1,8
58.2,12.2,8
58.2,12.3,0
58.2,12.4,0
58.2,14.6,8
58.2,14.7,7
58.2,15.2,8
58.2,15.3,7
58.2,16.2,8
58.2,16.3,7
58.2,16.4,8
58.2,17.1,8
58.2,17.2,4.44444444444444
58.2,17.3,4.44444444444444
58.2,17.4,6.4
58.2,17.5,5
58.2,17.6,8
58.2,18.2,7.42857142857143
58.2,18.3,5
58.2,19.5,8
58.2,19.6,4.57142857142857
58.2,19.7,6.85714285714286
58.2,19.8,8
58.2,20.7,7.07142857142857
58.2,24.7,4
58.2,39,0.761904761904762
58.2,39.8,8
58.3,-10.8,8
58.3,-10.7,7.83333333333333
58.3,-10.6,8
58.3,-6.5,8
58.3,-6.4,7.125
58.3,-2.6,0
58.3,-2.5,0
58.3,-2.4,0
58.3,-2.3,8
58.3,-1.7,6.4
58.3,-1.6,8
58.3,4.5,8
58.3,4.6,8.07692307692308
58.3,4.7,6.11111111111111
58.3,6.5,8
58.3,6.6,8
58.3,6.7,8
58.3,7.8,8
58.3,7.9,8
58.3,8,8
58.3,8.1,8
58.3,8.2,8
58.3,8.3,8
58.3,8.7,6.66666666666667
58.3,8.8,7.88888888888889
58.3,11.7,8
58.3,11.8,8
58.3,11.9,8.14285714285714
58.3,14.5,8
58.3,14.6,6.85714285714286
58.3,14.9,0
58.3,15.3,5.33333333333333
58.3,15.4,8
58.3,15.5,7
58.3,16.4,8
58.3,16.5,8
58.3,16.6,8
58.3,16.7,8
58.3,17.2,8
58.3,17.3,5
58.3,17.4,6
58.3,17.5,7.22222222222222
58.3,17.6,6.22222222222222
58.3,17.7,9
58.3,18.3,7.13513513513514
58.3,19.8,8
58.3,19.9,8
58.3,20,8
58.3,20.7,7.625
58.3,24.8,8
58.3,39.7,8
58.4,-10.9,8
58.4,-10.8,8
58.4,-6.6,8
58.4,-6.5,8
58.4,-2.6,8
58.4,-2.5,8
58.4,-2.4,6
58.4,-2.3,8
58.4,-1.6,7.61904761904762
58.4,4.3,8
58.4,4.4,5.33333333333333
58.4,4.5,6.5
58.4,4.6,8
58.4,5.1,8
58.4,6.3,8
58.4,6.4,8
58.4,6.5,7.66666666666667
58.4,7.5,7.66666666666667
58.4,7.6,6.85714285714286
58.4,7.7,8
58.4,7.8,8
58.4,7.9,7.875
58.4,8,8
58.4,8.1,8
58.4,8.3,1.77777777777778
58.4,8.4,8
58.4,8.8,5
58.4,8.9,5.025
58.4,9,8
58.4,11.5,8
58.4,11.6,8
58.4,11.7,8
58.4,14.5,8
58.4,15.5,8
58.4,15.6,6.33333333333333
58.4,15.7,7.23287671232877
58.4,16.6,8
58.4,16.7,6
58.4,17.7,5.71428571428571
58.4,17.8,6.22222222222222
58.4,17.9,8
58.4,18.3,6.05405405405405
58.4,20,8
58.4,20.1,6.66666666666667
58.4,20.2,8
58.4,20.3,8
58.4,20.7,8.16666666666667
58.4,20.8,7.11111111111111
58.4,24.8,8.30769230769231
58.4,39.7,8
58.5,-6.6,8
58.5,-2.8,6.4
58.5,-2.7,8
58.5,-2.6,8
58.5,-1.6,6.09523809523809
58.5,4.3,7
58.5,4.4,6.66666666666667
58.5,4.5,8
58.5,5.1,7.25
58.5,6.1,8
58.5,6.2,8
58.5,6.3,8
58.5,7.3,8
58.5,7.4,8
58.5,7.5,8
58.5,7.6,8
58.5,7.7,8
58.5,7.8,8
58.5,8.4,3
58.5,8.6,7
58.5,8.7,5.05405405405405
58.5,8.9,6.63636363636364
58.5,9,5.26086956521739
58.5,9.1,6.29411764705882
58.5,11.2,8
58.5,11.3,8
58.5,11.4,8
58.5,11.5,8
58.5,13.1,0
58.5,14.8,0
58.5,15.6,8
58.5,15.7,6
58.5,15.8,6.85714285714286
58.5,15.9,2
58.5,16.6,8
58.5,16.7,7
58.5,16.8,5.33333333333333
58.5,17.9,8
58.5,18,7.22222222222222
58.5,18.1,7.11111111111111
58.5,18.2,8
58.5,18.3,7.2
58.5,18.4,8
58.5,20.3,6
58.5,20.4,8.16666666666667
58.5,20.5,6.85714285714286
58.5,20.6,8
58.5,20.8,7.28571428571429
58.5,24.8,7.75
58.5,24.9,6.5
58.5,39.7,8
58.6,-8,6.66666666666667
58.6,-3,8
58.6,-2.9,8
58.6,-2.8,8
58.6,-1.6,6.85714285714286
58.6,3.5,8
58.6,3.6,8
58.6,4.3,8
58.6,4.4,6.4
58.6,5.1,7.27272727272727
58.6,5.8,8
58.6,5.9,8
58.6,6,7.11111111111111
58.6,7,8
58.6,7.1,8
58.6,7.2,7
58.6,7.3,8.2
58.6,7.4,8
58.6,7.5,8
58.6,8.6,8
58.6,8.7,8
58.6,9.1,4.30769230769231
58.6,9.2,5.55172413793103
58.6,9.3,8
58.6,11,8.2
58.6,11.1,8
58.6,11.2,8
58.6,11.3,8
58.6,13.3,0
58.6,13.4,0
58.6,13.5,0
58.6,13.6,0
58.6,14.9,0
58.6,15.7,0
58.6,15.8,8
58.6,15.9,7.17241379310345
58.6,16,8
58.6,16.1,8
58.6,16.4,8
58.6,16.5,6.66666666666667
58.6,16.6,8
58.6,16.8,4
58.6,16.9,6.4
58.6,17,8
58.6,18.2,6
58.6,18.3,7
58.6,18.4,7.11111111111111
58.6,18.5,8
58.6,20.6,8
58.6,20.7,5.33333333333333
58.6,20.8,8.16666666666667
58.6,24.9,7.28571428571429
58.6,39.6,8
58.7,-8.2,8
58.7,-8.1,7.11111111111111
58.7,-8,8
58.7,-3.3,8
58.7,-3.2,7
58.7,-3.1,8
58.7,-1.6,7.6
58.7,3.4,8
58.7,3.5,6.85714285714286
58.7,4.2,8.22222222222222
58.7,4.3,5.81818181818182
58.7,4.4,1.33333333333333
58.7,4.5,4.88888888888889
58.7,4.6,3.36842105263158
58.7,4.7,3.04761904761905
58.7,4.8,4.57142857142857
58.7,4.9,2.66666666666667
58.7,5,5.33333333333333
58.7,5.2,7.90909090909091
58.7,5.3,8
58.7,5.6,8
58.7,5.7,4.73333333333333
58.7,5.8,6.22222222222222
58.7,6.9,8
58.7,7,8
58.7,7.1,8
58.7,7.2,8
58.7,7.3,8
58.7,8,6.09523809523809
58.7,8.1,7.2
58.7,8.6,8
58.7,8.7,8
58.7,8.8,6.77777777777778
58.7,8.9,4
58.7,9.3,8
58.7,9.4,8
58.7,10.8,8
58.7,10.9,8
58.7,11,8
58.7,16,8
58.7,16.1,7.03030303030303
58.7,16.2,7.11111111111111
58.7,16.3,8
58.7,16.6,8
58.7,16.7,6.66666666666667
58.7,17,8
58.7,17.1,7.15789473684211
58.7,17.2,4
58.7,18.5,6.4
58.7,18.6,8
58.7,18.7,7.11111111111111
58.7,18.8,8
58.7,20.8,8
58.7,20.9,8
58.7,21,8
58.7,21.1,8
58.7,24.9,6.75
58.7,39.6,8
58.7,41.3,8
58.8,-8.3,8
58.8,-8.2,8
58.8,-3.6,8
58.8,-3.5,8
58.8,-3.4,8
58.8,-3.3,8
58.8,-1.6,8
58.8,-1.5,7.05882352941176
58.8,3.2,8
58.8,3.3,8
58.8,3.4,8
58.8,4.1,8
58.8,4.2,8
58.8,5.2,7.27272727272727
58.8,5.3,8
58.8,5.4,8
58.8,5.9,4.86666666666667
58.8,6,5.26666666666667
58.8,6.1,4.8
58.8,6.7,8
58.8,6.8,8
58.8,6.9,8
58.8,7,8
58.8,8.1,4
58.8,8.2,4.95238095238095
58.8,8.3,5.33333333333333
58.8,8.7,6.5
58.8,8.8,4.89041095890411
58.8,8.9,8
58.8,9.4,6.4
58.8,9.5,7.9
58.8,9.6,8
58.8,10.7,8
58.8,16.2,5.33333333333333
58.8,16.3,7.05882352941176
58.8,16.4,7.46666666666667
58.8,16.7,8
58.8,16.8,8
58.8,16.9,8
58.8,17.1,6.75
58.8,17.2,7.11111111111111
58.8,17.3,8
58.8,18.8,8
58.8,21.1,8
58.8,21.2,6.85714285714286
58.8,24.9,8
58.8,25,7.38461538461539
58.8,41.5,8
58.9,-8.4,8.11111111111111
58.9,-8.3,8
58.9,-6.7,9
58.9,-3.8,8
58.9,-3.7,7
58.9,-3.6,6.85714285714286
58.9,-1.5,6.85714285714286
58.9,3.1,8
58.9,3.2,7.2
58.9,3.9,4
58.9,4,7.27272727272727
58.9,5.2,8
58.9,5.5,8
58.9,5.6,8.17283950617284
58.9,6.1,4.26666666666667
58.9,6.2,6.72413793103448
58.9,6.3,7.16666666666667
58.9,6.4,8.5
58.9,6.5,8
58.9,6.6,7.83333333333333
58.9,6.7,8
58.9,8.3,4
58.9,8.8,8
58.9,8.9,8
58.9,9,8.1
58.9,9.6,8
58.9,9.7,6.66666666666667
58.9,16.4,6.73684210526316
58.9,16.5,7.44827586206897
58.9,16.6,8
58.9,16.9,6.85714285714286
58.9,17,6.54545454545455
58.9,17.1,0
58.9,17.2,7
58.9,17.4,5.6
58.9,17.5,5.71428571428571
58.9,25,8
58.9,41.6,8
58.9,41.8,8
59,-8.6,8
59,-8.5,7
59,-6.8,9
59,-6.7,8
59,-4.1,8
59,-4,6.85714285714286
59,-3.9,6
59,-3.8,8
59,-2.9,0
59,-2.8,0
59,-2.7,0
59,-1.5,6.4
59,0.2,8.125
59,3,7.11111111111111
59,3.1,8
59,3.9,8
59,5.2,8
59,6.2,8
59,6.3,8
59,6.4,7.42857142857143
59,6.5,7.57894736842105
59,6.6,6.85714285714286
59,8.9,8
59,9,7.92857142857143
59,9.1,8
59,9.9,5.10344827586207
59,10,6
59,10.4,8
59,10.5,8
59,10.6,8
59,10.7,8
59,16.5,8
59,16.6,6.47619047619048
59,16.7,6.76923076923077
59,17.1,7.33333333333333
59,17.2,6
59,17.3,7.11111111111111
59,17.5,6.4
59,17.6,6.54545454545455
59,24.5,8
59,25,7.93333333333333
59,42,8
59,42.2,8
59.1,-8.7,5.71428571428571
59.1,-8.6,6
59.1,-7,9
59.1,-6.9,9
59.1,-6.8,9
59.1,-4.2,6.66666666666667
59.1,-4.1,6.85714285714286
59.1,0,8
59.1,0.1,8
59.1,2.8,8
59.1,2.9,8
59.1,3,8
59.1,5.2,7.2
59.1,5.3,4
59.1,6.5,6.4
59.1,6.6,8
59.1,6.7,8.05263157894737
59.1,6.8,8.1
59.1,6.9,8.33333333333333
59.1,7,9
59.1,7.1,7.83333333333333
59.1,9,8
59.1,9.1,7.69565217391304
59.1,9.2,7.41666666666667
59.1,10,6.85714285714286
59.1,10.1,7.74193548387097
59.1,10.2,8
59.1,10.7,8
59.1,10.8,6.66666666666667
59.1,10.9,8
59.1,11,7.83333333333333
59.1,11.1,8
59.1,11.2,8
59.1,11.3,8
59.1,11.4,8
59.1,11.5,8
59.1,16.8,7.25
59.1,16.9,6
59.1,17.2,6
59.1,17.3,7.53125
59.1,17.6,8
59.1,17.7,8
59.1,24.5,8
59.1,24.6,7.33333333333333
59.1,24.9,6.61538461538461
59.1,25,7.33333333333333
59.1,42.4,8
59.1,42.5,8
59.2,-8.9,8
59.2,-8.8,8
59.2,-8.7,8
59.2,-7.1,9
59.2,-7,9
59.2,-0.2,8
59.2,-0.1,8
59.2,2.7,7.71428571428571
59.2,2.8,8
59.2,2.9,8
59.2,5.3,6.66666666666667
59.2,5.4,8
59.2,5.5,6.6
59.2,6.9,8
59.2,7,7.44444444444444
59.2,7.1,7.27272727272727
59.2,7.2,8.25
59.2,7.3,8.77777777777778
59.2,7.4,8.75
59.2,9.1,8
59.2,9.2,7.75
59.2,9.3,7.53333333333333
59.2,10.2,8.33333333333333
59.2,10.3,8
59.2,11.5,8
59.2,11.6,8
59.2,11.7,7.83333333333333
59.2,11.8,8
59.2,11.9,6.33333333333333
59.2,12,6.66666666666667
59.2,12.1,8
59.2,12.2,8
59.2,12.3,8
59.2,15.9,7
59.2,16,8
59.2,16.1,7.2
59.2,16.2,7.11111111111111
59.2,16.3,8
59.2,16.4,5.6
59.2,16.5,8
59.2,16.6,6.4
59.2,16.7,3.2
59.2,16.9,8
59.2,17,5.66666666666667
59.2,17.3,8.2
59.2,17.4,7.45454545454545
59.2,17.8,6.85714285714286
59.2,17.9,4
59.2,24.6,7.75
59.2,24.9,7.6
59.2,42.7,8
59.3,-9,7.2
59.3,-8.9,7.52941176470588
59.3,-8.8,8
59.3,-7.3,9
59.3,-7.2,9
59.3,-0.4,8
59.3,-0.3,8
59.3,2.5,8
59.3,2.6,8
59.3,2.7,8
59.3,2.8,8
59.3,5.2,8
59.3,5.3,7.80487804878049
59.3,5.4,8
59.3,7.1,8
59.3,7.2,8
59.3,7.3,8
59.3,7.4,5.33333333333333
59.3,7.5,7.125
59.3,7.6,8.33333333333333
59.3,7.7,8.75
59.3,7.8,8.5
59.3,9.3,7.27272727272727
59.3,9.4,7.9
59.3,9.5,8
59.3,10.1,1.5
59.3,10.3,7.09090909090909
59.3,10.5,0
59.3,12.3,5.33333333333333
59.3,12.4,6.66666666666667
59.3,12.5,5.71428571428571
59.3,12.6,8.16666666666667
59.3,12.7,8
59.3,12.8,8
59.3,16,7.11111111111111
59.3,16.1,8
59.3,16.2,8
59.3,16.7,4.8
59.3,16.8,7.27272727272727
59.3,16.9,5.6
59.3,17,6.54545454545455
59.3,17.1,7.33333333333333
59.3,17.2,6.85714285714286
59.3,17.4,7.31818181818182
59.3,17.5,6.4
59.3,17.8,7.6
59.3,17.9,6.46153846153846
59.3,18,7.81818181818182
59.3,23.5,8
59.3,23.6,2.4
59.3,23.7,3.55555555555556
59.3,23.8,6.81818181818182
59.3,23.9,5.6
59.3,24,5.33333333333333
59.3,24.2,8
59.3,24.3,6.28571428571429
59.3,24.4,8
59.3,24.6,7.52830188679245
59.3,24.7,8
59.3,31.5,8
59.3,31.6,4
59.3,31.7,8.5
59.3,31.8,5.33333333333333
59.3,31.9,0
59.3,42.9,8
59.3,43.1,8
59.4,-9.2,8
59.4,-9.1,8.05555555555556
59.4,-9,8
59.4,-7.5,9
59.4,-7.4,9
59.4,-7.3,6
59.4,-0.6,8
59.4,-0.5,8
59.4,-0.4,8
59.4,2.4,8
59.4,2.5,7.33333333333333
59.4,2.6,8
59.4,2.7,8
59.4,5.3,6.76923076923077
59.4,6,8.16666666666667
59.4,7.4,8
59.4,7.5,6.85714285714286
59.4,7.8,8.57142857142857
59.4,7.9,7.625
59.4,8,8.66666666666667
59.4,8.1,8.66666666666667
59.4,9.4,7.66666666666667
59.4,9.5,7.32
59.4,9.6,8
59.4,10.1,5.4
59.4,10.2,2.14285714285714
59.4,10.3,0.375
59.4,10.4,0
59.4,13.3,8
59.4,16.2,8
59.4,16.3,8
59.4,16.4,7
59.4,16.5,7
59.4,16.6,8
59.4,17.2,8
59.4,17.3,5.81818181818182
59.4,17.5,7.55555555555556
59.4,17.6,7.44827586206897
59.4,17.7,5.9375
59.4,17.8,6.66666666666667
59.4,17.9,7
59.4,18,8.13333333333333
59.4,24,5.71428571428571
59.4,24.1,5.6
59.4,24.2,4.27272727272727
59.4,24.3,6.3
59.4,24.4,8
59.4,24.5,8
59.4,24.6,8
59.4,24.7,7.87128712871287
59.4,24.8,7.55357142857143
59.4,24.9,7
59.4,31.1,0
59.4,31.4,8
59.4,31.5,3.4
59.4,31.6,0
59.4,43.3,8
59.5,-9.3,7.2
59.5,-9.2,7
59.5,-9.1,8
59.5,-7.6,8
59.5,-7.5,6.54545454545455
59.5,-0.8,8
59.5,-0.7,8
59.5,2.2,8
59.5,2.3,8
59.5,2.4,8.07692307692308
59.5,2.5,8
59.5,3.8,6.4
59.5,3.9,8
59.5,4,8.5
59.5,5.3,8.15384615384615
59.5,6,8
59.5,6.1,8
59.5,8.1,8.83333333333333
59.5,8.2,8.77777777777778
59.5,8.3,8.875
59.5,8.4,8.8
59.5,9.5,7.75
59.5,9.6,7.63333333333333
59.5,9.7,5.33333333333333
59.5,10.4,0
59.5,13.3,8
59.5,13.4,8
59.5,16,9
59.5,16.1,8.71794871794872
59.5,16.6,5.83783783783784
59.5,16.7,6.57142857142857
59.5,16.8,8
59.5,16.9,8
59.5,17,8
59.5,17.1,7
59.5,17.2,8
59.5,17.3,8
59.5,17.5,0
59.5,17.6,6.66666666666667
59.5,17.7,8
59.5,18.3,7.38461538461539
59.5,24.7,7.13793103448276
59.5,24.8,8
59.5,30.7,0
59.5,30.8,1.6
59.5,30.9,4
59.5,31,4.8
59.5,31.1,0
59.5,44.8,7
59.5,45,7
59.6,-9.5,4
59.6,-9.4,8
59.6,-9.3,7
59.6,-7.8,9
59.6,-7.7,9
59.6,-7.6,9
59.6,-1,8
59.6,-0.9,7
59.6,2.1,8
59.6,2.2,7.38461538461539
59.6,2.3,8
59.6,2.4,8
59.6,3.6,8
59.6,3.7,8
59.6,3.8,8
59.6,5.2,7
59.6,5.3,8
59.6,5.4,6.85714285714286
59.6,6.1,7.5
59.6,6.2,8
59.6,6.5,5.33333333333333
59.6,6.6,8
59.6,8.4,9
59.6,8.5,5.625
59.6,8.6,7.5
59.6,8.7,9
59.6,9.6,8
59.6,9.7,7.76666666666667
59.6,13.4,8
59.6,16,8.93333333333333
59.6,16.1,9
59.6,16.2,8.95454545454546
59.6,16.3,9
59.6,16.6,6.93333333333333
59.6,17.3,8
59.6,17.4,8
59.6,17.5,8
59.6,17.6,8
59.6,17.7,8
59.6,17.8,8
59.6,17.9,8
59.6,18,8.81818181818182
59.6,18.3,6.4
59.6,18.4,8
59.6,24.8,7.63636363636364
59.6,29.1,6
59.6,30.1,8
59.6,30.2,3.72727272727273
59.6,30.3,0
59.6,30.4,4
59.6,30.5,2.66666666666667
59.6,30.6,1.33333333333333
59.6,30.7,2
59.6,44.3,6
59.6,44.5,6
59.6,44.8,6
59.7,-9.6,8
59.7,-9.5,8
59.7,-7.9,9
59.7,-7.8,9
59.7,-1.3,8
59.7,-1.2,8
59.7,-1.1,8
59.7,2.1,8
59.7,2.2,8
59.7,3.3,8
59.7,3.4,8
59.7,3.5,8
59.7,5.2,7.61904761904762
59.7,5.4,8
59.7,6.2,7.15789473684211
59.7,6.3,8
59.7,6.6,8
59.7,6.7,8
59.7,6.8,8.14285714285714
59.7,6.9,8
59.7,7,7.85714285714286
59.7,7.1,8
59.7,7.2,8
59.7,8.7,8
59.7,8.8,4.25
59.7,9.5,9
59.7,9.8,7.72727272727273
59.7,9.9,6.1
59.7,16,8.71428571428571
59.7,18,8
59.7,18.1,7.63636363636364
59.7,18.2,8
59.7,18.3,8
59.7,18.4,8
59.7,18.5,8
59.7,19.1,8
59.7,19.2,8
59.7,19.3,6.66666666666667
59.7,19.4,8
59.7,19.5,6.57142857142857
59.7,19.6,6.66666666666667
59.7,19.7,8
59.7,19.8,8
59.7,19.9,6.85714285714286
59.7,20,8
59.7,20.1,8
59.7,20.2,6.85714285714286
59.7,20.3,8
59.7,20.4,6.66666666666667
59.7,20.5,8
59.7,20.6,7
59.7,20.7,8
59.7,20.8,8.16666666666667
59.7,20.9,6.85714285714286
59.7,21,8.33333333333333
59.7,21.1,8.2
59.7,23,8
59.7,23.1,8
59.7,23.2,8.14285714285714
59.7,24.8,7.38461538461539
59.7,24.9,7.46666666666667
59.7,29.2,3.2
59.7,29.3,6
59.7,29.4,3.28571428571429
59.7,29.5,4
59.7,29.6,8
59.7,29.7,0
59.7,29.9,2.66666666666667
59.7,30,5.76470588235294
59.7,30.1,3.61111111111111
59.7,30.2,5
59.7,30.3,0
59.8,-9.8,8
59.8,-9.7,8
59.8,-9.6,8
59.8,-1.5,8
59.8,-1.4,8
59.8,-1.3,8
59.8,1.9,8
59.8,2,8
59.8,2.1,8
59.8,3.1,8
59.8,3.2,8
59.8,3.3,8
59.8,5.1,7.52941176470588
59.8,5.2,8
59.8,6.3,7.22727272727273
59.8,7.2,7.66666666666667
59.8,7.3,7.85714285714286
59.8,7.4,8
59.8,7.5,8
59.8,7.6,8
59.8,7.7,8
59.8,7.8,8.16666666666667
59.8,9.9,6.94117647058824
59.8,10,7.30769230769231
59.8,10.1,7.83333333333333
59.8,10.2,8
59.8,14.5,8
59.8,14.6,8
59.8,14.7,8
59.8,14.8,8
59.8,14.9,8
59.8,15,8
59.8,15.1,8
59.8,15.2,8
59.8,15.3,6.85714285714286
59.8,15.4,5.33333333333333
59.8,17.3,8
59.8,17.4,6
59.8,17.5,8
59.8,17.6,8
59.8,17.7,7.11111111111111
59.8,17.8,7.27272727272727
59.8,17.9,5.33333333333333
59.8,18.8,8
59.8,18.9,8
59.8,19,8
59.8,19.1,8
59.8,23.3,7.71428571428571
59.8,23.4,7.875
59.8,23.5,7.66666666666667
59.8,24.9,7.05882352941176
59.8,29.7,2.28571428571429
59.8,29.8,5
59.8,29.9,0.421052631578947
59.8,30,3.27272727272727
59.8,30.1,2.2
59.8,30.2,2.23809523809524
59.8,30.3,4.875
59.8,30.7,1.77777777777778
59.8,30.8,3.55555555555556
59.8,30.9,2.66666666666667
59.8,31,6
59.8,31.1,4
59.8,31.2,4
59.8,31.3,4.57142857142857
59.8,31.4,5
59.8,31.5,4
59.8,31.6,6.2
59.8,31.7,2
59.8,31.8,6.66666666666667
59.8,31.9,5.71428571428571
59.8,32,2.66666666666667
59.8,32.1,2.66666666666667
59.8,32.2,4.57142857142857
59.8,32.3,5.71428571428571
59.8,32.4,5.33333333333333
59.8,32.5,4.57142857142857
59.8,32.6,0
59.9,-9.9,8
59.9,-9.8,8
59.9,-1.5,8
59.9,1.8,8
59.9,1.9,8
59.9,2.8,7.66666666666667
59.9,2.9,8
59.9,3,8
59.9,5.1,7.42857142857143
59.9,5.2,6.45161290322581
59.9,6.4,7.23809523809524
59.9,7.8,8
59.9,7.9,8
59.9,8,7.75
59.9,8.1,8.16666666666667
59.9,8.2,8.14285714285714
59.9,8.3,8
59.9,8.4,8
59.9,8.5,8
59.9,9.8,8
59.9,9.9,7.11111111111111
59.9,10.1,7.22222222222222
59.9,10.2,7.36363636363636
59.9,10.3,8
59.9,10.4,8
59.9,13.2,8
59.9,13.3,8
59.9,13.4,8
59.9,13.5,4.57142857142857
59.9,13.6,8
59.9,13.7,6.85714285714286
59.9,13.8,8
59.9,13.9,6.66666666666667
59.9,14,5.71428571428571
59.9,14.1,4
59.9,14.2,6.85714285714286
59.9,14.3,6.85714285714286
59.9,14.4,6.66666666666667
59.9,14.5,8
59.9,16.1,8
59.9,16.2,8
59.9,16.3,8
59.9,16.4,6.76923076923077
59.9,16.5,8
59.9,16.6,8
59.9,16.7,6.5
59.9,16.8,7.42857142857143
59.9,16.9,8
59.9,17,8
59.9,17.1,7
59.9,17.2,7
59.9,17.3,4.66666666666667
59.9,17.4,4.57142857142857
59.9,17.5,7.11111111111111
59.9,17.6,6.4
59.9,23.5,5.5
59.9,23.6,7.875
59.9,23.7,8
59.9,24.9,8
59.9,25,8.0625
59.9,30.3,2.66666666666667
59.9,30.4,8
59.9,30.6,8
59.9,30.8,8
59.9,32.6,4
59.9,32.7,5
59.9,43.9,7
59.9,44.1,7
59.9,44.3,8
59.9,44.5,8
59.9,44.6,8
59.9,44.8,8
60,-10.3,8
60,-10.2,8
60,-10.1,8
60,-10,8
60,-9.9,8
60,1.6,8
60,1.7,8
60,2.6,8
60,2.7,8
60,2.8,8
60,4.5,8
60,4.6,8
60,4.7,8
60,5.2,6.9
60,5.5,8
60,6.4,8
60,6.5,8
60,8.5,8
60,8.6,8
60,8.7,8
60,9.8,8
60,10.2,7
60,10.3,7
60,10.4,7.33333333333333
60,10.5,8
60,11,8.11111111111111
60,12.5,8
60,12.6,8
60,12.7,8
60,12.8,7
60,12.9,8
60,13,8
60,13.1,8
60,13.2,8
60,13.3,8
60,13.4,6.66666666666667
60,13.5,4
60,13.6,5.71428571428571
60,13.7,5.71428571428571
60,13.8,2.66666666666667
60,13.9,2.66666666666667
60,14,6.66666666666667
60,14.1,8
60,15.9,6.66666666666667
60,16,7.46666666666667
60,16.1,7.27272727272727
60,16.2,7
60,16.3,7.11111111111111
60,16.4,8
60,23.7,7.66666666666667
60,23.8,7.875
60,23.9,8
60,24.9,8
60,31,8
60,31.2,8
60,31.4,8
60,43.2,6
60,43.4,6
60,43.6,6
60,43.7,7
60.1,-10.8,8
60.1,-10.7,8
60.1,-10.6,8
60.1,-10.5,8
60.1,-10.4,8
60.1,-10.3,8
60.1,-10.2,8
60.1,1.4,8
60.1,1.5,7.11111111111111
60.1,1.6,8
60.1,2.3,8
60.1,2.4,6.85714285714286
60.1,2.5,8
60.1,4.3,8.16666666666667
60.1,4.4,7
60.1,4.5,8
60.1,5.2,6.25
60.1,5.3,6.54545454545455
60.1,5.4,7.46666666666667
60.1,5.5,6.4
60.1,6.5,8
60.1,6.6,6
60.1,9.7,8
60.1,9.8,8
60.1,10.5,8
60.1,10.6,7.33333333333333
60.1,10.8,8
60.1,10.9,7.86206896551724
60.1,11,8.42857142857143
60.1,11.1,8
60.1,12.4,8
60.1,12.5,8
60.1,15.8,8
60.1,15.9,8
60.1,19.9,8
60.1,23.9,7
60.1,24,6.77777777777778
60.1,24.1,7.6
60.1,28.2,0
60.1,28.3,1.6
60.1,28.4,3.4
60.1,28.5,1.6
60.1,28.6,4.8
60.1,28.7,6.85714285714286
60.1,28.8,2
60.1,28.9,4.8
60.1,29,2
60.1,29.1,2
60.1,29.2,4
60.1,29.3,5.33333333333333
60.1,29.4,1.33333333333333
60.1,29.5,1.6
60.1,29.6,0
60.1,29.7,8
60.1,29.8,0
60.1,29.9,8
60.1,30,8
60.1,30.1,0
60.1,31.4,0
60.1,31.5,0
60.1,31.8,8
60.2,-11.3,8
60.2,-11.2,8
60.2,-11.1,8
60.2,-11,8
60.2,-10.9,8
60.2,-10.8,8
60.2,1.3,8
60.2,1.4,8
60.2,2,8
60.2,2.1,8
60.2,2.2,8.14285714285714
60.2,2.3,8
60.2,4.1,8
60.2,4.2,8
60.2,4.3,8
60.2,5.2,7.83333333333333
60.2,5.3,7.84090909090909
60.2,9.6,8
60.2,9.7,8
60.2,10.6,8
60.2,10.7,8
60.2,10.8,8
60.2,10.9,8.17391304347826
60.2,11,8.4375
60.2,11.1,7.65714285714286
60.2,11.2,7
60.2,12.2,8
60.2,12.3,8
60.2,12.4,8
60.2,24.1,8
60.2,24.2,7.16666666666667
60.2,24.3,7.33333333333333
60.2,32,8
60.3,-11.8,8
60.3,-11.7,8
60.3,-11.6,8
60.3,-11.5,8
60.3,-11.4,8
60.3,-11.3,8
60.3,1.9,6.66666666666667
60.3,2,6.66666666666667
60.3,3.8,8
60.3,3.9,5.71428571428571
60.3,4,7
60.3,4.1,8
60.3,5.2,7.74285714285714
60.3,9.5,8
60.3,9.6,7.90909090909091
60.3,10.6,8
60.3,10.7,8
60.3,10.8,8
60.3,10.9,8.15384615384615
60.3,11,8.25
60.3,11.1,7.85714285714286
60.3,11.2,7.08823529411765
60.3,11.4,8
60.3,14.3,8.4
60.3,24.3,0
60.3,24.4,8
60.3,24.5,7.95
60.3,24.6,8
60.3,24.7,5.76
60.3,24.8,4.8695652173913
60.3,24.9,7.48387096774194
60.3,25,7.79457364341085
60.3,25.1,8
60.3,25.2,8
60.4,-12.2,8
60.4,-12.1,8
60.4,-12,8
60.4,-11.9,8
60.4,-11.8,8
60.4,1,2.66666666666667
60.4,1.1,8
60.4,3.2,8
60.4,3.6,8
60.4,3.7,8
60.4,3.8,5.71428571428571
60.4,9.5,8
60.4,10.4,8
60.4,10.5,8
60.4,10.6,8
60.4,10.9,8
60.4,11,7.42857142857143
60.4,11.1,7.95744680851064
60.4,11.2,7.90909090909091
60.4,11.3,7.625
60.4,11.4,8
60.4,24.3,8
60.4,24.4,8
60.4,24.5,8
60.4,24.6,8
60.4,24.7,8
60.4,24.8,8
60.4,24.9,7.97183098591549
60.4,25,6.26666666666667
60.4,25.1,7.33333333333333
60.4,25.2,8
60.4,25.3,8
60.5,-12.8,8
60.5,-12.7,8
60.5,-12.6,8
60.5,-12.5,8
60.5,-12.4,8
60.5,-12.3,8
60.5,0.8,0
60.5,0.9,5.125
60.5,1,4
60.5,3.4,8
60.5,3.5,7
60.5,3.6,8
60.5,3.9,8
60.5,4,8
60.5,4.1,8
60.5,4.2,8
60.5,9.4,8
60.5,9.5,8
60.5,10,8
60.5,10.1,8
60.5,10.2,8
60.5,10.3,8
60.5,10.4,8
60.5,11.1,8
60.5,11.2,9
60.5,11.3,9
60.5,24.1,4
60.5,24.2,8
60.5,24.3,6.42857142857143
60.5,24.4,7.3
60.5,24.5,6.4
60.5,24.6,5.6
60.5,24.7,7.09090909090909
60.5,24.8,8
60.5,24.9,7.30769230769231
60.5,25,8.25
60.5,25.3,8
60.5,25.4,7.6
60.5,26.5,0
60.5,26.6,5.46153846153846
60.5,26.7,4.5
60.6,-12.9,8
60.6,-12.8,8
60.6,0.7,5.57142857142857
60.6,0.8,4
60.6,1,6.4
60.6,3.2,6.25
60.6,3.3,6
60.6,3.4,8.2
60.6,3.6,8
60.6,3.7,8
60.6,3.8,8
60.6,3.9,8
60.6,9.3,8
60.6,9.4,8
60.6,9.6,7.66666666666667
60.6,9.7,8.14285714285714
60.6,9.8,8
60.6,9.9,6.85714285714286
60.6,10,6.66666666666667
60.6,11.1,7.54285714285714
60.6,11.2,8
60.6,11.3,9
60.6,24.1,8
60.6,24.2,8
60.6,24.6,7.23809523809524
60.6,24.7,7.38461538461539
60.6,24.8,4
60.6,25.4,8
60.6,25.5,6
60.6,26.9,0
60.7,0.5,4.57142857142857
60.7,0.6,7
60.7,0.7,8
60.7,0.8,0
60.7,0.9,4
60.7,1,6.4
60.7,3,8
60.7,3.1,8
60.7,3.2,4
60.7,3.6,8
60.7,7.7,8
60.7,7.8,8
60.7,7.9,8
60.7,8,8
60.7,9.3,8
60.7,9.6,8
60.7,11.1,6.04444444444444
60.7,11.2,8
60.7,11.3,8.15
60.7,12.9,8
60.7,13,6.66666666666667
60.7,13.1,8
60.7,13.2,8
60.7,13.3,8
60.7,23.9,4
60.7,24,8
60.7,24.1,8
60.7,24.5,6.09523809523809
60.7,24.6,8.14285714285714
60.7,24.8,6.35714285714286
60.8,-22.5,0
60.8,0.3,2.66666666666667
60.8,0.4,6
60.8,0.5,0
60.8,0.7,0.888888888888889
60.8,0.8,0
60.8,2.8,8
60.8,2.9,8
60.8,3,4
60.8,7,8
60.8,7.1,8
60.8,7.2,8
60.8,7.3,8
60.8,7.4,6.66666666666667
60.8,7.5,6.66666666666667
60.8,7.6,8
60.8,7.7,8
60.8,9.2,8
60.8,11,6
60.8,11.1,7.35135135135135
60.8,11.3,7.42857142857143
60.8,12.4,8
60.8,12.5,8
60.8,12.6,8
60.8,12.7,8
60.8,12.8,8.14285714285714
60.8,12.9,8
60.8,23.8,5.33333333333333
60.8,23.9,8.1
60.8,24.4,5.5
60.8,24.5,8
60.8,24.8,6.15384615384615
60.9,-22.3,0
60.9,0.1,2
60.9,0.2,5
60.9,0.3,4
60.9,0.5,5.33333333333333
60.9,0.6,0
60.9,2.7,8
60.9,6.4,8
60.9,6.5,8
60.9,6.6,8
60.9,6.7,8
60.9,6.8,8
60.9,6.9,8
60.9,7,8
60.9,9.1,8
60.9,9.2,8
60.9,11,6.28571428571429
60.9,11.1,7.05882352941176
60.9,11.3,8
60.9,11.5,8
60.9,11.9,8
60.9,12,8
60.9,12.1,8
60.9,12.2,8
60.9,12.3,8
60.9,12.4,7.6
60.9,23.7,8
60.9,23.8,8
60.9,24.2,8
60.9,24.3,6.86363636363636
60.9,24.4,4
60.9,24.8,7.2
60.9,24.9,5.33333333333333
60.9,27.1,0
60.9,41.5,0
61,-0.2,5.33333333333333
61,-0.1,4.57142857142857
61,0,1.28571428571429
61,0.1,0
61,0.3,3.2
61,0.4,0
61,0.5,0
61,5.9,8
61,6,8
61,6.1,8
61,6.2,8
61,6.3,8
61,6.4,8
61,9,8
61,9.1,8
61,11.1,6.17142857142857
61,11.3,8
61,11.4,8
61,11.5,7.7037037037037
61,11.6,8
61,11.7,8.16666666666667
61,11.8,8
61,11.9,8
61,23.1,0
61,23.2,8
61,23.5,8
61,23.6,8
61,23.7,8
61,24.1,8
61,24.2,5.6
61,24.9,8
61,34.2,0
61,34.3,1.16666666666667
61,34.4,5
61,34.5,0
61,34.6,3.66666666666667
61,34.7,0
61,34.8,3
61,34.9,2.5
61,35,0
61,35.1,3
61,35.2,1.16666666666667
61,35.3,3
61,35.4,3
61,35.5,3
61,35.6,5
61,35.7,3.66666666666667
61,35.8,1.33333333333333
61,35.9,4.4
61,36,4.6
61,36.1,2.5
61,36.2,1.4
61,36.3,1.33333333333333
61,36.4,1.16666666666667
61,36.5,2.33333333333333
61,36.6,0
61,36.7,0
61,41.6,0
61,41.7,0
61.1,-0.6,6
61.1,-0.5,1.33333333333333
61.1,-0.4,3.57142857142857
61.1,-0.3,4
61.1,-0.2,2.66666666666667
61.1,0.1,0
61.1,0.2,0
61.1,0.3,0
61.1,5.6,8
61.1,5.7,8
61.1,5.8,8
61.1,5.9,8
61.1,9,8
61.1,10.9,8
61.1,11,8
61.1,11.1,6.10526315789474
61.1,11.2,8
61.1,11.3,7.05882352941176
61.1,11.4,8
61.1,11.5,8
61.1,22.1,8
61.1,22.2,5.99159663865546
61.1,22.3,6
61.1,23.2,8
61.1,23.3,8
61.1,23.4,8
61.1,23.5,8
61.1,23.6,8
61.1,24.1,5.33333333333333
61.1,34,0
61.1,41.7,1
61.1,41.8,0
61.2,-6.3,8
61.2,-0.9,0
61.2,-0.8,3.42857142857143
61.2,-0.7,3.66666666666667
61.2,-0.6,0.8
61.2,-0.5,0
61.2,-0.4,0
61.2,-0.1,0
61.2,0,4
61.2,0.1,5.33333333333333
61.2,11,4.36363636363636
61.2,11.1,5.2
61.2,11.3,8
61.2,11.4,8
61.2,11.5,8
61.2,22,4.19047619047619
61.2,22.1,5.58536585365854
61.2,22.2,6.25
61.2,23.6,8
61.2,23.7,8
61.2,23.8,8
61.2,23.9,8.16666666666667
61.2,24,8
61.2,41.8,0
61.2,41.9,0
61.3,-6.5,8
61.3,-6.4,8
61.3,-6.3,8
61.3,-1,0
61.3,-0.9,1
61.3,-0.8,0
61.3,-0.7,0
61.3,-0.4,0
61.3,-0.3,2
61.3,-0.2,1.14285714285714
61.3,-0.1,8
61.3,11,4.8
61.3,11.1,7
61.3,11.4,7.27272727272727
61.3,11.5,8
61.3,12,8
61.3,12.1,8
61.3,12.2,8
61.3,12.3,8
61.3,12.4,8
61.3,12.5,8.2
61.3,12.6,8
61.3,12.7,6.66666666666667
61.3,12.8,8
61.3,12.9,8
61.3,13,8
61.3,13.1,8
61.3,13.2,8
61.3,13.3,8
61.3,13.4,8
61.3,13.5,8
61.3,21.9,3.91666666666667
61.3,22,3.63636363636364
61.3,22.2,0
61.3,24,8
61.3,24.1,6.66666666666667
61.3,24.2,8
61.3,24.3,6.66666666666667
61.3,24.4,8
61.3,41.3,2.5
61.3,41.4,0
61.3,41.5,1.33333333333333
61.3,41.6,4.57142857142857
61.3,41.7,0
61.3,41.8,0
61.3,41.9,1.14285714285714
61.3,42,0
61.3,42.1,0
61.4,-11.5,8
61.4,-6.6,8
61.4,-6.5,8
61.4,-1.2,0
61.4,-1.1,0
61.4,-1,0
61.4,-0.6,0
61.4,-0.5,1
61.4,-0.4,0
61.4,10.8,5.33333333333333
61.4,10.9,6.76923076923077
61.4,11,6.47619047619048
61.4,11.1,5.47619047619048
61.4,11.2,8
61.4,11.3,8
61.4,11.4,7
61.4,11.5,7.30434782608696
61.4,11.6,8.16666666666667
61.4,11.7,8
61.4,11.8,7.8
61.4,11.9,5.33333333333333
61.4,12,8
61.4,21.7,4.4468085106383
61.4,21.8,4
61.4,23.4,8
61.4,23.5,8
61.4,23.6,8
61.4,23.7,8
61.4,23.8,9
61.4,23.9,9
61.4,24,9
61.4,24.1,9
61.4,24.2,9
61.4,24.3,9
61.4,24.4,9
61.4,24.5,8.6
61.4,24.6,8
61.4,24.7,8.16666666666667
61.4,24.8,8
61.4,24.9,8
61.4,41.9,7
61.4,42,3
61.4,42.1,1
61.4,42.2,0.666666666666667
61.4,42.3,1.33333333333333
61.4,42.4,0
61.4,42.5,2.66666666666667
61.4,42.6,4.57142857142857
61.4,42.7,6.4
61.4,42.8,2.28571428571429
61.4,42.9,0
61.5,-11.7,8
61.5,-6.7,0
61.5,-6.6,5.33333333333333
61.5,-1.5,1.14285714285714
61.5,-1.4,0
61.5,-1.3,0
61.5,-0.8,0
61.5,-0.7,0
61.5,-0.6,0
61.5,8.9,8
61.5,9,5.33333333333333
61.5,9.4,0
61.5,11,4.28571428571429
61.5,11.1,8
61.5,11.4,7.27272727272727
61.5,11.5,6.66666666666667
61.5,21.8,4.63157894736842
61.5,23.4,8
61.5,23.5,8
61.5,23.6,8
61.5,23.7,8
61.5,23.8,8
61.5,23.9,7.71428571428571
61.5,24,8
61.5,24.1,8.2
61.5,24.9,8
61.5,25,8
61.5,25.1,8
61.5,25.2,8
61.5,25.3,8
61.5,25.4,8
61.5,42.2,0
61.5,42.3,0
61.5,42.9,0
61.5,43,1.33333333333333
61.5,43.1,0
61.5,43.2,0
61.5,43.3,5.33333333333333
61.5,43.4,5.71428571428571
61.5,43.5,4
61.5,43.6,0
61.5,43.7,0
61.6,-12,8
61.6,-11.8,8
61.6,-6.9,0
61.6,-6.8,0
61.6,-6.7,4
61.6,-1.8,0
61.6,-1.7,0
61.6,-1.6,0
61.6,9,8
61.6,9.1,8
61.6,9.2,0
61.6,9.3,0.310344827586207
61.6,9.4,0
61.6,11,4.44444444444444
61.6,11.4,7.2
61.6,11.5,6.73684210526316
61.6,15.3,8
61.6,15.4,8
61.6,15.5,6.66666666666667
61.6,15.6,7.8
61.6,15.7,6.66666666666667
61.6,15.8,8
61.6,15.9,8
61.6,16,8
61.6,24.1,8
61.6,24.2,7.38461538461539
61.6,24.3,8
61.6,25.4,8
61.6,25.5,8.16666666666667
61.6,25.6,8.2
61.6,25.7,8
61.6,25.8,6.4
61.6,42.3,0
61.6,42.4,0
61.6,42.5,0
61.7,-15.1,0
61.7,-12.4,8
61.7,-12.2,8
61.7,-7,0
61.7,-6.9,0
61.7,-2.1,1.6
61.7,-2,0
61.7,-1.9,0
61.7,-1.8,0
61.7,9,1.28571428571429
61.7,9.1,5.41666666666667
61.7,9.2,1.39130434782609
61.7,11,5.64705882352941
61.7,11.4,6.4
61.7,11.5,7.2
61.7,13.9,8
61.7,14,8
61.7,14.1,8
61.7,14.2,8
61.7,14.3,8
61.7,14.4,8
61.7,14.5,8
61.7,14.6,8
61.7,14.7,8.33333333333333
61.7,14.8,6.66666666666667
61.7,14.9,8
61.7,15,6.66666666666667
61.7,15.1,8
61.7,15.2,6.66666666666667
61.7,20.5,6.4
61.7,20.6,8
61.7,20.7,6
61.7,20.8,6.4
61.7,20.9,6.2
61.7,21,8.2
61.7,21.1,4
61.7,21.2,4
61.7,21.3,8
61.7,21.4,7.83333333333333
61.7,21.5,6.5
61.7,21.6,6
61.7,21.7,8
61.7,21.8,6.66666666666667
61.7,21.9,8
61.7,22,5.33333333333333
61.7,22.1,8
61.7,22.2,8.33333333333333
61.7,22.3,8
61.7,22.4,6.4
61.7,22.5,8
61.7,22.6,6.4
61.7,22.7,8
61.7,22.8,8
61.7,24.3,7.45454545454545
61.7,24.4,7.27272727272727
61.7,25.8,8
61.7,26.3,7.42105263157895
61.7,42.5,0
61.7,42.6,2
61.8,-12.8,8
61.8,-12.6,8
61.8,-7.1,0.666666666666667
61.8,-7,0
61.8,-2.4,0
61.8,-2.3,0
61.8,-2.2,0
61.8,-2.1,0
61.8,9.2,8
61.8,9.3,8
61.8,11,4.30769230769231
61.8,13.4,8
61.8,13.5,8
61.8,13.6,8
61.8,13.7,4.8
61.8,13.8,6.66666666666667
61.8,13.9,8
61.8,20.2,8
61.8,20.3,5.33333333333333
61.8,20.4,4
61.8,20.5,8
61.8,20.7,8
61.8,24.4,8.14285714285714
61.8,24.5,7.33333333333333
61.8,26.3,8
61.8,26.4,7.90909090909091
61.8,26.5,5.33333333333333
61.8,42.6,0
61.8,42.7,0
61.9,-13,8
61.9,9.3,6.4
61.9,9.4,7
61.9,11.1,5.71428571428571
61.9,26.5,7.33333333333333
61.9,26.6,7.11111111111111
61.9,42.7,0
61.9,42.8,0
62,-13.4,8
62,-13.2,8
62,6.2,0
62,6.3,2.66666666666667
62,9.4,6.4
62,9.5,4.44444444444444
62,11.1,5.33333333333333
62,25.3,8.4
62,26.6,6.22222222222222
62,26.7,4.93333333333333
62,42.9,0
62.1,-13.6,8
62.1,6,0.727272727272727
62.1,6.1,0
62.1,6.2,0
62.1,9.5,0
62.1,9.6,2.18181818181818
62.1,11.1,6.76923076923077
62.1,15.7,8
62.1,25.3,9
62.1,25.4,5.74074074074074
62.1,25.5,2.39473684210526
62.1,26.8,2
62.2,-3.6,0
62.2,-3.5,0
62.2,-3.4,1.33333333333333
62.2,-3.3,0
62.2,9.6,8
62.2,9.7,5.33333333333333
62.2,11.1,6.4
62.2,11.2,5.33333333333333
62.2,15.7,7.38461538461539
62.2,26.9,8
62.2,27,6
62.3,-21.4,5.33333333333333
62.3,-21.3,5.71428571428571
62.3,-21.2,8
62.3,-21.1,8
62.3,-21,8
62.3,-4,0
62.3,-3.9,0
62.3,-3.8,0
62.3,-3.7,0
62.3,-3.6,0
62.3,9.7,8
62.3,9.8,7.33333333333333
62.3,9.9,8
62.3,11.2,5.6
62.3,15.7,7.38461538461539
62.4,-21.9,8
62.4,-21.8,6.66666666666667
62.4,-21.7,8
62.4,-21.6,8
62.4,-21.5,5.33333333333333
62.4,-21.4,8
62.4,-14.8,8
62.4,-14.6,8
62.4,-4.3,0
62.4,-4.2,0
62.4,-4.1,1.6
62.4,-4,0
62.4,9.9,4.66666666666667
62.4,10,4
62.4,11.2,6.28571428571429
62.4,11.3,5.33333333333333
62.4,15.6,8
62.4,15.7,8
62.4,25.1,6
62.4,26.3,5.33333333333333
62.4,26.4,6.45454545454545
62.5,-22.3,8
62.5,-22.2,6.66666666666667
62.5,-22.1,5.85714285714286
62.5,-22,7.83333333333333
62.5,-21.9,6.6
62.5,-15.2,8
62.5,-15,8
62.5,-4.9,2.66666666666667
62.5,-4.8,4
62.5,-4.5,0
62.5,-4.4,0
62.5,-4.1,0
62.5,10,2.18181818181818
62.5,10.1,5.33333333333333
62.5,11.3,6.33333333333333
62.5,15.6,7.42857142857143
62.5,25.1,7
62.6,-22.7,8.14285714285714
62.6,-22.6,6.66666666666667
62.6,-22.5,6.66666666666667
62.6,-22.4,6.66666666666667
62.6,-22.3,9
62.6,-15.7,8
62.6,-15.5,8
62.6,-5.5,8
62.6,-5.2,8
62.6,-5,4
62.6,-4.9,2
62.6,-4.8,0
62.6,-4.7,0
62.6,-4.6,0
62.6,8.9,8
62.6,10.1,4
62.6,11.3,4
62.6,11.4,6.22222222222222
62.6,11.6,6
62.6,15.6,7.38461538461539
62.6,25.1,7.7
62.7,-23.2,8
62.7,-23.1,5.71428571428571
62.7,-23,5.33333333333333
62.7,-22.9,8
62.7,-22.8,5.5
62.7,-16.1,8
62.7,-16,8
62.7,-15.9,8
62.7,-15.8,8
62.7,-6.5,0
62.7,-6.3,0
62.7,-6.2,8
62.7,-5.9,8
62.7,-5.7,8
62.7,-5.2,8
62.7,-5.1,4
62.7,-5,0
62.7,9.2,8
62.7,9.5,8
62.7,11.4,4.92307692307692
62.7,11.6,6.85714285714286
62.7,11.7,6
62.7,15.6,8
62.7,25.1,7.63636363636364
62.8,-23.3,6.85714285714286
62.8,-23.2,8
62.8,-16.5,8
62.8,-16.4,6.54545454545455
62.8,-16.3,8
62.8,-16.2,8
62.8,-6.8,0
62.8,-5.4,8
62.8,-5.1,0
62.8,9.8,8
62.8,11.4,0
62.8,11.5,6.76923076923077
62.8,11.7,5.09090909090909
62.8,15.5,6.4
62.8,25.1,7.90909090909091
62.9,-17,8
62.9,-16.9,8
62.9,-16.8,6.54545454545455
62.9,-16.7,7.33333333333333
62.9,-16.6,7.11111111111111
62.9,-9.6,0
62.9,-9.4,0
62.9,-9.2,0
62.9,-5.4,0
62.9,-5.3,0
62.9,9.9,8
62.9,10,0
62.9,11.5,5.33333333333333
62.9,11.6,8
62.9,11.7,5.81818181818182
62.9,15.5,8
62.9,25.1,6.5
62.9,25.2,6
63,-17.4,8
63,-17.3,6.66666666666667
63,-17.2,6.85714285714286
63,-17.1,8
63,-17,8
63,-10.3,0
63,-10.1,0
63,-9.9,0
63,-5.5,0
63,10,8
63,10.1,0
63,10.2,1.33333333333333
63,11.6,5.53846153846154
63,11.7,5.81818181818182
63,15.5,6.76923076923077
63,25.2,7.63636363636364
63.1,-17.8,8
63.1,-17.7,6.66666666666667
63.1,-17.6,5.71428571428571
63.1,-17.5,8
63.1,-17.4,5.33333333333333
63.1,-14.4,8
63.1,-10.6,0
63.1,-5.6,0
63.1,7.8,8
63.1,7.9,8
63.1,10.2,4.8
63.1,10.3,4
63.1,10.4,0
63.1,11.6,8
63.1,11.7,6
63.1,11.8,8
63.1,15.4,8
63.1,15.5,8
63.1,25.2,7.90909090909091
63.2,-18.3,8
63.2,-18.2,8
63.2,-18.1,7.83333333333333
63.2,-18,8
63.2,-17.9,8
63.2,-17.8,0
63.2,-15.9,0
63.2,-15.7,0
63.2,-14.9,8
63.2,-14.7,8
63.2,7.8,8
63.2,7.9,8
63.2,10.4,0
63.2,10.5,2
63.2,11.3,8
63.2,11.7,5.53846153846154
63.2,11.8,6.54545454545455
63.2,15.4,8
63.2,25.2,8.09090909090909
63.3,-18.3,8
63.3,-16.1,8.2
63.3,-16,4
63.3,-15.9,8
63.3,7.7,8
63.3,7.8,8
63.3,11.3,8
63.3,11.7,8
63.3,11.8,5.91304347826087
63.3,25.2,8.11111111111111
63.4,-16.5,5.33333333333333
63.4,-16.4,6.66666666666667
63.4,-16.3,6
63.4,-16.2,8
63.4,11.3,8
63.4,11.8,6.58823529411765
63.4,11.9,8
63.4,25.2,7.27272727272727
63.5,-16.8,8
63.5,-16.7,4.8
63.5,-16.6,8
63.5,-16.5,8
63.5,-12.9,0
63.5,11.1,7
63.5,11.2,7.5
63.5,11.9,7.27272727272727
63.5,25.2,7.27272727272727
63.6,-25,5.33333333333333
63.6,-24.9,8
63.6,-17.1,8.6
63.6,-17,6.2
63.6,-16.9,8
63.6,-16.8,8
63.6,-12.7,0
63.6,-12.4,0
63.6,-12.2,0
63.6,11.9,7.27272727272727
63.6,25.2,7.27272727272727
63.7,-17.4,8
63.7,-17.3,6.66666666666667
63.7,-17.2,6.4
63.7,-12,0
63.7,-11.8,0
63.7,11.9,8
63.7,12,7.11111111111111
63.7,25.2,8
63.8,-17.8,8
63.8,-17.7,8
63.8,-17.6,4
63.8,-17.5,8.25
63.8,-11.5,0
63.8,-11.3,0
63.8,-11.1,0
63.8,12,7.2
63.8,20.2,8
63.8,20.3,8
63.8,25.2,6.5
63.9,-20.5,8
63.9,-20.4,7
63.9,-20.3,8
63.9,-20.2,8
63.9,-20.1,8
63.9,-20,8
63.9,-19.9,8
63.9,-18.1,5.33333333333333
63.9,-18,8
63.9,-17.9,6.4
63.9,-17.8,8
63.9,-10.8,0
63.9,-10.6,0
63.9,-10.3,0
63.9,11.2,8
63.9,12,8
63.9,12.1,8
63.9,20,7.46666666666667
63.9,20.1,8
63.9,20.2,8
64,-25,8
64,-24.9,6
64,-24.8,8
64,-24.7,6.4
64,-24.6,8
64,-23.1,8
64,-23,8
64,-22.9,7.90909090909091
64,-22.8,8
64,-22.7,8
64,-22.6,6.79090909090909
64,-21.9,8
64,-21.8,6
64,-21.7,8
64,-21.6,7.11111111111111
64,-21.5,7
64,-21.4,8
64,-21.3,8
64,-21.2,7
64,-21.1,8
64,-21,5.71428571428571
64,-20.9,6.85714285714286
64,-20.8,5.71428571428571
64,-20.7,6.85714285714286
64,-20.6,8.28571428571429
64,-20.5,5.33333333333333
64,-18.3,8
64,-18.2,8
64,-18.1,8
64,6.7,0
64,6.8,0
64,6.9,1.33333333333333
64,7,8
64,11.2,8
64,12.1,5.33333333333333
64,20,7.27272727272727
64,20.1,7.65217391304348
64.1,-22,9
64.1,-21.9,7.84931506849315
64.1,6.3,4
64.1,6.4,0
64.1,6.5,0
64.1,6.6,1.33333333333333
64.1,11.2,8
64.1,20.1,8
64.1,20.2,7.2
64.1,20.3,5.71428571428571
64.2,-22,9.63636363636364
64.2,-21.9,8.15384615384615
64.2,-21.8,8
64.2,-21.7,8
64.2,-21.6,5.33333333333333
64.2,-21.5,8
64.2,-21.4,8
64.2,-21.3,8
64.2,5.9,0
64.2,6,5.33333333333333
64.2,6.1,5.33333333333333
64.2,6.2,6.4
64.2,6.3,4
64.2,11.2,8
64.2,11.8,8
64.2,11.9,8
64.2,12.4,0
64.2,12.5,7.27272727272727
64.2,20.3,6
64.2,40.4,0
64.3,-22.7,6
64.3,-22.6,6.4
64.3,-22.5,8
64.3,-22.4,8
64.3,-22.3,5.33333333333333
64.3,-22.2,6.4
64.3,-22.1,6.6
64.3,-22,8.28571428571429
64.3,-21.9,8
64.3,5.7,0
64.3,5.8,1.33333333333333
64.3,5.9,6
64.3,11.2,8
64.3,11.9,8
64.3,12,8
64.3,12.5,6.66666666666667
64.3,12.6,8
64.3,40.5,4.5
64.3,40.6,1.33333333333333
64.3,40.7,1.33333333333333
64.4,-23.6,8
64.4,-23.5,8
64.4,-23.4,8
64.4,-23.3,8
64.4,-23.2,8
64.4,-23.1,6.66666666666667
64.4,-23,7
64.4,-22.9,6.66666666666667
64.4,-22.8,6.4
64.4,-22.7,8
64.4,5.2,4.8
64.4,5.3,0
64.4,5.5,0
64.4,11.2,8
64.4,12,8
64.4,12.1,8
64.4,12.6,8
64.4,12.7,8
64.4,40.8,4.66666666666667
64.4,40.9,7
64.5,-24,8
64.5,-23.9,6.4
64.5,-23.8,8
64.5,-23.7,6.4
64.5,-23.6,4
64.5,4.4,8
64.5,4.7,8
64.5,4.9,8
64.5,12,6.28571428571429
64.5,12.1,8
64.5,12.2,8
64.5,12.7,8
64.5,12.8,8
64.5,28,8
64.5,28.1,8
64.5,28.2,8
64.6,12,8
64.6,12.1,8
64.6,12.2,8
64.6,12.3,8
64.6,12.8,8
64.6,28.2,8
64.6,28.3,8
64.6,28.4,8
64.6,40.7,8
64.6,40.8,8
64.6,40.9,8
64.7,12.1,6.4
64.7,12.2,6.54545454545455
64.7,12.3,8
64.7,12.4,8
64.7,12.8,8
64.7,12.9,8
64.7,20.7,9
64.7,20.8,8.88888888888889
64.7,20.9,8.42105263157895
64.7,21,8.75
64.8,-17.9,8
64.8,12.2,7.46666666666667
64.8,12.3,6.73684210526316
64.8,12.4,8
64.8,12.9,8
64.8,13,8
64.8,20.9,8.9375
64.8,21,9
64.9,-19.1,8
64.9,-19,6.4
64.9,-18.9,8
64.9,-18.8,8
64.9,-18.7,8
64.9,-18.6,8
64.9,-18.5,8
64.9,-18.4,6.4
64.9,-18.3,8
64.9,-18.2,8
64.9,-18.1,8
64.9,-18,8
64.9,-17.9,8
64.9,12.3,7.11111111111111
64.9,12.4,8
64.9,12.5,7.42857142857143
64.9,13,8
64.9,13.1,8
65,-22.4,5.14285714285714
65,12.4,7.15789473684211
65,12.5,7.42857142857143
65,12.6,7.52941176470588
65,13.1,8
65,13.2,8
65.1,-22.5,8
65.1,-22.4,6.33333333333333
65.1,-15.1,0
65.1,-14.9,0
65.1,12.4,4
65.1,12.5,6.66666666666667
65.1,12.6,7.46666666666667
65.1,12.7,7.6
65.1,13.2,7.2
65.1,13.3,8
65.2,-22.5,5.33333333333333
65.2,-15.6,5.33333333333333
65.2,-15.3,0
65.2,6,0
65.2,6.1,0
65.2,12.5,6.4
65.2,12.6,7.42857142857143
65.2,12.7,6.85714285714286
65.2,12.8,8
65.2,13.3,7.38461538461539
65.3,-22.5,7.55555555555556
65.3,-16.2,8
65.3,-16.1,8
65.3,-15.9,8
65.3,5.4,0
65.3,5.7,0
65.3,5.8,0
65.3,5.9,0
65.3,6,0
65.4,-22.6,7.21052631578947
65.4,-22.5,8
65.4,-16.7,8
65.4,-16.6,8
65.4,-16.5,8
65.4,-16.4,8
65.4,-16.3,8
65.4,-16.2,8
65.4,4.7,0
65.4,4.9,0
65.4,5.2,0
65.5,-22.7,5.71428571428571
65.5,-22.6,6.93333333333333
65.5,-17.3,8
65.5,-17.2,4.8
65.5,-17.1,8
65.5,-17,8.25
65.5,-16.9,8.2
65.5,-16.8,8
65.5,-16.7,8
65.5,4.2,0
65.5,4.4,0
65.5,11.4,8
65.5,11.5,8
65.5,11.6,8
65.6,-22.7,8
65.6,-17.8,6
65.6,-17.7,8
65.6,-17.6,8.2
65.6,-17.5,8
65.6,-17.4,8
65.6,-17.3,8
65.6,11.6,8
65.6,11.7,7.125
65.6,12,9
65.7,-22.8,6
65.7,-22.7,6.4
65.7,-17.9,8
65.7,11.7,8
65.7,11.8,8.1
65.7,11.9,6
65.7,12,7.2
65.7,12.1,7.65
65.8,11.9,6
65.8,12,5.33333333333333
65.8,12.1,7.9
65.8,12.2,3.24
65.8,14,8
65.9,12.1,8
65.9,12.2,4.26666666666667
65.9,12.3,0.739130434782609
65.9,14,8
65.9,14.1,8
66,12.3,6.66666666666667
66,12.4,1.96
66,14.1,8
66,14.2,8
66,20.9,8
66,21,8
66.1,12.4,4
66.1,12.5,3
66.1,12.6,8
66.1,13.6,3.2
66.1,14.2,8
66.1,14.3,7.30434782608696
66.1,14.4,4
66.1,21,8
66.1,21.1,8
66.2,12.6,8
66.2,12.7,6.22222222222222
66.2,12.8,4
66.2,13.6,3.82608695652174
66.2,13.7,4.8
66.2,14.4,6.34782608695652
66.2,14.5,6.66666666666667
66.2,21.1,8
66.2,21.2,8
66.2,21.3,8
66.3,12.8,6.66666666666667
66.3,12.9,8
66.3,13.7,4.26666666666667
66.3,13.8,0
66.3,14.5,6.73684210526316
66.3,14.6,5.6
66.3,21.3,8
66.3,21.4,7.2
66.3,21.5,8
66.4,12.9,8
66.4,13,7.125
66.4,13.1,6
66.4,13.2,0
66.4,13.8,3.2962962962963
66.4,14.6,4.0625
66.4,14.7,4.66666666666667
66.4,21.5,6.85714285714286
66.4,21.6,5
66.4,21.7,8
66.4,26.3,8
66.5,13.2,6.85714285714286
66.5,13.3,8
66.5,13.8,5.33333333333333
66.5,13.9,4.91666666666667
66.5,14.7,5.07142857142857
66.5,14.8,7
66.5,21.7,8
66.5,21.8,6.85714285714286
66.5,26.3,6.45454545454545
66.6,13.3,6.4
66.6,13.9,4.8
66.6,14,4.75
66.6,14.8,6.22222222222222
66.6,14.9,5.6
66.6,21.8,4
66.6,21.9,8
66.6,22,6.4
66.6,26.3,7
66.6,26.4,5.6
66.7,13.3,6.4
66.7,14,5.71428571428571
66.7,14.9,6.4
66.7,15,7.04166666666667
66.7,22,8
66.7,22.1,6
66.7,22.2,8
66.7,26.4,7
66.7,26.5,6.55
66.8,13.4,6.63636363636364
66.8,15,8
66.8,15.1,6.4
66.8,15.2,4
66.8,22.2,8
66.8,22.3,8
66.8,22.4,8
66.8,26.5,6.36
66.9,13.4,4
66.9,15.2,5.64705882352941
66.9,15.3,6
66.9,22.4,6.66666666666667
66.9,22.5,8
66.9,26.5,5.71428571428571
66.9,26.6,4.88888888888889
67,13.4,8
67,13.5,7.25
67,15.3,8.125
67,15.4,5.71428571428571
67,26.6,5.16666666666667
67,26.7,6
67.1,13.5,5.81818181818182
67.1,15.4,6.66666666666667
67.1,26.6,3.42857142857143
67.1,26.7,6.625
67.1,26.8,4.66666666666667
67.2,13.5,6.4
67.2,13.6,6.4
67.2,26.6,8
67.2,26.7,4.57142857142857
67.2,26.8,5.5
67.3,13.6,6.54545454545455
67.3,14.2,6.85714285714286
67.3,14.3,5.41935483870968
67.3,14.4,8
67.3,26.7,4
67.3,26.8,7
67.3,26.9,6.9
67.4,13.6,6.25
67.4,13.7,3
67.4,14.2,0
67.4,14.3,2.73684210526316
67.4,14.4,5.71428571428571
67.4,14.5,2
67.4,26.7,5.33333333333333
67.4,26.8,2.66666666666667
67.4,26.9,2.8
67.4,27,2.8
67.5,13.7,2.90909090909091
67.5,14.1,1.33333333333333
67.5,14.2,5.14285714285714
67.5,14.3,3.55555555555556
67.5,14.5,1.42857142857143
67.5,14.6,1.6
67.5,26.8,1.71428571428571
67.5,27,0
67.6,13.7,4.44444444444444
67.6,13.8,8
67.6,14,0.727272727272727
67.6,14.1,0.571428571428571
67.6,14.3,1.14285714285714
67.6,14.6,0.457142857142857
67.6,14.7,1
67.6,14.8,0
67.6,26.8,4
67.7,13.8,2.4
67.7,13.9,0
67.7,14,0
67.7,14.6,0
67.7,14.7,0.333333333333333
67.7,14.8,8
67.7,14.9,1.14285714285714
67.7,15,0.5
67.7,26.8,0
67.7,26.9,2.66666666666667
67.8,13.8,3.36842105263158
67.8,13.9,0.4
67.8,14.7,0
67.8,14.8,0
67.8,15,0
67.8,15.1,0
67.8,15.2,0
67.9,13.8,0
67.9,14.8,0.615384615384615
67.9,14.9,0
68,14.9,0
68.4,15,8
68.4,20.8,6.54545454545455
68.4,20.9,5.33333333333333
68.5,15,5.76
68.5,20.7,7.5
68.5,20.8,6.85714285714286
68.6,20.5,4
68.6,20.6,8
68.7,20.4,2.66666666666667
68.7,20.5,1.45454545454545
68.8,20.2,4
68.8,20.3,5.86666666666667
68.8,20.4,4
68.9,20.1,1.71428571428571
68.9,20.2,0.8
69,19.9,4.8
69,20,5.5
69.5,29.1,2.375
69.5,29.2,0
69.6,29.2,3.28571428571429
69.6,29.3,4.57142857142857
69.6,29.4,8
69.6,29.5,8
69.7,18.9,7.81521739130435
69.7,19,8
69.7,29.5,8
69.7,29.6,8
69.7,29.7,8
69.7,29.8,8
69.7,29.9,8
69.7,30,8
69.7,30.1,8
69.8,18.6,8
69.8,18.9,8
69.8,19,8
69.8,19.1,8
69.8,19.3,8
69.8,19.5,8
69.8,29.9,8
69.8,30,8
69.8,30.1,8
69.9,18.6,8
69.9,18.7,5.14285714285714
69.9,18.8,6.66666666666667
69.9,19.7,0
70,20.3,0
70,20.4,1
70,20.5,0
70.1,20.5,0
70.1,20.6,0
70.1,20.7,0
70.1,20.8,0
70.4,29.2,0
70.4,29.3,0.666666666666667
70.4,29.4,3.07692307692308
70.4,29.5,4.66666666666667
70.4,29.6,4.30769230769231
70.4,29.7,0
70.4,29.8,4.92307692307692
70.4,29.9,5.53846153846154
70.4,30,1.33333333333333
70.4,30.1,2
70.4,30.2,5.09090909090909
70.4,30.3,5.09090909090909
70.5,30.3,4
70.5,30.4,0
